solid ASCII
  facet normal -1.380667e-03 8.377534e-01 -5.460470e-01
    outer loop
      vertex   1.479345e+02 5.493127e+01 -7.100287e+00
      vertex   1.443811e+02 5.489695e+01 -7.143955e+00
      vertex   1.480000e+02 5.499674e+01 -7.000000e+00
    endloop
  endfacet
  facet normal 0.000000e+00 8.218375e-01 -5.697220e-01
    outer loop
      vertex   1.480000e+02 5.499674e+01 -7.000000e+00
      vertex   1.443811e+02 5.489695e+01 -7.143955e+00
      vertex   1.407623e+02 5.489695e+01 -7.143955e+00
    endloop
  endfacet
  facet normal 0.000000e+00 8.218375e-01 -5.697220e-01
    outer loop
      vertex   1.480000e+02 5.499674e+01 -7.000000e+00
      vertex   1.407623e+02 5.489695e+01 -7.143955e+00
      vertex   1.371434e+02 5.489695e+01 -7.143955e+00
    endloop
  endfacet
  facet normal 0.000000e+00 7.098194e-01 -7.043837e-01
    outer loop
      vertex   1.371434e+02 5.489695e+01 -7.143955e+00
      vertex   1.407623e+02 5.489695e+01 -7.143955e+00
      vertex   1.371434e+02 5.477357e+01 -7.268289e+00
    endloop
  endfacet
  facet normal 0.000000e+00 7.098194e-01 -7.043837e-01
    outer loop
      vertex   1.371434e+02 5.489695e+01 -7.143955e+00
      vertex   1.371434e+02 5.477357e+01 -7.268289e+00
      vertex   1.335246e+02 5.477357e+01 -7.268289e+00
    endloop
  endfacet
  facet normal 0.000000e+00 5.760227e-01 -8.174337e-01
    outer loop
      vertex   1.335246e+02 5.477357e+01 -7.268289e+00
      vertex   1.371434e+02 5.477357e+01 -7.268289e+00
      vertex   1.335246e+02 5.463038e+01 -7.369186e+00
    endloop
  endfacet
  facet normal 0.000000e+00 5.760227e-01 -8.174337e-01
    outer loop
      vertex   1.335246e+02 5.477357e+01 -7.268289e+00
      vertex   1.335246e+02 5.463038e+01 -7.369186e+00
      vertex   1.299057e+02 5.463038e+01 -7.369186e+00
    endloop
  endfacet
  facet normal 0.000000e+00 4.245526e-01 -9.054033e-01
    outer loop
      vertex   1.299057e+02 5.463038e+01 -7.369186e+00
      vertex   1.335246e+02 5.463038e+01 -7.369186e+00
      vertex   1.299057e+02 5.447179e+01 -7.443552e+00
    endloop
  endfacet
  facet normal 0.000000e+00 4.245526e-01 -9.054033e-01
    outer loop
      vertex   1.299057e+02 5.463038e+01 -7.369186e+00
      vertex   1.299057e+02 5.447179e+01 -7.443552e+00
      vertex   1.262868e+02 5.447179e+01 -7.443552e+00
    endloop
  endfacet
  facet normal 0.000000e+00 2.600564e-01 -9.655934e-01
    outer loop
      vertex   1.262868e+02 5.447179e+01 -7.443552e+00
      vertex   1.299057e+02 5.447179e+01 -7.443552e+00
      vertex   1.262868e+02 5.430265e+01 -7.489104e+00
    endloop
  endfacet
  facet normal 0.000000e+00 2.600564e-01 -9.655934e-01
    outer loop
      vertex   1.262868e+02 5.447179e+01 -7.443552e+00
      vertex   1.262868e+02 5.430265e+01 -7.489104e+00
      vertex   1.226680e+02 5.430265e+01 -7.489104e+00
    endloop
  endfacet
  facet normal 0.000000e+00 9.362269e-02 -9.956078e-01
    outer loop
      vertex   1.226680e+02 5.430265e+01 -7.489104e+00
      vertex   1.262868e+02 5.430265e+01 -7.489104e+00
      vertex   1.471869e+02 5.414035e+01 -7.504366e+00
    endloop
  endfacet
  facet normal 0.000000e+00 9.362269e-02 -9.956078e-01
    outer loop
      vertex   1.226680e+02 5.430265e+01 -7.489104e+00
      vertex   1.471869e+02 5.414035e+01 -7.504366e+00
      vertex   1.190491e+02 5.430265e+01 -7.489104e+00
    endloop
  endfacet
  facet normal 0.000000e+00 9.362269e-02 -9.956078e-01
    outer loop
      vertex   1.190491e+02 5.430265e+01 -7.489104e+00
      vertex   1.471869e+02 5.414035e+01 -7.504366e+00
      vertex   1.154303e+02 5.430265e+01 -7.489104e+00
    endloop
  endfacet
  facet normal 0.000000e+00 2.600564e-01 -9.655934e-01
    outer loop
      vertex   1.190491e+02 5.430265e+01 -7.489104e+00
      vertex   1.154303e+02 5.430265e+01 -7.489104e+00
      vertex   1.190491e+02 5.447179e+01 -7.443552e+00
    endloop
  endfacet
  facet normal 0.000000e+00 2.600564e-01 -9.655934e-01
    outer loop
      vertex   1.190491e+02 5.447179e+01 -7.443552e+00
      vertex   1.154303e+02 5.430265e+01 -7.489104e+00
      vertex   1.154303e+02 5.447179e+01 -7.443552e+00
    endloop
  endfacet
  facet normal 0.000000e+00 4.245526e-01 -9.054033e-01
    outer loop
      vertex   1.190491e+02 5.447179e+01 -7.443552e+00
      vertex   1.154303e+02 5.447179e+01 -7.443552e+00
      vertex   1.190491e+02 5.463038e+01 -7.369186e+00
    endloop
  endfacet
  facet normal 0.000000e+00 4.245526e-01 -9.054033e-01
    outer loop
      vertex   1.190491e+02 5.463038e+01 -7.369186e+00
      vertex   1.154303e+02 5.447179e+01 -7.443552e+00
      vertex   1.154303e+02 5.463038e+01 -7.369186e+00
    endloop
  endfacet
  facet normal 0.000000e+00 5.760227e-01 -8.174337e-01
    outer loop
      vertex   1.190491e+02 5.463038e+01 -7.369186e+00
      vertex   1.154303e+02 5.463038e+01 -7.369186e+00
      vertex   1.190491e+02 5.477357e+01 -7.268289e+00
    endloop
  endfacet
  facet normal 0.000000e+00 5.760227e-01 -8.174337e-01
    outer loop
      vertex   1.190491e+02 5.477357e+01 -7.268289e+00
      vertex   1.154303e+02 5.463038e+01 -7.369186e+00
      vertex   1.154303e+02 5.477357e+01 -7.268289e+00
    endloop
  endfacet
  facet normal 0.000000e+00 7.098194e-01 -7.043837e-01
    outer loop
      vertex   1.190491e+02 5.477357e+01 -7.268289e+00
      vertex   1.154303e+02 5.477357e+01 -7.268289e+00
      vertex   1.190491e+02 5.489695e+01 -7.143955e+00
    endloop
  endfacet
  facet normal 0.000000e+00 7.098194e-01 -7.043837e-01
    outer loop
      vertex   1.190491e+02 5.489695e+01 -7.143955e+00
      vertex   1.154303e+02 5.477357e+01 -7.268289e+00
      vertex   1.154303e+02 5.489695e+01 -7.143955e+00
    endloop
  endfacet
  facet normal 0.000000e+00 8.218375e-01 -5.697220e-01
    outer loop
      vertex   1.190491e+02 5.489695e+01 -7.143955e+00
      vertex   1.154303e+02 5.489695e+01 -7.143955e+00
      vertex   1.480000e+02 5.499674e+01 -7.000000e+00
    endloop
  endfacet
  facet normal 0.000000e+00 8.218375e-01 -5.697220e-01
    outer loop
      vertex   1.480000e+02 5.499674e+01 -7.000000e+00
      vertex   1.154303e+02 5.489695e+01 -7.143955e+00
      vertex   1.118114e+02 5.489695e+01 -7.143955e+00
    endloop
  endfacet
  facet normal 0.000000e+00 8.218375e-01 -5.697220e-01
    outer loop
      vertex   1.480000e+02 5.499674e+01 -7.000000e+00
      vertex   1.118114e+02 5.489695e+01 -7.143955e+00
      vertex   1.081926e+02 5.489695e+01 -7.143955e+00
    endloop
  endfacet
  facet normal 0.000000e+00 7.098194e-01 -7.043837e-01
    outer loop
      vertex   1.081926e+02 5.489695e+01 -7.143955e+00
      vertex   1.118114e+02 5.489695e+01 -7.143955e+00
      vertex   1.081926e+02 5.477357e+01 -7.268289e+00
    endloop
  endfacet
  facet normal 0.000000e+00 7.098194e-01 -7.043837e-01
    outer loop
      vertex   1.081926e+02 5.489695e+01 -7.143955e+00
      vertex   1.081926e+02 5.477357e+01 -7.268289e+00
      vertex   1.045737e+02 5.477357e+01 -7.268289e+00
    endloop
  endfacet
  facet normal 0.000000e+00 5.760227e-01 -8.174337e-01
    outer loop
      vertex   1.045737e+02 5.477357e+01 -7.268289e+00
      vertex   1.081926e+02 5.477357e+01 -7.268289e+00
      vertex   1.045737e+02 5.463038e+01 -7.369186e+00
    endloop
  endfacet
  facet normal 0.000000e+00 5.760227e-01 -8.174337e-01
    outer loop
      vertex   1.045737e+02 5.477357e+01 -7.268289e+00
      vertex   1.045737e+02 5.463038e+01 -7.369186e+00
      vertex   1.009548e+02 5.463038e+01 -7.369186e+00
    endloop
  endfacet
  facet normal 0.000000e+00 4.245526e-01 -9.054033e-01
    outer loop
      vertex   1.009548e+02 5.463038e+01 -7.369186e+00
      vertex   1.045737e+02 5.463038e+01 -7.369186e+00
      vertex   1.009548e+02 5.447179e+01 -7.443552e+00
    endloop
  endfacet
  facet normal 0.000000e+00 4.245526e-01 -9.054033e-01
    outer loop
      vertex   1.009548e+02 5.463038e+01 -7.369186e+00
      vertex   1.009548e+02 5.447179e+01 -7.443552e+00
      vertex   9.733597e+01 5.447179e+01 -7.443552e+00
    endloop
  endfacet
  facet normal 0.000000e+00 2.600564e-01 -9.655934e-01
    outer loop
      vertex   9.733597e+01 5.447179e+01 -7.443552e+00
      vertex   1.009548e+02 5.447179e+01 -7.443552e+00
      vertex   9.733597e+01 5.430265e+01 -7.489104e+00
    endloop
  endfacet
  facet normal 0.000000e+00 2.600564e-01 -9.655934e-01
    outer loop
      vertex   9.733597e+01 5.447179e+01 -7.443552e+00
      vertex   9.733597e+01 5.430265e+01 -7.489104e+00
      vertex   9.371712e+01 5.430265e+01 -7.489104e+00
    endloop
  endfacet
  facet normal 0.000000e+00 8.758117e-02 -9.961574e-01
    outer loop
      vertex   9.371712e+01 5.430265e+01 -7.489104e+00
      vertex   9.733597e+01 5.430265e+01 -7.489104e+00
      vertex   7.562282e+01 5.412817e+01 -7.504445e+00
    endloop
  endfacet
  facet normal 0.000000e+00 8.758117e-02 -9.961574e-01
    outer loop
      vertex   9.371712e+01 5.430265e+01 -7.489104e+00
      vertex   7.562282e+01 5.412817e+01 -7.504445e+00
      vertex   9.009826e+01 5.430265e+01 -7.489104e+00
    endloop
  endfacet
  facet normal 0.000000e+00 8.758117e-02 -9.961574e-01
    outer loop
      vertex   9.009826e+01 5.430265e+01 -7.489104e+00
      vertex   7.562282e+01 5.412817e+01 -7.504445e+00
      vertex   8.647940e+01 5.430265e+01 -7.489104e+00
    endloop
  endfacet
  facet normal 0.000000e+00 2.600564e-01 -9.655934e-01
    outer loop
      vertex   9.009826e+01 5.430265e+01 -7.489104e+00
      vertex   8.647940e+01 5.430265e+01 -7.489104e+00
      vertex   9.009826e+01 5.447179e+01 -7.443552e+00
    endloop
  endfacet
  facet normal 0.000000e+00 2.600564e-01 -9.655934e-01
    outer loop
      vertex   9.009826e+01 5.447179e+01 -7.443552e+00
      vertex   8.647940e+01 5.430265e+01 -7.489104e+00
      vertex   8.647940e+01 5.447179e+01 -7.443552e+00
    endloop
  endfacet
  facet normal 0.000000e+00 4.245526e-01 -9.054033e-01
    outer loop
      vertex   9.009826e+01 5.447179e+01 -7.443552e+00
      vertex   8.647940e+01 5.447179e+01 -7.443552e+00
      vertex   9.009826e+01 5.463038e+01 -7.369186e+00
    endloop
  endfacet
  facet normal 0.000000e+00 4.245526e-01 -9.054033e-01
    outer loop
      vertex   9.009826e+01 5.463038e+01 -7.369186e+00
      vertex   8.647940e+01 5.447179e+01 -7.443552e+00
      vertex   8.647940e+01 5.463038e+01 -7.369186e+00
    endloop
  endfacet
  facet normal 0.000000e+00 5.760227e-01 -8.174337e-01
    outer loop
      vertex   9.009826e+01 5.463038e+01 -7.369186e+00
      vertex   8.647940e+01 5.463038e+01 -7.369186e+00
      vertex   9.009826e+01 5.477357e+01 -7.268289e+00
    endloop
  endfacet
  facet normal 0.000000e+00 5.760227e-01 -8.174337e-01
    outer loop
      vertex   9.009826e+01 5.477357e+01 -7.268289e+00
      vertex   8.647940e+01 5.463038e+01 -7.369186e+00
      vertex   8.647940e+01 5.477357e+01 -7.268289e+00
    endloop
  endfacet
  facet normal 0.000000e+00 7.098194e-01 -7.043837e-01
    outer loop
      vertex   9.009826e+01 5.477357e+01 -7.268289e+00
      vertex   8.647940e+01 5.477357e+01 -7.268289e+00
      vertex   9.009826e+01 5.489695e+01 -7.143955e+00
    endloop
  endfacet
  facet normal 0.000000e+00 7.098194e-01 -7.043837e-01
    outer loop
      vertex   9.009826e+01 5.489695e+01 -7.143955e+00
      vertex   8.647940e+01 5.477357e+01 -7.268289e+00
      vertex   8.647940e+01 5.489695e+01 -7.143955e+00
    endloop
  endfacet
  facet normal 0.000000e+00 7.767336e-01 -6.298293e-01
    outer loop
      vertex   9.009826e+01 5.489695e+01 -7.143955e+00
      vertex   8.647940e+01 5.489695e+01 -7.143955e+00
      vertex   7.562282e+01 5.491273e+01 -7.124494e+00
    endloop
  endfacet
  facet normal 0.000000e+00 7.767336e-01 -6.298293e-01
    outer loop
      vertex   7.562282e+01 5.491273e+01 -7.124494e+00
      vertex   8.647940e+01 5.489695e+01 -7.143955e+00
      vertex   8.286054e+01 5.489695e+01 -7.143955e+00
    endloop
  endfacet
  facet normal 0.000000e+00 7.767336e-01 -6.298293e-01
    outer loop
      vertex   7.562282e+01 5.491273e+01 -7.124494e+00
      vertex   8.286054e+01 5.489695e+01 -7.143955e+00
      vertex   7.924168e+01 5.489695e+01 -7.143955e+00
    endloop
  endfacet
  facet normal 0.000000e+00 7.098194e-01 -7.043837e-01
    outer loop
      vertex   7.924168e+01 5.489695e+01 -7.143955e+00
      vertex   8.286054e+01 5.489695e+01 -7.143955e+00
      vertex   7.924168e+01 5.477357e+01 -7.268289e+00
    endloop
  endfacet
  facet normal 8.666978e-04 7.098191e-01 -7.043835e-01
    outer loop
      vertex   7.924168e+01 5.489695e+01 -7.143955e+00
      vertex   7.924168e+01 5.477357e+01 -7.268289e+00
      vertex   7.562282e+01 5.481102e+01 -7.235002e+00
    endloop
  endfacet
  facet normal -6.935216e-04 6.260620e-01 -7.797730e-01
    outer loop
      vertex   7.562282e+01 5.481102e+01 -7.235002e+00
      vertex   7.924168e+01 5.477357e+01 -7.268289e+00
      vertex   7.562282e+01 5.469390e+01 -7.329030e+00
    endloop
  endfacet
  facet normal 1.040146e-03 5.760224e-01 -8.174333e-01
    outer loop
      vertex   7.562282e+01 5.469390e+01 -7.329030e+00
      vertex   7.924168e+01 5.477357e+01 -7.268289e+00
      vertex   7.924168e+01 5.463038e+01 -7.369186e+00
    endloop
  endfacet
  facet normal -7.802526e-04 5.022173e-01 -8.647411e-01
    outer loop
      vertex   7.562282e+01 5.469390e+01 -7.329030e+00
      vertex   7.924168e+01 5.463038e+01 -7.369186e+00
      vertex   7.562282e+01 5.456403e+01 -7.404458e+00
    endloop
  endfacet
  facet normal 1.040146e-03 4.245523e-01 -9.054028e-01
    outer loop
      vertex   7.562282e+01 5.456403e+01 -7.404458e+00
      vertex   7.924168e+01 5.463038e+01 -7.369186e+00
      vertex   7.924168e+01 5.447179e+01 -7.443552e+00
    endloop
  endfacet
  facet normal -6.935216e-04 3.670441e-01 -9.302033e-01
    outer loop
      vertex   7.562282e+01 5.456403e+01 -7.404458e+00
      vertex   7.924168e+01 5.447179e+01 -7.443552e+00
      vertex   7.562282e+01 5.442432e+01 -7.459585e+00
    endloop
  endfacet
  facet normal 8.666978e-04 2.600563e-01 -9.655931e-01
    outer loop
      vertex   7.562282e+01 5.442432e+01 -7.459585e+00
      vertex   7.924168e+01 5.447179e+01 -7.443552e+00
      vertex   7.924168e+01 5.430265e+01 -7.489104e+00
    endloop
  endfacet
  facet normal -4.333830e-04 2.235914e-01 -9.746829e-01
    outer loop
      vertex   7.562282e+01 5.442432e+01 -7.459585e+00
      vertex   7.924168e+01 5.430265e+01 -7.489104e+00
      vertex   7.562282e+01 5.427793e+01 -7.493166e+00
    endloop
  endfacet
  facet normal 6.063553e-04 7.509511e-02 -9.971762e-01
    outer loop
      vertex   7.562282e+01 5.427793e+01 -7.493166e+00
      vertex   7.924168e+01 5.430265e+01 -7.489104e+00
      vertex   7.562282e+01 5.412817e+01 -7.504445e+00
    endloop
  endfacet
  facet normal 0.000000e+00 8.758117e-02 -9.961574e-01
    outer loop
      vertex   7.562282e+01 5.412817e+01 -7.504445e+00
      vertex   7.924168e+01 5.430265e+01 -7.489104e+00
      vertex   8.286054e+01 5.430265e+01 -7.489104e+00
    endloop
  endfacet
  facet normal 0.000000e+00 8.758117e-02 -9.961574e-01
    outer loop
      vertex   7.562282e+01 5.412817e+01 -7.504445e+00
      vertex   8.286054e+01 5.430265e+01 -7.489104e+00
      vertex   8.647940e+01 5.430265e+01 -7.489104e+00
    endloop
  endfacet
  facet normal 0.000000e+00 2.600564e-01 -9.655934e-01
    outer loop
      vertex   8.647940e+01 5.430265e+01 -7.489104e+00
      vertex   8.286054e+01 5.430265e+01 -7.489104e+00
      vertex   8.647940e+01 5.447179e+01 -7.443552e+00
    endloop
  endfacet
  facet normal 5.074611e-04 7.657692e-01 -6.431153e-01
    outer loop
      vertex   1.479345e+02 5.493127e+01 -7.100287e+00
      vertex   1.478575e+02 5.485427e+01 -7.192026e+00
      vertex   1.443811e+02 5.489695e+01 -7.143955e+00
    endloop
  endfacet
  facet normal -1.026586e-03 7.098190e-01 -7.043834e-01
    outer loop
      vertex   1.443811e+02 5.489695e+01 -7.143955e+00
      vertex   1.478575e+02 5.485427e+01 -7.192026e+00
      vertex   1.443811e+02 5.477357e+01 -7.268289e+00
    endloop
  endfacet
  facet normal 0.000000e+00 7.098194e-01 -7.043837e-01
    outer loop
      vertex   1.443811e+02 5.489695e+01 -7.143955e+00
      vertex   1.443811e+02 5.477357e+01 -7.268289e+00
      vertex   1.407623e+02 5.477357e+01 -7.268289e+00
    endloop
  endfacet
  facet normal 0.000000e+00 5.760227e-01 -8.174337e-01
    outer loop
      vertex   1.407623e+02 5.477357e+01 -7.268289e+00
      vertex   1.443811e+02 5.477357e+01 -7.268289e+00
      vertex   1.407623e+02 5.463038e+01 -7.369186e+00
    endloop
  endfacet
  facet normal 0.000000e+00 5.760227e-01 -8.174337e-01
    outer loop
      vertex   1.407623e+02 5.477357e+01 -7.268289e+00
      vertex   1.407623e+02 5.463038e+01 -7.369186e+00
      vertex   1.371434e+02 5.463038e+01 -7.369186e+00
    endloop
  endfacet
  facet normal 0.000000e+00 4.245526e-01 -9.054033e-01
    outer loop
      vertex   1.371434e+02 5.463038e+01 -7.369186e+00
      vertex   1.407623e+02 5.463038e+01 -7.369186e+00
      vertex   1.371434e+02 5.447179e+01 -7.443552e+00
    endloop
  endfacet
  facet normal 0.000000e+00 4.245526e-01 -9.054033e-01
    outer loop
      vertex   1.371434e+02 5.463038e+01 -7.369186e+00
      vertex   1.371434e+02 5.447179e+01 -7.443552e+00
      vertex   1.335246e+02 5.447179e+01 -7.443552e+00
    endloop
  endfacet
  facet normal 0.000000e+00 2.600564e-01 -9.655934e-01
    outer loop
      vertex   1.335246e+02 5.447179e+01 -7.443552e+00
      vertex   1.371434e+02 5.447179e+01 -7.443552e+00
      vertex   1.335246e+02 5.430265e+01 -7.489104e+00
    endloop
  endfacet
  facet normal 0.000000e+00 2.600564e-01 -9.655934e-01
    outer loop
      vertex   1.335246e+02 5.447179e+01 -7.443552e+00
      vertex   1.335246e+02 5.430265e+01 -7.489104e+00
      vertex   1.299057e+02 5.430265e+01 -7.489104e+00
    endloop
  endfacet
  facet normal 0.000000e+00 9.362269e-02 -9.956078e-01
    outer loop
      vertex   1.299057e+02 5.430265e+01 -7.489104e+00
      vertex   1.335246e+02 5.430265e+01 -7.489104e+00
      vertex   1.471869e+02 5.414035e+01 -7.504366e+00
    endloop
  endfacet
  facet normal 0.000000e+00 9.362269e-02 -9.956078e-01
    outer loop
      vertex   1.299057e+02 5.430265e+01 -7.489104e+00
      vertex   1.471869e+02 5.414035e+01 -7.504366e+00
      vertex   1.262868e+02 5.430265e+01 -7.489104e+00
    endloop
  endfacet
  facet normal 1.429870e-04 6.835527e-01 -7.299011e-01
    outer loop
      vertex   1.478575e+02 5.485427e+01 -7.192026e+00
      vertex   1.477701e+02 5.476686e+01 -7.273903e+00
      vertex   1.443811e+02 5.477357e+01 -7.268289e+00
    endloop
  endfacet
  facet normal -1.654357e-04 5.915800e-01 -8.062463e-01
    outer loop
      vertex   1.443811e+02 5.477357e+01 -7.268289e+00
      vertex   1.477701e+02 5.476686e+01 -7.273903e+00
      vertex   1.476735e+02 5.467029e+01 -7.344743e+00
    endloop
  endfacet
  facet normal -9.132237e-04 5.760224e-01 -8.174334e-01
    outer loop
      vertex   1.443811e+02 5.477357e+01 -7.268289e+00
      vertex   1.476735e+02 5.467029e+01 -7.344743e+00
      vertex   1.443811e+02 5.463038e+01 -7.369186e+00
    endloop
  endfacet
  facet normal 5.254628e-04 4.904328e-01 -8.714789e-01
    outer loop
      vertex   1.443811e+02 5.463038e+01 -7.369186e+00
      vertex   1.476735e+02 5.467029e+01 -7.344743e+00
      vertex   1.475692e+02 5.456594e+01 -7.403528e+00
    endloop
  endfacet
  facet normal -1.171623e-03 4.245523e-01 -9.054027e-01
    outer loop
      vertex   1.443811e+02 5.463038e+01 -7.369186e+00
      vertex   1.475692e+02 5.456594e+01 -7.403528e+00
      vertex   1.443811e+02 5.447179e+01 -7.443552e+00
    endloop
  endfacet
  facet normal 2.891856e-04 3.829037e-01 -9.237882e-01
    outer loop
      vertex   1.443811e+02 5.447179e+01 -7.443552e+00
      vertex   1.475692e+02 5.456594e+01 -7.403528e+00
      vertex   1.474586e+02 5.445531e+01 -7.449418e+00
    endloop
  endfacet
  facet normal -3.877965e-04 2.703325e-01 -9.627669e-01
    outer loop
      vertex   1.443811e+02 5.447179e+01 -7.443552e+00
      vertex   1.474586e+02 5.445531e+01 -7.449418e+00
      vertex   1.473433e+02 5.433999e+01 -7.481752e+00
    endloop
  endfacet
  facet normal -8.814770e-04 2.600563e-01 -9.655931e-01
    outer loop
      vertex   1.443811e+02 5.447179e+01 -7.443552e+00
      vertex   1.473433e+02 5.433999e+01 -7.481752e+00
      vertex   1.443811e+02 5.430265e+01 -7.489104e+00
    endloop
  endfacet
  facet normal 5.319473e-04 1.524035e-01 -9.883182e-01
    outer loop
      vertex   1.443811e+02 5.430265e+01 -7.489104e+00
      vertex   1.473433e+02 5.433999e+01 -7.481752e+00
      vertex   1.472249e+02 5.422163e+01 -7.500067e+00
    endloop
  endfacet
  facet normal -1.179496e-03 9.332318e-02 -9.956352e-01
    outer loop
      vertex   1.443811e+02 5.430265e+01 -7.489104e+00
      vertex   1.472249e+02 5.422163e+01 -7.500067e+00
      vertex   1.472224e+02 5.421907e+01 -7.500305e+00
    endloop
  endfacet
  facet normal -1.356100e-03 8.739226e-02 -9.961731e-01
    outer loop
      vertex   1.472224e+02 5.421907e+01 -7.500305e+00
      vertex   1.472145e+02 5.420987e+01 -7.501101e+00
      vertex   1.443811e+02 5.430265e+01 -7.489104e+00
    endloop
  endfacet
  facet normal -1.676980e-03 7.769748e-02 -9.969756e-01
    outer loop
      vertex   1.443811e+02 5.430265e+01 -7.489104e+00
      vertex   1.472145e+02 5.420987e+01 -7.501101e+00
      vertex   1.472073e+02 5.419976e+01 -7.501876e+00
    endloop
  endfacet
  facet normal -2.055713e-03 6.738762e-02 -9.977248e-01
    outer loop
      vertex   1.443811e+02 5.430265e+01 -7.489104e+00
      vertex   1.472073e+02 5.419976e+01 -7.501876e+00
      vertex   1.472010e+02 5.418882e+01 -7.502602e+00
    endloop
  endfacet
  facet normal -2.513940e-03 5.611902e-02 -9.984209e-01
    outer loop
      vertex   1.472010e+02 5.418882e+01 -7.502602e+00
      vertex   1.471957e+02 5.417721e+01 -7.503241e+00
      vertex   1.443811e+02 5.430265e+01 -7.489104e+00
    endloop
  endfacet
  facet normal -3.070090e-03 4.371018e-02 -9.990395e-01
    outer loop
      vertex   1.443811e+02 5.430265e+01 -7.489104e+00
      vertex   1.471957e+02 5.417721e+01 -7.503241e+00
      vertex   1.471916e+02 5.416512e+01 -7.503758e+00
    endloop
  endfacet
  facet normal -3.677421e-03 3.134943e-02 -9.995017e-01
    outer loop
      vertex   1.443811e+02 5.430265e+01 -7.489104e+00
      vertex   1.471916e+02 5.416512e+01 -7.503758e+00
      vertex   1.471886e+02 5.415275e+01 -7.504135e+00
    endloop
  endfacet
  facet normal -4.325412e-03 1.924419e-02 -9.998055e-01
    outer loop
      vertex   1.471886e+02 5.415275e+01 -7.504135e+00
      vertex   1.471869e+02 5.414035e+01 -7.504366e+00
      vertex   1.443811e+02 5.430265e+01 -7.489104e+00
    endloop
  endfacet
  facet normal 0.000000e+00 9.362269e-02 -9.956078e-01
    outer loop
      vertex   1.443811e+02 5.430265e+01 -7.489104e+00
      vertex   1.471869e+02 5.414035e+01 -7.504366e+00
      vertex   1.407623e+02 5.430265e+01 -7.489104e+00
    endloop
  endfacet
  facet normal 0.000000e+00 2.600564e-01 -9.655934e-01
    outer loop
      vertex   1.443811e+02 5.430265e+01 -7.489104e+00
      vertex   1.407623e+02 5.430265e+01 -7.489104e+00
      vertex   1.443811e+02 5.447179e+01 -7.443552e+00
    endloop
  endfacet
  facet normal 0.000000e+00 2.600564e-01 -9.655934e-01
    outer loop
      vertex   1.443811e+02 5.447179e+01 -7.443552e+00
      vertex   1.407623e+02 5.430265e+01 -7.489104e+00
      vertex   1.407623e+02 5.447179e+01 -7.443552e+00
    endloop
  endfacet
  facet normal 0.000000e+00 4.245526e-01 -9.054033e-01
    outer loop
      vertex   1.443811e+02 5.447179e+01 -7.443552e+00
      vertex   1.407623e+02 5.447179e+01 -7.443552e+00
      vertex   1.443811e+02 5.463038e+01 -7.369186e+00
    endloop
  endfacet
  facet normal 0.000000e+00 4.245526e-01 -9.054033e-01
    outer loop
      vertex   1.443811e+02 5.463038e+01 -7.369186e+00
      vertex   1.407623e+02 5.447179e+01 -7.443552e+00
      vertex   1.407623e+02 5.463038e+01 -7.369186e+00
    endloop
  endfacet
  facet normal 0.000000e+00 5.760227e-01 -8.174337e-01
    outer loop
      vertex   1.443811e+02 5.463038e+01 -7.369186e+00
      vertex   1.407623e+02 5.463038e+01 -7.369186e+00
      vertex   1.443811e+02 5.477357e+01 -7.268289e+00
    endloop
  endfacet
  facet normal -2.482159e-17 6.440541e-03 -9.999793e-01
    outer loop
      vertex   1.471863e+02 5.412817e+01 -7.504445e+00
      vertex   7.562282e+01 5.412817e+01 -7.504445e+00
      vertex   1.471869e+02 5.414035e+01 -7.504366e+00
    endloop
  endfacet
  facet normal -1.432120e-05 9.052819e-02 -9.958939e-01
    outer loop
      vertex   1.471869e+02 5.414035e+01 -7.504366e+00
      vertex   7.562282e+01 5.412817e+01 -7.504445e+00
      vertex   1.118114e+02 5.430265e+01 -7.489104e+00
    endloop
  endfacet
  facet normal 0.000000e+00 9.362269e-02 -9.956078e-01
    outer loop
      vertex   1.471869e+02 5.414035e+01 -7.504366e+00
      vertex   1.118114e+02 5.430265e+01 -7.489104e+00
      vertex   1.154303e+02 5.430265e+01 -7.489104e+00
    endloop
  endfacet
  facet normal 0.000000e+00 2.600564e-01 -9.655934e-01
    outer loop
      vertex   1.154303e+02 5.430265e+01 -7.489104e+00
      vertex   1.118114e+02 5.430265e+01 -7.489104e+00
      vertex   1.154303e+02 5.447179e+01 -7.443552e+00
    endloop
  endfacet
  facet normal -4.333830e-04 7.357846e-01 -6.772155e-01
    outer loop
      vertex   7.562282e+01 5.481102e+01 -7.235002e+00
      vertex   7.562282e+01 5.491273e+01 -7.124494e+00
      vertex   7.924168e+01 5.489695e+01 -7.143955e+00
    endloop
  endfacet
  facet normal 0.000000e+00 8.289101e-01 -5.593819e-01
    outer loop
      vertex   7.562282e+01 5.499674e+01 -7.000000e+00
      vertex   1.480000e+02 5.499674e+01 -7.000000e+00
      vertex   7.562282e+01 5.491273e+01 -7.124494e+00
    endloop
  endfacet
  facet normal 7.280318e-05 8.087744e-01 -5.881190e-01
    outer loop
      vertex   7.562282e+01 5.491273e+01 -7.124494e+00
      vertex   1.480000e+02 5.499674e+01 -7.000000e+00
      vertex   9.371712e+01 5.489695e+01 -7.143955e+00
    endloop
  endfacet
  facet normal 0.000000e+00 7.767336e-01 -6.298293e-01
    outer loop
      vertex   7.562282e+01 5.491273e+01 -7.124494e+00
      vertex   9.371712e+01 5.489695e+01 -7.143955e+00
      vertex   9.009826e+01 5.489695e+01 -7.143955e+00
    endloop
  endfacet
  facet normal 0.000000e+00 7.098194e-01 -7.043837e-01
    outer loop
      vertex   9.009826e+01 5.489695e+01 -7.143955e+00
      vertex   9.371712e+01 5.489695e+01 -7.143955e+00
      vertex   9.009826e+01 5.477357e+01 -7.268289e+00
    endloop
  endfacet
  facet normal 0.000000e+00 7.098194e-01 -7.043837e-01
    outer loop
      vertex   1.371434e+02 5.477357e+01 -7.268289e+00
      vertex   1.407623e+02 5.489695e+01 -7.143955e+00
      vertex   1.407623e+02 5.477357e+01 -7.268289e+00
    endloop
  endfacet
  facet normal 0.000000e+00 7.098194e-01 -7.043837e-01
    outer loop
      vertex   1.407623e+02 5.477357e+01 -7.268289e+00
      vertex   1.407623e+02 5.489695e+01 -7.143955e+00
      vertex   1.443811e+02 5.489695e+01 -7.143955e+00
    endloop
  endfacet
  facet normal 0.000000e+00 8.218375e-01 -5.697220e-01
    outer loop
      vertex   1.371434e+02 5.489695e+01 -7.143955e+00
      vertex   1.335246e+02 5.489695e+01 -7.143955e+00
      vertex   1.480000e+02 5.499674e+01 -7.000000e+00
    endloop
  endfacet
  facet normal 0.000000e+00 8.218375e-01 -5.697220e-01
    outer loop
      vertex   1.480000e+02 5.499674e+01 -7.000000e+00
      vertex   1.335246e+02 5.489695e+01 -7.143955e+00
      vertex   1.299057e+02 5.489695e+01 -7.143955e+00
    endloop
  endfacet
  facet normal 0.000000e+00 8.218375e-01 -5.697220e-01
    outer loop
      vertex   1.480000e+02 5.499674e+01 -7.000000e+00
      vertex   1.299057e+02 5.489695e+01 -7.143955e+00
      vertex   1.262868e+02 5.489695e+01 -7.143955e+00
    endloop
  endfacet
  facet normal 0.000000e+00 7.098194e-01 -7.043837e-01
    outer loop
      vertex   1.262868e+02 5.489695e+01 -7.143955e+00
      vertex   1.299057e+02 5.489695e+01 -7.143955e+00
      vertex   1.262868e+02 5.477357e+01 -7.268289e+00
    endloop
  endfacet
  facet normal 0.000000e+00 7.098194e-01 -7.043837e-01
    outer loop
      vertex   1.262868e+02 5.489695e+01 -7.143955e+00
      vertex   1.262868e+02 5.477357e+01 -7.268289e+00
      vertex   1.226680e+02 5.477357e+01 -7.268289e+00
    endloop
  endfacet
  facet normal 0.000000e+00 5.760227e-01 -8.174337e-01
    outer loop
      vertex   1.226680e+02 5.477357e+01 -7.268289e+00
      vertex   1.262868e+02 5.477357e+01 -7.268289e+00
      vertex   1.226680e+02 5.463038e+01 -7.369186e+00
    endloop
  endfacet
  facet normal 0.000000e+00 5.760227e-01 -8.174337e-01
    outer loop
      vertex   1.226680e+02 5.477357e+01 -7.268289e+00
      vertex   1.226680e+02 5.463038e+01 -7.369186e+00
      vertex   1.190491e+02 5.463038e+01 -7.369186e+00
    endloop
  endfacet
  facet normal 0.000000e+00 4.245526e-01 -9.054033e-01
    outer loop
      vertex   1.190491e+02 5.463038e+01 -7.369186e+00
      vertex   1.226680e+02 5.463038e+01 -7.369186e+00
      vertex   1.190491e+02 5.447179e+01 -7.443552e+00
    endloop
  endfacet
  facet normal 0.000000e+00 7.098194e-01 -7.043837e-01
    outer loop
      vertex   1.371434e+02 5.489695e+01 -7.143955e+00
      vertex   1.335246e+02 5.477357e+01 -7.268289e+00
      vertex   1.335246e+02 5.489695e+01 -7.143955e+00
    endloop
  endfacet
  facet normal 0.000000e+00 7.098194e-01 -7.043837e-01
    outer loop
      vertex   1.335246e+02 5.489695e+01 -7.143955e+00
      vertex   1.335246e+02 5.477357e+01 -7.268289e+00
      vertex   1.299057e+02 5.477357e+01 -7.268289e+00
    endloop
  endfacet
  facet normal 0.000000e+00 7.098194e-01 -7.043837e-01
    outer loop
      vertex   1.335246e+02 5.489695e+01 -7.143955e+00
      vertex   1.299057e+02 5.477357e+01 -7.268289e+00
      vertex   1.299057e+02 5.489695e+01 -7.143955e+00
    endloop
  endfacet
  facet normal 0.000000e+00 7.098194e-01 -7.043837e-01
    outer loop
      vertex   1.299057e+02 5.489695e+01 -7.143955e+00
      vertex   1.299057e+02 5.477357e+01 -7.268289e+00
      vertex   1.262868e+02 5.477357e+01 -7.268289e+00
    endloop
  endfacet
  facet normal 0.000000e+00 8.218375e-01 -5.697220e-01
    outer loop
      vertex   1.190491e+02 5.489695e+01 -7.143955e+00
      vertex   1.480000e+02 5.499674e+01 -7.000000e+00
      vertex   1.226680e+02 5.489695e+01 -7.143955e+00
    endloop
  endfacet
  facet normal 0.000000e+00 8.218375e-01 -5.697220e-01
    outer loop
      vertex   1.226680e+02 5.489695e+01 -7.143955e+00
      vertex   1.480000e+02 5.499674e+01 -7.000000e+00
      vertex   1.262868e+02 5.489695e+01 -7.143955e+00
    endloop
  endfacet
  facet normal 0.000000e+00 7.098194e-01 -7.043837e-01
    outer loop
      vertex   1.226680e+02 5.489695e+01 -7.143955e+00
      vertex   1.262868e+02 5.489695e+01 -7.143955e+00
      vertex   1.226680e+02 5.477357e+01 -7.268289e+00
    endloop
  endfacet
  facet normal 0.000000e+00 7.098194e-01 -7.043837e-01
    outer loop
      vertex   1.190491e+02 5.477357e+01 -7.268289e+00
      vertex   1.190491e+02 5.489695e+01 -7.143955e+00
      vertex   1.226680e+02 5.489695e+01 -7.143955e+00
    endloop
  endfacet
  facet normal 0.000000e+00 7.098194e-01 -7.043837e-01
    outer loop
      vertex   1.190491e+02 5.477357e+01 -7.268289e+00
      vertex   1.226680e+02 5.489695e+01 -7.143955e+00
      vertex   1.226680e+02 5.477357e+01 -7.268289e+00
    endloop
  endfacet
  facet normal 0.000000e+00 7.098194e-01 -7.043837e-01
    outer loop
      vertex   1.118114e+02 5.489695e+01 -7.143955e+00
      vertex   1.154303e+02 5.489695e+01 -7.143955e+00
      vertex   1.118114e+02 5.477357e+01 -7.268289e+00
    endloop
  endfacet
  facet normal 0.000000e+00 7.098194e-01 -7.043837e-01
    outer loop
      vertex   1.118114e+02 5.477357e+01 -7.268289e+00
      vertex   1.154303e+02 5.489695e+01 -7.143955e+00
      vertex   1.154303e+02 5.477357e+01 -7.268289e+00
    endloop
  endfacet
  facet normal 0.000000e+00 5.760227e-01 -8.174337e-01
    outer loop
      vertex   1.118114e+02 5.477357e+01 -7.268289e+00
      vertex   1.154303e+02 5.477357e+01 -7.268289e+00
      vertex   1.118114e+02 5.463038e+01 -7.369186e+00
    endloop
  endfacet
  facet normal 0.000000e+00 5.760227e-01 -8.174337e-01
    outer loop
      vertex   1.118114e+02 5.463038e+01 -7.369186e+00
      vertex   1.154303e+02 5.477357e+01 -7.268289e+00
      vertex   1.154303e+02 5.463038e+01 -7.369186e+00
    endloop
  endfacet
  facet normal 0.000000e+00 4.245526e-01 -9.054033e-01
    outer loop
      vertex   1.118114e+02 5.463038e+01 -7.369186e+00
      vertex   1.154303e+02 5.463038e+01 -7.369186e+00
      vertex   1.118114e+02 5.447179e+01 -7.443552e+00
    endloop
  endfacet
  facet normal 0.000000e+00 4.245526e-01 -9.054033e-01
    outer loop
      vertex   1.118114e+02 5.447179e+01 -7.443552e+00
      vertex   1.154303e+02 5.463038e+01 -7.369186e+00
      vertex   1.154303e+02 5.447179e+01 -7.443552e+00
    endloop
  endfacet
  facet normal 0.000000e+00 2.600564e-01 -9.655934e-01
    outer loop
      vertex   1.118114e+02 5.447179e+01 -7.443552e+00
      vertex   1.154303e+02 5.447179e+01 -7.443552e+00
      vertex   1.118114e+02 5.430265e+01 -7.489104e+00
    endloop
  endfacet
  facet normal 0.000000e+00 8.218375e-01 -5.697220e-01
    outer loop
      vertex   1.081926e+02 5.489695e+01 -7.143955e+00
      vertex   1.045737e+02 5.489695e+01 -7.143955e+00
      vertex   1.480000e+02 5.499674e+01 -7.000000e+00
    endloop
  endfacet
  facet normal 0.000000e+00 8.218375e-01 -5.697220e-01
    outer loop
      vertex   1.480000e+02 5.499674e+01 -7.000000e+00
      vertex   1.045737e+02 5.489695e+01 -7.143955e+00
      vertex   1.009548e+02 5.489695e+01 -7.143955e+00
    endloop
  endfacet
  facet normal 0.000000e+00 8.218375e-01 -5.697220e-01
    outer loop
      vertex   1.480000e+02 5.499674e+01 -7.000000e+00
      vertex   1.009548e+02 5.489695e+01 -7.143955e+00
      vertex   9.733597e+01 5.489695e+01 -7.143955e+00
    endloop
  endfacet
  facet normal 0.000000e+00 7.098194e-01 -7.043837e-01
    outer loop
      vertex   9.733597e+01 5.489695e+01 -7.143955e+00
      vertex   1.009548e+02 5.489695e+01 -7.143955e+00
      vertex   9.733597e+01 5.477357e+01 -7.268289e+00
    endloop
  endfacet
  facet normal 0.000000e+00 7.098194e-01 -7.043837e-01
    outer loop
      vertex   9.733597e+01 5.489695e+01 -7.143955e+00
      vertex   9.733597e+01 5.477357e+01 -7.268289e+00
      vertex   9.371712e+01 5.477357e+01 -7.268289e+00
    endloop
  endfacet
  facet normal 0.000000e+00 5.760227e-01 -8.174337e-01
    outer loop
      vertex   9.371712e+01 5.477357e+01 -7.268289e+00
      vertex   9.733597e+01 5.477357e+01 -7.268289e+00
      vertex   9.371712e+01 5.463038e+01 -7.369186e+00
    endloop
  endfacet
  facet normal 0.000000e+00 5.760227e-01 -8.174337e-01
    outer loop
      vertex   9.371712e+01 5.477357e+01 -7.268289e+00
      vertex   9.371712e+01 5.463038e+01 -7.369186e+00
      vertex   9.009826e+01 5.463038e+01 -7.369186e+00
    endloop
  endfacet
  facet normal 0.000000e+00 4.245526e-01 -9.054033e-01
    outer loop
      vertex   9.009826e+01 5.463038e+01 -7.369186e+00
      vertex   9.371712e+01 5.463038e+01 -7.369186e+00
      vertex   9.009826e+01 5.447179e+01 -7.443552e+00
    endloop
  endfacet
  facet normal 0.000000e+00 7.098194e-01 -7.043837e-01
    outer loop
      vertex   1.081926e+02 5.489695e+01 -7.143955e+00
      vertex   1.045737e+02 5.477357e+01 -7.268289e+00
      vertex   1.045737e+02 5.489695e+01 -7.143955e+00
    endloop
  endfacet
  facet normal 0.000000e+00 7.098194e-01 -7.043837e-01
    outer loop
      vertex   1.045737e+02 5.489695e+01 -7.143955e+00
      vertex   1.045737e+02 5.477357e+01 -7.268289e+00
      vertex   1.009548e+02 5.477357e+01 -7.268289e+00
    endloop
  endfacet
  facet normal 0.000000e+00 7.098194e-01 -7.043837e-01
    outer loop
      vertex   1.045737e+02 5.489695e+01 -7.143955e+00
      vertex   1.009548e+02 5.477357e+01 -7.268289e+00
      vertex   1.009548e+02 5.489695e+01 -7.143955e+00
    endloop
  endfacet
  facet normal 0.000000e+00 7.098194e-01 -7.043837e-01
    outer loop
      vertex   1.009548e+02 5.489695e+01 -7.143955e+00
      vertex   1.009548e+02 5.477357e+01 -7.268289e+00
      vertex   9.733597e+01 5.477357e+01 -7.268289e+00
    endloop
  endfacet
  facet normal 0.000000e+00 8.218375e-01 -5.697220e-01
    outer loop
      vertex   9.371712e+01 5.489695e+01 -7.143955e+00
      vertex   1.480000e+02 5.499674e+01 -7.000000e+00
      vertex   9.733597e+01 5.489695e+01 -7.143955e+00
    endloop
  endfacet
  facet normal 0.000000e+00 7.098194e-01 -7.043837e-01
    outer loop
      vertex   9.009826e+01 5.477357e+01 -7.268289e+00
      vertex   9.371712e+01 5.489695e+01 -7.143955e+00
      vertex   9.371712e+01 5.477357e+01 -7.268289e+00
    endloop
  endfacet
  facet normal 0.000000e+00 7.098194e-01 -7.043837e-01
    outer loop
      vertex   9.371712e+01 5.477357e+01 -7.268289e+00
      vertex   9.371712e+01 5.489695e+01 -7.143955e+00
      vertex   9.733597e+01 5.489695e+01 -7.143955e+00
    endloop
  endfacet
  facet normal 0.000000e+00 7.098194e-01 -7.043837e-01
    outer loop
      vertex   8.286054e+01 5.489695e+01 -7.143955e+00
      vertex   8.647940e+01 5.489695e+01 -7.143955e+00
      vertex   8.286054e+01 5.477357e+01 -7.268289e+00
    endloop
  endfacet
  facet normal 0.000000e+00 7.098194e-01 -7.043837e-01
    outer loop
      vertex   8.286054e+01 5.477357e+01 -7.268289e+00
      vertex   8.647940e+01 5.489695e+01 -7.143955e+00
      vertex   8.647940e+01 5.477357e+01 -7.268289e+00
    endloop
  endfacet
  facet normal 0.000000e+00 5.760227e-01 -8.174337e-01
    outer loop
      vertex   8.286054e+01 5.477357e+01 -7.268289e+00
      vertex   8.647940e+01 5.477357e+01 -7.268289e+00
      vertex   8.286054e+01 5.463038e+01 -7.369186e+00
    endloop
  endfacet
  facet normal 0.000000e+00 5.760227e-01 -8.174337e-01
    outer loop
      vertex   8.286054e+01 5.463038e+01 -7.369186e+00
      vertex   8.647940e+01 5.477357e+01 -7.268289e+00
      vertex   8.647940e+01 5.463038e+01 -7.369186e+00
    endloop
  endfacet
  facet normal 0.000000e+00 4.245526e-01 -9.054033e-01
    outer loop
      vertex   8.286054e+01 5.463038e+01 -7.369186e+00
      vertex   8.647940e+01 5.463038e+01 -7.369186e+00
      vertex   8.286054e+01 5.447179e+01 -7.443552e+00
    endloop
  endfacet
  facet normal 0.000000e+00 4.245526e-01 -9.054033e-01
    outer loop
      vertex   8.286054e+01 5.447179e+01 -7.443552e+00
      vertex   8.647940e+01 5.463038e+01 -7.369186e+00
      vertex   8.647940e+01 5.447179e+01 -7.443552e+00
    endloop
  endfacet
  facet normal 0.000000e+00 2.600564e-01 -9.655934e-01
    outer loop
      vertex   8.286054e+01 5.447179e+01 -7.443552e+00
      vertex   8.647940e+01 5.447179e+01 -7.443552e+00
      vertex   8.286054e+01 5.430265e+01 -7.489104e+00
    endloop
  endfacet
  facet normal 0.000000e+00 5.760227e-01 -8.174337e-01
    outer loop
      vertex   1.335246e+02 5.463038e+01 -7.369186e+00
      vertex   1.371434e+02 5.477357e+01 -7.268289e+00
      vertex   1.371434e+02 5.463038e+01 -7.369186e+00
    endloop
  endfacet
  facet normal 0.000000e+00 5.760227e-01 -8.174337e-01
    outer loop
      vertex   1.371434e+02 5.463038e+01 -7.369186e+00
      vertex   1.371434e+02 5.477357e+01 -7.268289e+00
      vertex   1.407623e+02 5.477357e+01 -7.268289e+00
    endloop
  endfacet
  facet normal 0.000000e+00 5.760227e-01 -8.174337e-01
    outer loop
      vertex   1.335246e+02 5.477357e+01 -7.268289e+00
      vertex   1.299057e+02 5.463038e+01 -7.369186e+00
      vertex   1.299057e+02 5.477357e+01 -7.268289e+00
    endloop
  endfacet
  facet normal 0.000000e+00 5.760227e-01 -8.174337e-01
    outer loop
      vertex   1.299057e+02 5.477357e+01 -7.268289e+00
      vertex   1.299057e+02 5.463038e+01 -7.369186e+00
      vertex   1.262868e+02 5.463038e+01 -7.369186e+00
    endloop
  endfacet
  facet normal 0.000000e+00 5.760227e-01 -8.174337e-01
    outer loop
      vertex   1.299057e+02 5.477357e+01 -7.268289e+00
      vertex   1.262868e+02 5.463038e+01 -7.369186e+00
      vertex   1.262868e+02 5.477357e+01 -7.268289e+00
    endloop
  endfacet
  facet normal 0.000000e+00 5.760227e-01 -8.174337e-01
    outer loop
      vertex   1.262868e+02 5.477357e+01 -7.268289e+00
      vertex   1.262868e+02 5.463038e+01 -7.369186e+00
      vertex   1.226680e+02 5.463038e+01 -7.369186e+00
    endloop
  endfacet
  facet normal 0.000000e+00 5.760227e-01 -8.174337e-01
    outer loop
      vertex   1.190491e+02 5.463038e+01 -7.369186e+00
      vertex   1.190491e+02 5.477357e+01 -7.268289e+00
      vertex   1.226680e+02 5.477357e+01 -7.268289e+00
    endloop
  endfacet
  facet normal 0.000000e+00 7.098194e-01 -7.043837e-01
    outer loop
      vertex   1.118114e+02 5.489695e+01 -7.143955e+00
      vertex   1.118114e+02 5.477357e+01 -7.268289e+00
      vertex   1.081926e+02 5.477357e+01 -7.268289e+00
    endloop
  endfacet
  facet normal 0.000000e+00 5.760227e-01 -8.174337e-01
    outer loop
      vertex   1.081926e+02 5.477357e+01 -7.268289e+00
      vertex   1.118114e+02 5.477357e+01 -7.268289e+00
      vertex   1.081926e+02 5.463038e+01 -7.369186e+00
    endloop
  endfacet
  facet normal 0.000000e+00 5.760227e-01 -8.174337e-01
    outer loop
      vertex   1.081926e+02 5.477357e+01 -7.268289e+00
      vertex   1.081926e+02 5.463038e+01 -7.369186e+00
      vertex   1.045737e+02 5.463038e+01 -7.369186e+00
    endloop
  endfacet
  facet normal 0.000000e+00 4.245526e-01 -9.054033e-01
    outer loop
      vertex   1.045737e+02 5.463038e+01 -7.369186e+00
      vertex   1.081926e+02 5.463038e+01 -7.369186e+00
      vertex   1.045737e+02 5.447179e+01 -7.443552e+00
    endloop
  endfacet
  facet normal 0.000000e+00 4.245526e-01 -9.054033e-01
    outer loop
      vertex   1.045737e+02 5.463038e+01 -7.369186e+00
      vertex   1.045737e+02 5.447179e+01 -7.443552e+00
      vertex   1.009548e+02 5.447179e+01 -7.443552e+00
    endloop
  endfacet
  facet normal 0.000000e+00 2.600564e-01 -9.655934e-01
    outer loop
      vertex   1.009548e+02 5.447179e+01 -7.443552e+00
      vertex   1.045737e+02 5.447179e+01 -7.443552e+00
      vertex   1.009548e+02 5.430265e+01 -7.489104e+00
    endloop
  endfacet
  facet normal 0.000000e+00 2.600564e-01 -9.655934e-01
    outer loop
      vertex   1.009548e+02 5.447179e+01 -7.443552e+00
      vertex   1.009548e+02 5.430265e+01 -7.489104e+00
      vertex   9.733597e+01 5.430265e+01 -7.489104e+00
    endloop
  endfacet
  facet normal 0.000000e+00 8.758117e-02 -9.961574e-01
    outer loop
      vertex   9.733597e+01 5.430265e+01 -7.489104e+00
      vertex   1.009548e+02 5.430265e+01 -7.489104e+00
      vertex   7.562282e+01 5.412817e+01 -7.504445e+00
    endloop
  endfacet
  facet normal 0.000000e+00 5.760227e-01 -8.174337e-01
    outer loop
      vertex   1.081926e+02 5.463038e+01 -7.369186e+00
      vertex   1.118114e+02 5.477357e+01 -7.268289e+00
      vertex   1.118114e+02 5.463038e+01 -7.369186e+00
    endloop
  endfacet
  facet normal 0.000000e+00 5.760227e-01 -8.174337e-01
    outer loop
      vertex   1.045737e+02 5.477357e+01 -7.268289e+00
      vertex   1.009548e+02 5.463038e+01 -7.369186e+00
      vertex   1.009548e+02 5.477357e+01 -7.268289e+00
    endloop
  endfacet
  facet normal 0.000000e+00 5.760227e-01 -8.174337e-01
    outer loop
      vertex   1.009548e+02 5.477357e+01 -7.268289e+00
      vertex   1.009548e+02 5.463038e+01 -7.369186e+00
      vertex   9.733597e+01 5.463038e+01 -7.369186e+00
    endloop
  endfacet
  facet normal 0.000000e+00 5.760227e-01 -8.174337e-01
    outer loop
      vertex   1.009548e+02 5.477357e+01 -7.268289e+00
      vertex   9.733597e+01 5.463038e+01 -7.369186e+00
      vertex   9.733597e+01 5.477357e+01 -7.268289e+00
    endloop
  endfacet
  facet normal 0.000000e+00 5.760227e-01 -8.174337e-01
    outer loop
      vertex   9.733597e+01 5.477357e+01 -7.268289e+00
      vertex   9.733597e+01 5.463038e+01 -7.369186e+00
      vertex   9.371712e+01 5.463038e+01 -7.369186e+00
    endloop
  endfacet
  facet normal 0.000000e+00 5.760227e-01 -8.174337e-01
    outer loop
      vertex   9.009826e+01 5.463038e+01 -7.369186e+00
      vertex   9.009826e+01 5.477357e+01 -7.268289e+00
      vertex   9.371712e+01 5.477357e+01 -7.268289e+00
    endloop
  endfacet
  facet normal 0.000000e+00 5.760227e-01 -8.174337e-01
    outer loop
      vertex   7.924168e+01 5.463038e+01 -7.369186e+00
      vertex   7.924168e+01 5.477357e+01 -7.268289e+00
      vertex   8.286054e+01 5.477357e+01 -7.268289e+00
    endloop
  endfacet
  facet normal 0.000000e+00 7.098194e-01 -7.043837e-01
    outer loop
      vertex   8.286054e+01 5.477357e+01 -7.268289e+00
      vertex   7.924168e+01 5.477357e+01 -7.268289e+00
      vertex   8.286054e+01 5.489695e+01 -7.143955e+00
    endloop
  endfacet
  facet normal 0.000000e+00 5.760227e-01 -8.174337e-01
    outer loop
      vertex   7.924168e+01 5.463038e+01 -7.369186e+00
      vertex   8.286054e+01 5.477357e+01 -7.268289e+00
      vertex   8.286054e+01 5.463038e+01 -7.369186e+00
    endloop
  endfacet
  facet normal 0.000000e+00 4.245526e-01 -9.054033e-01
    outer loop
      vertex   1.371434e+02 5.447179e+01 -7.443552e+00
      vertex   1.407623e+02 5.463038e+01 -7.369186e+00
      vertex   1.407623e+02 5.447179e+01 -7.443552e+00
    endloop
  endfacet
  facet normal 0.000000e+00 4.245526e-01 -9.054033e-01
    outer loop
      vertex   1.299057e+02 5.447179e+01 -7.443552e+00
      vertex   1.335246e+02 5.463038e+01 -7.369186e+00
      vertex   1.335246e+02 5.447179e+01 -7.443552e+00
    endloop
  endfacet
  facet normal 0.000000e+00 4.245526e-01 -9.054033e-01
    outer loop
      vertex   1.335246e+02 5.447179e+01 -7.443552e+00
      vertex   1.335246e+02 5.463038e+01 -7.369186e+00
      vertex   1.371434e+02 5.463038e+01 -7.369186e+00
    endloop
  endfacet
  facet normal 0.000000e+00 4.245526e-01 -9.054033e-01
    outer loop
      vertex   1.299057e+02 5.463038e+01 -7.369186e+00
      vertex   1.262868e+02 5.447179e+01 -7.443552e+00
      vertex   1.262868e+02 5.463038e+01 -7.369186e+00
    endloop
  endfacet
  facet normal 0.000000e+00 4.245526e-01 -9.054033e-01
    outer loop
      vertex   1.262868e+02 5.463038e+01 -7.369186e+00
      vertex   1.262868e+02 5.447179e+01 -7.443552e+00
      vertex   1.226680e+02 5.447179e+01 -7.443552e+00
    endloop
  endfacet
  facet normal 0.000000e+00 4.245526e-01 -9.054033e-01
    outer loop
      vertex   1.262868e+02 5.463038e+01 -7.369186e+00
      vertex   1.226680e+02 5.447179e+01 -7.443552e+00
      vertex   1.226680e+02 5.463038e+01 -7.369186e+00
    endloop
  endfacet
  facet normal 0.000000e+00 4.245526e-01 -9.054033e-01
    outer loop
      vertex   1.226680e+02 5.463038e+01 -7.369186e+00
      vertex   1.226680e+02 5.447179e+01 -7.443552e+00
      vertex   1.190491e+02 5.447179e+01 -7.443552e+00
    endloop
  endfacet
  facet normal 0.000000e+00 4.245526e-01 -9.054033e-01
    outer loop
      vertex   1.081926e+02 5.463038e+01 -7.369186e+00
      vertex   1.118114e+02 5.463038e+01 -7.369186e+00
      vertex   1.081926e+02 5.447179e+01 -7.443552e+00
    endloop
  endfacet
  facet normal 0.000000e+00 4.245526e-01 -9.054033e-01
    outer loop
      vertex   1.081926e+02 5.447179e+01 -7.443552e+00
      vertex   1.118114e+02 5.463038e+01 -7.369186e+00
      vertex   1.118114e+02 5.447179e+01 -7.443552e+00
    endloop
  endfacet
  facet normal 0.000000e+00 2.600564e-01 -9.655934e-01
    outer loop
      vertex   1.081926e+02 5.447179e+01 -7.443552e+00
      vertex   1.118114e+02 5.447179e+01 -7.443552e+00
      vertex   1.081926e+02 5.430265e+01 -7.489104e+00
    endloop
  endfacet
  facet normal 0.000000e+00 2.600564e-01 -9.655934e-01
    outer loop
      vertex   1.081926e+02 5.430265e+01 -7.489104e+00
      vertex   1.118114e+02 5.447179e+01 -7.443552e+00
      vertex   1.118114e+02 5.430265e+01 -7.489104e+00
    endloop
  endfacet
  facet normal 0.000000e+00 8.758117e-02 -9.961574e-01
    outer loop
      vertex   1.081926e+02 5.430265e+01 -7.489104e+00
      vertex   1.118114e+02 5.430265e+01 -7.489104e+00
      vertex   7.562282e+01 5.412817e+01 -7.504445e+00
    endloop
  endfacet
  facet normal 0.000000e+00 4.245526e-01 -9.054033e-01
    outer loop
      vertex   1.009548e+02 5.463038e+01 -7.369186e+00
      vertex   9.733597e+01 5.447179e+01 -7.443552e+00
      vertex   9.733597e+01 5.463038e+01 -7.369186e+00
    endloop
  endfacet
  facet normal 0.000000e+00 4.245526e-01 -9.054033e-01
    outer loop
      vertex   9.733597e+01 5.463038e+01 -7.369186e+00
      vertex   9.733597e+01 5.447179e+01 -7.443552e+00
      vertex   9.371712e+01 5.447179e+01 -7.443552e+00
    endloop
  endfacet
  facet normal 0.000000e+00 4.245526e-01 -9.054033e-01
    outer loop
      vertex   9.733597e+01 5.463038e+01 -7.369186e+00
      vertex   9.371712e+01 5.447179e+01 -7.443552e+00
      vertex   9.371712e+01 5.463038e+01 -7.369186e+00
    endloop
  endfacet
  facet normal 0.000000e+00 4.245526e-01 -9.054033e-01
    outer loop
      vertex   9.371712e+01 5.463038e+01 -7.369186e+00
      vertex   9.371712e+01 5.447179e+01 -7.443552e+00
      vertex   9.009826e+01 5.447179e+01 -7.443552e+00
    endloop
  endfacet
  facet normal 0.000000e+00 4.245526e-01 -9.054033e-01
    outer loop
      vertex   7.924168e+01 5.447179e+01 -7.443552e+00
      vertex   7.924168e+01 5.463038e+01 -7.369186e+00
      vertex   8.286054e+01 5.463038e+01 -7.369186e+00
    endloop
  endfacet
  facet normal 0.000000e+00 4.245526e-01 -9.054033e-01
    outer loop
      vertex   7.924168e+01 5.447179e+01 -7.443552e+00
      vertex   8.286054e+01 5.463038e+01 -7.369186e+00
      vertex   8.286054e+01 5.447179e+01 -7.443552e+00
    endloop
  endfacet
  facet normal 0.000000e+00 2.600564e-01 -9.655934e-01
    outer loop
      vertex   1.371434e+02 5.447179e+01 -7.443552e+00
      vertex   1.407623e+02 5.447179e+01 -7.443552e+00
      vertex   1.371434e+02 5.430265e+01 -7.489104e+00
    endloop
  endfacet
  facet normal 0.000000e+00 2.600564e-01 -9.655934e-01
    outer loop
      vertex   1.371434e+02 5.430265e+01 -7.489104e+00
      vertex   1.407623e+02 5.447179e+01 -7.443552e+00
      vertex   1.407623e+02 5.430265e+01 -7.489104e+00
    endloop
  endfacet
  facet normal 0.000000e+00 9.362269e-02 -9.956078e-01
    outer loop
      vertex   1.371434e+02 5.430265e+01 -7.489104e+00
      vertex   1.407623e+02 5.430265e+01 -7.489104e+00
      vertex   1.471869e+02 5.414035e+01 -7.504366e+00
    endloop
  endfacet
  facet normal 0.000000e+00 2.600564e-01 -9.655934e-01
    outer loop
      vertex   1.262868e+02 5.430265e+01 -7.489104e+00
      vertex   1.299057e+02 5.447179e+01 -7.443552e+00
      vertex   1.299057e+02 5.430265e+01 -7.489104e+00
    endloop
  endfacet
  facet normal 0.000000e+00 2.600564e-01 -9.655934e-01
    outer loop
      vertex   1.299057e+02 5.430265e+01 -7.489104e+00
      vertex   1.299057e+02 5.447179e+01 -7.443552e+00
      vertex   1.335246e+02 5.447179e+01 -7.443552e+00
    endloop
  endfacet
  facet normal 0.000000e+00 2.600564e-01 -9.655934e-01
    outer loop
      vertex   1.190491e+02 5.430265e+01 -7.489104e+00
      vertex   1.190491e+02 5.447179e+01 -7.443552e+00
      vertex   1.226680e+02 5.447179e+01 -7.443552e+00
    endloop
  endfacet
  facet normal 0.000000e+00 2.600564e-01 -9.655934e-01
    outer loop
      vertex   1.190491e+02 5.430265e+01 -7.489104e+00
      vertex   1.226680e+02 5.447179e+01 -7.443552e+00
      vertex   1.226680e+02 5.430265e+01 -7.489104e+00
    endloop
  endfacet
  facet normal 0.000000e+00 2.600564e-01 -9.655934e-01
    outer loop
      vertex   1.226680e+02 5.430265e+01 -7.489104e+00
      vertex   1.226680e+02 5.447179e+01 -7.443552e+00
      vertex   1.262868e+02 5.447179e+01 -7.443552e+00
    endloop
  endfacet
  facet normal 0.000000e+00 4.245526e-01 -9.054033e-01
    outer loop
      vertex   1.081926e+02 5.463038e+01 -7.369186e+00
      vertex   1.081926e+02 5.447179e+01 -7.443552e+00
      vertex   1.045737e+02 5.447179e+01 -7.443552e+00
    endloop
  endfacet
  facet normal 0.000000e+00 2.600564e-01 -9.655934e-01
    outer loop
      vertex   1.045737e+02 5.447179e+01 -7.443552e+00
      vertex   1.081926e+02 5.447179e+01 -7.443552e+00
      vertex   1.045737e+02 5.430265e+01 -7.489104e+00
    endloop
  endfacet
  facet normal 0.000000e+00 2.600564e-01 -9.655934e-01
    outer loop
      vertex   1.045737e+02 5.447179e+01 -7.443552e+00
      vertex   1.045737e+02 5.430265e+01 -7.489104e+00
      vertex   1.009548e+02 5.430265e+01 -7.489104e+00
    endloop
  endfacet
  facet normal 0.000000e+00 8.758117e-02 -9.961574e-01
    outer loop
      vertex   1.009548e+02 5.430265e+01 -7.489104e+00
      vertex   1.045737e+02 5.430265e+01 -7.489104e+00
      vertex   7.562282e+01 5.412817e+01 -7.504445e+00
    endloop
  endfacet
  facet normal 0.000000e+00 2.600564e-01 -9.655934e-01
    outer loop
      vertex   1.045737e+02 5.430265e+01 -7.489104e+00
      vertex   1.081926e+02 5.447179e+01 -7.443552e+00
      vertex   1.081926e+02 5.430265e+01 -7.489104e+00
    endloop
  endfacet
  facet normal 0.000000e+00 2.600564e-01 -9.655934e-01
    outer loop
      vertex   9.009826e+01 5.430265e+01 -7.489104e+00
      vertex   9.009826e+01 5.447179e+01 -7.443552e+00
      vertex   9.371712e+01 5.447179e+01 -7.443552e+00
    endloop
  endfacet
  facet normal 0.000000e+00 2.600564e-01 -9.655934e-01
    outer loop
      vertex   9.009826e+01 5.430265e+01 -7.489104e+00
      vertex   9.371712e+01 5.447179e+01 -7.443552e+00
      vertex   9.371712e+01 5.430265e+01 -7.489104e+00
    endloop
  endfacet
  facet normal 0.000000e+00 2.600564e-01 -9.655934e-01
    outer loop
      vertex   9.371712e+01 5.430265e+01 -7.489104e+00
      vertex   9.371712e+01 5.447179e+01 -7.443552e+00
      vertex   9.733597e+01 5.447179e+01 -7.443552e+00
    endloop
  endfacet
  facet normal 0.000000e+00 2.600564e-01 -9.655934e-01
    outer loop
      vertex   7.924168e+01 5.430265e+01 -7.489104e+00
      vertex   7.924168e+01 5.447179e+01 -7.443552e+00
      vertex   8.286054e+01 5.447179e+01 -7.443552e+00
    endloop
  endfacet
  facet normal 0.000000e+00 2.600564e-01 -9.655934e-01
    outer loop
      vertex   7.924168e+01 5.430265e+01 -7.489104e+00
      vertex   8.286054e+01 5.447179e+01 -7.443552e+00
      vertex   8.286054e+01 5.430265e+01 -7.489104e+00
    endloop
  endfacet
  facet normal 0.000000e+00 9.362269e-02 -9.956078e-01
    outer loop
      vertex   1.471869e+02 5.414035e+01 -7.504366e+00
      vertex   1.335246e+02 5.430265e+01 -7.489104e+00
      vertex   1.371434e+02 5.430265e+01 -7.489104e+00
    endloop
  endfacet
  facet normal 0.000000e+00 2.600564e-01 -9.655934e-01
    outer loop
      vertex   1.371434e+02 5.430265e+01 -7.489104e+00
      vertex   1.335246e+02 5.430265e+01 -7.489104e+00
      vertex   1.371434e+02 5.447179e+01 -7.443552e+00
    endloop
  endfacet
  facet normal 0.000000e+00 8.758117e-02 -9.961574e-01
    outer loop
      vertex   7.562282e+01 5.412817e+01 -7.504445e+00
      vertex   1.045737e+02 5.430265e+01 -7.489104e+00
      vertex   1.081926e+02 5.430265e+01 -7.489104e+00
    endloop
  endfacet
  facet normal -2.482211e-17 -1.600572e-15 -1.000000e+00
    outer loop
      vertex   1.471863e+02 5.412817e+01 -7.504445e+00
      vertex   1.471863e+02 5.301834e+01 -7.504445e+00
      vertex   7.562282e+01 5.412817e+01 -7.504445e+00
    endloop
  endfacet
  facet normal 0.000000e+00 0.000000e+00 -1.000000e+00
    outer loop
      vertex   7.562282e+01 5.412817e+01 -7.504445e+00
      vertex   1.471863e+02 5.301834e+01 -7.504445e+00
      vertex   7.562282e+01 5.204384e+01 -7.504445e+00
    endloop
  endfacet
  facet normal 0.000000e+00 0.000000e+00 -1.000000e+00
    outer loop
      vertex   7.562282e+01 5.204384e+01 -7.504445e+00
      vertex   1.471863e+02 5.301834e+01 -7.504445e+00
      vertex   1.471880e+02 5.299726e+01 -7.504445e+00
    endloop
  endfacet
  facet normal 0.000000e+00 0.000000e+00 -1.000000e+00
    outer loop
      vertex   7.562282e+01 5.204384e+01 -7.504445e+00
      vertex   1.471880e+02 5.299726e+01 -7.504445e+00
      vertex   1.471931e+02 5.297671e+01 -7.504445e+00
    endloop
  endfacet
  facet normal 0.000000e+00 -0.000000e+00 -1.000000e+00
    outer loop
      vertex   1.471931e+02 5.297671e+01 -7.504445e+00
      vertex   1.472013e+02 5.295724e+01 -7.504445e+00
      vertex   7.562282e+01 5.204384e+01 -7.504445e+00
    endloop
  endfacet
  facet normal 0.000000e+00 0.000000e+00 -1.000000e+00
    outer loop
      vertex   7.562282e+01 5.204384e+01 -7.504445e+00
      vertex   1.472013e+02 5.295724e+01 -7.504445e+00
      vertex   1.472126e+02 5.293933e+01 -7.504445e+00
    endloop
  endfacet
  facet normal 2.915914e-16 -2.331109e-14 -1.000000e+00
    outer loop
      vertex   7.562282e+01 5.204384e+01 -7.504445e+00
      vertex   1.472126e+02 5.293933e+01 -7.504445e+00
      vertex   1.472907e+02 5.282601e+01 -7.504445e+00
    endloop
  endfacet
  facet normal 2.649592e-16 -2.087086e-14 -1.000000e+00
    outer loop
      vertex   1.472907e+02 5.282601e+01 -7.504445e+00
      vertex   1.473662e+02 5.269930e+01 -7.504445e+00
      vertex   7.562282e+01 5.204384e+01 -7.504445e+00
    endloop
  endfacet
  facet normal -3.962237e-17 1.246716e-14 -1.000000e+00
    outer loop
      vertex   7.562282e+01 5.204384e+01 -7.504445e+00
      vertex   1.473662e+02 5.269930e+01 -7.504445e+00
      vertex   1.474411e+02 5.255705e+01 -7.504445e+00
    endloop
  endfacet
  facet normal 4.929963e-17 2.357182e-17 -1.000000e+00
    outer loop
      vertex   7.562282e+01 5.204384e+01 -7.504445e+00
      vertex   1.474411e+02 5.255705e+01 -7.504445e+00
      vertex   1.475176e+02 5.239712e+01 -7.504445e+00
    endloop
  endfacet
  facet normal 1.219810e-16 -1.476746e-14 -1.000000e+00
    outer loop
      vertex   1.475176e+02 5.239712e+01 -7.504445e+00
      vertex   1.475977e+02 5.221735e+01 -7.504445e+00
      vertex   7.562282e+01 5.204384e+01 -7.504445e+00
    endloop
  endfacet
  facet normal 0.000000e+00 3.583197e-14 -1.000000e+00
    outer loop
      vertex   7.562282e+01 5.204384e+01 -7.504445e+00
      vertex   1.475977e+02 5.221735e+01 -7.504445e+00
      vertex   1.470000e+02 5.204384e+01 -7.504445e+00
    endloop
  endfacet
  facet normal 8.121182e-15 7.856804e-15 -1.000000e+00
    outer loop
      vertex   1.470000e+02 5.204384e+01 -7.504445e+00
      vertex   1.475977e+02 5.221735e+01 -7.504445e+00
      vertex   1.476835e+02 5.201559e+01 -7.504445e+00
    endloop
  endfacet
  facet normal 1.503226e-14 1.750687e-13 -1.000000e+00
    outer loop
      vertex   1.470000e+02 5.204384e+01 -7.504445e+00
      vertex   1.476835e+02 5.201559e+01 -7.504445e+00
      vertex   1.471705e+02 5.202920e+01 -7.504445e+00
    endloop
  endfacet
  facet normal 1.155364e-14 4.396799e-14 -1.000000e+00
    outer loop
      vertex   1.471705e+02 5.202920e+01 -7.504445e+00
      vertex   1.476835e+02 5.201559e+01 -7.504445e+00
      vertex   1.473360e+02 5.198572e+01 -7.504445e+00
    endloop
  endfacet
  facet normal 1.546667e-14 -1.562650e-15 -1.000000e+00
    outer loop
      vertex   1.473360e+02 5.198572e+01 -7.504445e+00
      vertex   1.476835e+02 5.201559e+01 -7.504445e+00
      vertex   1.477297e+02 5.190460e+01 -7.504445e+00
    endloop
  endfacet
  facet normal 2.877181e-14 6.302229e-14 -1.000000e+00
    outer loop
      vertex   1.473360e+02 5.198572e+01 -7.504445e+00
      vertex   1.477297e+02 5.190460e+01 -7.504445e+00
      vertex   1.474916e+02 5.191466e+01 -7.504445e+00
    endloop
  endfacet
  facet normal 2.711346e-14 2.378487e-14 -1.000000e+00
    outer loop
      vertex   1.474916e+02 5.191466e+01 -7.504445e+00
      vertex   1.477297e+02 5.190460e+01 -7.504445e+00
      vertex   1.477589e+02 5.183398e+01 -7.504445e+00
    endloop
  endfacet
  facet normal 3.569704e-14 5.222483e-14 -1.000000e+00
    outer loop
      vertex   1.474916e+02 5.191466e+01 -7.504445e+00
      vertex   1.477589e+02 5.183398e+01 -7.504445e+00
      vertex   1.476329e+02 5.181811e+01 -7.504445e+00
    endloop
  endfacet
  facet normal 3.505110e-14 5.735619e-14 -1.000000e+00
    outer loop
      vertex   1.476329e+02 5.181811e+01 -7.504445e+00
      vertex   1.477589e+02 5.183398e+01 -7.504445e+00
      vertex   1.477930e+02 5.175123e+01 -7.504445e+00
    endloop
  endfacet
  facet normal 1.946340e-14 2.003636e-14 -1.000000e+00
    outer loop
      vertex   1.476329e+02 5.181811e+01 -7.504445e+00
      vertex   1.477930e+02 5.175123e+01 -7.504445e+00
      vertex   1.477556e+02 5.169889e+01 -7.504445e+00
    endloop
  endfacet
  facet normal 2.147125e-14 1.860246e-14 -1.000000e+00
    outer loop
      vertex   1.477556e+02 5.169889e+01 -7.504445e+00
      vertex   1.477930e+02 5.175123e+01 -7.504445e+00
      vertex   1.478664e+02 5.157096e+01 -7.504445e+00
    endloop
  endfacet
  facet normal 0.000000e+00 0.000000e+00 -1.000000e+00
    outer loop
      vertex   1.477556e+02 5.169889e+01 -7.504445e+00
      vertex   1.478664e+02 5.157096e+01 -7.504445e+00
      vertex   1.478562e+02 5.156049e+01 -7.504445e+00
    endloop
  endfacet
  facet normal -2.228879e-14 2.177325e-14 -1.000000e+00
    outer loop
      vertex   1.478562e+02 5.156049e+01 -7.504445e+00
      vertex   1.478664e+02 5.157096e+01 -7.504445e+00
      vertex   1.479012e+02 5.148423e+01 -7.504445e+00
    endloop
  endfacet
  facet normal 1.874286e-12 1.142125e-12 -1.000000e+00
    outer loop
      vertex   1.478562e+02 5.156049e+01 -7.504445e+00
      vertex   1.479012e+02 5.148423e+01 -7.504445e+00
      vertex   1.479317e+02 5.140697e+01 -7.504445e+00
    endloop
  endfacet
  facet normal 0.000000e+00 0.000000e+00 1.000000e+00
    outer loop
      vertex   7.562282e+01 5.304384e+01 -9.486445e+00
      vertex   1.470000e+02 5.304384e+01 -9.486445e+00
      vertex   7.562282e+01 5.412303e+01 -9.486445e+00
    endloop
  endfacet
  facet normal -0.000000e+00 0.000000e+00 1.000000e+00
    outer loop
      vertex   7.562282e+01 5.412303e+01 -9.486445e+00
      vertex   1.470000e+02 5.304384e+01 -9.486445e+00
      vertex   1.471263e+02 5.412303e+01 -9.486445e+00
    endloop
  endfacet
  facet normal 0.000000e+00 0.000000e+00 1.000000e+00
    outer loop
      vertex   1.471263e+02 5.412303e+01 -9.486445e+00
      vertex   1.470000e+02 5.304384e+01 -9.486445e+00
      vertex   1.470421e+02 5.304340e+01 -9.486445e+00
    endloop
  endfacet
  facet normal 0.000000e+00 0.000000e+00 1.000000e+00
    outer loop
      vertex   1.471263e+02 5.412303e+01 -9.486445e+00
      vertex   1.470421e+02 5.304340e+01 -9.486445e+00
      vertex   1.470842e+02 5.304207e+01 -9.486445e+00
    endloop
  endfacet
  facet normal 1.685694e-13 -6.559777e-15 1.000000e+00
    outer loop
      vertex   1.470842e+02 5.304207e+01 -9.486445e+00
      vertex   1.471263e+02 5.303985e+01 -9.486445e+00
      vertex   1.471263e+02 5.412303e+01 -9.486445e+00
    endloop
  endfacet
  facet normal -1.258461e-03 6.762775e-02 9.977098e-01
    outer loop
      vertex   1.472587e+02 5.425549e+01 -9.495256e+00
      vertex   1.441907e+02 5.429924e+01 -9.502091e+00
      vertex   1.471263e+02 5.412303e+01 -9.486445e+00
    endloop
  endfacet
  facet normal 0.000000e+00 8.844930e-02 9.960807e-01
    outer loop
      vertex   1.471263e+02 5.412303e+01 -9.486445e+00
      vertex   1.441907e+02 5.429924e+01 -9.502091e+00
      vertex   1.403814e+02 5.429924e+01 -9.502091e+00
    endloop
  endfacet
  facet normal 0.000000e+00 8.844930e-02 9.960807e-01
    outer loop
      vertex   1.471263e+02 5.412303e+01 -9.486445e+00
      vertex   1.403814e+02 5.429924e+01 -9.502091e+00
      vertex   1.365720e+02 5.429924e+01 -9.502091e+00
    endloop
  endfacet
  facet normal -0.000000e+00 2.625800e-01 9.649102e-01
    outer loop
      vertex   1.365720e+02 5.429924e+01 -9.502091e+00
      vertex   1.403814e+02 5.429924e+01 -9.502091e+00
      vertex   1.365720e+02 5.446993e+01 -9.548541e+00
    endloop
  endfacet
  facet normal 0.000000e+00 2.625800e-01 9.649102e-01
    outer loop
      vertex   1.365720e+02 5.429924e+01 -9.502091e+00
      vertex   1.365720e+02 5.446993e+01 -9.548541e+00
      vertex   1.327627e+02 5.446993e+01 -9.548541e+00
    endloop
  endfacet
  facet normal -0.000000e+00 4.284938e-01 9.035447e-01
    outer loop
      vertex   1.327627e+02 5.446993e+01 -9.548541e+00
      vertex   1.365720e+02 5.446993e+01 -9.548541e+00
      vertex   1.327627e+02 5.462976e+01 -9.624341e+00
    endloop
  endfacet
  facet normal 0.000000e+00 4.284938e-01 9.035447e-01
    outer loop
      vertex   1.327627e+02 5.446993e+01 -9.548541e+00
      vertex   1.327627e+02 5.462976e+01 -9.624341e+00
      vertex   1.289534e+02 5.462976e+01 -9.624341e+00
    endloop
  endfacet
  facet normal -0.000000e+00 5.809987e-01 8.139045e-01
    outer loop
      vertex   1.289534e+02 5.462976e+01 -9.624341e+00
      vertex   1.327627e+02 5.462976e+01 -9.624341e+00
      vertex   1.289534e+02 5.477374e+01 -9.727119e+00
    endloop
  endfacet
  facet normal 0.000000e+00 5.809987e-01 8.139045e-01
    outer loop
      vertex   1.289534e+02 5.462976e+01 -9.624341e+00
      vertex   1.289534e+02 5.477374e+01 -9.727119e+00
      vertex   1.251440e+02 5.477374e+01 -9.727119e+00
    endloop
  endfacet
  facet normal -0.000000e+00 7.153223e-01 6.987946e-01
    outer loop
      vertex   1.251440e+02 5.477374e+01 -9.727119e+00
      vertex   1.289534e+02 5.477374e+01 -9.727119e+00
      vertex   1.251440e+02 5.489736e+01 -9.853659e+00
    endloop
  endfacet
  facet normal 0.000000e+00 7.153223e-01 6.987946e-01
    outer loop
      vertex   1.251440e+02 5.477374e+01 -9.727119e+00
      vertex   1.251440e+02 5.489736e+01 -9.853659e+00
      vertex   1.213347e+02 5.489736e+01 -9.853659e+00
    endloop
  endfacet
  facet normal -0.000000e+00 8.272613e-01 5.618173e-01
    outer loop
      vertex   1.213347e+02 5.489736e+01 -9.853659e+00
      vertex   1.251440e+02 5.489736e+01 -9.853659e+00
      vertex   7.562282e+01 5.499674e+01 -1.000000e+01
    endloop
  endfacet
  facet normal 0.000000e+00 8.272613e-01 5.618173e-01
    outer loop
      vertex   1.213347e+02 5.489736e+01 -9.853659e+00
      vertex   7.562282e+01 5.499674e+01 -1.000000e+01
      vertex   1.175254e+02 5.489736e+01 -9.853659e+00
    endloop
  endfacet
  facet normal 0.000000e+00 8.272613e-01 5.618173e-01
    outer loop
      vertex   1.175254e+02 5.489736e+01 -9.853659e+00
      vertex   7.562282e+01 5.499674e+01 -1.000000e+01
      vertex   1.137161e+02 5.489736e+01 -9.853659e+00
    endloop
  endfacet
  facet normal 0.000000e+00 7.153223e-01 6.987946e-01
    outer loop
      vertex   1.175254e+02 5.489736e+01 -9.853659e+00
      vertex   1.137161e+02 5.489736e+01 -9.853659e+00
      vertex   1.175254e+02 5.477374e+01 -9.727119e+00
    endloop
  endfacet
  facet normal 0.000000e+00 7.153223e-01 6.987946e-01
    outer loop
      vertex   1.175254e+02 5.477374e+01 -9.727119e+00
      vertex   1.137161e+02 5.489736e+01 -9.853659e+00
      vertex   1.137161e+02 5.477374e+01 -9.727119e+00
    endloop
  endfacet
  facet normal 0.000000e+00 5.809987e-01 8.139045e-01
    outer loop
      vertex   1.175254e+02 5.477374e+01 -9.727119e+00
      vertex   1.137161e+02 5.477374e+01 -9.727119e+00
      vertex   1.175254e+02 5.462976e+01 -9.624341e+00
    endloop
  endfacet
  facet normal 0.000000e+00 5.809987e-01 8.139045e-01
    outer loop
      vertex   1.175254e+02 5.462976e+01 -9.624341e+00
      vertex   1.137161e+02 5.477374e+01 -9.727119e+00
      vertex   1.137161e+02 5.462976e+01 -9.624341e+00
    endloop
  endfacet
  facet normal 0.000000e+00 4.284938e-01 9.035447e-01
    outer loop
      vertex   1.175254e+02 5.462976e+01 -9.624341e+00
      vertex   1.137161e+02 5.462976e+01 -9.624341e+00
      vertex   1.175254e+02 5.446993e+01 -9.548541e+00
    endloop
  endfacet
  facet normal 0.000000e+00 4.284938e-01 9.035447e-01
    outer loop
      vertex   1.175254e+02 5.446993e+01 -9.548541e+00
      vertex   1.137161e+02 5.462976e+01 -9.624341e+00
      vertex   1.137161e+02 5.446993e+01 -9.548541e+00
    endloop
  endfacet
  facet normal 0.000000e+00 2.625800e-01 9.649102e-01
    outer loop
      vertex   1.175254e+02 5.446993e+01 -9.548541e+00
      vertex   1.137161e+02 5.446993e+01 -9.548541e+00
      vertex   1.175254e+02 5.429924e+01 -9.502091e+00
    endloop
  endfacet
  facet normal 0.000000e+00 2.625800e-01 9.649102e-01
    outer loop
      vertex   1.175254e+02 5.429924e+01 -9.502091e+00
      vertex   1.137161e+02 5.446993e+01 -9.548541e+00
      vertex   1.137161e+02 5.429924e+01 -9.502091e+00
    endloop
  endfacet
  facet normal 0.000000e+00 8.844930e-02 9.960807e-01
    outer loop
      vertex   1.175254e+02 5.429924e+01 -9.502091e+00
      vertex   1.137161e+02 5.429924e+01 -9.502091e+00
      vertex   1.471263e+02 5.412303e+01 -9.486445e+00
    endloop
  endfacet
  facet normal 0.000000e+00 8.844930e-02 9.960807e-01
    outer loop
      vertex   1.471263e+02 5.412303e+01 -9.486445e+00
      vertex   1.137161e+02 5.429924e+01 -9.502091e+00
      vertex   1.099067e+02 5.429924e+01 -9.502091e+00
    endloop
  endfacet
  facet normal 0.000000e+00 8.844930e-02 9.960807e-01
    outer loop
      vertex   1.471263e+02 5.412303e+01 -9.486445e+00
      vertex   1.099067e+02 5.429924e+01 -9.502091e+00
      vertex   1.060974e+02 5.429924e+01 -9.502091e+00
    endloop
  endfacet
  facet normal -0.000000e+00 2.625800e-01 9.649102e-01
    outer loop
      vertex   1.060974e+02 5.429924e+01 -9.502091e+00
      vertex   1.099067e+02 5.429924e+01 -9.502091e+00
      vertex   1.060974e+02 5.446993e+01 -9.548541e+00
    endloop
  endfacet
  facet normal 0.000000e+00 2.625800e-01 9.649102e-01
    outer loop
      vertex   1.060974e+02 5.429924e+01 -9.502091e+00
      vertex   1.060974e+02 5.446993e+01 -9.548541e+00
      vertex   1.022881e+02 5.446993e+01 -9.548541e+00
    endloop
  endfacet
  facet normal -0.000000e+00 4.284938e-01 9.035447e-01
    outer loop
      vertex   1.022881e+02 5.446993e+01 -9.548541e+00
      vertex   1.060974e+02 5.446993e+01 -9.548541e+00
      vertex   1.022881e+02 5.462976e+01 -9.624341e+00
    endloop
  endfacet
  facet normal 0.000000e+00 4.284938e-01 9.035447e-01
    outer loop
      vertex   1.022881e+02 5.446993e+01 -9.548541e+00
      vertex   1.022881e+02 5.462976e+01 -9.624341e+00
      vertex   9.847877e+01 5.462976e+01 -9.624341e+00
    endloop
  endfacet
  facet normal -0.000000e+00 5.809987e-01 8.139045e-01
    outer loop
      vertex   9.847877e+01 5.462976e+01 -9.624341e+00
      vertex   1.022881e+02 5.462976e+01 -9.624341e+00
      vertex   9.847877e+01 5.477374e+01 -9.727119e+00
    endloop
  endfacet
  facet normal 0.000000e+00 5.809987e-01 8.139045e-01
    outer loop
      vertex   9.847877e+01 5.462976e+01 -9.624341e+00
      vertex   9.847877e+01 5.477374e+01 -9.727119e+00
      vertex   9.466945e+01 5.477374e+01 -9.727119e+00
    endloop
  endfacet
  facet normal -0.000000e+00 7.153223e-01 6.987946e-01
    outer loop
      vertex   9.466945e+01 5.477374e+01 -9.727119e+00
      vertex   9.847877e+01 5.477374e+01 -9.727119e+00
      vertex   9.466945e+01 5.489736e+01 -9.853659e+00
    endloop
  endfacet
  facet normal 0.000000e+00 7.153223e-01 6.987946e-01
    outer loop
      vertex   9.466945e+01 5.477374e+01 -9.727119e+00
      vertex   9.466945e+01 5.489736e+01 -9.853659e+00
      vertex   9.086012e+01 5.489736e+01 -9.853659e+00
    endloop
  endfacet
  facet normal -0.000000e+00 8.272613e-01 5.618173e-01
    outer loop
      vertex   9.086012e+01 5.489736e+01 -9.853659e+00
      vertex   9.466945e+01 5.489736e+01 -9.853659e+00
      vertex   7.562282e+01 5.499674e+01 -1.000000e+01
    endloop
  endfacet
  facet normal 0.000000e+00 8.272613e-01 5.618173e-01
    outer loop
      vertex   9.086012e+01 5.489736e+01 -9.853659e+00
      vertex   7.562282e+01 5.499674e+01 -1.000000e+01
      vertex   8.705080e+01 5.489736e+01 -9.853659e+00
    endloop
  endfacet
  facet normal 0.000000e+00 8.272613e-01 5.618173e-01
    outer loop
      vertex   8.705080e+01 5.489736e+01 -9.853659e+00
      vertex   7.562282e+01 5.499674e+01 -1.000000e+01
      vertex   8.324147e+01 5.489736e+01 -9.853659e+00
    endloop
  endfacet
  facet normal 0.000000e+00 7.153223e-01 6.987946e-01
    outer loop
      vertex   8.705080e+01 5.489736e+01 -9.853659e+00
      vertex   8.324147e+01 5.489736e+01 -9.853659e+00
      vertex   8.705080e+01 5.477374e+01 -9.727119e+00
    endloop
  endfacet
  facet normal 0.000000e+00 7.153223e-01 6.987946e-01
    outer loop
      vertex   8.705080e+01 5.477374e+01 -9.727119e+00
      vertex   8.324147e+01 5.489736e+01 -9.853659e+00
      vertex   8.324147e+01 5.477374e+01 -9.727119e+00
    endloop
  endfacet
  facet normal 0.000000e+00 5.809987e-01 8.139045e-01
    outer loop
      vertex   8.705080e+01 5.477374e+01 -9.727119e+00
      vertex   8.324147e+01 5.477374e+01 -9.727119e+00
      vertex   8.705080e+01 5.462976e+01 -9.624341e+00
    endloop
  endfacet
  facet normal 0.000000e+00 5.809987e-01 8.139045e-01
    outer loop
      vertex   8.705080e+01 5.462976e+01 -9.624341e+00
      vertex   8.324147e+01 5.477374e+01 -9.727119e+00
      vertex   8.324147e+01 5.462976e+01 -9.624341e+00
    endloop
  endfacet
  facet normal 0.000000e+00 4.284938e-01 9.035447e-01
    outer loop
      vertex   8.705080e+01 5.462976e+01 -9.624341e+00
      vertex   8.324147e+01 5.462976e+01 -9.624341e+00
      vertex   8.705080e+01 5.446993e+01 -9.548541e+00
    endloop
  endfacet
  facet normal 0.000000e+00 4.284938e-01 9.035447e-01
    outer loop
      vertex   8.705080e+01 5.446993e+01 -9.548541e+00
      vertex   8.324147e+01 5.462976e+01 -9.624341e+00
      vertex   8.324147e+01 5.446993e+01 -9.548541e+00
    endloop
  endfacet
  facet normal 0.000000e+00 2.625800e-01 9.649102e-01
    outer loop
      vertex   8.705080e+01 5.446993e+01 -9.548541e+00
      vertex   8.324147e+01 5.446993e+01 -9.548541e+00
      vertex   8.705080e+01 5.429924e+01 -9.502091e+00
    endloop
  endfacet
  facet normal 0.000000e+00 2.625800e-01 9.649102e-01
    outer loop
      vertex   8.705080e+01 5.429924e+01 -9.502091e+00
      vertex   8.324147e+01 5.446993e+01 -9.548541e+00
      vertex   8.324147e+01 5.429924e+01 -9.502091e+00
    endloop
  endfacet
  facet normal 0.000000e+00 1.637373e-01 9.865040e-01
    outer loop
      vertex   8.705080e+01 5.429924e+01 -9.502091e+00
      vertex   8.324147e+01 5.429924e+01 -9.502091e+00
      vertex   7.562282e+01 5.427427e+01 -9.497948e+00
    endloop
  endfacet
  facet normal 0.000000e+00 1.637373e-01 9.865040e-01
    outer loop
      vertex   7.562282e+01 5.427427e+01 -9.497948e+00
      vertex   8.324147e+01 5.429924e+01 -9.502091e+00
      vertex   7.943215e+01 5.429924e+01 -9.502091e+00
    endloop
  endfacet
  facet normal -4.199321e-04 2.257751e-01 9.741794e-01
    outer loop
      vertex   7.562282e+01 5.427427e+01 -9.497948e+00
      vertex   7.943215e+01 5.429924e+01 -9.502091e+00
      vertex   7.562282e+01 5.442204e+01 -9.532194e+00
    endloop
  endfacet
  facet normal 8.397968e-04 2.625799e-01 9.649099e-01
    outer loop
      vertex   7.562282e+01 5.442204e+01 -9.532194e+00
      vertex   7.943215e+01 5.429924e+01 -9.502091e+00
      vertex   7.943215e+01 5.446993e+01 -9.548541e+00
    endloop
  endfacet
  facet normal -6.719989e-04 3.705158e-01 9.288259e-01
    outer loop
      vertex   7.562282e+01 5.442204e+01 -9.532194e+00
      vertex   7.943215e+01 5.446993e+01 -9.548541e+00
      vertex   7.562282e+01 5.456292e+01 -9.588394e+00
    endloop
  endfacet
  facet normal 1.007864e-03 4.284936e-01 9.035443e-01
    outer loop
      vertex   7.562282e+01 5.456292e+01 -9.588394e+00
      vertex   7.943215e+01 5.446993e+01 -9.548541e+00
      vertex   7.943215e+01 5.462976e+01 -9.624341e+00
    endloop
  endfacet
  facet normal -7.560390e-04 5.067322e-01 8.621032e-01
    outer loop
      vertex   7.562282e+01 5.456292e+01 -9.588394e+00
      vertex   7.943215e+01 5.462976e+01 -9.624341e+00
      vertex   7.562282e+01 5.469369e+01 -9.665255e+00
    endloop
  endfacet
  facet normal 1.007864e-03 5.809984e-01 8.139041e-01
    outer loop
      vertex   7.562282e+01 5.469369e+01 -9.665255e+00
      vertex   7.943215e+01 5.462976e+01 -9.624341e+00
      vertex   7.943215e+01 5.477374e+01 -9.727119e+00
    endloop
  endfacet
  facet normal -6.719989e-04 6.312903e-01 7.755464e-01
    outer loop
      vertex   7.562282e+01 5.469369e+01 -9.665255e+00
      vertex   7.943215e+01 5.477374e+01 -9.727119e+00
      vertex   7.562282e+01 5.481132e+01 -9.761009e+00
    endloop
  endfacet
  facet normal 8.397968e-04 7.153221e-01 6.987944e-01
    outer loop
      vertex   7.562282e+01 5.481132e+01 -9.761009e+00
      vertex   7.943215e+01 5.477374e+01 -9.727119e+00
      vertex   7.943215e+01 5.489736e+01 -9.853659e+00
    endloop
  endfacet
  facet normal -4.199321e-04 7.413244e-01 6.711467e-01
    outer loop
      vertex   7.562282e+01 5.481132e+01 -9.761009e+00
      vertex   7.943215e+01 5.489736e+01 -9.853659e+00
      vertex   7.562282e+01 5.491312e+01 -9.873453e+00
    endloop
  endfacet
  facet normal 5.875284e-04 8.343030e-01 5.513059e-01
    outer loop
      vertex   7.562282e+01 5.491312e+01 -9.873453e+00
      vertex   7.943215e+01 5.489736e+01 -9.853659e+00
      vertex   7.562282e+01 5.499674e+01 -1.000000e+01
    endloop
  endfacet
  facet normal 0.000000e+00 8.272613e-01 5.618173e-01
    outer loop
      vertex   7.562282e+01 5.499674e+01 -1.000000e+01
      vertex   7.943215e+01 5.489736e+01 -9.853659e+00
      vertex   8.324147e+01 5.489736e+01 -9.853659e+00
    endloop
  endfacet
  facet normal 6.299800e-04 1.973498e-01 9.803329e-01
    outer loop
      vertex   1.472587e+02 5.425549e+01 -9.495256e+00
      vertex   1.473889e+02 5.438561e+01 -9.521535e+00
      vertex   1.441907e+02 5.429924e+01 -9.502091e+00
    endloop
  endfacet
  facet normal -1.225478e-03 2.625798e-01 9.649095e-01
    outer loop
      vertex   1.441907e+02 5.429924e+01 -9.502091e+00
      vertex   1.473889e+02 5.438561e+01 -9.521535e+00
      vertex   1.441907e+02 5.446993e+01 -9.548541e+00
    endloop
  endfacet
  facet normal 0.000000e+00 2.625800e-01 9.649102e-01
    outer loop
      vertex   1.441907e+02 5.429924e+01 -9.502091e+00
      vertex   1.441907e+02 5.446993e+01 -9.548541e+00
      vertex   1.403814e+02 5.446993e+01 -9.548541e+00
    endloop
  endfacet
  facet normal -0.000000e+00 4.284938e-01 9.035447e-01
    outer loop
      vertex   1.403814e+02 5.446993e+01 -9.548541e+00
      vertex   1.441907e+02 5.446993e+01 -9.548541e+00
      vertex   1.403814e+02 5.462976e+01 -9.624341e+00
    endloop
  endfacet
  facet normal 0.000000e+00 4.284938e-01 9.035447e-01
    outer loop
      vertex   1.403814e+02 5.446993e+01 -9.548541e+00
      vertex   1.403814e+02 5.462976e+01 -9.624341e+00
      vertex   1.365720e+02 5.462976e+01 -9.624341e+00
    endloop
  endfacet
  facet normal -0.000000e+00 5.809987e-01 8.139045e-01
    outer loop
      vertex   1.365720e+02 5.462976e+01 -9.624341e+00
      vertex   1.403814e+02 5.462976e+01 -9.624341e+00
      vertex   1.365720e+02 5.477374e+01 -9.727119e+00
    endloop
  endfacet
  facet normal 0.000000e+00 5.809987e-01 8.139045e-01
    outer loop
      vertex   1.365720e+02 5.462976e+01 -9.624341e+00
      vertex   1.365720e+02 5.477374e+01 -9.727119e+00
      vertex   1.327627e+02 5.477374e+01 -9.727119e+00
    endloop
  endfacet
  facet normal -0.000000e+00 7.153223e-01 6.987946e-01
    outer loop
      vertex   1.327627e+02 5.477374e+01 -9.727119e+00
      vertex   1.365720e+02 5.477374e+01 -9.727119e+00
      vertex   1.327627e+02 5.489736e+01 -9.853659e+00
    endloop
  endfacet
  facet normal 0.000000e+00 7.153223e-01 6.987946e-01
    outer loop
      vertex   1.327627e+02 5.477374e+01 -9.727119e+00
      vertex   1.327627e+02 5.489736e+01 -9.853659e+00
      vertex   1.289534e+02 5.489736e+01 -9.853659e+00
    endloop
  endfacet
  facet normal -0.000000e+00 7.881464e-01 6.154878e-01
    outer loop
      vertex   1.289534e+02 5.489736e+01 -9.853659e+00
      vertex   1.327627e+02 5.489736e+01 -9.853659e+00
      vertex   1.479279e+02 5.492461e+01 -9.888557e+00
    endloop
  endfacet
  facet normal 0.000000e+00 7.881464e-01 6.154878e-01
    outer loop
      vertex   1.289534e+02 5.489736e+01 -9.853659e+00
      vertex   1.479279e+02 5.492461e+01 -9.888557e+00
      vertex   1.251440e+02 5.489736e+01 -9.853659e+00
    endloop
  endfacet
  facet normal -8.358575e-05 8.138888e-01 5.810207e-01
    outer loop
      vertex   1.251440e+02 5.489736e+01 -9.853659e+00
      vertex   1.479279e+02 5.492461e+01 -9.888557e+00
      vertex   7.562282e+01 5.499674e+01 -1.000000e+01
    endloop
  endfacet
  facet normal 5.972628e-04 3.255130e-01 9.455374e-01
    outer loop
      vertex   1.473889e+02 5.438561e+01 -9.521535e+00
      vertex   1.475144e+02 5.451111e+01 -9.564817e+00
      vertex   1.441907e+02 5.446993e+01 -9.548541e+00
    endloop
  endfacet
  facet normal -8.842607e-04 4.284937e-01 9.035444e-01
    outer loop
      vertex   1.441907e+02 5.446993e+01 -9.548541e+00
      vertex   1.475144e+02 5.451111e+01 -9.564817e+00
      vertex   1.441907e+02 5.462976e+01 -9.624341e+00
    endloop
  endfacet
  facet normal 0.000000e+00 4.284938e-01 9.035447e-01
    outer loop
      vertex   1.441907e+02 5.446993e+01 -9.548541e+00
      vertex   1.441907e+02 5.462976e+01 -9.624341e+00
      vertex   1.403814e+02 5.462976e+01 -9.624341e+00
    endloop
  endfacet
  facet normal -0.000000e+00 5.809987e-01 8.139045e-01
    outer loop
      vertex   1.403814e+02 5.462976e+01 -9.624341e+00
      vertex   1.441907e+02 5.462976e+01 -9.624341e+00
      vertex   1.403814e+02 5.477374e+01 -9.727119e+00
    endloop
  endfacet
  facet normal 0.000000e+00 5.809987e-01 8.139045e-01
    outer loop
      vertex   1.403814e+02 5.462976e+01 -9.624341e+00
      vertex   1.403814e+02 5.477374e+01 -9.727119e+00
      vertex   1.365720e+02 5.477374e+01 -9.727119e+00
    endloop
  endfacet
  facet normal -0.000000e+00 7.153223e-01 6.987946e-01
    outer loop
      vertex   1.365720e+02 5.477374e+01 -9.727119e+00
      vertex   1.403814e+02 5.477374e+01 -9.727119e+00
      vertex   1.365720e+02 5.489736e+01 -9.853659e+00
    endloop
  endfacet
  facet normal 0.000000e+00 7.153223e-01 6.987946e-01
    outer loop
      vertex   1.365720e+02 5.477374e+01 -9.727119e+00
      vertex   1.365720e+02 5.489736e+01 -9.853659e+00
      vertex   1.327627e+02 5.489736e+01 -9.853659e+00
    endloop
  endfacet
  facet normal -0.000000e+00 7.881464e-01 6.154878e-01
    outer loop
      vertex   1.327627e+02 5.489736e+01 -9.853659e+00
      vertex   1.365720e+02 5.489736e+01 -9.853659e+00
      vertex   1.479279e+02 5.492461e+01 -9.888557e+00
    endloop
  endfacet
  facet normal 4.612303e-16 4.483928e-01 8.938366e-01
    outer loop
      vertex   1.475144e+02 5.451111e+01 -9.564817e+00
      vertex   1.476330e+02 5.462976e+01 -9.624341e+00
      vertex   1.441907e+02 5.462976e+01 -9.624341e+00
    endloop
  endfacet
  facet normal 4.265346e-16 5.628369e-01 8.265680e-01
    outer loop
      vertex   1.441907e+02 5.462976e+01 -9.624341e+00
      vertex   1.476330e+02 5.462976e+01 -9.624341e+00
      vertex   1.477427e+02 5.473949e+01 -9.699058e+00
    endloop
  endfacet
  facet normal -8.274064e-04 5.809985e-01 8.139042e-01
    outer loop
      vertex   1.441907e+02 5.462976e+01 -9.624341e+00
      vertex   1.477427e+02 5.473949e+01 -9.699058e+00
      vertex   1.441907e+02 5.477374e+01 -9.727119e+00
    endloop
  endfacet
  facet normal 5.467589e-04 6.670590e-01 7.450047e-01
    outer loop
      vertex   1.441907e+02 5.477374e+01 -9.727119e+00
      vertex   1.477427e+02 5.473949e+01 -9.699058e+00
      vertex   1.478416e+02 5.483835e+01 -9.787650e+00
    endloop
  endfacet
  facet normal -1.073510e-03 7.153219e-01 6.987942e-01
    outer loop
      vertex   1.441907e+02 5.477374e+01 -9.727119e+00
      vertex   1.478416e+02 5.483835e+01 -9.787650e+00
      vertex   1.441907e+02 5.489736e+01 -9.853659e+00
    endloop
  endfacet
  facet normal 5.285603e-04 7.599040e-01 6.500351e-01
    outer loop
      vertex   1.441907e+02 5.489736e+01 -9.853659e+00
      vertex   1.478416e+02 5.483835e+01 -9.787650e+00
      vertex   1.479279e+02 5.492461e+01 -9.888557e+00
    endloop
  endfacet
  facet normal 0.000000e+00 7.881464e-01 6.154878e-01
    outer loop
      vertex   1.441907e+02 5.489736e+01 -9.853659e+00
      vertex   1.479279e+02 5.492461e+01 -9.888557e+00
      vertex   1.403814e+02 5.489736e+01 -9.853659e+00
    endloop
  endfacet
  facet normal 0.000000e+00 7.881464e-01 6.154878e-01
    outer loop
      vertex   1.403814e+02 5.489736e+01 -9.853659e+00
      vertex   1.479279e+02 5.492461e+01 -9.888557e+00
      vertex   1.365720e+02 5.489736e+01 -9.853659e+00
    endloop
  endfacet
  facet normal 0.000000e+00 7.153223e-01 6.987946e-01
    outer loop
      vertex   1.403814e+02 5.489736e+01 -9.853659e+00
      vertex   1.365720e+02 5.489736e+01 -9.853659e+00
      vertex   1.403814e+02 5.477374e+01 -9.727119e+00
    endloop
  endfacet
  facet normal 0.000000e+00 8.394969e-01 5.433645e-01
    outer loop
      vertex   1.479279e+02 5.492461e+01 -9.888557e+00
      vertex   1.480000e+02 5.499674e+01 -1.000000e+01
      vertex   7.562282e+01 5.499674e+01 -1.000000e+01
    endloop
  endfacet
  facet normal -0.000000e+00 7.583999e-02 9.971200e-01
    outer loop
      vertex   7.562282e+01 5.412303e+01 -9.486445e+00
      vertex   1.471263e+02 5.412303e+01 -9.486445e+00
      vertex   7.562282e+01 5.427427e+01 -9.497948e+00
    endloop
  endfacet
  facet normal 7.232177e-05 1.097909e-01 9.939547e-01
    outer loop
      vertex   7.562282e+01 5.427427e+01 -9.497948e+00
      vertex   1.471263e+02 5.412303e+01 -9.486445e+00
      vertex   9.466945e+01 5.429924e+01 -9.502091e+00
    endloop
  endfacet
  facet normal 0.000000e+00 1.637373e-01 9.865040e-01
    outer loop
      vertex   7.562282e+01 5.427427e+01 -9.497948e+00
      vertex   9.466945e+01 5.429924e+01 -9.502091e+00
      vertex   9.086012e+01 5.429924e+01 -9.502091e+00
    endloop
  endfacet
  facet normal -0.000000e+00 2.625800e-01 9.649102e-01
    outer loop
      vertex   9.086012e+01 5.429924e+01 -9.502091e+00
      vertex   9.466945e+01 5.429924e+01 -9.502091e+00
      vertex   9.086012e+01 5.446993e+01 -9.548541e+00
    endloop
  endfacet
  facet normal 0.000000e+00 2.625800e-01 9.649102e-01
    outer loop
      vertex   9.086012e+01 5.429924e+01 -9.502091e+00
      vertex   9.086012e+01 5.446993e+01 -9.548541e+00
      vertex   8.705080e+01 5.446993e+01 -9.548541e+00
    endloop
  endfacet
  facet normal -0.000000e+00 4.284938e-01 9.035447e-01
    outer loop
      vertex   8.705080e+01 5.446993e+01 -9.548541e+00
      vertex   9.086012e+01 5.446993e+01 -9.548541e+00
      vertex   8.705080e+01 5.462976e+01 -9.624341e+00
    endloop
  endfacet
  facet normal -0.000000e+00 2.625800e-01 9.649102e-01
    outer loop
      vertex   1.365720e+02 5.446993e+01 -9.548541e+00
      vertex   1.403814e+02 5.429924e+01 -9.502091e+00
      vertex   1.403814e+02 5.446993e+01 -9.548541e+00
    endloop
  endfacet
  facet normal 0.000000e+00 2.625800e-01 9.649102e-01
    outer loop
      vertex   1.403814e+02 5.446993e+01 -9.548541e+00
      vertex   1.403814e+02 5.429924e+01 -9.502091e+00
      vertex   1.441907e+02 5.429924e+01 -9.502091e+00
    endloop
  endfacet
  facet normal 0.000000e+00 8.844930e-02 9.960807e-01
    outer loop
      vertex   1.365720e+02 5.429924e+01 -9.502091e+00
      vertex   1.327627e+02 5.429924e+01 -9.502091e+00
      vertex   1.471263e+02 5.412303e+01 -9.486445e+00
    endloop
  endfacet
  facet normal 0.000000e+00 8.844930e-02 9.960807e-01
    outer loop
      vertex   1.471263e+02 5.412303e+01 -9.486445e+00
      vertex   1.327627e+02 5.429924e+01 -9.502091e+00
      vertex   1.289534e+02 5.429924e+01 -9.502091e+00
    endloop
  endfacet
  facet normal 0.000000e+00 8.844930e-02 9.960807e-01
    outer loop
      vertex   1.471263e+02 5.412303e+01 -9.486445e+00
      vertex   1.289534e+02 5.429924e+01 -9.502091e+00
      vertex   1.251440e+02 5.429924e+01 -9.502091e+00
    endloop
  endfacet
  facet normal -0.000000e+00 2.625800e-01 9.649102e-01
    outer loop
      vertex   1.251440e+02 5.429924e+01 -9.502091e+00
      vertex   1.289534e+02 5.429924e+01 -9.502091e+00
      vertex   1.251440e+02 5.446993e+01 -9.548541e+00
    endloop
  endfacet
  facet normal 0.000000e+00 2.625800e-01 9.649102e-01
    outer loop
      vertex   1.251440e+02 5.429924e+01 -9.502091e+00
      vertex   1.251440e+02 5.446993e+01 -9.548541e+00
      vertex   1.213347e+02 5.446993e+01 -9.548541e+00
    endloop
  endfacet
  facet normal -0.000000e+00 4.284938e-01 9.035447e-01
    outer loop
      vertex   1.213347e+02 5.446993e+01 -9.548541e+00
      vertex   1.251440e+02 5.446993e+01 -9.548541e+00
      vertex   1.213347e+02 5.462976e+01 -9.624341e+00
    endloop
  endfacet
  facet normal 0.000000e+00 4.284938e-01 9.035447e-01
    outer loop
      vertex   1.213347e+02 5.446993e+01 -9.548541e+00
      vertex   1.213347e+02 5.462976e+01 -9.624341e+00
      vertex   1.175254e+02 5.462976e+01 -9.624341e+00
    endloop
  endfacet
  facet normal -0.000000e+00 5.809987e-01 8.139045e-01
    outer loop
      vertex   1.175254e+02 5.462976e+01 -9.624341e+00
      vertex   1.213347e+02 5.462976e+01 -9.624341e+00
      vertex   1.175254e+02 5.477374e+01 -9.727119e+00
    endloop
  endfacet
  facet normal 0.000000e+00 2.625800e-01 9.649102e-01
    outer loop
      vertex   1.365720e+02 5.429924e+01 -9.502091e+00
      vertex   1.327627e+02 5.446993e+01 -9.548541e+00
      vertex   1.327627e+02 5.429924e+01 -9.502091e+00
    endloop
  endfacet
  facet normal 0.000000e+00 2.625800e-01 9.649102e-01
    outer loop
      vertex   1.327627e+02 5.429924e+01 -9.502091e+00
      vertex   1.327627e+02 5.446993e+01 -9.548541e+00
      vertex   1.289534e+02 5.446993e+01 -9.548541e+00
    endloop
  endfacet
  facet normal 0.000000e+00 2.625800e-01 9.649102e-01
    outer loop
      vertex   1.327627e+02 5.429924e+01 -9.502091e+00
      vertex   1.289534e+02 5.446993e+01 -9.548541e+00
      vertex   1.289534e+02 5.429924e+01 -9.502091e+00
    endloop
  endfacet
  facet normal 0.000000e+00 2.625800e-01 9.649102e-01
    outer loop
      vertex   1.289534e+02 5.429924e+01 -9.502091e+00
      vertex   1.289534e+02 5.446993e+01 -9.548541e+00
      vertex   1.251440e+02 5.446993e+01 -9.548541e+00
    endloop
  endfacet
  facet normal -0.000000e+00 8.844930e-02 9.960807e-01
    outer loop
      vertex   1.175254e+02 5.429924e+01 -9.502091e+00
      vertex   1.471263e+02 5.412303e+01 -9.486445e+00
      vertex   1.213347e+02 5.429924e+01 -9.502091e+00
    endloop
  endfacet
  facet normal -0.000000e+00 8.844930e-02 9.960807e-01
    outer loop
      vertex   1.213347e+02 5.429924e+01 -9.502091e+00
      vertex   1.471263e+02 5.412303e+01 -9.486445e+00
      vertex   1.251440e+02 5.429924e+01 -9.502091e+00
    endloop
  endfacet
  facet normal -0.000000e+00 2.625800e-01 9.649102e-01
    outer loop
      vertex   1.213347e+02 5.429924e+01 -9.502091e+00
      vertex   1.251440e+02 5.429924e+01 -9.502091e+00
      vertex   1.213347e+02 5.446993e+01 -9.548541e+00
    endloop
  endfacet
  facet normal 0.000000e+00 2.625800e-01 9.649102e-01
    outer loop
      vertex   1.175254e+02 5.446993e+01 -9.548541e+00
      vertex   1.175254e+02 5.429924e+01 -9.502091e+00
      vertex   1.213347e+02 5.429924e+01 -9.502091e+00
    endloop
  endfacet
  facet normal -0.000000e+00 2.625800e-01 9.649102e-01
    outer loop
      vertex   1.175254e+02 5.446993e+01 -9.548541e+00
      vertex   1.213347e+02 5.429924e+01 -9.502091e+00
      vertex   1.213347e+02 5.446993e+01 -9.548541e+00
    endloop
  endfacet
  facet normal -0.000000e+00 2.625800e-01 9.649102e-01
    outer loop
      vertex   1.099067e+02 5.429924e+01 -9.502091e+00
      vertex   1.137161e+02 5.429924e+01 -9.502091e+00
      vertex   1.099067e+02 5.446993e+01 -9.548541e+00
    endloop
  endfacet
  facet normal -0.000000e+00 2.625800e-01 9.649102e-01
    outer loop
      vertex   1.099067e+02 5.446993e+01 -9.548541e+00
      vertex   1.137161e+02 5.429924e+01 -9.502091e+00
      vertex   1.137161e+02 5.446993e+01 -9.548541e+00
    endloop
  endfacet
  facet normal -0.000000e+00 4.284938e-01 9.035447e-01
    outer loop
      vertex   1.099067e+02 5.446993e+01 -9.548541e+00
      vertex   1.137161e+02 5.446993e+01 -9.548541e+00
      vertex   1.099067e+02 5.462976e+01 -9.624341e+00
    endloop
  endfacet
  facet normal -0.000000e+00 4.284938e-01 9.035447e-01
    outer loop
      vertex   1.099067e+02 5.462976e+01 -9.624341e+00
      vertex   1.137161e+02 5.446993e+01 -9.548541e+00
      vertex   1.137161e+02 5.462976e+01 -9.624341e+00
    endloop
  endfacet
  facet normal -0.000000e+00 5.809987e-01 8.139045e-01
    outer loop
      vertex   1.099067e+02 5.462976e+01 -9.624341e+00
      vertex   1.137161e+02 5.462976e+01 -9.624341e+00
      vertex   1.099067e+02 5.477374e+01 -9.727119e+00
    endloop
  endfacet
  facet normal -0.000000e+00 5.809987e-01 8.139045e-01
    outer loop
      vertex   1.099067e+02 5.477374e+01 -9.727119e+00
      vertex   1.137161e+02 5.462976e+01 -9.624341e+00
      vertex   1.137161e+02 5.477374e+01 -9.727119e+00
    endloop
  endfacet
  facet normal -0.000000e+00 7.153223e-01 6.987946e-01
    outer loop
      vertex   1.099067e+02 5.477374e+01 -9.727119e+00
      vertex   1.137161e+02 5.477374e+01 -9.727119e+00
      vertex   1.099067e+02 5.489736e+01 -9.853659e+00
    endloop
  endfacet
  facet normal -0.000000e+00 7.153223e-01 6.987946e-01
    outer loop
      vertex   1.099067e+02 5.489736e+01 -9.853659e+00
      vertex   1.137161e+02 5.477374e+01 -9.727119e+00
      vertex   1.137161e+02 5.489736e+01 -9.853659e+00
    endloop
  endfacet
  facet normal -0.000000e+00 8.272613e-01 5.618173e-01
    outer loop
      vertex   1.099067e+02 5.489736e+01 -9.853659e+00
      vertex   1.137161e+02 5.489736e+01 -9.853659e+00
      vertex   7.562282e+01 5.499674e+01 -1.000000e+01
    endloop
  endfacet
  facet normal 0.000000e+00 8.844930e-02 9.960807e-01
    outer loop
      vertex   1.060974e+02 5.429924e+01 -9.502091e+00
      vertex   1.022881e+02 5.429924e+01 -9.502091e+00
      vertex   1.471263e+02 5.412303e+01 -9.486445e+00
    endloop
  endfacet
  facet normal 0.000000e+00 8.844930e-02 9.960807e-01
    outer loop
      vertex   1.471263e+02 5.412303e+01 -9.486445e+00
      vertex   1.022881e+02 5.429924e+01 -9.502091e+00
      vertex   9.847877e+01 5.429924e+01 -9.502091e+00
    endloop
  endfacet
  facet normal 0.000000e+00 8.844930e-02 9.960807e-01
    outer loop
      vertex   1.471263e+02 5.412303e+01 -9.486445e+00
      vertex   9.847877e+01 5.429924e+01 -9.502091e+00
      vertex   9.466945e+01 5.429924e+01 -9.502091e+00
    endloop
  endfacet
  facet normal -0.000000e+00 2.625800e-01 9.649102e-01
    outer loop
      vertex   9.466945e+01 5.429924e+01 -9.502091e+00
      vertex   9.847877e+01 5.429924e+01 -9.502091e+00
      vertex   9.466945e+01 5.446993e+01 -9.548541e+00
    endloop
  endfacet
  facet normal 0.000000e+00 2.625800e-01 9.649102e-01
    outer loop
      vertex   9.466945e+01 5.429924e+01 -9.502091e+00
      vertex   9.466945e+01 5.446993e+01 -9.548541e+00
      vertex   9.086012e+01 5.446993e+01 -9.548541e+00
    endloop
  endfacet
  facet normal -0.000000e+00 4.284938e-01 9.035447e-01
    outer loop
      vertex   9.086012e+01 5.446993e+01 -9.548541e+00
      vertex   9.466945e+01 5.446993e+01 -9.548541e+00
      vertex   9.086012e+01 5.462976e+01 -9.624341e+00
    endloop
  endfacet
  facet normal 0.000000e+00 4.284938e-01 9.035447e-01
    outer loop
      vertex   9.086012e+01 5.446993e+01 -9.548541e+00
      vertex   9.086012e+01 5.462976e+01 -9.624341e+00
      vertex   8.705080e+01 5.462976e+01 -9.624341e+00
    endloop
  endfacet
  facet normal -0.000000e+00 5.809987e-01 8.139045e-01
    outer loop
      vertex   8.705080e+01 5.462976e+01 -9.624341e+00
      vertex   9.086012e+01 5.462976e+01 -9.624341e+00
      vertex   8.705080e+01 5.477374e+01 -9.727119e+00
    endloop
  endfacet
  facet normal 0.000000e+00 2.625800e-01 9.649102e-01
    outer loop
      vertex   1.060974e+02 5.429924e+01 -9.502091e+00
      vertex   1.022881e+02 5.446993e+01 -9.548541e+00
      vertex   1.022881e+02 5.429924e+01 -9.502091e+00
    endloop
  endfacet
  facet normal 0.000000e+00 2.625800e-01 9.649102e-01
    outer loop
      vertex   1.022881e+02 5.429924e+01 -9.502091e+00
      vertex   1.022881e+02 5.446993e+01 -9.548541e+00
      vertex   9.847877e+01 5.446993e+01 -9.548541e+00
    endloop
  endfacet
  facet normal 0.000000e+00 2.625800e-01 9.649102e-01
    outer loop
      vertex   1.022881e+02 5.429924e+01 -9.502091e+00
      vertex   9.847877e+01 5.446993e+01 -9.548541e+00
      vertex   9.847877e+01 5.429924e+01 -9.502091e+00
    endloop
  endfacet
  facet normal 0.000000e+00 2.625800e-01 9.649102e-01
    outer loop
      vertex   9.847877e+01 5.429924e+01 -9.502091e+00
      vertex   9.847877e+01 5.446993e+01 -9.548541e+00
      vertex   9.466945e+01 5.446993e+01 -9.548541e+00
    endloop
  endfacet
  facet normal -0.000000e+00 1.637373e-01 9.865040e-01
    outer loop
      vertex   8.705080e+01 5.429924e+01 -9.502091e+00
      vertex   7.562282e+01 5.427427e+01 -9.497948e+00
      vertex   9.086012e+01 5.429924e+01 -9.502091e+00
    endloop
  endfacet
  facet normal 0.000000e+00 2.625800e-01 9.649102e-01
    outer loop
      vertex   8.705080e+01 5.446993e+01 -9.548541e+00
      vertex   8.705080e+01 5.429924e+01 -9.502091e+00
      vertex   9.086012e+01 5.429924e+01 -9.502091e+00
    endloop
  endfacet
  facet normal 0.000000e+00 2.625800e-01 9.649102e-01
    outer loop
      vertex   7.943215e+01 5.446993e+01 -9.548541e+00
      vertex   7.943215e+01 5.429924e+01 -9.502091e+00
      vertex   8.324147e+01 5.429924e+01 -9.502091e+00
    endloop
  endfacet
  facet normal -0.000000e+00 2.625800e-01 9.649102e-01
    outer loop
      vertex   7.943215e+01 5.446993e+01 -9.548541e+00
      vertex   8.324147e+01 5.429924e+01 -9.502091e+00
      vertex   8.324147e+01 5.446993e+01 -9.548541e+00
    endloop
  endfacet
  facet normal 4.213391e-16 4.284938e-01 9.035447e-01
    outer loop
      vertex   1.327627e+02 5.462976e+01 -9.624341e+00
      vertex   1.365720e+02 5.446993e+01 -9.548541e+00
      vertex   1.365720e+02 5.462976e+01 -9.624341e+00
    endloop
  endfacet
  facet normal 0.000000e+00 4.284938e-01 9.035447e-01
    outer loop
      vertex   1.365720e+02 5.462976e+01 -9.624341e+00
      vertex   1.365720e+02 5.446993e+01 -9.548541e+00
      vertex   1.403814e+02 5.446993e+01 -9.548541e+00
    endloop
  endfacet
  facet normal 0.000000e+00 4.284938e-01 9.035447e-01
    outer loop
      vertex   1.327627e+02 5.446993e+01 -9.548541e+00
      vertex   1.289534e+02 5.462976e+01 -9.624341e+00
      vertex   1.289534e+02 5.446993e+01 -9.548541e+00
    endloop
  endfacet
  facet normal 0.000000e+00 4.284938e-01 9.035447e-01
    outer loop
      vertex   1.289534e+02 5.446993e+01 -9.548541e+00
      vertex   1.289534e+02 5.462976e+01 -9.624341e+00
      vertex   1.251440e+02 5.462976e+01 -9.624341e+00
    endloop
  endfacet
  facet normal 0.000000e+00 4.284938e-01 9.035447e-01
    outer loop
      vertex   1.289534e+02 5.446993e+01 -9.548541e+00
      vertex   1.251440e+02 5.462976e+01 -9.624341e+00
      vertex   1.251440e+02 5.446993e+01 -9.548541e+00
    endloop
  endfacet
  facet normal 0.000000e+00 4.284938e-01 9.035447e-01
    outer loop
      vertex   1.251440e+02 5.446993e+01 -9.548541e+00
      vertex   1.251440e+02 5.462976e+01 -9.624341e+00
      vertex   1.213347e+02 5.462976e+01 -9.624341e+00
    endloop
  endfacet
  facet normal 0.000000e+00 4.284938e-01 9.035447e-01
    outer loop
      vertex   1.175254e+02 5.462976e+01 -9.624341e+00
      vertex   1.175254e+02 5.446993e+01 -9.548541e+00
      vertex   1.213347e+02 5.446993e+01 -9.548541e+00
    endloop
  endfacet
  facet normal 0.000000e+00 2.625800e-01 9.649102e-01
    outer loop
      vertex   1.099067e+02 5.429924e+01 -9.502091e+00
      vertex   1.099067e+02 5.446993e+01 -9.548541e+00
      vertex   1.060974e+02 5.446993e+01 -9.548541e+00
    endloop
  endfacet
  facet normal -0.000000e+00 4.284938e-01 9.035447e-01
    outer loop
      vertex   1.060974e+02 5.446993e+01 -9.548541e+00
      vertex   1.099067e+02 5.446993e+01 -9.548541e+00
      vertex   1.060974e+02 5.462976e+01 -9.624341e+00
    endloop
  endfacet
  facet normal 0.000000e+00 4.284938e-01 9.035447e-01
    outer loop
      vertex   1.060974e+02 5.446993e+01 -9.548541e+00
      vertex   1.060974e+02 5.462976e+01 -9.624341e+00
      vertex   1.022881e+02 5.462976e+01 -9.624341e+00
    endloop
  endfacet
  facet normal -0.000000e+00 5.809987e-01 8.139045e-01
    outer loop
      vertex   1.022881e+02 5.462976e+01 -9.624341e+00
      vertex   1.060974e+02 5.462976e+01 -9.624341e+00
      vertex   1.022881e+02 5.477374e+01 -9.727119e+00
    endloop
  endfacet
  facet normal 0.000000e+00 5.809987e-01 8.139045e-01
    outer loop
      vertex   1.022881e+02 5.462976e+01 -9.624341e+00
      vertex   1.022881e+02 5.477374e+01 -9.727119e+00
      vertex   9.847877e+01 5.477374e+01 -9.727119e+00
    endloop
  endfacet
  facet normal -0.000000e+00 7.153223e-01 6.987946e-01
    outer loop
      vertex   9.847877e+01 5.477374e+01 -9.727119e+00
      vertex   1.022881e+02 5.477374e+01 -9.727119e+00
      vertex   9.847877e+01 5.489736e+01 -9.853659e+00
    endloop
  endfacet
  facet normal 0.000000e+00 7.153223e-01 6.987946e-01
    outer loop
      vertex   9.847877e+01 5.477374e+01 -9.727119e+00
      vertex   9.847877e+01 5.489736e+01 -9.853659e+00
      vertex   9.466945e+01 5.489736e+01 -9.853659e+00
    endloop
  endfacet
  facet normal -0.000000e+00 8.272613e-01 5.618173e-01
    outer loop
      vertex   9.466945e+01 5.489736e+01 -9.853659e+00
      vertex   9.847877e+01 5.489736e+01 -9.853659e+00
      vertex   7.562282e+01 5.499674e+01 -1.000000e+01
    endloop
  endfacet
  facet normal -0.000000e+00 4.284938e-01 9.035447e-01
    outer loop
      vertex   1.060974e+02 5.462976e+01 -9.624341e+00
      vertex   1.099067e+02 5.446993e+01 -9.548541e+00
      vertex   1.099067e+02 5.462976e+01 -9.624341e+00
    endloop
  endfacet
  facet normal 0.000000e+00 4.284938e-01 9.035447e-01
    outer loop
      vertex   1.022881e+02 5.446993e+01 -9.548541e+00
      vertex   9.847877e+01 5.462976e+01 -9.624341e+00
      vertex   9.847877e+01 5.446993e+01 -9.548541e+00
    endloop
  endfacet
  facet normal 0.000000e+00 4.284938e-01 9.035447e-01
    outer loop
      vertex   9.847877e+01 5.446993e+01 -9.548541e+00
      vertex   9.847877e+01 5.462976e+01 -9.624341e+00
      vertex   9.466945e+01 5.462976e+01 -9.624341e+00
    endloop
  endfacet
  facet normal 0.000000e+00 4.284938e-01 9.035447e-01
    outer loop
      vertex   9.847877e+01 5.446993e+01 -9.548541e+00
      vertex   9.466945e+01 5.462976e+01 -9.624341e+00
      vertex   9.466945e+01 5.446993e+01 -9.548541e+00
    endloop
  endfacet
  facet normal -3.784209e-16 4.284938e-01 9.035447e-01
    outer loop
      vertex   9.466945e+01 5.446993e+01 -9.548541e+00
      vertex   9.466945e+01 5.462976e+01 -9.624341e+00
      vertex   9.086012e+01 5.462976e+01 -9.624341e+00
    endloop
  endfacet
  facet normal 0.000000e+00 4.284938e-01 9.035447e-01
    outer loop
      vertex   7.943215e+01 5.462976e+01 -9.624341e+00
      vertex   7.943215e+01 5.446993e+01 -9.548541e+00
      vertex   8.324147e+01 5.446993e+01 -9.548541e+00
    endloop
  endfacet
  facet normal -0.000000e+00 4.284938e-01 9.035447e-01
    outer loop
      vertex   7.943215e+01 5.462976e+01 -9.624341e+00
      vertex   8.324147e+01 5.446993e+01 -9.548541e+00
      vertex   8.324147e+01 5.462976e+01 -9.624341e+00
    endloop
  endfacet
  facet normal -0.000000e+00 5.809987e-01 8.139045e-01
    outer loop
      vertex   1.289534e+02 5.477374e+01 -9.727119e+00
      vertex   1.327627e+02 5.462976e+01 -9.624341e+00
      vertex   1.327627e+02 5.477374e+01 -9.727119e+00
    endloop
  endfacet
  facet normal 3.809952e-16 5.809987e-01 8.139045e-01
    outer loop
      vertex   1.327627e+02 5.477374e+01 -9.727119e+00
      vertex   1.327627e+02 5.462976e+01 -9.624341e+00
      vertex   1.365720e+02 5.462976e+01 -9.624341e+00
    endloop
  endfacet
  facet normal 0.000000e+00 5.809987e-01 8.139045e-01
    outer loop
      vertex   1.289534e+02 5.462976e+01 -9.624341e+00
      vertex   1.251440e+02 5.477374e+01 -9.727119e+00
      vertex   1.251440e+02 5.462976e+01 -9.624341e+00
    endloop
  endfacet
  facet normal 0.000000e+00 5.809987e-01 8.139045e-01
    outer loop
      vertex   1.251440e+02 5.462976e+01 -9.624341e+00
      vertex   1.251440e+02 5.477374e+01 -9.727119e+00
      vertex   1.213347e+02 5.477374e+01 -9.727119e+00
    endloop
  endfacet
  facet normal 0.000000e+00 5.809987e-01 8.139045e-01
    outer loop
      vertex   1.251440e+02 5.462976e+01 -9.624341e+00
      vertex   1.213347e+02 5.477374e+01 -9.727119e+00
      vertex   1.213347e+02 5.462976e+01 -9.624341e+00
    endloop
  endfacet
  facet normal 0.000000e+00 5.809987e-01 8.139045e-01
    outer loop
      vertex   1.213347e+02 5.462976e+01 -9.624341e+00
      vertex   1.213347e+02 5.477374e+01 -9.727119e+00
      vertex   1.175254e+02 5.477374e+01 -9.727119e+00
    endloop
  endfacet
  facet normal -0.000000e+00 5.809987e-01 8.139045e-01
    outer loop
      vertex   1.060974e+02 5.462976e+01 -9.624341e+00
      vertex   1.099067e+02 5.462976e+01 -9.624341e+00
      vertex   1.060974e+02 5.477374e+01 -9.727119e+00
    endloop
  endfacet
  facet normal -0.000000e+00 5.809987e-01 8.139045e-01
    outer loop
      vertex   1.060974e+02 5.477374e+01 -9.727119e+00
      vertex   1.099067e+02 5.462976e+01 -9.624341e+00
      vertex   1.099067e+02 5.477374e+01 -9.727119e+00
    endloop
  endfacet
  facet normal -0.000000e+00 7.153223e-01 6.987946e-01
    outer loop
      vertex   1.060974e+02 5.477374e+01 -9.727119e+00
      vertex   1.099067e+02 5.477374e+01 -9.727119e+00
      vertex   1.060974e+02 5.489736e+01 -9.853659e+00
    endloop
  endfacet
  facet normal -0.000000e+00 7.153223e-01 6.987946e-01
    outer loop
      vertex   1.060974e+02 5.489736e+01 -9.853659e+00
      vertex   1.099067e+02 5.477374e+01 -9.727119e+00
      vertex   1.099067e+02 5.489736e+01 -9.853659e+00
    endloop
  endfacet
  facet normal -0.000000e+00 8.272613e-01 5.618173e-01
    outer loop
      vertex   1.060974e+02 5.489736e+01 -9.853659e+00
      vertex   1.099067e+02 5.489736e+01 -9.853659e+00
      vertex   7.562282e+01 5.499674e+01 -1.000000e+01
    endloop
  endfacet
  facet normal 0.000000e+00 5.809987e-01 8.139045e-01
    outer loop
      vertex   9.847877e+01 5.462976e+01 -9.624341e+00
      vertex   9.466945e+01 5.477374e+01 -9.727119e+00
      vertex   9.466945e+01 5.462976e+01 -9.624341e+00
    endloop
  endfacet
  facet normal 0.000000e+00 5.809987e-01 8.139045e-01
    outer loop
      vertex   9.466945e+01 5.462976e+01 -9.624341e+00
      vertex   9.466945e+01 5.477374e+01 -9.727119e+00
      vertex   9.086012e+01 5.477374e+01 -9.727119e+00
    endloop
  endfacet
  facet normal -7.041823e-16 5.809987e-01 8.139045e-01
    outer loop
      vertex   9.466945e+01 5.462976e+01 -9.624341e+00
      vertex   9.086012e+01 5.477374e+01 -9.727119e+00
      vertex   9.086012e+01 5.462976e+01 -9.624341e+00
    endloop
  endfacet
  facet normal 0.000000e+00 5.809987e-01 8.139045e-01
    outer loop
      vertex   9.086012e+01 5.462976e+01 -9.624341e+00
      vertex   9.086012e+01 5.477374e+01 -9.727119e+00
      vertex   8.705080e+01 5.477374e+01 -9.727119e+00
    endloop
  endfacet
  facet normal 0.000000e+00 5.809987e-01 8.139045e-01
    outer loop
      vertex   7.943215e+01 5.477374e+01 -9.727119e+00
      vertex   7.943215e+01 5.462976e+01 -9.624341e+00
      vertex   8.324147e+01 5.462976e+01 -9.624341e+00
    endloop
  endfacet
  facet normal -0.000000e+00 5.809987e-01 8.139045e-01
    outer loop
      vertex   7.943215e+01 5.477374e+01 -9.727119e+00
      vertex   8.324147e+01 5.462976e+01 -9.624341e+00
      vertex   8.324147e+01 5.477374e+01 -9.727119e+00
    endloop
  endfacet
  facet normal 0.000000e+00 7.153223e-01 6.987946e-01
    outer loop
      vertex   1.403814e+02 5.489736e+01 -9.853659e+00
      vertex   1.403814e+02 5.477374e+01 -9.727119e+00
      vertex   1.441907e+02 5.477374e+01 -9.727119e+00
    endloop
  endfacet
  facet normal 0.000000e+00 5.809987e-01 8.139045e-01
    outer loop
      vertex   1.441907e+02 5.477374e+01 -9.727119e+00
      vertex   1.403814e+02 5.477374e+01 -9.727119e+00
      vertex   1.441907e+02 5.462976e+01 -9.624341e+00
    endloop
  endfacet
  facet normal 0.000000e+00 7.153223e-01 6.987946e-01
    outer loop
      vertex   1.441907e+02 5.489736e+01 -9.853659e+00
      vertex   1.403814e+02 5.489736e+01 -9.853659e+00
      vertex   1.441907e+02 5.477374e+01 -9.727119e+00
    endloop
  endfacet
  facet normal -0.000000e+00 7.153223e-01 6.987946e-01
    outer loop
      vertex   1.251440e+02 5.489736e+01 -9.853659e+00
      vertex   1.289534e+02 5.477374e+01 -9.727119e+00
      vertex   1.289534e+02 5.489736e+01 -9.853659e+00
    endloop
  endfacet
  facet normal 0.000000e+00 7.153223e-01 6.987946e-01
    outer loop
      vertex   1.289534e+02 5.489736e+01 -9.853659e+00
      vertex   1.289534e+02 5.477374e+01 -9.727119e+00
      vertex   1.327627e+02 5.477374e+01 -9.727119e+00
    endloop
  endfacet
  facet normal 0.000000e+00 7.153223e-01 6.987946e-01
    outer loop
      vertex   1.175254e+02 5.489736e+01 -9.853659e+00
      vertex   1.175254e+02 5.477374e+01 -9.727119e+00
      vertex   1.213347e+02 5.477374e+01 -9.727119e+00
    endloop
  endfacet
  facet normal -0.000000e+00 7.153223e-01 6.987946e-01
    outer loop
      vertex   1.175254e+02 5.489736e+01 -9.853659e+00
      vertex   1.213347e+02 5.477374e+01 -9.727119e+00
      vertex   1.213347e+02 5.489736e+01 -9.853659e+00
    endloop
  endfacet
  facet normal 0.000000e+00 7.153223e-01 6.987946e-01
    outer loop
      vertex   1.213347e+02 5.489736e+01 -9.853659e+00
      vertex   1.213347e+02 5.477374e+01 -9.727119e+00
      vertex   1.251440e+02 5.477374e+01 -9.727119e+00
    endloop
  endfacet
  facet normal 0.000000e+00 5.809987e-01 8.139045e-01
    outer loop
      vertex   1.060974e+02 5.462976e+01 -9.624341e+00
      vertex   1.060974e+02 5.477374e+01 -9.727119e+00
      vertex   1.022881e+02 5.477374e+01 -9.727119e+00
    endloop
  endfacet
  facet normal -0.000000e+00 7.153223e-01 6.987946e-01
    outer loop
      vertex   1.022881e+02 5.477374e+01 -9.727119e+00
      vertex   1.060974e+02 5.477374e+01 -9.727119e+00
      vertex   1.022881e+02 5.489736e+01 -9.853659e+00
    endloop
  endfacet
  facet normal 0.000000e+00 7.153223e-01 6.987946e-01
    outer loop
      vertex   1.022881e+02 5.477374e+01 -9.727119e+00
      vertex   1.022881e+02 5.489736e+01 -9.853659e+00
      vertex   9.847877e+01 5.489736e+01 -9.853659e+00
    endloop
  endfacet
  facet normal -0.000000e+00 8.272613e-01 5.618173e-01
    outer loop
      vertex   9.847877e+01 5.489736e+01 -9.853659e+00
      vertex   1.022881e+02 5.489736e+01 -9.853659e+00
      vertex   7.562282e+01 5.499674e+01 -1.000000e+01
    endloop
  endfacet
  facet normal -0.000000e+00 7.153223e-01 6.987946e-01
    outer loop
      vertex   1.022881e+02 5.489736e+01 -9.853659e+00
      vertex   1.060974e+02 5.477374e+01 -9.727119e+00
      vertex   1.060974e+02 5.489736e+01 -9.853659e+00
    endloop
  endfacet
  facet normal 0.000000e+00 7.153223e-01 6.987946e-01
    outer loop
      vertex   8.705080e+01 5.489736e+01 -9.853659e+00
      vertex   8.705080e+01 5.477374e+01 -9.727119e+00
      vertex   9.086012e+01 5.477374e+01 -9.727119e+00
    endloop
  endfacet
  facet normal -0.000000e+00 7.153223e-01 6.987946e-01
    outer loop
      vertex   8.705080e+01 5.489736e+01 -9.853659e+00
      vertex   9.086012e+01 5.477374e+01 -9.727119e+00
      vertex   9.086012e+01 5.489736e+01 -9.853659e+00
    endloop
  endfacet
  facet normal 0.000000e+00 7.153223e-01 6.987946e-01
    outer loop
      vertex   9.086012e+01 5.489736e+01 -9.853659e+00
      vertex   9.086012e+01 5.477374e+01 -9.727119e+00
      vertex   9.466945e+01 5.477374e+01 -9.727119e+00
    endloop
  endfacet
  facet normal 0.000000e+00 7.153223e-01 6.987946e-01
    outer loop
      vertex   7.943215e+01 5.489736e+01 -9.853659e+00
      vertex   7.943215e+01 5.477374e+01 -9.727119e+00
      vertex   8.324147e+01 5.477374e+01 -9.727119e+00
    endloop
  endfacet
  facet normal -0.000000e+00 7.153223e-01 6.987946e-01
    outer loop
      vertex   7.943215e+01 5.489736e+01 -9.853659e+00
      vertex   8.324147e+01 5.477374e+01 -9.727119e+00
      vertex   8.324147e+01 5.489736e+01 -9.853659e+00
    endloop
  endfacet
  facet normal 0.000000e+00 8.272613e-01 5.618173e-01
    outer loop
      vertex   7.562282e+01 5.499674e+01 -1.000000e+01
      vertex   1.022881e+02 5.489736e+01 -9.853659e+00
      vertex   1.060974e+02 5.489736e+01 -9.853659e+00
    endloop
  endfacet
  facet normal 3.981532e-02 -6.554575e-15 9.992071e-01
    outer loop
      vertex   1.471263e+02 5.303985e+01 -9.486445e+00
      vertex   1.472058e+02 5.302339e+01 -9.489611e+00
      vertex   1.471263e+02 5.412303e+01 -9.486445e+00
    endloop
  endfacet
  facet normal 6.458856e-02 1.794066e-03 9.979104e-01
    outer loop
      vertex   1.471263e+02 5.412303e+01 -9.486445e+00
      vertex   1.472058e+02 5.302339e+01 -9.489611e+00
      vertex   1.472587e+02 5.425549e+01 -9.495256e+00
    endloop
  endfacet
  facet normal 1.183875e-01 -5.422501e-04 9.929673e-01
    outer loop
      vertex   1.472587e+02 5.425549e+01 -9.495256e+00
      vertex   1.472058e+02 5.302339e+01 -9.489611e+00
      vertex   1.472838e+02 5.299452e+01 -9.498936e+00
    endloop
  endfacet
  facet normal 1.963079e-01 1.044484e-03 9.805418e-01
    outer loop
      vertex   1.472587e+02 5.425549e+01 -9.495256e+00
      vertex   1.472838e+02 5.299452e+01 -9.498936e+00
      vertex   1.473597e+02 5.295387e+01 -9.514072e+00
    endloop
  endfacet
  facet normal 1.969052e-01 1.092523e-03 9.804219e-01
    outer loop
      vertex   1.472587e+02 5.425549e+01 -9.495256e+00
      vertex   1.473597e+02 5.295387e+01 -9.514072e+00
      vertex   1.473889e+02 5.438561e+01 -9.521535e+00
    endloop
  endfacet
  facet normal 2.695517e-01 -4.806444e-04 9.629858e-01
    outer loop
      vertex   1.473889e+02 5.438561e+01 -9.521535e+00
      vertex   1.473597e+02 5.295387e+01 -9.514072e+00
      vertex   1.474326e+02 5.290236e+01 -9.534506e+00
    endloop
  endfacet
  facet normal 3.248843e-01 1.300217e-03 9.457529e-01
    outer loop
      vertex   1.473889e+02 5.438561e+01 -9.521535e+00
      vertex   1.474326e+02 5.290236e+01 -9.534506e+00
      vertex   1.475144e+02 5.451111e+01 -9.564817e+00
    endloop
  endfacet
  facet normal 3.414644e-01 3.468202e-04 9.398946e-01
    outer loop
      vertex   1.475144e+02 5.451111e+01 -9.564817e+00
      vertex   1.474326e+02 5.290236e+01 -9.534506e+00
      vertex   1.475020e+02 5.284099e+01 -9.559697e+00
    endloop
  endfacet
  facet normal 4.085756e-01 -2.346798e-04 9.127245e-01
    outer loop
      vertex   1.475144e+02 5.451111e+01 -9.564817e+00
      vertex   1.475020e+02 5.284099e+01 -9.559697e+00
      vertex   1.475675e+02 5.277080e+01 -9.589057e+00
    endloop
  endfacet
  facet normal 4.474269e-01 1.208240e-03 8.943197e-01
    outer loop
      vertex   1.475144e+02 5.451111e+01 -9.564817e+00
      vertex   1.475675e+02 5.277080e+01 -9.589057e+00
      vertex   1.476330e+02 5.462976e+01 -9.624341e+00
    endloop
  endfacet
  facet normal 5.006046e-01 -1.209317e-03 8.656752e-01
    outer loop
      vertex   1.476330e+02 5.462976e+01 -9.624341e+00
      vertex   1.475675e+02 5.277080e+01 -9.589057e+00
      vertex   1.476865e+02 5.260777e+01 -9.658074e+00
    endloop
  endfacet
  facet normal 5.621117e-01 1.060699e-03 8.270607e-01
    outer loop
      vertex   1.476330e+02 5.462976e+01 -9.624341e+00
      vertex   1.476865e+02 5.260777e+01 -9.658074e+00
      vertex   1.477427e+02 5.473949e+01 -9.699058e+00
    endloop
  endfacet
  facet normal 6.115494e-01 -9.338419e-04 7.912057e-01
    outer loop
      vertex   1.477427e+02 5.473949e+01 -9.699058e+00
      vertex   1.476865e+02 5.260777e+01 -9.658074e+00
      vertex   1.477887e+02 5.242021e+01 -9.737343e+00
    endloop
  endfacet
  facet normal 6.668504e-01 9.223597e-04 7.451910e-01
    outer loop
      vertex   1.477427e+02 5.473949e+01 -9.699058e+00
      vertex   1.477887e+02 5.242021e+01 -9.737343e+00
      vertex   1.478416e+02 5.483835e+01 -9.787650e+00
    endloop
  endfacet
  facet normal 7.058963e-01 -6.985350e-04 7.083149e-01
    outer loop
      vertex   1.478416e+02 5.483835e+01 -9.787650e+00
      vertex   1.477887e+02 5.242021e+01 -9.737343e+00
      vertex   1.478747e+02 5.221231e+01 -9.823252e+00
    endloop
  endfacet
  facet normal 7.598019e-01 7.699187e-04 6.501541e-01
    outer loop
      vertex   1.478416e+02 5.483835e+01 -9.787650e+00
      vertex   1.478747e+02 5.221231e+01 -9.823252e+00
      vertex   1.479279e+02 5.492461e+01 -9.888557e+00
    endloop
  endfacet
  facet normal 7.845014e-01 -4.369116e-04 6.201268e-01
    outer loop
      vertex   1.479279e+02 5.492461e+01 -9.888557e+00
      vertex   1.478747e+02 5.221231e+01 -9.823252e+00
      vertex   1.479450e+02 5.198698e+01 -9.912327e+00
    endloop
  endfacet
  facet normal 8.393483e-01 5.026397e-04 5.435937e-01
    outer loop
      vertex   1.479279e+02 5.492461e+01 -9.888557e+00
      vertex   1.479450e+02 5.198698e+01 -9.912327e+00
      vertex   1.480000e+02 5.499674e+01 -1.000000e+01
    endloop
  endfacet
  facet normal 8.472055e-01 1.160259e-15 5.312654e-01
    outer loop
      vertex   1.480000e+02 5.499674e+01 -1.000000e+01
      vertex   1.479450e+02 5.198698e+01 -9.912327e+00
      vertex   1.480000e+02 5.174327e+01 -1.000000e+01
    endloop
  endfacet
  facet normal 8.554962e-02 9.963278e-01 3.476280e-03
    outer loop
      vertex   1.471705e+02 5.202920e+01 -7.504445e+00
      vertex   1.470631e+02 5.204184e+01 -8.486445e+00
      vertex   1.470000e+02 5.204384e+01 -7.504445e+00
    endloop
  endfacet
  facet normal 5.263092e-02 9.986131e-01 1.354906e-03
    outer loop
      vertex   1.470000e+02 5.204384e+01 -7.504445e+00
      vertex   1.470631e+02 5.204184e+01 -8.486445e+00
      vertex   1.470421e+02 5.204295e+01 -8.486445e+00
    endloop
  endfacet
  facet normal 3.158792e-02 9.995009e-01 4.517025e-04
    outer loop
      vertex   1.470000e+02 5.204384e+01 -7.504445e+00
      vertex   1.470421e+02 5.204295e+01 -8.486445e+00
      vertex   1.470211e+02 5.204362e+01 -8.486445e+00
    endloop
  endfacet
  facet normal 2.541444e-01 9.671600e-01 3.481656e-03
    outer loop
      vertex   1.473360e+02 5.198572e+01 -7.504445e+00
      vertex   1.472670e+02 5.200754e+01 -8.528448e+00
      vertex   1.471705e+02 5.202920e+01 -7.504445e+00
    endloop
  endfacet
  facet normal 2.431706e-01 9.699806e-01 2.388085e-03
    outer loop
      vertex   1.471705e+02 5.202920e+01 -7.504445e+00
      vertex   1.472670e+02 5.200754e+01 -8.528448e+00
      vertex   1.472172e+02 5.201997e+01 -8.510319e+00
    endloop
  endfacet
  facet normal 1.918628e-01 9.814218e-01 -9.952062e-05
    outer loop
      vertex   1.471705e+02 5.202920e+01 -7.504445e+00
      vertex   1.472172e+02 5.201997e+01 -8.510319e+00
      vertex   1.471665e+02 5.202989e+01 -8.497152e+00
    endloop
  endfacet
  facet normal 4.153003e-01 9.096811e-01 2.443332e-03
    outer loop
      vertex   1.474916e+02 5.191466e+01 -7.504445e+00
      vertex   1.474530e+02 5.193533e+01 -8.644737e+00
      vertex   1.473360e+02 5.198572e+01 -7.504445e+00
    endloop
  endfacet
  facet normal 4.095157e-01 9.123014e-01 1.733567e-03
    outer loop
      vertex   1.473360e+02 5.198572e+01 -7.504445e+00
      vertex   1.474530e+02 5.193533e+01 -8.644737e+00
      vertex   1.473629e+02 5.197565e+01 -8.578438e+00
    endloop
  endfacet
  facet normal 3.148063e-01 9.491554e-01 -9.898769e-04
    outer loop
      vertex   1.473360e+02 5.198572e+01 -7.504445e+00
      vertex   1.473629e+02 5.197565e+01 -8.578438e+00
      vertex   1.472670e+02 5.200754e+01 -8.528448e+00
    endloop
  endfacet
  facet normal 4.947008e-01 8.690628e-01 -9.777753e-04
    outer loop
      vertex   1.474530e+02 5.193533e+01 -8.644737e+00
      vertex   1.474916e+02 5.191466e+01 -7.504445e+00
      vertex   1.475366e+02 5.188769e+01 -8.724799e+00
    endloop
  endfacet
  facet normal 5.642972e-01 8.255678e-01 2.548350e-03
    outer loop
      vertex   1.475366e+02 5.188769e+01 -8.724799e+00
      vertex   1.474916e+02 5.191466e+01 -7.504445e+00
      vertex   1.476329e+02 5.181811e+01 -7.504445e+00
    endloop
  endfacet
  facet normal 5.763641e-01 8.171923e-01 1.118767e-03
    outer loop
      vertex   1.475366e+02 5.188769e+01 -8.724799e+00
      vertex   1.476329e+02 5.181811e+01 -7.504445e+00
      vertex   1.476132e+02 5.183378e+01 -8.816174e+00
    endloop
  endfacet
  facet normal 6.478491e-01 7.617684e-01 -6.151578e-04
    outer loop
      vertex   1.476132e+02 5.183378e+01 -8.816174e+00
      vertex   1.476329e+02 5.181811e+01 -7.504445e+00
      vertex   1.476827e+02 5.177460e+01 -8.916510e+00
    endloop
  endfacet
  facet normal 6.967743e-01 7.172861e-01 2.481765e-03
    outer loop
      vertex   1.476827e+02 5.177460e+01 -8.916510e+00
      vertex   1.476329e+02 5.181811e+01 -7.504445e+00
      vertex   1.477556e+02 5.169889e+01 -7.504445e+00
    endloop
  endfacet
  facet normal 7.149871e-01 6.991375e-01 5.683956e-04
    outer loop
      vertex   1.476827e+02 5.177460e+01 -8.916510e+00
      vertex   1.477556e+02 5.169889e+01 -7.504445e+00
      vertex   1.477452e+02 5.171078e+01 -9.023790e+00
    endloop
  endfacet
  facet normal 7.999416e-01 6.000773e-01 -7.897235e-04
    outer loop
      vertex   1.477452e+02 5.171078e+01 -9.023790e+00
      vertex   1.477556e+02 5.169889e+01 -7.504445e+00
      vertex   1.478497e+02 5.157112e+01 -9.251466e+00
    endloop
  endfacet
  facet normal 8.088555e-01 5.880072e-01 5.732968e-04
    outer loop
      vertex   1.478497e+02 5.157112e+01 -9.251466e+00
      vertex   1.477556e+02 5.169889e+01 -7.504445e+00
      vertex   1.478562e+02 5.156049e+01 -7.504445e+00
    endloop
  endfacet
  facet normal 8.918755e-01 4.522807e-01 -5.601531e-04
    outer loop
      vertex   1.478497e+02 5.157112e+01 -9.251466e+00
      vertex   1.478562e+02 5.156049e+01 -7.504445e+00
      vertex   1.479280e+02 5.141649e+01 -9.482351e+00
    endloop
  endfacet
  facet normal 8.972551e-01 4.415122e-01 4.191212e-04
    outer loop
      vertex   1.479280e+02 5.141649e+01 -9.482351e+00
      vertex   1.478562e+02 5.156049e+01 -7.504445e+00
      vertex   1.479317e+02 5.140697e+01 -7.504445e+00
    endloop
  endfacet
  facet normal 9.435268e-01 3.312960e-01 -1.989376e-04
    outer loop
      vertex   1.479280e+02 5.141649e+01 -9.482351e+00
      vertex   1.479317e+02 5.140697e+01 -7.504445e+00
      vertex   1.479574e+02 5.133268e+01 -9.591287e+00
    endloop
  endfacet
  facet normal 9.464764e-01 3.227731e-01 1.407195e-04
    outer loop
      vertex   1.479574e+02 5.133268e+01 -9.591287e+00
      vertex   1.479317e+02 5.140697e+01 -7.504445e+00
      vertex   1.479596e+02 5.132511e+01 -7.400757e+00
    endloop
  endfacet
  facet normal 9.696893e-01 2.443412e-01 -1.544452e-04
    outer loop
      vertex   1.479574e+02 5.133268e+01 -9.591287e+00
      vertex   1.479596e+02 5.132511e+01 -7.400757e+00
      vertex   1.479799e+02 5.124314e+01 -9.687710e+00
    endloop
  endfacet
  facet normal 9.713359e-01 2.377113e-01 9.779637e-05
    outer loop
      vertex   1.479799e+02 5.124314e+01 -9.687710e+00
      vertex   1.479596e+02 5.132511e+01 -7.400757e+00
      vertex   1.479811e+02 5.123756e+01 -7.309793e+00
    endloop
  endfacet
  facet normal 9.845099e-01 1.753290e-01 -5.464709e-05
    outer loop
      vertex   1.479799e+02 5.124314e+01 -9.687710e+00
      vertex   1.479811e+02 5.123756e+01 -7.309793e+00
      vertex   1.479884e+02 5.119561e+01 -9.727732e+00
    endloop
  endfacet
  facet normal 9.853681e-01 1.704398e-01 3.278826e-05
    outer loop
      vertex   1.479884e+02 5.119561e+01 -9.727732e+00
      vertex   1.479811e+02 5.123756e+01 -7.309793e+00
      vertex   1.479891e+02 5.119130e+01 -7.272399e+00
    endloop
  endfacet
  facet normal 9.918677e-01 1.272731e-01 -4.481140e-05
    outer loop
      vertex   1.479884e+02 5.119561e+01 -9.727732e+00
      vertex   1.479891e+02 5.119130e+01 -7.272399e+00
      vertex   1.479947e+02 5.114639e+01 -9.759242e+00
    endloop
  endfacet
  facet normal 9.923388e-01 1.235462e-01 2.356040e-05
    outer loop
      vertex   1.479947e+02 5.114639e+01 -9.759242e+00
      vertex   1.479891e+02 5.119130e+01 -7.272399e+00
      vertex   1.479950e+02 5.114340e+01 -7.243092e+00
    endloop
  endfacet
  facet normal 9.959169e-01 9.027478e-02 -1.643084e-05
    outer loop
      vertex   1.479947e+02 5.114639e+01 -9.759242e+00
      vertex   1.479950e+02 5.114340e+01 -7.243092e+00
      vertex   1.479970e+02 5.112121e+01 -9.771041e+00
    endloop
  endfacet
  facet normal 9.961614e-01 8.753592e-02 7.796142e-06
    outer loop
      vertex   1.479970e+02 5.112121e+01 -9.771041e+00
      vertex   1.479950e+02 5.114340e+01 -7.243092e+00
      vertex   1.479972e+02 5.111891e+01 -7.232165e+00
    endloop
  endfacet
  facet normal 9.978880e-01 6.495724e-02 -1.275500e-05
    outer loop
      vertex   1.479970e+02 5.112121e+01 -9.771041e+00
      vertex   1.479972e+02 5.111891e+01 -7.232165e+00
      vertex   1.479987e+02 5.109570e+01 -9.779795e+00
    endloop
  endfacet
  facet normal 9.980194e-01 6.290748e-02 6.001527e-06
    outer loop
      vertex   1.479987e+02 5.109570e+01 -9.779795e+00
      vertex   1.479972e+02 5.111891e+01 -7.232165e+00
      vertex   1.479987e+02 5.109412e+01 -7.224092e+00
    endloop
  endfacet
  facet normal 9.992338e-01 3.913904e-02 -8.707749e-06
    outer loop
      vertex   1.479987e+02 5.109570e+01 -9.779795e+00
      vertex   1.479987e+02 5.109412e+01 -7.224092e+00
      vertex   1.479997e+02 5.106987e+01 -9.785198e+00
    endloop
  endfacet
  facet normal 9.992854e-01 3.779924e-02 3.995264e-06
    outer loop
      vertex   1.479997e+02 5.106987e+01 -9.785198e+00
      vertex   1.479987e+02 5.109412e+01 -7.224092e+00
      vertex   1.479997e+02 5.106904e+01 -7.219146e+00
    endloop
  endfacet
  facet normal 9.999152e-01 1.302044e-02 -4.012949e-06
    outer loop
      vertex   1.479997e+02 5.106987e+01 -9.785198e+00
      vertex   1.479997e+02 5.106904e+01 -7.219146e+00
      vertex   1.480000e+02 5.104384e+01 -9.787012e+00
    endloop
  endfacet
  facet normal 9.999205e-01 1.261166e-02 -0.000000e+00
    outer loop
      vertex   1.480000e+02 5.104384e+01 -9.787012e+00
      vertex   1.479997e+02 5.106904e+01 -7.219146e+00
      vertex   1.480000e+02 5.104384e+01 -7.217482e+00
    endloop
  endfacet
  facet normal 1.407766e-01 9.900414e-01 1.127465e-04
    outer loop
      vertex   1.471665e+02 5.202989e+01 -8.497152e+00
      vertex   1.471150e+02 5.203720e+01 -8.489146e+00
      vertex   1.471705e+02 5.202920e+01 -7.504445e+00
    endloop
  endfacet
  facet normal 8.934589e-02 9.959960e-01 3.057091e-03
    outer loop
      vertex   1.471705e+02 5.202920e+01 -7.504445e+00
      vertex   1.471150e+02 5.203720e+01 -8.489146e+00
      vertex   1.470631e+02 5.204184e+01 -8.486445e+00
    endloop
  endfacet
  facet normal 1.053087e-02 9.999445e-01 0.000000e+00
    outer loop
      vertex   1.470211e+02 5.204362e+01 -8.486445e+00
      vertex   1.470000e+02 5.204384e+01 -8.486445e+00
      vertex   1.470000e+02 5.204384e+01 -7.504445e+00
    endloop
  endfacet
  facet normal 0.000000e+00 1.000000e+00 0.000000e+00
    outer loop
      vertex   7.562282e+01 5.204384e+01 -8.486445e+00
      vertex   7.562282e+01 5.204384e+01 -7.504445e+00
      vertex   1.470000e+02 5.204384e+01 -8.486445e+00
    endloop
  endfacet
  facet normal 0.000000e+00 1.000000e+00 -0.000000e+00
    outer loop
      vertex   1.470000e+02 5.204384e+01 -8.486445e+00
      vertex   7.562282e+01 5.204384e+01 -7.504445e+00
      vertex   1.470000e+02 5.204384e+01 -7.504445e+00
    endloop
  endfacet
  facet normal 4.710518e-16 8.715574e-02 9.961947e-01
    outer loop
      vertex   7.562282e+01 5.287019e+01 -9.471252e+00
      vertex   7.937951e+01 5.287019e+01 -9.471252e+00
      vertex   7.562282e+01 5.304384e+01 -9.486445e+00
    endloop
  endfacet
  facet normal 0.000000e+00 8.715574e-02 9.961947e-01
    outer loop
      vertex   7.562282e+01 5.304384e+01 -9.486445e+00
      vertex   7.937951e+01 5.287019e+01 -9.471252e+00
      vertex   8.313621e+01 5.287019e+01 -9.471252e+00
    endloop
  endfacet
  facet normal 0.000000e+00 8.715574e-02 9.961947e-01
    outer loop
      vertex   7.562282e+01 5.304384e+01 -9.486445e+00
      vertex   8.313621e+01 5.287019e+01 -9.471252e+00
      vertex   8.689290e+01 5.287019e+01 -9.471252e+00
    endloop
  endfacet
  facet normal 0.000000e+00 2.588190e-01 9.659258e-01
    outer loop
      vertex   8.689290e+01 5.287019e+01 -9.471252e+00
      vertex   8.313621e+01 5.287019e+01 -9.471252e+00
      vertex   8.689290e+01 5.270182e+01 -9.426137e+00
    endloop
  endfacet
  facet normal 0.000000e+00 2.588190e-01 9.659258e-01
    outer loop
      vertex   8.689290e+01 5.287019e+01 -9.471252e+00
      vertex   8.689290e+01 5.270182e+01 -9.426137e+00
      vertex   9.064960e+01 5.270182e+01 -9.426137e+00
    endloop
  endfacet
  facet normal 0.000000e+00 4.226183e-01 9.063078e-01
    outer loop
      vertex   9.064960e+01 5.270182e+01 -9.426137e+00
      vertex   8.689290e+01 5.270182e+01 -9.426137e+00
      vertex   9.064960e+01 5.254384e+01 -9.352470e+00
    endloop
  endfacet
  facet normal 0.000000e+00 4.226183e-01 9.063078e-01
    outer loop
      vertex   9.064960e+01 5.270182e+01 -9.426137e+00
      vertex   9.064960e+01 5.254384e+01 -9.352470e+00
      vertex   9.440629e+01 5.254384e+01 -9.352470e+00
    endloop
  endfacet
  facet normal 0.000000e+00 5.735764e-01 8.191520e-01
    outer loop
      vertex   9.440629e+01 5.254384e+01 -9.352470e+00
      vertex   9.064960e+01 5.254384e+01 -9.352470e+00
      vertex   9.440629e+01 5.240105e+01 -9.252489e+00
    endloop
  endfacet
  facet normal 0.000000e+00 5.735764e-01 8.191520e-01
    outer loop
      vertex   9.440629e+01 5.254384e+01 -9.352470e+00
      vertex   9.440629e+01 5.240105e+01 -9.252489e+00
      vertex   9.816298e+01 5.240105e+01 -9.252489e+00
    endloop
  endfacet
  facet normal 0.000000e+00 7.071068e-01 7.071068e-01
    outer loop
      vertex   9.816298e+01 5.240105e+01 -9.252489e+00
      vertex   9.440629e+01 5.240105e+01 -9.252489e+00
      vertex   9.816298e+01 5.227780e+01 -9.129232e+00
    endloop
  endfacet
  facet normal 0.000000e+00 7.071068e-01 7.071068e-01
    outer loop
      vertex   9.816298e+01 5.240105e+01 -9.252489e+00
      vertex   9.816298e+01 5.227780e+01 -9.129232e+00
      vertex   1.019197e+02 5.227780e+01 -9.129232e+00
    endloop
  endfacet
  facet normal 0.000000e+00 8.191520e-01 5.735764e-01
    outer loop
      vertex   1.019197e+02 5.227780e+01 -9.129232e+00
      vertex   9.816298e+01 5.227780e+01 -9.129232e+00
      vertex   1.019197e+02 5.217781e+01 -8.986445e+00
    endloop
  endfacet
  facet normal 0.000000e+00 8.191520e-01 5.735764e-01
    outer loop
      vertex   1.019197e+02 5.227780e+01 -9.129232e+00
      vertex   1.019197e+02 5.217781e+01 -8.986445e+00
      vertex   1.056764e+02 5.217781e+01 -8.986445e+00
    endloop
  endfacet
  facet normal 0.000000e+00 9.063078e-01 4.226183e-01
    outer loop
      vertex   1.056764e+02 5.217781e+01 -8.986445e+00
      vertex   1.019197e+02 5.217781e+01 -8.986445e+00
      vertex   1.056764e+02 5.210415e+01 -8.828465e+00
    endloop
  endfacet
  facet normal 0.000000e+00 9.063078e-01 4.226183e-01
    outer loop
      vertex   1.056764e+02 5.217781e+01 -8.986445e+00
      vertex   1.056764e+02 5.210415e+01 -8.828465e+00
      vertex   1.094331e+02 5.210415e+01 -8.828465e+00
    endloop
  endfacet
  facet normal 0.000000e+00 9.659258e-01 2.588190e-01
    outer loop
      vertex   1.094331e+02 5.210415e+01 -8.828465e+00
      vertex   1.056764e+02 5.210415e+01 -8.828465e+00
      vertex   1.094331e+02 5.205903e+01 -8.660093e+00
    endloop
  endfacet
  facet normal 0.000000e+00 9.659258e-01 2.588190e-01
    outer loop
      vertex   1.094331e+02 5.210415e+01 -8.828465e+00
      vertex   1.094331e+02 5.205903e+01 -8.660093e+00
      vertex   1.131898e+02 5.205903e+01 -8.660093e+00
    endloop
  endfacet
  facet normal 0.000000e+00 9.961947e-01 8.715574e-02
    outer loop
      vertex   1.131898e+02 5.205903e+01 -8.660093e+00
      vertex   1.094331e+02 5.205903e+01 -8.660093e+00
      vertex   1.470000e+02 5.204384e+01 -8.486445e+00
    endloop
  endfacet
  facet normal -0.000000e+00 9.961947e-01 8.715574e-02
    outer loop
      vertex   1.131898e+02 5.205903e+01 -8.660093e+00
      vertex   1.470000e+02 5.204384e+01 -8.486445e+00
      vertex   1.169465e+02 5.205903e+01 -8.660093e+00
    endloop
  endfacet
  facet normal -0.000000e+00 9.961947e-01 8.715574e-02
    outer loop
      vertex   1.169465e+02 5.205903e+01 -8.660093e+00
      vertex   1.470000e+02 5.204384e+01 -8.486445e+00
      vertex   1.207031e+02 5.205903e+01 -8.660093e+00
    endloop
  endfacet
  facet normal -0.000000e+00 9.659258e-01 2.588190e-01
    outer loop
      vertex   1.169465e+02 5.205903e+01 -8.660093e+00
      vertex   1.207031e+02 5.205903e+01 -8.660093e+00
      vertex   1.169465e+02 5.210415e+01 -8.828465e+00
    endloop
  endfacet
  facet normal -0.000000e+00 9.659258e-01 2.588190e-01
    outer loop
      vertex   1.169465e+02 5.210415e+01 -8.828465e+00
      vertex   1.207031e+02 5.205903e+01 -8.660093e+00
      vertex   1.207031e+02 5.210415e+01 -8.828465e+00
    endloop
  endfacet
  facet normal -0.000000e+00 9.063078e-01 4.226183e-01
    outer loop
      vertex   1.169465e+02 5.210415e+01 -8.828465e+00
      vertex   1.207031e+02 5.210415e+01 -8.828465e+00
      vertex   1.169465e+02 5.217781e+01 -8.986445e+00
    endloop
  endfacet
  facet normal -0.000000e+00 9.063078e-01 4.226183e-01
    outer loop
      vertex   1.169465e+02 5.217781e+01 -8.986445e+00
      vertex   1.207031e+02 5.210415e+01 -8.828465e+00
      vertex   1.207031e+02 5.217781e+01 -8.986445e+00
    endloop
  endfacet
  facet normal -0.000000e+00 8.191520e-01 5.735764e-01
    outer loop
      vertex   1.169465e+02 5.217781e+01 -8.986445e+00
      vertex   1.207031e+02 5.217781e+01 -8.986445e+00
      vertex   1.169465e+02 5.227780e+01 -9.129232e+00
    endloop
  endfacet
  facet normal 2.712163e-16 8.191520e-01 5.735764e-01
    outer loop
      vertex   1.169465e+02 5.227780e+01 -9.129232e+00
      vertex   1.207031e+02 5.217781e+01 -8.986445e+00
      vertex   1.207031e+02 5.227780e+01 -9.129232e+00
    endloop
  endfacet
  facet normal 3.343562e-16 7.071068e-01 7.071068e-01
    outer loop
      vertex   1.169465e+02 5.227780e+01 -9.129232e+00
      vertex   1.207031e+02 5.227780e+01 -9.129232e+00
      vertex   1.169465e+02 5.240105e+01 -9.252489e+00
    endloop
  endfacet
  facet normal -0.000000e+00 7.071068e-01 7.071068e-01
    outer loop
      vertex   1.169465e+02 5.240105e+01 -9.252489e+00
      vertex   1.207031e+02 5.227780e+01 -9.129232e+00
      vertex   1.207031e+02 5.240105e+01 -9.252489e+00
    endloop
  endfacet
  facet normal -0.000000e+00 5.735764e-01 8.191520e-01
    outer loop
      vertex   1.169465e+02 5.240105e+01 -9.252489e+00
      vertex   1.207031e+02 5.240105e+01 -9.252489e+00
      vertex   1.169465e+02 5.254384e+01 -9.352470e+00
    endloop
  endfacet
  facet normal -0.000000e+00 5.735764e-01 8.191520e-01
    outer loop
      vertex   1.169465e+02 5.254384e+01 -9.352470e+00
      vertex   1.207031e+02 5.240105e+01 -9.252489e+00
      vertex   1.207031e+02 5.254384e+01 -9.352470e+00
    endloop
  endfacet
  facet normal -0.000000e+00 4.226183e-01 9.063078e-01
    outer loop
      vertex   1.169465e+02 5.254384e+01 -9.352470e+00
      vertex   1.207031e+02 5.254384e+01 -9.352470e+00
      vertex   1.169465e+02 5.270182e+01 -9.426137e+00
    endloop
  endfacet
  facet normal -0.000000e+00 4.226183e-01 9.063078e-01
    outer loop
      vertex   1.169465e+02 5.270182e+01 -9.426137e+00
      vertex   1.207031e+02 5.254384e+01 -9.352470e+00
      vertex   1.207031e+02 5.270182e+01 -9.426137e+00
    endloop
  endfacet
  facet normal -0.000000e+00 2.588190e-01 9.659258e-01
    outer loop
      vertex   1.169465e+02 5.270182e+01 -9.426137e+00
      vertex   1.207031e+02 5.270182e+01 -9.426137e+00
      vertex   1.169465e+02 5.287019e+01 -9.471252e+00
    endloop
  endfacet
  facet normal -0.000000e+00 2.588190e-01 9.659258e-01
    outer loop
      vertex   1.169465e+02 5.287019e+01 -9.471252e+00
      vertex   1.207031e+02 5.270182e+01 -9.426137e+00
      vertex   1.207031e+02 5.287019e+01 -9.471252e+00
    endloop
  endfacet
  facet normal -0.000000e+00 8.715574e-02 9.961947e-01
    outer loop
      vertex   1.169465e+02 5.287019e+01 -9.471252e+00
      vertex   1.207031e+02 5.287019e+01 -9.471252e+00
      vertex   1.470000e+02 5.304384e+01 -9.486445e+00
    endloop
  endfacet
  facet normal 0.000000e+00 8.715574e-02 9.961947e-01
    outer loop
      vertex   1.470000e+02 5.304384e+01 -9.486445e+00
      vertex   1.207031e+02 5.287019e+01 -9.471252e+00
      vertex   1.244598e+02 5.287019e+01 -9.471252e+00
    endloop
  endfacet
  facet normal 0.000000e+00 8.715574e-02 9.961947e-01
    outer loop
      vertex   1.470000e+02 5.304384e+01 -9.486445e+00
      vertex   1.244598e+02 5.287019e+01 -9.471252e+00
      vertex   1.282165e+02 5.287019e+01 -9.471252e+00
    endloop
  endfacet
  facet normal 0.000000e+00 2.588190e-01 9.659258e-01
    outer loop
      vertex   1.282165e+02 5.287019e+01 -9.471252e+00
      vertex   1.244598e+02 5.287019e+01 -9.471252e+00
      vertex   1.282165e+02 5.270182e+01 -9.426137e+00
    endloop
  endfacet
  facet normal 0.000000e+00 2.588190e-01 9.659258e-01
    outer loop
      vertex   1.282165e+02 5.287019e+01 -9.471252e+00
      vertex   1.282165e+02 5.270182e+01 -9.426137e+00
      vertex   1.319732e+02 5.270182e+01 -9.426137e+00
    endloop
  endfacet
  facet normal 0.000000e+00 4.226183e-01 9.063078e-01
    outer loop
      vertex   1.319732e+02 5.270182e+01 -9.426137e+00
      vertex   1.282165e+02 5.270182e+01 -9.426137e+00
      vertex   1.319732e+02 5.254384e+01 -9.352470e+00
    endloop
  endfacet
  facet normal 0.000000e+00 4.226183e-01 9.063078e-01
    outer loop
      vertex   1.319732e+02 5.270182e+01 -9.426137e+00
      vertex   1.319732e+02 5.254384e+01 -9.352470e+00
      vertex   1.357299e+02 5.254384e+01 -9.352470e+00
    endloop
  endfacet
  facet normal 0.000000e+00 5.735764e-01 8.191520e-01
    outer loop
      vertex   1.357299e+02 5.254384e+01 -9.352470e+00
      vertex   1.319732e+02 5.254384e+01 -9.352470e+00
      vertex   1.357299e+02 5.240105e+01 -9.252489e+00
    endloop
  endfacet
  facet normal 0.000000e+00 5.735764e-01 8.191520e-01
    outer loop
      vertex   1.357299e+02 5.254384e+01 -9.352470e+00
      vertex   1.357299e+02 5.240105e+01 -9.252489e+00
      vertex   1.394866e+02 5.240105e+01 -9.252489e+00
    endloop
  endfacet
  facet normal 0.000000e+00 7.071068e-01 7.071068e-01
    outer loop
      vertex   1.394866e+02 5.240105e+01 -9.252489e+00
      vertex   1.357299e+02 5.240105e+01 -9.252489e+00
      vertex   1.394866e+02 5.227780e+01 -9.129232e+00
    endloop
  endfacet
  facet normal 3.337867e-16 7.071068e-01 7.071068e-01
    outer loop
      vertex   1.394866e+02 5.240105e+01 -9.252489e+00
      vertex   1.394866e+02 5.227780e+01 -9.129232e+00
      vertex   1.432433e+02 5.227780e+01 -9.129232e+00
    endloop
  endfacet
  facet normal 2.712163e-16 8.191520e-01 5.735764e-01
    outer loop
      vertex   1.432433e+02 5.227780e+01 -9.129232e+00
      vertex   1.394866e+02 5.227780e+01 -9.129232e+00
      vertex   1.432433e+02 5.217781e+01 -8.986445e+00
    endloop
  endfacet
  facet normal -2.728574e-16 8.191520e-01 5.735764e-01
    outer loop
      vertex   1.432433e+02 5.227780e+01 -9.129232e+00
      vertex   1.432433e+02 5.217781e+01 -8.986445e+00
      vertex   1.470000e+02 5.217781e+01 -8.986445e+00
    endloop
  endfacet
  facet normal -1.998355e-16 9.063078e-01 4.226183e-01
    outer loop
      vertex   1.470000e+02 5.217781e+01 -8.986445e+00
      vertex   1.432433e+02 5.217781e+01 -8.986445e+00
      vertex   1.470000e+02 5.210415e+01 -8.828465e+00
    endloop
  endfacet
  facet normal 0.000000e+00 9.063078e-01 4.226183e-01
    outer loop
      vertex   1.470000e+02 5.210415e+01 -8.828465e+00
      vertex   1.432433e+02 5.217781e+01 -8.986445e+00
      vertex   1.432433e+02 5.210415e+01 -8.828465e+00
    endloop
  endfacet
  facet normal 0.000000e+00 9.659258e-01 2.588190e-01
    outer loop
      vertex   1.470000e+02 5.210415e+01 -8.828465e+00
      vertex   1.432433e+02 5.210415e+01 -8.828465e+00
      vertex   1.470000e+02 5.205903e+01 -8.660093e+00
    endloop
  endfacet
  facet normal -1.949339e-15 9.659258e-01 2.588190e-01
    outer loop
      vertex   1.470000e+02 5.205903e+01 -8.660093e+00
      vertex   1.432433e+02 5.210415e+01 -8.828465e+00
      vertex   1.432433e+02 5.205903e+01 -8.660093e+00
    endloop
  endfacet
  facet normal -1.925419e-15 9.961947e-01 8.715574e-02
    outer loop
      vertex   1.470000e+02 5.205903e+01 -8.660093e+00
      vertex   1.432433e+02 5.205903e+01 -8.660093e+00
      vertex   1.470000e+02 5.204384e+01 -8.486445e+00
    endloop
  endfacet
  facet normal 0.000000e+00 9.961947e-01 8.715574e-02
    outer loop
      vertex   1.470000e+02 5.204384e+01 -8.486445e+00
      vertex   1.432433e+02 5.205903e+01 -8.660093e+00
      vertex   1.394866e+02 5.205903e+01 -8.660093e+00
    endloop
  endfacet
  facet normal 0.000000e+00 9.961947e-01 8.715574e-02
    outer loop
      vertex   1.470000e+02 5.204384e+01 -8.486445e+00
      vertex   1.394866e+02 5.205903e+01 -8.660093e+00
      vertex   1.357299e+02 5.205903e+01 -8.660093e+00
    endloop
  endfacet
  facet normal -0.000000e+00 9.659258e-01 2.588190e-01
    outer loop
      vertex   1.357299e+02 5.205903e+01 -8.660093e+00
      vertex   1.394866e+02 5.205903e+01 -8.660093e+00
      vertex   1.357299e+02 5.210415e+01 -8.828465e+00
    endloop
  endfacet
  facet normal 0.000000e+00 9.659258e-01 2.588190e-01
    outer loop
      vertex   1.357299e+02 5.205903e+01 -8.660093e+00
      vertex   1.357299e+02 5.210415e+01 -8.828465e+00
      vertex   1.319732e+02 5.210415e+01 -8.828465e+00
    endloop
  endfacet
  facet normal -0.000000e+00 9.063078e-01 4.226183e-01
    outer loop
      vertex   1.319732e+02 5.210415e+01 -8.828465e+00
      vertex   1.357299e+02 5.210415e+01 -8.828465e+00
      vertex   1.319732e+02 5.217781e+01 -8.986445e+00
    endloop
  endfacet
  facet normal 0.000000e+00 9.063078e-01 4.226183e-01
    outer loop
      vertex   1.319732e+02 5.210415e+01 -8.828465e+00
      vertex   1.319732e+02 5.217781e+01 -8.986445e+00
      vertex   1.282165e+02 5.217781e+01 -8.986445e+00
    endloop
  endfacet
  facet normal -0.000000e+00 8.191520e-01 5.735764e-01
    outer loop
      vertex   1.282165e+02 5.217781e+01 -8.986445e+00
      vertex   1.319732e+02 5.217781e+01 -8.986445e+00
      vertex   1.282165e+02 5.227780e+01 -9.129232e+00
    endloop
  endfacet
  facet normal 0.000000e+00 8.191520e-01 5.735764e-01
    outer loop
      vertex   1.282165e+02 5.217781e+01 -8.986445e+00
      vertex   1.282165e+02 5.227780e+01 -9.129232e+00
      vertex   1.244598e+02 5.227780e+01 -9.129232e+00
    endloop
  endfacet
  facet normal -0.000000e+00 7.071068e-01 7.071068e-01
    outer loop
      vertex   1.244598e+02 5.227780e+01 -9.129232e+00
      vertex   1.282165e+02 5.227780e+01 -9.129232e+00
      vertex   1.244598e+02 5.240105e+01 -9.252489e+00
    endloop
  endfacet
  facet normal -1.001360e-15 7.071068e-01 7.071068e-01
    outer loop
      vertex   1.244598e+02 5.227780e+01 -9.129232e+00
      vertex   1.244598e+02 5.240105e+01 -9.252489e+00
      vertex   1.207031e+02 5.240105e+01 -9.252489e+00
    endloop
  endfacet
  facet normal -6.975281e-16 5.735764e-01 8.191520e-01
    outer loop
      vertex   1.207031e+02 5.240105e+01 -9.252489e+00
      vertex   1.244598e+02 5.240105e+01 -9.252489e+00
      vertex   1.207031e+02 5.254384e+01 -9.352470e+00
    endloop
  endfacet
  facet normal 4.567391e-16 2.588190e-01 9.659258e-01
    outer loop
      vertex   7.937951e+01 5.287019e+01 -9.471252e+00
      vertex   7.562282e+01 5.287019e+01 -9.471252e+00
      vertex   7.937951e+01 5.270182e+01 -9.426137e+00
    endloop
  endfacet
  facet normal 0.000000e+00 2.588190e-01 9.659258e-01
    outer loop
      vertex   7.937951e+01 5.270182e+01 -9.426137e+00
      vertex   7.562282e+01 5.287019e+01 -9.471252e+00
      vertex   7.562282e+01 5.270182e+01 -9.426137e+00
    endloop
  endfacet
  facet normal 0.000000e+00 4.226183e-01 9.063078e-01
    outer loop
      vertex   7.937951e+01 5.270182e+01 -9.426137e+00
      vertex   7.562282e+01 5.270182e+01 -9.426137e+00
      vertex   7.937951e+01 5.254384e+01 -9.352470e+00
    endloop
  endfacet
  facet normal 0.000000e+00 4.226183e-01 9.063078e-01
    outer loop
      vertex   7.937951e+01 5.254384e+01 -9.352470e+00
      vertex   7.562282e+01 5.270182e+01 -9.426137e+00
      vertex   7.562282e+01 5.254384e+01 -9.352470e+00
    endloop
  endfacet
  facet normal 0.000000e+00 5.735764e-01 8.191520e-01
    outer loop
      vertex   7.937951e+01 5.254384e+01 -9.352470e+00
      vertex   7.562282e+01 5.254384e+01 -9.352470e+00
      vertex   7.937951e+01 5.240105e+01 -9.252489e+00
    endloop
  endfacet
  facet normal -3.873370e-16 5.735764e-01 8.191520e-01
    outer loop
      vertex   7.937951e+01 5.240105e+01 -9.252489e+00
      vertex   7.562282e+01 5.254384e+01 -9.352470e+00
      vertex   7.562282e+01 5.240105e+01 -9.252489e+00
    endloop
  endfacet
  facet normal -3.343562e-16 7.071068e-01 7.071068e-01
    outer loop
      vertex   7.937951e+01 5.240105e+01 -9.252489e+00
      vertex   7.562282e+01 5.240105e+01 -9.252489e+00
      vertex   7.937951e+01 5.227780e+01 -9.129232e+00
    endloop
  endfacet
  facet normal -3.343562e-16 7.071068e-01 7.071068e-01
    outer loop
      vertex   7.937951e+01 5.227780e+01 -9.129232e+00
      vertex   7.562282e+01 5.240105e+01 -9.252489e+00
      vertex   7.562282e+01 5.227780e+01 -9.129232e+00
    endloop
  endfacet
  facet normal -2.712163e-16 8.191520e-01 5.735764e-01
    outer loop
      vertex   7.937951e+01 5.227780e+01 -9.129232e+00
      vertex   7.562282e+01 5.227780e+01 -9.129232e+00
      vertex   7.937951e+01 5.217781e+01 -8.986445e+00
    endloop
  endfacet
  facet normal -2.712163e-16 8.191520e-01 5.735764e-01
    outer loop
      vertex   7.937951e+01 5.217781e+01 -8.986445e+00
      vertex   7.562282e+01 5.227780e+01 -9.129232e+00
      vertex   7.562282e+01 5.217781e+01 -8.986445e+00
    endloop
  endfacet
  facet normal -1.998355e-16 9.063078e-01 4.226183e-01
    outer loop
      vertex   7.937951e+01 5.217781e+01 -8.986445e+00
      vertex   7.562282e+01 5.217781e+01 -8.986445e+00
      vertex   7.937951e+01 5.210415e+01 -8.828465e+00
    endloop
  endfacet
  facet normal 0.000000e+00 9.063078e-01 4.226183e-01
    outer loop
      vertex   7.937951e+01 5.210415e+01 -8.828465e+00
      vertex   7.562282e+01 5.217781e+01 -8.986445e+00
      vertex   7.562282e+01 5.210415e+01 -8.828465e+00
    endloop
  endfacet
  facet normal 0.000000e+00 9.659258e-01 2.588190e-01
    outer loop
      vertex   7.937951e+01 5.210415e+01 -8.828465e+00
      vertex   7.562282e+01 5.210415e+01 -8.828465e+00
      vertex   7.937951e+01 5.205903e+01 -8.660093e+00
    endloop
  endfacet
  facet normal 0.000000e+00 9.659258e-01 2.588190e-01
    outer loop
      vertex   7.937951e+01 5.205903e+01 -8.660093e+00
      vertex   7.562282e+01 5.210415e+01 -8.828465e+00
      vertex   7.562282e+01 5.205903e+01 -8.660093e+00
    endloop
  endfacet
  facet normal 0.000000e+00 9.961947e-01 8.715574e-02
    outer loop
      vertex   7.937951e+01 5.205903e+01 -8.660093e+00
      vertex   7.562282e+01 5.205903e+01 -8.660093e+00
      vertex   7.562282e+01 5.204384e+01 -8.486445e+00
    endloop
  endfacet
  facet normal 0.000000e+00 9.961947e-01 8.715574e-02
    outer loop
      vertex   1.470000e+02 5.204384e+01 -8.486445e+00
      vertex   1.094331e+02 5.205903e+01 -8.660093e+00
      vertex   7.562282e+01 5.204384e+01 -8.486445e+00
    endloop
  endfacet
  facet normal 0.000000e+00 9.961947e-01 8.715574e-02
    outer loop
      vertex   7.562282e+01 5.204384e+01 -8.486445e+00
      vertex   1.094331e+02 5.205903e+01 -8.660093e+00
      vertex   1.056764e+02 5.205903e+01 -8.660093e+00
    endloop
  endfacet
  facet normal 4.106106e-17 9.961947e-01 8.715574e-02
    outer loop
      vertex   7.562282e+01 5.204384e+01 -8.486445e+00
      vertex   1.056764e+02 5.205903e+01 -8.660093e+00
      vertex   1.019197e+02 5.205903e+01 -8.660093e+00
    endloop
  endfacet
  facet normal 1.223829e-16 9.659258e-01 2.588190e-01
    outer loop
      vertex   1.019197e+02 5.205903e+01 -8.660093e+00
      vertex   1.056764e+02 5.205903e+01 -8.660093e+00
      vertex   1.019197e+02 5.210415e+01 -8.828465e+00
    endloop
  endfacet
  facet normal 0.000000e+00 9.659258e-01 2.588190e-01
    outer loop
      vertex   1.019197e+02 5.205903e+01 -8.660093e+00
      vertex   1.019197e+02 5.210415e+01 -8.828465e+00
      vertex   9.816298e+01 5.210415e+01 -8.828465e+00
    endloop
  endfacet
  facet normal -0.000000e+00 9.063078e-01 4.226183e-01
    outer loop
      vertex   9.816298e+01 5.210415e+01 -8.828465e+00
      vertex   1.019197e+02 5.210415e+01 -8.828465e+00
      vertex   9.816298e+01 5.217781e+01 -8.986445e+00
    endloop
  endfacet
  facet normal 0.000000e+00 9.063078e-01 4.226183e-01
    outer loop
      vertex   9.816298e+01 5.210415e+01 -8.828465e+00
      vertex   9.816298e+01 5.217781e+01 -8.986445e+00
      vertex   9.440629e+01 5.217781e+01 -8.986445e+00
    endloop
  endfacet
  facet normal -0.000000e+00 8.191520e-01 5.735764e-01
    outer loop
      vertex   9.440629e+01 5.217781e+01 -8.986445e+00
      vertex   9.816298e+01 5.217781e+01 -8.986445e+00
      vertex   9.440629e+01 5.227780e+01 -9.129232e+00
    endloop
  endfacet
  facet normal 0.000000e+00 8.191520e-01 5.735764e-01
    outer loop
      vertex   9.440629e+01 5.217781e+01 -8.986445e+00
      vertex   9.440629e+01 5.227780e+01 -9.129232e+00
      vertex   9.064960e+01 5.227780e+01 -9.129232e+00
    endloop
  endfacet
  facet normal -0.000000e+00 7.071068e-01 7.071068e-01
    outer loop
      vertex   9.064960e+01 5.227780e+01 -9.129232e+00
      vertex   9.440629e+01 5.227780e+01 -9.129232e+00
      vertex   9.064960e+01 5.240105e+01 -9.252489e+00
    endloop
  endfacet
  facet normal 0.000000e+00 7.071068e-01 7.071068e-01
    outer loop
      vertex   9.064960e+01 5.227780e+01 -9.129232e+00
      vertex   9.064960e+01 5.240105e+01 -9.252489e+00
      vertex   8.689290e+01 5.240105e+01 -9.252489e+00
    endloop
  endfacet
  facet normal -0.000000e+00 5.735764e-01 8.191520e-01
    outer loop
      vertex   8.689290e+01 5.240105e+01 -9.252489e+00
      vertex   9.064960e+01 5.240105e+01 -9.252489e+00
      vertex   8.689290e+01 5.254384e+01 -9.352470e+00
    endloop
  endfacet
  facet normal 3.867687e-16 5.735764e-01 8.191520e-01
    outer loop
      vertex   8.689290e+01 5.240105e+01 -9.252489e+00
      vertex   8.689290e+01 5.254384e+01 -9.352470e+00
      vertex   8.313621e+01 5.254384e+01 -9.352470e+00
    endloop
  endfacet
  facet normal 4.285487e-16 4.226183e-01 9.063078e-01
    outer loop
      vertex   8.313621e+01 5.254384e+01 -9.352470e+00
      vertex   8.689290e+01 5.254384e+01 -9.352470e+00
      vertex   8.313621e+01 5.270182e+01 -9.426137e+00
    endloop
  endfacet
  facet normal 0.000000e+00 4.226183e-01 9.063078e-01
    outer loop
      vertex   8.313621e+01 5.254384e+01 -9.352470e+00
      vertex   8.313621e+01 5.270182e+01 -9.426137e+00
      vertex   7.937951e+01 5.270182e+01 -9.426137e+00
    endloop
  endfacet
  facet normal -0.000000e+00 2.588190e-01 9.659258e-01
    outer loop
      vertex   7.937951e+01 5.270182e+01 -9.426137e+00
      vertex   8.313621e+01 5.270182e+01 -9.426137e+00
      vertex   7.937951e+01 5.287019e+01 -9.471252e+00
    endloop
  endfacet
  facet normal -5.430656e-16 8.191520e-01 5.735764e-01
    outer loop
      vertex   1.470000e+02 5.217781e+01 -8.986445e+00
      vertex   1.470000e+02 5.227780e+01 -9.129232e+00
      vertex   1.432433e+02 5.227780e+01 -9.129232e+00
    endloop
  endfacet
  facet normal -6.687125e-16 7.071068e-01 7.071068e-01
    outer loop
      vertex   1.432433e+02 5.227780e+01 -9.129232e+00
      vertex   1.470000e+02 5.227780e+01 -9.129232e+00
      vertex   1.432433e+02 5.240105e+01 -9.252489e+00
    endloop
  endfacet
  facet normal 3.337867e-16 7.071068e-01 7.071068e-01
    outer loop
      vertex   1.432433e+02 5.227780e+01 -9.129232e+00
      vertex   1.432433e+02 5.240105e+01 -9.252489e+00
      vertex   1.394866e+02 5.240105e+01 -9.252489e+00
    endloop
  endfacet
  facet normal 3.873370e-16 5.735764e-01 8.191520e-01
    outer loop
      vertex   1.394866e+02 5.240105e+01 -9.252489e+00
      vertex   1.432433e+02 5.240105e+01 -9.252489e+00
      vertex   1.394866e+02 5.254384e+01 -9.352470e+00
    endloop
  endfacet
  facet normal 0.000000e+00 5.735764e-01 8.191520e-01
    outer loop
      vertex   1.394866e+02 5.240105e+01 -9.252489e+00
      vertex   1.394866e+02 5.254384e+01 -9.352470e+00
      vertex   1.357299e+02 5.254384e+01 -9.352470e+00
    endloop
  endfacet
  facet normal -0.000000e+00 4.226183e-01 9.063078e-01
    outer loop
      vertex   1.357299e+02 5.254384e+01 -9.352470e+00
      vertex   1.394866e+02 5.254384e+01 -9.352470e+00
      vertex   1.357299e+02 5.270182e+01 -9.426137e+00
    endloop
  endfacet
  facet normal 0.000000e+00 4.226183e-01 9.063078e-01
    outer loop
      vertex   1.357299e+02 5.254384e+01 -9.352470e+00
      vertex   1.357299e+02 5.270182e+01 -9.426137e+00
      vertex   1.319732e+02 5.270182e+01 -9.426137e+00
    endloop
  endfacet
  facet normal -0.000000e+00 2.588190e-01 9.659258e-01
    outer loop
      vertex   1.319732e+02 5.270182e+01 -9.426137e+00
      vertex   1.357299e+02 5.270182e+01 -9.426137e+00
      vertex   1.319732e+02 5.287019e+01 -9.471252e+00
    endloop
  endfacet
  facet normal 0.000000e+00 2.588190e-01 9.659258e-01
    outer loop
      vertex   1.319732e+02 5.270182e+01 -9.426137e+00
      vertex   1.319732e+02 5.287019e+01 -9.471252e+00
      vertex   1.282165e+02 5.287019e+01 -9.471252e+00
    endloop
  endfacet
  facet normal -0.000000e+00 8.715574e-02 9.961947e-01
    outer loop
      vertex   1.282165e+02 5.287019e+01 -9.471252e+00
      vertex   1.319732e+02 5.287019e+01 -9.471252e+00
      vertex   1.470000e+02 5.304384e+01 -9.486445e+00
    endloop
  endfacet
  facet normal -6.675734e-16 7.071068e-01 7.071068e-01
    outer loop
      vertex   1.470000e+02 5.227780e+01 -9.129232e+00
      vertex   1.470000e+02 5.240105e+01 -9.252489e+00
      vertex   1.432433e+02 5.240105e+01 -9.252489e+00
    endloop
  endfacet
  facet normal -7.746739e-16 5.735764e-01 8.191520e-01
    outer loop
      vertex   1.432433e+02 5.240105e+01 -9.252489e+00
      vertex   1.470000e+02 5.240105e+01 -9.252489e+00
      vertex   1.432433e+02 5.254384e+01 -9.352470e+00
    endloop
  endfacet
  facet normal 0.000000e+00 5.735764e-01 8.191520e-01
    outer loop
      vertex   1.432433e+02 5.240105e+01 -9.252489e+00
      vertex   1.432433e+02 5.254384e+01 -9.352470e+00
      vertex   1.394866e+02 5.254384e+01 -9.352470e+00
    endloop
  endfacet
  facet normal -0.000000e+00 4.226183e-01 9.063078e-01
    outer loop
      vertex   1.394866e+02 5.254384e+01 -9.352470e+00
      vertex   1.432433e+02 5.254384e+01 -9.352470e+00
      vertex   1.394866e+02 5.270182e+01 -9.426137e+00
    endloop
  endfacet
  facet normal 0.000000e+00 4.226183e-01 9.063078e-01
    outer loop
      vertex   1.394866e+02 5.254384e+01 -9.352470e+00
      vertex   1.394866e+02 5.270182e+01 -9.426137e+00
      vertex   1.357299e+02 5.270182e+01 -9.426137e+00
    endloop
  endfacet
  facet normal -0.000000e+00 2.588190e-01 9.659258e-01
    outer loop
      vertex   1.357299e+02 5.270182e+01 -9.426137e+00
      vertex   1.394866e+02 5.270182e+01 -9.426137e+00
      vertex   1.357299e+02 5.287019e+01 -9.471252e+00
    endloop
  endfacet
  facet normal 0.000000e+00 2.588190e-01 9.659258e-01
    outer loop
      vertex   1.357299e+02 5.270182e+01 -9.426137e+00
      vertex   1.357299e+02 5.287019e+01 -9.471252e+00
      vertex   1.319732e+02 5.287019e+01 -9.471252e+00
    endloop
  endfacet
  facet normal -0.000000e+00 8.715574e-02 9.961947e-01
    outer loop
      vertex   1.319732e+02 5.287019e+01 -9.471252e+00
      vertex   1.357299e+02 5.287019e+01 -9.471252e+00
      vertex   1.470000e+02 5.304384e+01 -9.486445e+00
    endloop
  endfacet
  facet normal -7.735374e-16 5.735764e-01 8.191520e-01
    outer loop
      vertex   1.470000e+02 5.240105e+01 -9.252489e+00
      vertex   1.470000e+02 5.254384e+01 -9.352470e+00
      vertex   1.432433e+02 5.254384e+01 -9.352470e+00
    endloop
  endfacet
  facet normal -8.570973e-16 4.226183e-01 9.063078e-01
    outer loop
      vertex   1.432433e+02 5.254384e+01 -9.352470e+00
      vertex   1.470000e+02 5.254384e+01 -9.352470e+00
      vertex   1.432433e+02 5.270182e+01 -9.426137e+00
    endloop
  endfacet
  facet normal 0.000000e+00 4.226183e-01 9.063078e-01
    outer loop
      vertex   1.432433e+02 5.254384e+01 -9.352470e+00
      vertex   1.432433e+02 5.270182e+01 -9.426137e+00
      vertex   1.394866e+02 5.270182e+01 -9.426137e+00
    endloop
  endfacet
  facet normal -0.000000e+00 2.588190e-01 9.659258e-01
    outer loop
      vertex   1.394866e+02 5.270182e+01 -9.426137e+00
      vertex   1.432433e+02 5.270182e+01 -9.426137e+00
      vertex   1.394866e+02 5.287019e+01 -9.471252e+00
    endloop
  endfacet
  facet normal 0.000000e+00 2.588190e-01 9.659258e-01
    outer loop
      vertex   1.394866e+02 5.270182e+01 -9.426137e+00
      vertex   1.394866e+02 5.287019e+01 -9.471252e+00
      vertex   1.357299e+02 5.287019e+01 -9.471252e+00
    endloop
  endfacet
  facet normal -0.000000e+00 8.715574e-02 9.961947e-01
    outer loop
      vertex   1.357299e+02 5.287019e+01 -9.471252e+00
      vertex   1.394866e+02 5.287019e+01 -9.471252e+00
      vertex   1.470000e+02 5.304384e+01 -9.486445e+00
    endloop
  endfacet
  facet normal -4.291543e-16 4.226183e-01 9.063078e-01
    outer loop
      vertex   1.470000e+02 5.254384e+01 -9.352470e+00
      vertex   1.470000e+02 5.270182e+01 -9.426137e+00
      vertex   1.432433e+02 5.270182e+01 -9.426137e+00
    endloop
  endfacet
  facet normal -4.567391e-16 2.588190e-01 9.659258e-01
    outer loop
      vertex   1.432433e+02 5.270182e+01 -9.426137e+00
      vertex   1.470000e+02 5.270182e+01 -9.426137e+00
      vertex   1.432433e+02 5.287019e+01 -9.471252e+00
    endloop
  endfacet
  facet normal 0.000000e+00 2.588190e-01 9.659258e-01
    outer loop
      vertex   1.432433e+02 5.270182e+01 -9.426137e+00
      vertex   1.432433e+02 5.287019e+01 -9.471252e+00
      vertex   1.394866e+02 5.287019e+01 -9.471252e+00
    endloop
  endfacet
  facet normal -0.000000e+00 8.715574e-02 9.961947e-01
    outer loop
      vertex   1.394866e+02 5.287019e+01 -9.471252e+00
      vertex   1.432433e+02 5.287019e+01 -9.471252e+00
      vertex   1.470000e+02 5.304384e+01 -9.486445e+00
    endloop
  endfacet
  facet normal 0.000000e+00 2.588190e-01 9.659258e-01
    outer loop
      vertex   1.470000e+02 5.270182e+01 -9.426137e+00
      vertex   1.470000e+02 5.287019e+01 -9.471252e+00
      vertex   1.432433e+02 5.287019e+01 -9.471252e+00
    endloop
  endfacet
  facet normal -0.000000e+00 8.715574e-02 9.961947e-01
    outer loop
      vertex   1.432433e+02 5.287019e+01 -9.471252e+00
      vertex   1.470000e+02 5.287019e+01 -9.471252e+00
      vertex   1.470000e+02 5.304384e+01 -9.486445e+00
    endloop
  endfacet
  facet normal 0.000000e+00 8.715574e-02 9.961947e-01
    outer loop
      vertex   1.169465e+02 5.287019e+01 -9.471252e+00
      vertex   1.470000e+02 5.304384e+01 -9.486445e+00
      vertex   1.131898e+02 5.287019e+01 -9.471252e+00
    endloop
  endfacet
  facet normal -1.735858e-17 8.715574e-02 9.961947e-01
    outer loop
      vertex   1.131898e+02 5.287019e+01 -9.471252e+00
      vertex   1.470000e+02 5.304384e+01 -9.486445e+00
      vertex   7.562282e+01 5.304384e+01 -9.486445e+00
    endloop
  endfacet
  facet normal 0.000000e+00 8.715574e-02 9.961947e-01
    outer loop
      vertex   1.131898e+02 5.287019e+01 -9.471252e+00
      vertex   7.562282e+01 5.304384e+01 -9.486445e+00
      vertex   1.094331e+02 5.287019e+01 -9.471252e+00
    endloop
  endfacet
  facet normal 0.000000e+00 8.715574e-02 9.961947e-01
    outer loop
      vertex   1.094331e+02 5.287019e+01 -9.471252e+00
      vertex   7.562282e+01 5.304384e+01 -9.486445e+00
      vertex   1.056764e+02 5.287019e+01 -9.471252e+00
    endloop
  endfacet
  facet normal 0.000000e+00 2.588190e-01 9.659258e-01
    outer loop
      vertex   1.094331e+02 5.287019e+01 -9.471252e+00
      vertex   1.056764e+02 5.287019e+01 -9.471252e+00
      vertex   1.094331e+02 5.270182e+01 -9.426137e+00
    endloop
  endfacet
  facet normal 0.000000e+00 2.588190e-01 9.659258e-01
    outer loop
      vertex   1.094331e+02 5.270182e+01 -9.426137e+00
      vertex   1.056764e+02 5.287019e+01 -9.471252e+00
      vertex   1.056764e+02 5.270182e+01 -9.426137e+00
    endloop
  endfacet
  facet normal 0.000000e+00 4.226183e-01 9.063078e-01
    outer loop
      vertex   1.094331e+02 5.270182e+01 -9.426137e+00
      vertex   1.056764e+02 5.270182e+01 -9.426137e+00
      vertex   1.094331e+02 5.254384e+01 -9.352470e+00
    endloop
  endfacet
  facet normal 0.000000e+00 4.226183e-01 9.063078e-01
    outer loop
      vertex   1.094331e+02 5.254384e+01 -9.352470e+00
      vertex   1.056764e+02 5.270182e+01 -9.426137e+00
      vertex   1.056764e+02 5.254384e+01 -9.352470e+00
    endloop
  endfacet
  facet normal 0.000000e+00 5.735764e-01 8.191520e-01
    outer loop
      vertex   1.094331e+02 5.254384e+01 -9.352470e+00
      vertex   1.056764e+02 5.254384e+01 -9.352470e+00
      vertex   1.094331e+02 5.240105e+01 -9.252489e+00
    endloop
  endfacet
  facet normal 0.000000e+00 5.735764e-01 8.191520e-01
    outer loop
      vertex   1.094331e+02 5.240105e+01 -9.252489e+00
      vertex   1.056764e+02 5.254384e+01 -9.352470e+00
      vertex   1.056764e+02 5.240105e+01 -9.252489e+00
    endloop
  endfacet
  facet normal 0.000000e+00 7.071068e-01 7.071068e-01
    outer loop
      vertex   1.094331e+02 5.240105e+01 -9.252489e+00
      vertex   1.056764e+02 5.240105e+01 -9.252489e+00
      vertex   1.094331e+02 5.227780e+01 -9.129232e+00
    endloop
  endfacet
  facet normal 0.000000e+00 7.071068e-01 7.071068e-01
    outer loop
      vertex   1.094331e+02 5.227780e+01 -9.129232e+00
      vertex   1.056764e+02 5.240105e+01 -9.252489e+00
      vertex   1.056764e+02 5.227780e+01 -9.129232e+00
    endloop
  endfacet
  facet normal 0.000000e+00 8.191520e-01 5.735764e-01
    outer loop
      vertex   1.094331e+02 5.227780e+01 -9.129232e+00
      vertex   1.056764e+02 5.227780e+01 -9.129232e+00
      vertex   1.094331e+02 5.217781e+01 -8.986445e+00
    endloop
  endfacet
  facet normal 0.000000e+00 8.191520e-01 5.735764e-01
    outer loop
      vertex   1.094331e+02 5.217781e+01 -8.986445e+00
      vertex   1.056764e+02 5.227780e+01 -9.129232e+00
      vertex   1.056764e+02 5.217781e+01 -8.986445e+00
    endloop
  endfacet
  facet normal 0.000000e+00 9.063078e-01 4.226183e-01
    outer loop
      vertex   1.094331e+02 5.217781e+01 -8.986445e+00
      vertex   1.056764e+02 5.217781e+01 -8.986445e+00
      vertex   1.094331e+02 5.210415e+01 -8.828465e+00
    endloop
  endfacet
  facet normal 0.000000e+00 2.588190e-01 9.659258e-01
    outer loop
      vertex   8.689290e+01 5.270182e+01 -9.426137e+00
      vertex   8.313621e+01 5.287019e+01 -9.471252e+00
      vertex   8.313621e+01 5.270182e+01 -9.426137e+00
    endloop
  endfacet
  facet normal 0.000000e+00 2.588190e-01 9.659258e-01
    outer loop
      vertex   8.313621e+01 5.270182e+01 -9.426137e+00
      vertex   8.313621e+01 5.287019e+01 -9.471252e+00
      vertex   7.937951e+01 5.287019e+01 -9.471252e+00
    endloop
  endfacet
  facet normal -0.000000e+00 8.715574e-02 9.961947e-01
    outer loop
      vertex   8.689290e+01 5.287019e+01 -9.471252e+00
      vertex   9.064960e+01 5.287019e+01 -9.471252e+00
      vertex   7.562282e+01 5.304384e+01 -9.486445e+00
    endloop
  endfacet
  facet normal 0.000000e+00 8.715574e-02 9.961947e-01
    outer loop
      vertex   7.562282e+01 5.304384e+01 -9.486445e+00
      vertex   9.064960e+01 5.287019e+01 -9.471252e+00
      vertex   9.440629e+01 5.287019e+01 -9.471252e+00
    endloop
  endfacet
  facet normal 0.000000e+00 8.715574e-02 9.961947e-01
    outer loop
      vertex   7.562282e+01 5.304384e+01 -9.486445e+00
      vertex   9.440629e+01 5.287019e+01 -9.471252e+00
      vertex   9.816298e+01 5.287019e+01 -9.471252e+00
    endloop
  endfacet
  facet normal 0.000000e+00 2.588190e-01 9.659258e-01
    outer loop
      vertex   9.816298e+01 5.287019e+01 -9.471252e+00
      vertex   9.440629e+01 5.287019e+01 -9.471252e+00
      vertex   9.816298e+01 5.270182e+01 -9.426137e+00
    endloop
  endfacet
  facet normal 0.000000e+00 2.588190e-01 9.659258e-01
    outer loop
      vertex   9.816298e+01 5.287019e+01 -9.471252e+00
      vertex   9.816298e+01 5.270182e+01 -9.426137e+00
      vertex   1.019197e+02 5.270182e+01 -9.426137e+00
    endloop
  endfacet
  facet normal 0.000000e+00 4.226183e-01 9.063078e-01
    outer loop
      vertex   1.019197e+02 5.270182e+01 -9.426137e+00
      vertex   9.816298e+01 5.270182e+01 -9.426137e+00
      vertex   1.019197e+02 5.254384e+01 -9.352470e+00
    endloop
  endfacet
  facet normal 0.000000e+00 4.226183e-01 9.063078e-01
    outer loop
      vertex   1.019197e+02 5.270182e+01 -9.426137e+00
      vertex   1.019197e+02 5.254384e+01 -9.352470e+00
      vertex   1.056764e+02 5.254384e+01 -9.352470e+00
    endloop
  endfacet
  facet normal 0.000000e+00 5.735764e-01 8.191520e-01
    outer loop
      vertex   1.056764e+02 5.254384e+01 -9.352470e+00
      vertex   1.019197e+02 5.254384e+01 -9.352470e+00
      vertex   1.056764e+02 5.240105e+01 -9.252489e+00
    endloop
  endfacet
  facet normal -0.000000e+00 2.588190e-01 9.659258e-01
    outer loop
      vertex   8.689290e+01 5.287019e+01 -9.471252e+00
      vertex   9.064960e+01 5.270182e+01 -9.426137e+00
      vertex   9.064960e+01 5.287019e+01 -9.471252e+00
    endloop
  endfacet
  facet normal 4.569699e-16 2.588190e-01 9.659258e-01
    outer loop
      vertex   9.064960e+01 5.287019e+01 -9.471252e+00
      vertex   9.064960e+01 5.270182e+01 -9.426137e+00
      vertex   9.440629e+01 5.270182e+01 -9.426137e+00
    endloop
  endfacet
  facet normal -0.000000e+00 2.588190e-01 9.659258e-01
    outer loop
      vertex   9.064960e+01 5.287019e+01 -9.471252e+00
      vertex   9.440629e+01 5.270182e+01 -9.426137e+00
      vertex   9.440629e+01 5.287019e+01 -9.471252e+00
    endloop
  endfacet
  facet normal 0.000000e+00 2.588190e-01 9.659258e-01
    outer loop
      vertex   9.440629e+01 5.287019e+01 -9.471252e+00
      vertex   9.440629e+01 5.270182e+01 -9.426137e+00
      vertex   9.816298e+01 5.270182e+01 -9.426137e+00
    endloop
  endfacet
  facet normal 0.000000e+00 8.715574e-02 9.961947e-01
    outer loop
      vertex   1.056764e+02 5.287019e+01 -9.471252e+00
      vertex   7.562282e+01 5.304384e+01 -9.486445e+00
      vertex   1.019197e+02 5.287019e+01 -9.471252e+00
    endloop
  endfacet
  facet normal 0.000000e+00 8.715574e-02 9.961947e-01
    outer loop
      vertex   1.019197e+02 5.287019e+01 -9.471252e+00
      vertex   7.562282e+01 5.304384e+01 -9.486445e+00
      vertex   9.816298e+01 5.287019e+01 -9.471252e+00
    endloop
  endfacet
  facet normal 0.000000e+00 2.588190e-01 9.659258e-01
    outer loop
      vertex   1.019197e+02 5.287019e+01 -9.471252e+00
      vertex   9.816298e+01 5.287019e+01 -9.471252e+00
      vertex   1.019197e+02 5.270182e+01 -9.426137e+00
    endloop
  endfacet
  facet normal 0.000000e+00 2.588190e-01 9.659258e-01
    outer loop
      vertex   1.056764e+02 5.270182e+01 -9.426137e+00
      vertex   1.056764e+02 5.287019e+01 -9.471252e+00
      vertex   1.019197e+02 5.287019e+01 -9.471252e+00
    endloop
  endfacet
  facet normal 0.000000e+00 2.588190e-01 9.659258e-01
    outer loop
      vertex   1.056764e+02 5.270182e+01 -9.426137e+00
      vertex   1.019197e+02 5.287019e+01 -9.471252e+00
      vertex   1.019197e+02 5.270182e+01 -9.426137e+00
    endloop
  endfacet
  facet normal 0.000000e+00 2.588190e-01 9.659258e-01
    outer loop
      vertex   1.169465e+02 5.270182e+01 -9.426137e+00
      vertex   1.169465e+02 5.287019e+01 -9.471252e+00
      vertex   1.131898e+02 5.287019e+01 -9.471252e+00
    endloop
  endfacet
  facet normal 0.000000e+00 2.588190e-01 9.659258e-01
    outer loop
      vertex   1.131898e+02 5.287019e+01 -9.471252e+00
      vertex   1.094331e+02 5.287019e+01 -9.471252e+00
      vertex   1.131898e+02 5.270182e+01 -9.426137e+00
    endloop
  endfacet
  facet normal 0.000000e+00 2.588190e-01 9.659258e-01
    outer loop
      vertex   1.131898e+02 5.270182e+01 -9.426137e+00
      vertex   1.094331e+02 5.287019e+01 -9.471252e+00
      vertex   1.094331e+02 5.270182e+01 -9.426137e+00
    endloop
  endfacet
  facet normal 0.000000e+00 4.226183e-01 9.063078e-01
    outer loop
      vertex   1.131898e+02 5.270182e+01 -9.426137e+00
      vertex   1.094331e+02 5.270182e+01 -9.426137e+00
      vertex   1.131898e+02 5.254384e+01 -9.352470e+00
    endloop
  endfacet
  facet normal 0.000000e+00 4.226183e-01 9.063078e-01
    outer loop
      vertex   1.131898e+02 5.254384e+01 -9.352470e+00
      vertex   1.094331e+02 5.270182e+01 -9.426137e+00
      vertex   1.094331e+02 5.254384e+01 -9.352470e+00
    endloop
  endfacet
  facet normal 0.000000e+00 5.735764e-01 8.191520e-01
    outer loop
      vertex   1.131898e+02 5.254384e+01 -9.352470e+00
      vertex   1.094331e+02 5.254384e+01 -9.352470e+00
      vertex   1.131898e+02 5.240105e+01 -9.252489e+00
    endloop
  endfacet
  facet normal 0.000000e+00 5.735764e-01 8.191520e-01
    outer loop
      vertex   1.131898e+02 5.240105e+01 -9.252489e+00
      vertex   1.094331e+02 5.254384e+01 -9.352470e+00
      vertex   1.094331e+02 5.240105e+01 -9.252489e+00
    endloop
  endfacet
  facet normal 0.000000e+00 7.071068e-01 7.071068e-01
    outer loop
      vertex   1.131898e+02 5.240105e+01 -9.252489e+00
      vertex   1.094331e+02 5.240105e+01 -9.252489e+00
      vertex   1.131898e+02 5.227780e+01 -9.129232e+00
    endloop
  endfacet
  facet normal 0.000000e+00 7.071068e-01 7.071068e-01
    outer loop
      vertex   1.131898e+02 5.227780e+01 -9.129232e+00
      vertex   1.094331e+02 5.240105e+01 -9.252489e+00
      vertex   1.094331e+02 5.227780e+01 -9.129232e+00
    endloop
  endfacet
  facet normal 0.000000e+00 8.191520e-01 5.735764e-01
    outer loop
      vertex   1.131898e+02 5.227780e+01 -9.129232e+00
      vertex   1.094331e+02 5.227780e+01 -9.129232e+00
      vertex   1.131898e+02 5.217781e+01 -8.986445e+00
    endloop
  endfacet
  facet normal 0.000000e+00 8.191520e-01 5.735764e-01
    outer loop
      vertex   1.131898e+02 5.217781e+01 -8.986445e+00
      vertex   1.094331e+02 5.227780e+01 -9.129232e+00
      vertex   1.094331e+02 5.217781e+01 -8.986445e+00
    endloop
  endfacet
  facet normal 0.000000e+00 9.063078e-01 4.226183e-01
    outer loop
      vertex   1.131898e+02 5.217781e+01 -8.986445e+00
      vertex   1.094331e+02 5.217781e+01 -8.986445e+00
      vertex   1.131898e+02 5.210415e+01 -8.828465e+00
    endloop
  endfacet
  facet normal 0.000000e+00 9.063078e-01 4.226183e-01
    outer loop
      vertex   1.131898e+02 5.210415e+01 -8.828465e+00
      vertex   1.094331e+02 5.217781e+01 -8.986445e+00
      vertex   1.094331e+02 5.210415e+01 -8.828465e+00
    endloop
  endfacet
  facet normal 0.000000e+00 9.659258e-01 2.588190e-01
    outer loop
      vertex   1.131898e+02 5.210415e+01 -8.828465e+00
      vertex   1.094331e+02 5.210415e+01 -8.828465e+00
      vertex   1.131898e+02 5.205903e+01 -8.660093e+00
    endloop
  endfacet
  facet normal 0.000000e+00 2.588190e-01 9.659258e-01
    outer loop
      vertex   1.244598e+02 5.287019e+01 -9.471252e+00
      vertex   1.207031e+02 5.287019e+01 -9.471252e+00
      vertex   1.244598e+02 5.270182e+01 -9.426137e+00
    endloop
  endfacet
  facet normal 0.000000e+00 2.588190e-01 9.659258e-01
    outer loop
      vertex   1.244598e+02 5.270182e+01 -9.426137e+00
      vertex   1.207031e+02 5.287019e+01 -9.471252e+00
      vertex   1.207031e+02 5.270182e+01 -9.426137e+00
    endloop
  endfacet
  facet normal 0.000000e+00 4.226183e-01 9.063078e-01
    outer loop
      vertex   1.244598e+02 5.270182e+01 -9.426137e+00
      vertex   1.207031e+02 5.270182e+01 -9.426137e+00
      vertex   1.244598e+02 5.254384e+01 -9.352470e+00
    endloop
  endfacet
  facet normal 4.285487e-16 4.226183e-01 9.063078e-01
    outer loop
      vertex   1.244598e+02 5.254384e+01 -9.352470e+00
      vertex   1.207031e+02 5.270182e+01 -9.426137e+00
      vertex   1.207031e+02 5.254384e+01 -9.352470e+00
    endloop
  endfacet
  facet normal 3.873370e-16 5.735764e-01 8.191520e-01
    outer loop
      vertex   1.244598e+02 5.254384e+01 -9.352470e+00
      vertex   1.207031e+02 5.254384e+01 -9.352470e+00
      vertex   1.244598e+02 5.240105e+01 -9.252489e+00
    endloop
  endfacet
  facet normal 0.000000e+00 4.226183e-01 9.063078e-01
    outer loop
      vertex   8.313621e+01 5.254384e+01 -9.352470e+00
      vertex   7.937951e+01 5.270182e+01 -9.426137e+00
      vertex   7.937951e+01 5.254384e+01 -9.352470e+00
    endloop
  endfacet
  facet normal 0.000000e+00 4.226183e-01 9.063078e-01
    outer loop
      vertex   9.064960e+01 5.254384e+01 -9.352470e+00
      vertex   8.689290e+01 5.270182e+01 -9.426137e+00
      vertex   8.689290e+01 5.254384e+01 -9.352470e+00
    endloop
  endfacet
  facet normal 0.000000e+00 4.226183e-01 9.063078e-01
    outer loop
      vertex   8.689290e+01 5.254384e+01 -9.352470e+00
      vertex   8.689290e+01 5.270182e+01 -9.426137e+00
      vertex   8.313621e+01 5.270182e+01 -9.426137e+00
    endloop
  endfacet
  facet normal 4.285487e-16 4.226183e-01 9.063078e-01
    outer loop
      vertex   9.064960e+01 5.270182e+01 -9.426137e+00
      vertex   9.440629e+01 5.254384e+01 -9.352470e+00
      vertex   9.440629e+01 5.270182e+01 -9.426137e+00
    endloop
  endfacet
  facet normal 0.000000e+00 4.226183e-01 9.063078e-01
    outer loop
      vertex   9.440629e+01 5.270182e+01 -9.426137e+00
      vertex   9.440629e+01 5.254384e+01 -9.352470e+00
      vertex   9.816298e+01 5.254384e+01 -9.352470e+00
    endloop
  endfacet
  facet normal -0.000000e+00 4.226183e-01 9.063078e-01
    outer loop
      vertex   9.440629e+01 5.270182e+01 -9.426137e+00
      vertex   9.816298e+01 5.254384e+01 -9.352470e+00
      vertex   9.816298e+01 5.270182e+01 -9.426137e+00
    endloop
  endfacet
  facet normal 0.000000e+00 4.226183e-01 9.063078e-01
    outer loop
      vertex   9.816298e+01 5.270182e+01 -9.426137e+00
      vertex   9.816298e+01 5.254384e+01 -9.352470e+00
      vertex   1.019197e+02 5.254384e+01 -9.352470e+00
    endloop
  endfacet
  facet normal 0.000000e+00 4.226183e-01 9.063078e-01
    outer loop
      vertex   1.056764e+02 5.254384e+01 -9.352470e+00
      vertex   1.056764e+02 5.270182e+01 -9.426137e+00
      vertex   1.019197e+02 5.270182e+01 -9.426137e+00
    endloop
  endfacet
  facet normal -1.597408e-15 4.226183e-01 9.063078e-01
    outer loop
      vertex   1.169465e+02 5.254384e+01 -9.352470e+00
      vertex   1.169465e+02 5.270182e+01 -9.426137e+00
      vertex   1.131898e+02 5.270182e+01 -9.426137e+00
    endloop
  endfacet
  facet normal -9.790630e-16 2.588190e-01 9.659258e-01
    outer loop
      vertex   1.131898e+02 5.270182e+01 -9.426137e+00
      vertex   1.169465e+02 5.270182e+01 -9.426137e+00
      vertex   1.131898e+02 5.287019e+01 -9.471252e+00
    endloop
  endfacet
  facet normal 0.000000e+00 4.226183e-01 9.063078e-01
    outer loop
      vertex   1.169465e+02 5.254384e+01 -9.352470e+00
      vertex   1.131898e+02 5.270182e+01 -9.426137e+00
      vertex   1.131898e+02 5.254384e+01 -9.352470e+00
    endloop
  endfacet
  facet normal 0.000000e+00 2.588190e-01 9.659258e-01
    outer loop
      vertex   1.244598e+02 5.287019e+01 -9.471252e+00
      vertex   1.244598e+02 5.270182e+01 -9.426137e+00
      vertex   1.282165e+02 5.270182e+01 -9.426137e+00
    endloop
  endfacet
  facet normal 0.000000e+00 4.226183e-01 9.063078e-01
    outer loop
      vertex   1.282165e+02 5.270182e+01 -9.426137e+00
      vertex   1.244598e+02 5.270182e+01 -9.426137e+00
      vertex   1.282165e+02 5.254384e+01 -9.352470e+00
    endloop
  endfacet
  facet normal 0.000000e+00 4.226183e-01 9.063078e-01
    outer loop
      vertex   1.282165e+02 5.270182e+01 -9.426137e+00
      vertex   1.282165e+02 5.254384e+01 -9.352470e+00
      vertex   1.319732e+02 5.254384e+01 -9.352470e+00
    endloop
  endfacet
  facet normal 0.000000e+00 5.735764e-01 8.191520e-01
    outer loop
      vertex   1.319732e+02 5.254384e+01 -9.352470e+00
      vertex   1.282165e+02 5.254384e+01 -9.352470e+00
      vertex   1.319732e+02 5.240105e+01 -9.252489e+00
    endloop
  endfacet
  facet normal 0.000000e+00 5.735764e-01 8.191520e-01
    outer loop
      vertex   1.319732e+02 5.254384e+01 -9.352470e+00
      vertex   1.319732e+02 5.240105e+01 -9.252489e+00
      vertex   1.357299e+02 5.240105e+01 -9.252489e+00
    endloop
  endfacet
  facet normal 0.000000e+00 7.071068e-01 7.071068e-01
    outer loop
      vertex   1.357299e+02 5.240105e+01 -9.252489e+00
      vertex   1.319732e+02 5.240105e+01 -9.252489e+00
      vertex   1.357299e+02 5.227780e+01 -9.129232e+00
    endloop
  endfacet
  facet normal 0.000000e+00 7.071068e-01 7.071068e-01
    outer loop
      vertex   1.357299e+02 5.240105e+01 -9.252489e+00
      vertex   1.357299e+02 5.227780e+01 -9.129232e+00
      vertex   1.394866e+02 5.227780e+01 -9.129232e+00
    endloop
  endfacet
  facet normal 0.000000e+00 8.191520e-01 5.735764e-01
    outer loop
      vertex   1.394866e+02 5.227780e+01 -9.129232e+00
      vertex   1.357299e+02 5.227780e+01 -9.129232e+00
      vertex   1.394866e+02 5.217781e+01 -8.986445e+00
    endloop
  endfacet
  facet normal 0.000000e+00 8.191520e-01 5.735764e-01
    outer loop
      vertex   1.394866e+02 5.227780e+01 -9.129232e+00
      vertex   1.394866e+02 5.217781e+01 -8.986445e+00
      vertex   1.432433e+02 5.217781e+01 -8.986445e+00
    endloop
  endfacet
  facet normal 0.000000e+00 9.063078e-01 4.226183e-01
    outer loop
      vertex   1.432433e+02 5.217781e+01 -8.986445e+00
      vertex   1.394866e+02 5.217781e+01 -8.986445e+00
      vertex   1.432433e+02 5.210415e+01 -8.828465e+00
    endloop
  endfacet
  facet normal -1.598684e-15 4.226183e-01 9.063078e-01
    outer loop
      vertex   1.282165e+02 5.254384e+01 -9.352470e+00
      vertex   1.244598e+02 5.270182e+01 -9.426137e+00
      vertex   1.244598e+02 5.254384e+01 -9.352470e+00
    endloop
  endfacet
  facet normal 0.000000e+00 5.735764e-01 8.191520e-01
    outer loop
      vertex   8.313621e+01 5.254384e+01 -9.352470e+00
      vertex   7.937951e+01 5.254384e+01 -9.352470e+00
      vertex   8.313621e+01 5.240105e+01 -9.252489e+00
    endloop
  endfacet
  facet normal 0.000000e+00 5.735764e-01 8.191520e-01
    outer loop
      vertex   8.313621e+01 5.240105e+01 -9.252489e+00
      vertex   7.937951e+01 5.254384e+01 -9.352470e+00
      vertex   7.937951e+01 5.240105e+01 -9.252489e+00
    endloop
  endfacet
  facet normal 0.000000e+00 7.071068e-01 7.071068e-01
    outer loop
      vertex   8.313621e+01 5.240105e+01 -9.252489e+00
      vertex   7.937951e+01 5.240105e+01 -9.252489e+00
      vertex   8.313621e+01 5.227780e+01 -9.129232e+00
    endloop
  endfacet
  facet normal 0.000000e+00 7.071068e-01 7.071068e-01
    outer loop
      vertex   8.313621e+01 5.227780e+01 -9.129232e+00
      vertex   7.937951e+01 5.240105e+01 -9.252489e+00
      vertex   7.937951e+01 5.227780e+01 -9.129232e+00
    endloop
  endfacet
  facet normal 0.000000e+00 8.191520e-01 5.735764e-01
    outer loop
      vertex   8.313621e+01 5.227780e+01 -9.129232e+00
      vertex   7.937951e+01 5.227780e+01 -9.129232e+00
      vertex   8.313621e+01 5.217781e+01 -8.986445e+00
    endloop
  endfacet
  facet normal 2.712163e-16 8.191520e-01 5.735764e-01
    outer loop
      vertex   8.313621e+01 5.217781e+01 -8.986445e+00
      vertex   7.937951e+01 5.227780e+01 -9.129232e+00
      vertex   7.937951e+01 5.217781e+01 -8.986445e+00
    endloop
  endfacet
  facet normal 1.998355e-16 9.063078e-01 4.226183e-01
    outer loop
      vertex   8.313621e+01 5.217781e+01 -8.986445e+00
      vertex   7.937951e+01 5.217781e+01 -8.986445e+00
      vertex   8.313621e+01 5.210415e+01 -8.828465e+00
    endloop
  endfacet
  facet normal 0.000000e+00 9.063078e-01 4.226183e-01
    outer loop
      vertex   8.313621e+01 5.210415e+01 -8.828465e+00
      vertex   7.937951e+01 5.217781e+01 -8.986445e+00
      vertex   7.937951e+01 5.210415e+01 -8.828465e+00
    endloop
  endfacet
  facet normal 0.000000e+00 9.659258e-01 2.588190e-01
    outer loop
      vertex   8.313621e+01 5.210415e+01 -8.828465e+00
      vertex   7.937951e+01 5.210415e+01 -8.828465e+00
      vertex   8.313621e+01 5.205903e+01 -8.660093e+00
    endloop
  endfacet
  facet normal 0.000000e+00 9.659258e-01 2.588190e-01
    outer loop
      vertex   8.313621e+01 5.205903e+01 -8.660093e+00
      vertex   7.937951e+01 5.210415e+01 -8.828465e+00
      vertex   7.937951e+01 5.205903e+01 -8.660093e+00
    endloop
  endfacet
  facet normal 0.000000e+00 9.961947e-01 8.715574e-02
    outer loop
      vertex   8.313621e+01 5.205903e+01 -8.660093e+00
      vertex   7.937951e+01 5.205903e+01 -8.660093e+00
      vertex   7.562282e+01 5.204384e+01 -8.486445e+00
    endloop
  endfacet
  facet normal 0.000000e+00 5.735764e-01 8.191520e-01
    outer loop
      vertex   9.440629e+01 5.240105e+01 -9.252489e+00
      vertex   9.064960e+01 5.254384e+01 -9.352470e+00
      vertex   9.064960e+01 5.240105e+01 -9.252489e+00
    endloop
  endfacet
  facet normal 0.000000e+00 5.735764e-01 8.191520e-01
    outer loop
      vertex   9.064960e+01 5.240105e+01 -9.252489e+00
      vertex   9.064960e+01 5.254384e+01 -9.352470e+00
      vertex   8.689290e+01 5.254384e+01 -9.352470e+00
    endloop
  endfacet
  facet normal -0.000000e+00 5.735764e-01 8.191520e-01
    outer loop
      vertex   9.440629e+01 5.254384e+01 -9.352470e+00
      vertex   9.816298e+01 5.240105e+01 -9.252489e+00
      vertex   9.816298e+01 5.254384e+01 -9.352470e+00
    endloop
  endfacet
  facet normal 0.000000e+00 5.735764e-01 8.191520e-01
    outer loop
      vertex   9.816298e+01 5.254384e+01 -9.352470e+00
      vertex   9.816298e+01 5.240105e+01 -9.252489e+00
      vertex   1.019197e+02 5.240105e+01 -9.252489e+00
    endloop
  endfacet
  facet normal -0.000000e+00 5.735764e-01 8.191520e-01
    outer loop
      vertex   9.816298e+01 5.254384e+01 -9.352470e+00
      vertex   1.019197e+02 5.240105e+01 -9.252489e+00
      vertex   1.019197e+02 5.254384e+01 -9.352470e+00
    endloop
  endfacet
  facet normal 0.000000e+00 5.735764e-01 8.191520e-01
    outer loop
      vertex   1.019197e+02 5.254384e+01 -9.352470e+00
      vertex   1.019197e+02 5.240105e+01 -9.252489e+00
      vertex   1.056764e+02 5.240105e+01 -9.252489e+00
    endloop
  endfacet
  facet normal 0.000000e+00 5.735764e-01 8.191520e-01
    outer loop
      vertex   1.169465e+02 5.240105e+01 -9.252489e+00
      vertex   1.169465e+02 5.254384e+01 -9.352470e+00
      vertex   1.131898e+02 5.254384e+01 -9.352470e+00
    endloop
  endfacet
  facet normal 0.000000e+00 5.735764e-01 8.191520e-01
    outer loop
      vertex   1.169465e+02 5.240105e+01 -9.252489e+00
      vertex   1.131898e+02 5.254384e+01 -9.352470e+00
      vertex   1.131898e+02 5.240105e+01 -9.252489e+00
    endloop
  endfacet
  facet normal -2.169730e-15 5.735764e-01 8.191520e-01
    outer loop
      vertex   1.282165e+02 5.254384e+01 -9.352470e+00
      vertex   1.244598e+02 5.254384e+01 -9.352470e+00
      vertex   1.282165e+02 5.240105e+01 -9.252489e+00
    endloop
  endfacet
  facet normal 0.000000e+00 5.735764e-01 8.191520e-01
    outer loop
      vertex   1.282165e+02 5.240105e+01 -9.252489e+00
      vertex   1.244598e+02 5.254384e+01 -9.352470e+00
      vertex   1.244598e+02 5.240105e+01 -9.252489e+00
    endloop
  endfacet
  facet normal 0.000000e+00 7.071068e-01 7.071068e-01
    outer loop
      vertex   1.282165e+02 5.240105e+01 -9.252489e+00
      vertex   1.244598e+02 5.240105e+01 -9.252489e+00
      vertex   1.282165e+02 5.227780e+01 -9.129232e+00
    endloop
  endfacet
  facet normal 3.867687e-16 5.735764e-01 8.191520e-01
    outer loop
      vertex   8.313621e+01 5.254384e+01 -9.352470e+00
      vertex   8.313621e+01 5.240105e+01 -9.252489e+00
      vertex   8.689290e+01 5.240105e+01 -9.252489e+00
    endloop
  endfacet
  facet normal 3.343562e-16 7.071068e-01 7.071068e-01
    outer loop
      vertex   8.689290e+01 5.240105e+01 -9.252489e+00
      vertex   8.313621e+01 5.240105e+01 -9.252489e+00
      vertex   8.689290e+01 5.227780e+01 -9.129232e+00
    endloop
  endfacet
  facet normal 0.000000e+00 7.071068e-01 7.071068e-01
    outer loop
      vertex   8.689290e+01 5.240105e+01 -9.252489e+00
      vertex   8.689290e+01 5.227780e+01 -9.129232e+00
      vertex   9.064960e+01 5.227780e+01 -9.129232e+00
    endloop
  endfacet
  facet normal 0.000000e+00 8.191520e-01 5.735764e-01
    outer loop
      vertex   9.064960e+01 5.227780e+01 -9.129232e+00
      vertex   8.689290e+01 5.227780e+01 -9.129232e+00
      vertex   9.064960e+01 5.217781e+01 -8.986445e+00
    endloop
  endfacet
  facet normal 0.000000e+00 8.191520e-01 5.735764e-01
    outer loop
      vertex   9.064960e+01 5.227780e+01 -9.129232e+00
      vertex   9.064960e+01 5.217781e+01 -8.986445e+00
      vertex   9.440629e+01 5.217781e+01 -8.986445e+00
    endloop
  endfacet
  facet normal 0.000000e+00 9.063078e-01 4.226183e-01
    outer loop
      vertex   9.440629e+01 5.217781e+01 -8.986445e+00
      vertex   9.064960e+01 5.217781e+01 -8.986445e+00
      vertex   9.440629e+01 5.210415e+01 -8.828465e+00
    endloop
  endfacet
  facet normal 0.000000e+00 9.063078e-01 4.226183e-01
    outer loop
      vertex   9.440629e+01 5.217781e+01 -8.986445e+00
      vertex   9.440629e+01 5.210415e+01 -8.828465e+00
      vertex   9.816298e+01 5.210415e+01 -8.828465e+00
    endloop
  endfacet
  facet normal 0.000000e+00 9.659258e-01 2.588190e-01
    outer loop
      vertex   9.816298e+01 5.210415e+01 -8.828465e+00
      vertex   9.440629e+01 5.210415e+01 -8.828465e+00
      vertex   9.816298e+01 5.205903e+01 -8.660093e+00
    endloop
  endfacet
  facet normal 0.000000e+00 9.659258e-01 2.588190e-01
    outer loop
      vertex   9.816298e+01 5.210415e+01 -8.828465e+00
      vertex   9.816298e+01 5.205903e+01 -8.660093e+00
      vertex   1.019197e+02 5.205903e+01 -8.660093e+00
    endloop
  endfacet
  facet normal 0.000000e+00 9.961947e-01 8.715574e-02
    outer loop
      vertex   1.019197e+02 5.205903e+01 -8.660093e+00
      vertex   9.816298e+01 5.205903e+01 -8.660093e+00
      vertex   7.562282e+01 5.204384e+01 -8.486445e+00
    endloop
  endfacet
  facet normal 3.343562e-16 7.071068e-01 7.071068e-01
    outer loop
      vertex   8.689290e+01 5.227780e+01 -9.129232e+00
      vertex   8.313621e+01 5.240105e+01 -9.252489e+00
      vertex   8.313621e+01 5.227780e+01 -9.129232e+00
    endloop
  endfacet
  facet normal 0.000000e+00 7.071068e-01 7.071068e-01
    outer loop
      vertex   9.816298e+01 5.227780e+01 -9.129232e+00
      vertex   9.440629e+01 5.240105e+01 -9.252489e+00
      vertex   9.440629e+01 5.227780e+01 -9.129232e+00
    endloop
  endfacet
  facet normal 0.000000e+00 7.071068e-01 7.071068e-01
    outer loop
      vertex   9.440629e+01 5.227780e+01 -9.129232e+00
      vertex   9.440629e+01 5.240105e+01 -9.252489e+00
      vertex   9.064960e+01 5.240105e+01 -9.252489e+00
    endloop
  endfacet
  facet normal 0.000000e+00 7.071068e-01 7.071068e-01
    outer loop
      vertex   1.056764e+02 5.227780e+01 -9.129232e+00
      vertex   1.056764e+02 5.240105e+01 -9.252489e+00
      vertex   1.019197e+02 5.240105e+01 -9.252489e+00
    endloop
  endfacet
  facet normal 0.000000e+00 7.071068e-01 7.071068e-01
    outer loop
      vertex   1.056764e+02 5.227780e+01 -9.129232e+00
      vertex   1.019197e+02 5.240105e+01 -9.252489e+00
      vertex   1.019197e+02 5.227780e+01 -9.129232e+00
    endloop
  endfacet
  facet normal 0.000000e+00 7.071068e-01 7.071068e-01
    outer loop
      vertex   1.019197e+02 5.227780e+01 -9.129232e+00
      vertex   1.019197e+02 5.240105e+01 -9.252489e+00
      vertex   9.816298e+01 5.240105e+01 -9.252489e+00
    endloop
  endfacet
  facet normal 0.000000e+00 7.071068e-01 7.071068e-01
    outer loop
      vertex   1.169465e+02 5.227780e+01 -9.129232e+00
      vertex   1.169465e+02 5.240105e+01 -9.252489e+00
      vertex   1.131898e+02 5.240105e+01 -9.252489e+00
    endloop
  endfacet
  facet normal 0.000000e+00 7.071068e-01 7.071068e-01
    outer loop
      vertex   1.169465e+02 5.227780e+01 -9.129232e+00
      vertex   1.131898e+02 5.240105e+01 -9.252489e+00
      vertex   1.131898e+02 5.227780e+01 -9.129232e+00
    endloop
  endfacet
  facet normal 0.000000e+00 7.071068e-01 7.071068e-01
    outer loop
      vertex   1.244598e+02 5.227780e+01 -9.129232e+00
      vertex   1.207031e+02 5.240105e+01 -9.252489e+00
      vertex   1.207031e+02 5.227780e+01 -9.129232e+00
    endloop
  endfacet
  facet normal 0.000000e+00 5.735764e-01 8.191520e-01
    outer loop
      vertex   1.282165e+02 5.254384e+01 -9.352470e+00
      vertex   1.282165e+02 5.240105e+01 -9.252489e+00
      vertex   1.319732e+02 5.240105e+01 -9.252489e+00
    endloop
  endfacet
  facet normal 0.000000e+00 7.071068e-01 7.071068e-01
    outer loop
      vertex   1.319732e+02 5.240105e+01 -9.252489e+00
      vertex   1.282165e+02 5.240105e+01 -9.252489e+00
      vertex   1.319732e+02 5.227780e+01 -9.129232e+00
    endloop
  endfacet
  facet normal -1.337796e-15 7.071068e-01 7.071068e-01
    outer loop
      vertex   1.319732e+02 5.240105e+01 -9.252489e+00
      vertex   1.319732e+02 5.227780e+01 -9.129232e+00
      vertex   1.357299e+02 5.227780e+01 -9.129232e+00
    endloop
  endfacet
  facet normal -1.549348e-15 8.191520e-01 5.735764e-01
    outer loop
      vertex   1.357299e+02 5.227780e+01 -9.129232e+00
      vertex   1.319732e+02 5.227780e+01 -9.129232e+00
      vertex   1.357299e+02 5.217781e+01 -8.986445e+00
    endloop
  endfacet
  facet normal 0.000000e+00 8.191520e-01 5.735764e-01
    outer loop
      vertex   1.357299e+02 5.227780e+01 -9.129232e+00
      vertex   1.357299e+02 5.217781e+01 -8.986445e+00
      vertex   1.394866e+02 5.217781e+01 -8.986445e+00
    endloop
  endfacet
  facet normal 0.000000e+00 9.063078e-01 4.226183e-01
    outer loop
      vertex   1.394866e+02 5.217781e+01 -8.986445e+00
      vertex   1.357299e+02 5.217781e+01 -8.986445e+00
      vertex   1.394866e+02 5.210415e+01 -8.828465e+00
    endloop
  endfacet
  facet normal 0.000000e+00 9.063078e-01 4.226183e-01
    outer loop
      vertex   1.394866e+02 5.217781e+01 -8.986445e+00
      vertex   1.394866e+02 5.210415e+01 -8.828465e+00
      vertex   1.432433e+02 5.210415e+01 -8.828465e+00
    endloop
  endfacet
  facet normal 0.000000e+00 9.659258e-01 2.588190e-01
    outer loop
      vertex   1.432433e+02 5.210415e+01 -8.828465e+00
      vertex   1.394866e+02 5.210415e+01 -8.828465e+00
      vertex   1.432433e+02 5.205903e+01 -8.660093e+00
    endloop
  endfacet
  facet normal 0.000000e+00 7.071068e-01 7.071068e-01
    outer loop
      vertex   1.319732e+02 5.227780e+01 -9.129232e+00
      vertex   1.282165e+02 5.240105e+01 -9.252489e+00
      vertex   1.282165e+02 5.227780e+01 -9.129232e+00
    endloop
  endfacet
  facet normal 2.712163e-16 8.191520e-01 5.735764e-01
    outer loop
      vertex   8.689290e+01 5.227780e+01 -9.129232e+00
      vertex   8.313621e+01 5.227780e+01 -9.129232e+00
      vertex   8.689290e+01 5.217781e+01 -8.986445e+00
    endloop
  endfacet
  facet normal 0.000000e+00 8.191520e-01 5.735764e-01
    outer loop
      vertex   8.689290e+01 5.217781e+01 -8.986445e+00
      vertex   8.313621e+01 5.227780e+01 -9.129232e+00
      vertex   8.313621e+01 5.217781e+01 -8.986445e+00
    endloop
  endfacet
  facet normal 0.000000e+00 9.063078e-01 4.226183e-01
    outer loop
      vertex   8.689290e+01 5.217781e+01 -8.986445e+00
      vertex   8.313621e+01 5.217781e+01 -8.986445e+00
      vertex   8.689290e+01 5.210415e+01 -8.828465e+00
    endloop
  endfacet
  facet normal 0.000000e+00 9.063078e-01 4.226183e-01
    outer loop
      vertex   8.689290e+01 5.210415e+01 -8.828465e+00
      vertex   8.313621e+01 5.217781e+01 -8.986445e+00
      vertex   8.313621e+01 5.210415e+01 -8.828465e+00
    endloop
  endfacet
  facet normal 0.000000e+00 9.659258e-01 2.588190e-01
    outer loop
      vertex   8.689290e+01 5.210415e+01 -8.828465e+00
      vertex   8.313621e+01 5.210415e+01 -8.828465e+00
      vertex   8.689290e+01 5.205903e+01 -8.660093e+00
    endloop
  endfacet
  facet normal 0.000000e+00 9.659258e-01 2.588190e-01
    outer loop
      vertex   8.689290e+01 5.205903e+01 -8.660093e+00
      vertex   8.313621e+01 5.210415e+01 -8.828465e+00
      vertex   8.313621e+01 5.205903e+01 -8.660093e+00
    endloop
  endfacet
  facet normal 0.000000e+00 9.961947e-01 8.715574e-02
    outer loop
      vertex   8.689290e+01 5.205903e+01 -8.660093e+00
      vertex   8.313621e+01 5.205903e+01 -8.660093e+00
      vertex   7.562282e+01 5.204384e+01 -8.486445e+00
    endloop
  endfacet
  facet normal 0.000000e+00 8.191520e-01 5.735764e-01
    outer loop
      vertex   1.019197e+02 5.217781e+01 -8.986445e+00
      vertex   9.816298e+01 5.227780e+01 -9.129232e+00
      vertex   9.816298e+01 5.217781e+01 -8.986445e+00
    endloop
  endfacet
  facet normal 0.000000e+00 8.191520e-01 5.735764e-01
    outer loop
      vertex   9.816298e+01 5.217781e+01 -8.986445e+00
      vertex   9.816298e+01 5.227780e+01 -9.129232e+00
      vertex   9.440629e+01 5.227780e+01 -9.129232e+00
    endloop
  endfacet
  facet normal 0.000000e+00 8.191520e-01 5.735764e-01
    outer loop
      vertex   1.056764e+02 5.217781e+01 -8.986445e+00
      vertex   1.056764e+02 5.227780e+01 -9.129232e+00
      vertex   1.019197e+02 5.227780e+01 -9.129232e+00
    endloop
  endfacet
  facet normal 0.000000e+00 8.191520e-01 5.735764e-01
    outer loop
      vertex   1.169465e+02 5.217781e+01 -8.986445e+00
      vertex   1.169465e+02 5.227780e+01 -9.129232e+00
      vertex   1.131898e+02 5.227780e+01 -9.129232e+00
    endloop
  endfacet
  facet normal -1.549348e-15 8.191520e-01 5.735764e-01
    outer loop
      vertex   1.169465e+02 5.217781e+01 -8.986445e+00
      vertex   1.131898e+02 5.227780e+01 -9.129232e+00
      vertex   1.131898e+02 5.217781e+01 -8.986445e+00
    endloop
  endfacet
  facet normal 0.000000e+00 8.191520e-01 5.735764e-01
    outer loop
      vertex   1.244598e+02 5.227780e+01 -9.129232e+00
      vertex   1.207031e+02 5.227780e+01 -9.129232e+00
      vertex   1.244598e+02 5.217781e+01 -8.986445e+00
    endloop
  endfacet
  facet normal 0.000000e+00 8.191520e-01 5.735764e-01
    outer loop
      vertex   1.244598e+02 5.217781e+01 -8.986445e+00
      vertex   1.207031e+02 5.227780e+01 -9.129232e+00
      vertex   1.207031e+02 5.217781e+01 -8.986445e+00
    endloop
  endfacet
  facet normal 0.000000e+00 9.063078e-01 4.226183e-01
    outer loop
      vertex   1.244598e+02 5.217781e+01 -8.986445e+00
      vertex   1.207031e+02 5.217781e+01 -8.986445e+00
      vertex   1.244598e+02 5.210415e+01 -8.828465e+00
    endloop
  endfacet
  facet normal 0.000000e+00 9.063078e-01 4.226183e-01
    outer loop
      vertex   1.244598e+02 5.210415e+01 -8.828465e+00
      vertex   1.207031e+02 5.217781e+01 -8.986445e+00
      vertex   1.207031e+02 5.210415e+01 -8.828465e+00
    endloop
  endfacet
  facet normal 0.000000e+00 9.659258e-01 2.588190e-01
    outer loop
      vertex   1.244598e+02 5.210415e+01 -8.828465e+00
      vertex   1.207031e+02 5.210415e+01 -8.828465e+00
      vertex   1.244598e+02 5.205903e+01 -8.660093e+00
    endloop
  endfacet
  facet normal 0.000000e+00 9.659258e-01 2.588190e-01
    outer loop
      vertex   1.244598e+02 5.205903e+01 -8.660093e+00
      vertex   1.207031e+02 5.210415e+01 -8.828465e+00
      vertex   1.207031e+02 5.205903e+01 -8.660093e+00
    endloop
  endfacet
  facet normal 0.000000e+00 9.961947e-01 8.715574e-02
    outer loop
      vertex   1.244598e+02 5.205903e+01 -8.660093e+00
      vertex   1.207031e+02 5.205903e+01 -8.660093e+00
      vertex   1.470000e+02 5.204384e+01 -8.486445e+00
    endloop
  endfacet
  facet normal 0.000000e+00 8.191520e-01 5.735764e-01
    outer loop
      vertex   1.357299e+02 5.217781e+01 -8.986445e+00
      vertex   1.319732e+02 5.227780e+01 -9.129232e+00
      vertex   1.319732e+02 5.217781e+01 -8.986445e+00
    endloop
  endfacet
  facet normal 0.000000e+00 8.191520e-01 5.735764e-01
    outer loop
      vertex   1.319732e+02 5.217781e+01 -8.986445e+00
      vertex   1.319732e+02 5.227780e+01 -9.129232e+00
      vertex   1.282165e+02 5.227780e+01 -9.129232e+00
    endloop
  endfacet
  facet normal 0.000000e+00 8.191520e-01 5.735764e-01
    outer loop
      vertex   8.689290e+01 5.227780e+01 -9.129232e+00
      vertex   8.689290e+01 5.217781e+01 -8.986445e+00
      vertex   9.064960e+01 5.217781e+01 -8.986445e+00
    endloop
  endfacet
  facet normal 0.000000e+00 9.063078e-01 4.226183e-01
    outer loop
      vertex   9.064960e+01 5.217781e+01 -8.986445e+00
      vertex   8.689290e+01 5.217781e+01 -8.986445e+00
      vertex   9.064960e+01 5.210415e+01 -8.828465e+00
    endloop
  endfacet
  facet normal 0.000000e+00 9.063078e-01 4.226183e-01
    outer loop
      vertex   9.064960e+01 5.217781e+01 -8.986445e+00
      vertex   9.064960e+01 5.210415e+01 -8.828465e+00
      vertex   9.440629e+01 5.210415e+01 -8.828465e+00
    endloop
  endfacet
  facet normal 0.000000e+00 9.659258e-01 2.588190e-01
    outer loop
      vertex   9.440629e+01 5.210415e+01 -8.828465e+00
      vertex   9.064960e+01 5.210415e+01 -8.828465e+00
      vertex   9.440629e+01 5.205903e+01 -8.660093e+00
    endloop
  endfacet
  facet normal 0.000000e+00 9.659258e-01 2.588190e-01
    outer loop
      vertex   9.440629e+01 5.210415e+01 -8.828465e+00
      vertex   9.440629e+01 5.205903e+01 -8.660093e+00
      vertex   9.816298e+01 5.205903e+01 -8.660093e+00
    endloop
  endfacet
  facet normal 0.000000e+00 9.961947e-01 8.715574e-02
    outer loop
      vertex   9.816298e+01 5.205903e+01 -8.660093e+00
      vertex   9.440629e+01 5.205903e+01 -8.660093e+00
      vertex   7.562282e+01 5.204384e+01 -8.486445e+00
    endloop
  endfacet
  facet normal 0.000000e+00 9.063078e-01 4.226183e-01
    outer loop
      vertex   9.064960e+01 5.210415e+01 -8.828465e+00
      vertex   8.689290e+01 5.217781e+01 -8.986445e+00
      vertex   8.689290e+01 5.210415e+01 -8.828465e+00
    endloop
  endfacet
  facet normal 0.000000e+00 9.063078e-01 4.226183e-01
    outer loop
      vertex   1.056764e+02 5.210415e+01 -8.828465e+00
      vertex   1.019197e+02 5.217781e+01 -8.986445e+00
      vertex   1.019197e+02 5.210415e+01 -8.828465e+00
    endloop
  endfacet
  facet normal 0.000000e+00 9.063078e-01 4.226183e-01
    outer loop
      vertex   1.019197e+02 5.210415e+01 -8.828465e+00
      vertex   1.019197e+02 5.217781e+01 -8.986445e+00
      vertex   9.816298e+01 5.217781e+01 -8.986445e+00
    endloop
  endfacet
  facet normal -1.713968e-15 9.063078e-01 4.226183e-01
    outer loop
      vertex   1.169465e+02 5.210415e+01 -8.828465e+00
      vertex   1.169465e+02 5.217781e+01 -8.986445e+00
      vertex   1.131898e+02 5.217781e+01 -8.986445e+00
    endloop
  endfacet
  facet normal 0.000000e+00 9.063078e-01 4.226183e-01
    outer loop
      vertex   1.169465e+02 5.210415e+01 -8.828465e+00
      vertex   1.131898e+02 5.217781e+01 -8.986445e+00
      vertex   1.131898e+02 5.210415e+01 -8.828465e+00
    endloop
  endfacet
  facet normal 2.728574e-16 8.191520e-01 5.735764e-01
    outer loop
      vertex   1.244598e+02 5.227780e+01 -9.129232e+00
      vertex   1.244598e+02 5.217781e+01 -8.986445e+00
      vertex   1.282165e+02 5.217781e+01 -8.986445e+00
    endloop
  endfacet
  facet normal 1.998355e-16 9.063078e-01 4.226183e-01
    outer loop
      vertex   1.282165e+02 5.217781e+01 -8.986445e+00
      vertex   1.244598e+02 5.217781e+01 -8.986445e+00
      vertex   1.282165e+02 5.210415e+01 -8.828465e+00
    endloop
  endfacet
  facet normal 0.000000e+00 9.063078e-01 4.226183e-01
    outer loop
      vertex   1.282165e+02 5.217781e+01 -8.986445e+00
      vertex   1.282165e+02 5.210415e+01 -8.828465e+00
      vertex   1.319732e+02 5.210415e+01 -8.828465e+00
    endloop
  endfacet
  facet normal 0.000000e+00 9.659258e-01 2.588190e-01
    outer loop
      vertex   1.319732e+02 5.210415e+01 -8.828465e+00
      vertex   1.282165e+02 5.210415e+01 -8.828465e+00
      vertex   1.319732e+02 5.205903e+01 -8.660093e+00
    endloop
  endfacet
  facet normal 0.000000e+00 9.659258e-01 2.588190e-01
    outer loop
      vertex   1.319732e+02 5.210415e+01 -8.828465e+00
      vertex   1.319732e+02 5.205903e+01 -8.660093e+00
      vertex   1.357299e+02 5.205903e+01 -8.660093e+00
    endloop
  endfacet
  facet normal 0.000000e+00 9.961947e-01 8.715574e-02
    outer loop
      vertex   1.357299e+02 5.205903e+01 -8.660093e+00
      vertex   1.319732e+02 5.205903e+01 -8.660093e+00
      vertex   1.470000e+02 5.204384e+01 -8.486445e+00
    endloop
  endfacet
  facet normal 0.000000e+00 9.063078e-01 4.226183e-01
    outer loop
      vertex   1.282165e+02 5.210415e+01 -8.828465e+00
      vertex   1.244598e+02 5.217781e+01 -8.986445e+00
      vertex   1.244598e+02 5.210415e+01 -8.828465e+00
    endloop
  endfacet
  facet normal 0.000000e+00 9.063078e-01 4.226183e-01
    outer loop
      vertex   1.394866e+02 5.210415e+01 -8.828465e+00
      vertex   1.357299e+02 5.217781e+01 -8.986445e+00
      vertex   1.357299e+02 5.210415e+01 -8.828465e+00
    endloop
  endfacet
  facet normal 0.000000e+00 9.063078e-01 4.226183e-01
    outer loop
      vertex   1.357299e+02 5.210415e+01 -8.828465e+00
      vertex   1.357299e+02 5.217781e+01 -8.986445e+00
      vertex   1.319732e+02 5.217781e+01 -8.986445e+00
    endloop
  endfacet
  facet normal 0.000000e+00 9.659258e-01 2.588190e-01
    outer loop
      vertex   9.064960e+01 5.210415e+01 -8.828465e+00
      vertex   8.689290e+01 5.210415e+01 -8.828465e+00
      vertex   9.064960e+01 5.205903e+01 -8.660093e+00
    endloop
  endfacet
  facet normal 0.000000e+00 9.659258e-01 2.588190e-01
    outer loop
      vertex   9.064960e+01 5.205903e+01 -8.660093e+00
      vertex   8.689290e+01 5.210415e+01 -8.828465e+00
      vertex   8.689290e+01 5.205903e+01 -8.660093e+00
    endloop
  endfacet
  facet normal 0.000000e+00 9.961947e-01 8.715574e-02
    outer loop
      vertex   9.064960e+01 5.205903e+01 -8.660093e+00
      vertex   8.689290e+01 5.205903e+01 -8.660093e+00
      vertex   7.562282e+01 5.204384e+01 -8.486445e+00
    endloop
  endfacet
  facet normal 0.000000e+00 9.659258e-01 2.588190e-01
    outer loop
      vertex   1.094331e+02 5.205903e+01 -8.660093e+00
      vertex   1.056764e+02 5.210415e+01 -8.828465e+00
      vertex   1.056764e+02 5.205903e+01 -8.660093e+00
    endloop
  endfacet
  facet normal 0.000000e+00 9.659258e-01 2.588190e-01
    outer loop
      vertex   1.056764e+02 5.205903e+01 -8.660093e+00
      vertex   1.056764e+02 5.210415e+01 -8.828465e+00
      vertex   1.019197e+02 5.210415e+01 -8.828465e+00
    endloop
  endfacet
  facet normal 0.000000e+00 9.659258e-01 2.588190e-01
    outer loop
      vertex   1.169465e+02 5.205903e+01 -8.660093e+00
      vertex   1.169465e+02 5.210415e+01 -8.828465e+00
      vertex   1.131898e+02 5.210415e+01 -8.828465e+00
    endloop
  endfacet
  facet normal 0.000000e+00 9.659258e-01 2.588190e-01
    outer loop
      vertex   1.169465e+02 5.205903e+01 -8.660093e+00
      vertex   1.131898e+02 5.210415e+01 -8.828465e+00
      vertex   1.131898e+02 5.205903e+01 -8.660093e+00
    endloop
  endfacet
  facet normal 0.000000e+00 9.659258e-01 2.588190e-01
    outer loop
      vertex   1.282165e+02 5.210415e+01 -8.828465e+00
      vertex   1.244598e+02 5.210415e+01 -8.828465e+00
      vertex   1.282165e+02 5.205903e+01 -8.660093e+00
    endloop
  endfacet
  facet normal 0.000000e+00 9.659258e-01 2.588190e-01
    outer loop
      vertex   1.282165e+02 5.205903e+01 -8.660093e+00
      vertex   1.244598e+02 5.210415e+01 -8.828465e+00
      vertex   1.244598e+02 5.205903e+01 -8.660093e+00
    endloop
  endfacet
  facet normal 0.000000e+00 9.961947e-01 8.715574e-02
    outer loop
      vertex   1.282165e+02 5.205903e+01 -8.660093e+00
      vertex   1.244598e+02 5.205903e+01 -8.660093e+00
      vertex   1.470000e+02 5.204384e+01 -8.486445e+00
    endloop
  endfacet
  facet normal 0.000000e+00 9.659258e-01 2.588190e-01
    outer loop
      vertex   1.432433e+02 5.205903e+01 -8.660093e+00
      vertex   1.394866e+02 5.210415e+01 -8.828465e+00
      vertex   1.394866e+02 5.205903e+01 -8.660093e+00
    endloop
  endfacet
  facet normal 0.000000e+00 9.659258e-01 2.588190e-01
    outer loop
      vertex   1.394866e+02 5.205903e+01 -8.660093e+00
      vertex   1.394866e+02 5.210415e+01 -8.828465e+00
      vertex   1.357299e+02 5.210415e+01 -8.828465e+00
    endloop
  endfacet
  facet normal 0.000000e+00 9.961947e-01 8.715574e-02
    outer loop
      vertex   7.562282e+01 5.204384e+01 -8.486445e+00
      vertex   9.440629e+01 5.205903e+01 -8.660093e+00
      vertex   9.064960e+01 5.205903e+01 -8.660093e+00
    endloop
  endfacet
  facet normal -0.000000e+00 9.659258e-01 2.588190e-01
    outer loop
      vertex   9.064960e+01 5.205903e+01 -8.660093e+00
      vertex   9.440629e+01 5.205903e+01 -8.660093e+00
      vertex   9.064960e+01 5.210415e+01 -8.828465e+00
    endloop
  endfacet
  facet normal 0.000000e+00 9.961947e-01 8.715574e-02
    outer loop
      vertex   1.470000e+02 5.204384e+01 -8.486445e+00
      vertex   1.319732e+02 5.205903e+01 -8.660093e+00
      vertex   1.282165e+02 5.205903e+01 -8.660093e+00
    endloop
  endfacet
  facet normal -0.000000e+00 9.659258e-01 2.588190e-01
    outer loop
      vertex   1.282165e+02 5.205903e+01 -8.660093e+00
      vertex   1.319732e+02 5.205903e+01 -8.660093e+00
      vertex   1.282165e+02 5.210415e+01 -8.828465e+00
    endloop
  endfacet
  facet normal 9.178759e-04 8.715571e-02 9.961943e-01
    outer loop
      vertex   1.470000e+02 5.304384e+01 -9.486445e+00
      vertex   1.470000e+02 5.287019e+01 -9.471252e+00
      vertex   1.470421e+02 5.304340e+01 -9.486445e+00
    endloop
  endfacet
  facet normal 2.740531e-03 8.671554e-02 9.962293e-01
    outer loop
      vertex   1.470421e+02 5.304340e+01 -9.486445e+00
      vertex   1.470000e+02 5.287019e+01 -9.471252e+00
      vertex   1.470842e+02 5.304207e+01 -9.486445e+00
    endloop
  endfacet
  facet normal 2.740531e-03 8.671554e-02 9.962293e-01
    outer loop
      vertex   1.470842e+02 5.304207e+01 -9.486445e+00
      vertex   1.470000e+02 5.287019e+01 -9.471252e+00
      vertex   1.471153e+02 5.286655e+01 -9.471252e+00
    endloop
  endfacet
  facet normal 4.587344e-03 8.703974e-02 9.961943e-01
    outer loop
      vertex   1.470842e+02 5.304207e+01 -9.486445e+00
      vertex   1.471153e+02 5.286655e+01 -9.471252e+00
      vertex   1.471263e+02 5.303985e+01 -9.486445e+00
    endloop
  endfacet
  facet normal 8.179365e-03 2.588104e-01 9.658935e-01
    outer loop
      vertex   1.470000e+02 5.287019e+01 -9.471252e+00
      vertex   1.470000e+02 5.270182e+01 -9.426137e+00
      vertex   1.471153e+02 5.286655e+01 -9.471252e+00
    endloop
  endfacet
  facet normal 8.179365e-03 2.588104e-01 9.658935e-01
    outer loop
      vertex   1.471153e+02 5.286655e+01 -9.471252e+00
      vertex   1.470000e+02 5.270182e+01 -9.426137e+00
      vertex   1.471047e+02 5.269851e+01 -9.426137e+00
    endloop
  endfacet
  facet normal 1.335511e-02 4.225806e-01 9.062270e-01
    outer loop
      vertex   1.471047e+02 5.269851e+01 -9.426137e+00
      vertex   1.470000e+02 5.270182e+01 -9.426137e+00
      vertex   1.470000e+02 5.254384e+01 -9.352470e+00
    endloop
  endfacet
  facet normal 1.335511e-02 4.225806e-01 9.062270e-01
    outer loop
      vertex   1.471047e+02 5.269851e+01 -9.426137e+00
      vertex   1.470000e+02 5.254384e+01 -9.352470e+00
      vertex   1.470947e+02 5.254085e+01 -9.352470e+00
    endloop
  endfacet
  facet normal 1.812416e-02 5.734822e-01 8.190175e-01
    outer loop
      vertex   1.470947e+02 5.254085e+01 -9.352470e+00
      vertex   1.470000e+02 5.254384e+01 -9.352470e+00
      vertex   1.470000e+02 5.240105e+01 -9.252489e+00
    endloop
  endfacet
  facet normal 1.812416e-02 5.734822e-01 8.190175e-01
    outer loop
      vertex   1.470947e+02 5.254085e+01 -9.352470e+00
      vertex   1.470000e+02 5.240105e+01 -9.252489e+00
      vertex   1.470857e+02 5.239834e+01 -9.252489e+00
    endloop
  endfacet
  facet normal 2.234161e-02 7.069303e-01 7.069303e-01
    outer loop
      vertex   1.470857e+02 5.239834e+01 -9.252489e+00
      vertex   1.470000e+02 5.240105e+01 -9.252489e+00
      vertex   1.470000e+02 5.227780e+01 -9.129232e+00
    endloop
  endfacet
  facet normal 2.234161e-02 7.069303e-01 7.069303e-01
    outer loop
      vertex   1.470857e+02 5.239834e+01 -9.252489e+00
      vertex   1.470000e+02 5.227780e+01 -9.129232e+00
      vertex   1.470779e+02 5.227533e+01 -9.129232e+00
    endloop
  endfacet
  facet normal 2.587956e-02 8.188777e-01 5.733843e-01
    outer loop
      vertex   1.470779e+02 5.227533e+01 -9.129232e+00
      vertex   1.470000e+02 5.227780e+01 -9.129232e+00
      vertex   1.470000e+02 5.217781e+01 -8.986445e+00
    endloop
  endfacet
  facet normal 2.587956e-02 8.188777e-01 5.733843e-01
    outer loop
      vertex   1.470779e+02 5.227533e+01 -9.129232e+00
      vertex   1.470000e+02 5.217781e+01 -8.986445e+00
      vertex   1.470716e+02 5.217555e+01 -8.986445e+00
    endloop
  endfacet
  facet normal 2.863093e-02 9.059362e-01 4.224450e-01
    outer loop
      vertex   1.470716e+02 5.217555e+01 -8.986445e+00
      vertex   1.470000e+02 5.217781e+01 -8.986445e+00
      vertex   1.470000e+02 5.210415e+01 -8.828465e+00
    endloop
  endfacet
  facet normal 2.863093e-02 9.059362e-01 4.224450e-01
    outer loop
      vertex   1.470716e+02 5.217555e+01 -8.986445e+00
      vertex   1.470000e+02 5.210415e+01 -8.828465e+00
      vertex   1.470670e+02 5.210203e+01 -8.828465e+00
    endloop
  endfacet
  facet normal 3.051261e-02 9.654761e-01 2.586985e-01
    outer loop
      vertex   1.470670e+02 5.210203e+01 -8.828465e+00
      vertex   1.470000e+02 5.210415e+01 -8.828465e+00
      vertex   1.470000e+02 5.205903e+01 -8.660093e+00
    endloop
  endfacet
  facet normal 3.051261e-02 9.654761e-01 2.586985e-01
    outer loop
      vertex   1.470670e+02 5.210203e+01 -8.828465e+00
      vertex   1.470000e+02 5.205903e+01 -8.660093e+00
      vertex   1.470641e+02 5.205701e+01 -8.660093e+00
    endloop
  endfacet
  facet normal 3.147472e-02 9.959189e-01 8.458634e-02
    outer loop
      vertex   1.470641e+02 5.205701e+01 -8.660093e+00
      vertex   1.470000e+02 5.205903e+01 -8.660093e+00
      vertex   1.470421e+02 5.204295e+01 -8.486445e+00
    endloop
  endfacet
  facet normal 5.243072e-02 9.948144e-01 8.715095e-02
    outer loop
      vertex   1.470641e+02 5.205701e+01 -8.660093e+00
      vertex   1.470421e+02 5.204295e+01 -8.486445e+00
      vertex   1.470631e+02 5.204184e+01 -8.486445e+00
    endloop
  endfacet
  facet normal 1.049080e-02 9.961399e-01 8.715095e-02
    outer loop
      vertex   1.470000e+02 5.204384e+01 -8.486445e+00
      vertex   1.470211e+02 5.204362e+01 -8.486445e+00
      vertex   1.470000e+02 5.205903e+01 -8.660093e+00
    endloop
  endfacet
  facet normal 3.147472e-02 9.959189e-01 8.458634e-02
    outer loop
      vertex   1.470000e+02 5.205903e+01 -8.660093e+00
      vertex   1.470211e+02 5.204362e+01 -8.486445e+00
      vertex   1.470421e+02 5.204295e+01 -8.486445e+00
    endloop
  endfacet
  facet normal 9.998513e-01 1.216774e-02 1.222164e-02
    outer loop
      vertex   1.480000e+02 5.104384e+01 -9.787012e+00
      vertex   1.480000e+02 5.104549e+01 -9.788658e+00
      vertex   1.479997e+02 5.106987e+01 -9.785198e+00
    endloop
  endfacet
  facet normal 9.998591e-01 1.497777e-02 -7.577999e-03
    outer loop
      vertex   1.479997e+02 5.106987e+01 -9.785198e+00
      vertex   1.480000e+02 5.104549e+01 -9.788658e+00
      vertex   1.479992e+02 5.108942e+01 -9.804672e+00
    endloop
  endfacet
  facet normal 9.992475e-01 3.625240e-02 1.378969e-02
    outer loop
      vertex   1.479997e+02 5.106987e+01 -9.785198e+00
      vertex   1.479992e+02 5.108942e+01 -9.804672e+00
      vertex   1.479987e+02 5.109570e+01 -9.779795e+00
    endloop
  endfacet
  facet normal 9.980186e-01 6.251345e-02 7.134664e-03
    outer loop
      vertex   1.479987e+02 5.109570e+01 -9.779795e+00
      vertex   1.479992e+02 5.108942e+01 -9.804672e+00
      vertex   1.479970e+02 5.112121e+01 -9.771041e+00
    endloop
  endfacet
  facet normal 9.977689e-01 6.668730e-02 3.172522e-03
    outer loop
      vertex   1.479970e+02 5.112121e+01 -9.771041e+00
      vertex   1.479992e+02 5.108942e+01 -9.804672e+00
      vertex   1.479962e+02 5.113425e+01 -9.790788e+00
    endloop
  endfacet
  facet normal 9.963979e-01 8.357392e-02 1.437459e-02
    outer loop
      vertex   1.479970e+02 5.112121e+01 -9.771041e+00
      vertex   1.479962e+02 5.113425e+01 -9.790788e+00
      vertex   1.479947e+02 5.114639e+01 -9.759242e+00
    endloop
  endfacet
  facet normal 9.915791e-01 1.294545e-01 -3.510386e-03
    outer loop
      vertex   1.479947e+02 5.114639e+01 -9.759242e+00
      vertex   1.479962e+02 5.113425e+01 -9.790788e+00
      vertex   1.479884e+02 5.119561e+01 -9.727732e+00
    endloop
  endfacet
  facet normal 9.899517e-01 1.406495e-01 -1.460620e-02
    outer loop
      vertex   1.479884e+02 5.119561e+01 -9.727732e+00
      vertex   1.479962e+02 5.113425e+01 -9.790788e+00
      vertex   1.479846e+02 5.122062e+01 -9.740930e+00
    endloop
  endfacet
  facet normal 9.871258e-01 1.586520e-01 2.030257e-02
    outer loop
      vertex   1.479884e+02 5.119561e+01 -9.727732e+00
      vertex   1.479846e+02 5.122062e+01 -9.740930e+00
      vertex   1.479799e+02 5.124314e+01 -9.687710e+00
    endloop
  endfacet
  facet normal 9.756706e-01 2.191505e-01 -6.315004e-03
    outer loop
      vertex   1.479799e+02 5.124314e+01 -9.687710e+00
      vertex   1.479846e+02 5.122062e+01 -9.740930e+00
      vertex   1.479673e+02 5.129962e+01 -9.672581e+00
    endloop
  endfacet
  facet normal 9.774012e-01 2.084838e-01 3.494900e-02
    outer loop
      vertex   1.479799e+02 5.124314e+01 -9.687710e+00
      vertex   1.479673e+02 5.129962e+01 -9.672581e+00
      vertex   1.479574e+02 5.133268e+01 -9.591287e+00
    endloop
  endfacet
  facet normal 9.566607e-01 2.912022e-01 -1.235233e-03
    outer loop
      vertex   1.479574e+02 5.133268e+01 -9.591287e+00
      vertex   1.479673e+02 5.129962e+01 -9.672581e+00
      vertex   1.479449e+02 5.137362e+01 -9.593185e+00
    endloop
  endfacet
  facet normal 9.557001e-01 2.924935e-01 3.293710e-02
    outer loop
      vertex   1.479574e+02 5.133268e+01 -9.591287e+00
      vertex   1.479449e+02 5.137362e+01 -9.593185e+00
      vertex   1.479280e+02 5.141649e+01 -9.482351e+00
    endloop
  endfacet
  facet normal 9.161741e-01 4.005043e-01 -1.487805e-02
    outer loop
      vertex   1.479280e+02 5.141649e+01 -9.482351e+00
      vertex   1.479449e+02 5.137362e+01 -9.593185e+00
      vertex   1.478965e+02 5.148986e+01 -9.446772e+00
    endloop
  endfacet
  facet normal 9.285923e-01 3.642808e-01 7.082261e-02
    outer loop
      vertex   1.479280e+02 5.141649e+01 -9.482351e+00
      vertex   1.478965e+02 5.148986e+01 -9.446772e+00
      vertex   1.478497e+02 5.157112e+01 -9.251466e+00
    endloop
  endfacet
  facet normal 8.604023e-01 5.095807e-01 -5.956352e-03
    outer loop
      vertex   1.478497e+02 5.157112e+01 -9.251466e+00
      vertex   1.478965e+02 5.148986e+01 -9.446772e+00
      vertex   1.478259e+02 5.161098e+01 -9.274194e+00
    endloop
  endfacet
  facet normal 8.368599e-01 5.421478e-01 7.577084e-02
    outer loop
      vertex   1.478497e+02 5.157112e+01 -9.251466e+00
      vertex   1.478259e+02 5.161098e+01 -9.274194e+00
      vertex   1.477395e+02 5.172085e+01 -9.105936e+00
    endloop
  endfacet
  facet normal 8.444586e-01 5.282131e-01 8.877274e-02
    outer loop
      vertex   1.477395e+02 5.172085e+01 -9.105936e+00
      vertex   1.478259e+02 5.161098e+01 -9.274194e+00
      vertex   1.478134e+02 5.163847e+01 -9.318830e+00
    endloop
  endfacet
  facet normal 8.124375e-01 5.802021e-01 5.754032e-02
    outer loop
      vertex   1.477395e+02 5.172085e+01 -9.105936e+00
      vertex   1.478134e+02 5.163847e+01 -9.318830e+00
      vertex   1.477222e+02 5.175048e+01 -9.159489e+00
    endloop
  endfacet
  facet normal 8.536428e-01 5.029359e-01 1.354601e-01
    outer loop
      vertex   1.477222e+02 5.175048e+01 -9.159489e+00
      vertex   1.478134e+02 5.163847e+01 -9.318830e+00
      vertex   1.478034e+02 5.166738e+01 -9.363207e+00
    endloop
  endfacet
  facet normal 8.303639e-01 5.465824e-01 1.083669e-01
    outer loop
      vertex   1.477222e+02 5.175048e+01 -9.159489e+00
      vertex   1.478034e+02 5.166738e+01 -9.363207e+00
      vertex   1.477080e+02 5.178252e+01 -9.212608e+00
    endloop
  endfacet
  facet normal 8.605438e-01 4.759455e-01 1.814946e-01
    outer loop
      vertex   1.477080e+02 5.178252e+01 -9.212608e+00
      vertex   1.478034e+02 5.166738e+01 -9.363207e+00
      vertex   1.477960e+02 5.169762e+01 -9.407196e+00
    endloop
  endfacet
  facet normal 8.446798e-01 5.111193e-01 1.589754e-01
    outer loop
      vertex   1.477080e+02 5.178252e+01 -9.212608e+00
      vertex   1.477960e+02 5.169762e+01 -9.407196e+00
      vertex   1.476971e+02 5.181681e+01 -9.265079e+00
    endloop
  endfacet
  facet normal 8.666097e-01 4.414062e-01 2.326978e-01
    outer loop
      vertex   1.476971e+02 5.181681e+01 -9.265079e+00
      vertex   1.477960e+02 5.169762e+01 -9.407196e+00
      vertex   1.477902e+02 5.173893e+01 -9.463793e+00
    endloop
  endfacet
  facet normal 8.563974e-01 4.683337e-01 2.173638e-01
    outer loop
      vertex   1.476971e+02 5.181681e+01 -9.265079e+00
      vertex   1.477902e+02 5.173893e+01 -9.463793e+00
      vertex   1.476880e+02 5.186474e+01 -9.332208e+00
    endloop
  endfacet
  facet normal 8.678510e-01 4.070629e-01 2.848411e-01
    outer loop
      vertex   1.476880e+02 5.186474e+01 -9.332208e+00
      vertex   1.477902e+02 5.173893e+01 -9.463793e+00
      vertex   1.477887e+02 5.177191e+01 -9.506398e+00
    endloop
  endfacet
  facet normal 8.639254e-01 4.222503e-01 2.744770e-01
    outer loop
      vertex   1.476880e+02 5.186474e+01 -9.332208e+00
      vertex   1.477887e+02 5.177191e+01 -9.506398e+00
      vertex   1.476848e+02 5.190374e+01 -9.382367e+00
    endloop
  endfacet
  facet normal 8.672609e-01 3.746394e-01 3.278778e-01
    outer loop
      vertex   1.476848e+02 5.190374e+01 -9.382367e+00
      vertex   1.477887e+02 5.177191e+01 -9.506398e+00
      vertex   1.477898e+02 5.180591e+01 -9.548199e+00
    endloop
  endfacet
  facet normal 8.661019e-01 3.813266e-01 3.231990e-01
    outer loop
      vertex   1.476848e+02 5.190374e+01 -9.382367e+00
      vertex   1.477898e+02 5.180591e+01 -9.548199e+00
      vertex   1.476851e+02 5.194453e+01 -9.431189e+00
    endloop
  endfacet
  facet normal 8.644089e-01 3.409202e-01 3.695547e-01
    outer loop
      vertex   1.476851e+02 5.194453e+01 -9.431189e+00
      vertex   1.477898e+02 5.180591e+01 -9.548199e+00
      vertex   1.477935e+02 5.184084e+01 -9.589077e+00
    endloop
  endfacet
  facet normal 8.645416e-01 3.393915e-01 3.706498e-01
    outer loop
      vertex   1.476851e+02 5.194453e+01 -9.431189e+00
      vertex   1.477935e+02 5.184084e+01 -9.589077e+00
      vertex   1.476887e+02 5.198694e+01 -9.478482e+00
    endloop
  endfacet
  facet normal 8.592998e-01 3.059217e-01 4.098973e-01
    outer loop
      vertex   1.476887e+02 5.198694e+01 -9.478482e+00
      vertex   1.477935e+02 5.184084e+01 -9.589077e+00
      vertex   1.477998e+02 5.187660e+01 -9.628913e+00
    endloop
  endfacet
  facet normal 8.592834e-01 2.964355e-01 4.168430e-01
    outer loop
      vertex   1.476887e+02 5.198694e+01 -9.478482e+00
      vertex   1.477998e+02 5.187660e+01 -9.628913e+00
      vertex   1.476957e+02 5.203078e+01 -9.524055e+00
    endloop
  endfacet
  facet normal 8.519163e-01 2.696476e-01 4.489195e-01
    outer loop
      vertex   1.476957e+02 5.203078e+01 -9.524055e+00
      vertex   1.477998e+02 5.187660e+01 -9.628913e+00
      vertex   1.478086e+02 5.191308e+01 -9.667588e+00
    endloop
  endfacet
  facet normal 8.503172e-01 2.524334e-01 4.617771e-01
    outer loop
      vertex   1.476957e+02 5.203078e+01 -9.524055e+00
      vertex   1.478086e+02 5.191308e+01 -9.667588e+00
      vertex   1.477060e+02 5.207588e+01 -9.567714e+00
    endloop
  endfacet
  facet normal 8.422328e-01 2.321221e-01 4.865833e-01
    outer loop
      vertex   1.477060e+02 5.207588e+01 -9.567714e+00
      vertex   1.478086e+02 5.191308e+01 -9.667588e+00
      vertex   1.478200e+02 5.195019e+01 -9.704984e+00
    endloop
  endfacet
  facet normal 8.376046e-01 2.074086e-01 5.053714e-01
    outer loop
      vertex   1.477060e+02 5.207588e+01 -9.567714e+00
      vertex   1.478200e+02 5.195019e+01 -9.704984e+00
      vertex   1.477197e+02 5.212208e+01 -9.609272e+00
    endloop
  endfacet
  facet normal 8.303551e-01 1.936353e-01 5.225092e-01
    outer loop
      vertex   1.477197e+02 5.212208e+01 -9.609272e+00
      vertex   1.478200e+02 5.195019e+01 -9.704984e+00
      vertex   1.478339e+02 5.198780e+01 -9.740997e+00
    endloop
  endfacet
  facet normal 8.213101e-01 1.618876e-01 5.470302e-01
    outer loop
      vertex   1.477197e+02 5.212208e+01 -9.609272e+00
      vertex   1.478339e+02 5.198780e+01 -9.740997e+00
      vertex   1.477365e+02 5.216917e+01 -9.648566e+00
    endloop
  endfacet
  facet normal 8.163642e-01 1.543997e-01 5.565162e-01
    outer loop
      vertex   1.477365e+02 5.216917e+01 -9.648566e+00
      vertex   1.478339e+02 5.198780e+01 -9.740997e+00
      vertex   1.478502e+02 5.202582e+01 -9.775527e+00
    endloop
  endfacet
  facet normal 8.016131e-01 1.162012e-01 5.864416e-01
    outer loop
      vertex   1.477365e+02 5.216917e+01 -9.648566e+00
      vertex   1.478502e+02 5.202582e+01 -9.775527e+00
      vertex   1.477566e+02 5.221698e+01 -9.685451e+00
    endloop
  endfacet
  facet normal 7.965031e-01 1.098696e-01 5.945684e-01
    outer loop
      vertex   1.477566e+02 5.221698e+01 -9.685451e+00
      vertex   1.478502e+02 5.202582e+01 -9.775527e+00
      vertex   1.478752e+02 5.207584e+01 -9.818187e+00
    endloop
  endfacet
  facet normal 7.760843e-01 6.164427e-02 6.276090e-01
    outer loop
      vertex   1.477566e+02 5.221698e+01 -9.685451e+00
      vertex   1.478752e+02 5.207584e+01 -9.818187e+00
      vertex   1.477874e+02 5.228009e+01 -9.729713e+00
    endloop
  endfacet
  facet normal 7.403461e-01 2.719871e-02 6.716754e-01
    outer loop
      vertex   1.477874e+02 5.228009e+01 -9.729713e+00
      vertex   1.478752e+02 5.207584e+01 -9.818187e+00
      vertex   1.478747e+02 5.221231e+01 -9.823252e+00
    endloop
  endfacet
  facet normal 7.410694e-01 2.935781e-02 6.707863e-01
    outer loop
      vertex   1.477874e+02 5.228009e+01 -9.729713e+00
      vertex   1.478747e+02 5.221231e+01 -9.823252e+00
      vertex   1.477887e+02 5.242021e+01 -9.737343e+00
    endloop
  endfacet
  facet normal 9.990192e-01 2.969889e-02 3.284246e-02
    outer loop
      vertex   1.479992e+02 5.108942e+01 -9.804672e+00
      vertex   1.480000e+02 5.104549e+01 -9.788658e+00
      vertex   1.479999e+02 5.109203e+01 -9.827281e+00
    endloop
  endfacet
  facet normal 9.973446e-01 4.793723e-02 5.482408e-02
    outer loop
      vertex   1.479999e+02 5.109203e+01 -9.827281e+00
      vertex   1.480000e+02 5.104549e+01 -9.788658e+00
      vertex   1.480000e+02 5.109554e+01 -9.832415e+00
    endloop
  endfacet
  facet normal 9.968845e-01 5.309165e-02 5.833123e-02
    outer loop
      vertex   1.479999e+02 5.109203e+01 -9.827281e+00
      vertex   1.480000e+02 5.109554e+01 -9.832415e+00
      vertex   1.479966e+02 5.113941e+01 -9.813899e+00
    endloop
  endfacet
  facet normal 9.970351e-01 5.501613e-02 5.379854e-02
    outer loop
      vertex   1.479966e+02 5.113941e+01 -9.813899e+00
      vertex   1.480000e+02 5.109554e+01 -9.832415e+00
      vertex   1.479975e+02 5.114463e+01 -9.836984e+00
    endloop
  endfacet
  facet normal 9.926483e-01 1.025175e-01 6.433938e-02
    outer loop
      vertex   1.479966e+02 5.113941e+01 -9.813899e+00
      vertex   1.479975e+02 5.114463e+01 -9.836984e+00
      vertex   1.479840e+02 5.123062e+01 -9.765870e+00
    endloop
  endfacet
  facet normal 9.922206e-01 1.136661e-01 5.077641e-02
    outer loop
      vertex   1.479840e+02 5.123062e+01 -9.765870e+00
      vertex   1.479975e+02 5.114463e+01 -9.836984e+00
      vertex   1.479842e+02 5.124074e+01 -9.790774e+00
    endloop
  endfacet
  facet normal 9.836674e-01 1.651256e-01 7.163725e-02
    outer loop
      vertex   1.479840e+02 5.123062e+01 -9.765870e+00
      vertex   1.479842e+02 5.124074e+01 -9.790774e+00
      vertex   1.479653e+02 5.131389e+01 -9.700094e+00
    endloop
  endfacet
  facet normal 9.814307e-01 1.833049e-01 5.650710e-02
    outer loop
      vertex   1.479653e+02 5.131389e+01 -9.700094e+00
      vertex   1.479842e+02 5.124074e+01 -9.790774e+00
      vertex   1.479642e+02 5.132836e+01 -9.727553e+00
    endloop
  endfacet
  facet normal 9.710507e-01 2.253926e-01 7.911250e-02
    outer loop
      vertex   1.479653e+02 5.131389e+01 -9.700094e+00
      vertex   1.479642e+02 5.132836e+01 -9.727553e+00
      vertex   1.479410e+02 5.139165e+01 -9.623792e+00
    endloop
  endfacet
  facet normal 9.666315e-01 2.479526e-01 6.436666e-02
    outer loop
      vertex   1.479410e+02 5.139165e+01 -9.623792e+00
      vertex   1.479642e+02 5.132836e+01 -9.727553e+00
      vertex   1.479383e+02 5.141002e+01 -9.654322e+00
    endloop
  endfacet
  facet normal 9.499037e-01 2.975367e-01 9.568123e-02
    outer loop
      vertex   1.479410e+02 5.139165e+01 -9.623792e+00
      vertex   1.479383e+02 5.141002e+01 -9.654322e+00
      vertex   1.478888e+02 5.151314e+01 -9.483456e+00
    endloop
  endfacet
  facet normal 9.394423e-01 3.355417e-01 6.971393e-02
    outer loop
      vertex   1.478888e+02 5.151314e+01 -9.483456e+00
      vertex   1.479383e+02 5.141002e+01 -9.654322e+00
      vertex   1.478830e+02 5.153715e+01 -9.519997e+00
    endloop
  endfacet
  facet normal 9.106148e-01 3.970113e-01 1.147293e-01
    outer loop
      vertex   1.478888e+02 5.151314e+01 -9.483456e+00
      vertex   1.478830e+02 5.153715e+01 -9.519997e+00
      vertex   1.478134e+02 5.163847e+01 -9.318830e+00
    endloop
  endfacet
  facet normal 8.931912e-01 4.412984e-01 8.640142e-02
    outer loop
      vertex   1.478134e+02 5.163847e+01 -9.318830e+00
      vertex   1.478830e+02 5.153715e+01 -9.519997e+00
      vertex   1.478034e+02 5.166738e+01 -9.363207e+00
    endloop
  endfacet
  facet normal 9.952684e-01 5.722861e-02 7.852207e-02
    outer loop
      vertex   1.479975e+02 5.114463e+01 -9.836984e+00
      vertex   1.480000e+02 5.109554e+01 -9.832415e+00
      vertex   1.479991e+02 5.114988e+01 -9.860030e+00
    endloop
  endfacet
  facet normal 9.913606e-01 7.272774e-02 1.091547e-01
    outer loop
      vertex   1.479991e+02 5.114988e+01 -9.860030e+00
      vertex   1.480000e+02 5.109554e+01 -9.832415e+00
      vertex   1.480000e+02 5.116271e+01 -9.877169e+00
    endloop
  endfacet
  facet normal 9.892510e-01 8.551860e-02 1.186129e-01
    outer loop
      vertex   1.479991e+02 5.114988e+01 -9.860030e+00
      vertex   1.480000e+02 5.116271e+01 -9.877169e+00
      vertex   1.479850e+02 5.125095e+01 -9.815624e+00
    endloop
  endfacet
  facet normal 9.898928e-01 9.477188e-02 1.055014e-01
    outer loop
      vertex   1.479850e+02 5.125095e+01 -9.815624e+00
      vertex   1.480000e+02 5.116271e+01 -9.877169e+00
      vertex   1.479871e+02 5.126442e+01 -9.847936e+00
    endloop
  endfacet
  facet normal 9.819906e-01 1.419785e-01 1.246457e-01
    outer loop
      vertex   1.479850e+02 5.125095e+01 -9.815624e+00
      vertex   1.479871e+02 5.126442e+01 -9.847936e+00
      vertex   1.479640e+02 5.134302e+01 -9.754933e+00
    endloop
  endfacet
  facet normal 9.815207e-01 1.524001e-01 1.157205e-01
    outer loop
      vertex   1.479640e+02 5.134302e+01 -9.754933e+00
      vertex   1.479871e+02 5.126442e+01 -9.847936e+00
      vertex   1.479652e+02 5.136242e+01 -9.790494e+00
    endloop
  endfacet
  facet normal 9.712388e-01 1.939920e-01 1.380664e-01
    outer loop
      vertex   1.479640e+02 5.134302e+01 -9.754933e+00
      vertex   1.479652e+02 5.136242e+01 -9.790494e+00
      vertex   1.479369e+02 5.142873e+01 -9.684735e+00
    endloop
  endfacet
  facet normal 9.697116e-01 2.071574e-01 1.294036e-01
    outer loop
      vertex   1.479369e+02 5.142873e+01 -9.684735e+00
      vertex   1.479652e+02 5.136242e+01 -9.790494e+00
      vertex   1.479368e+02 5.145359e+01 -9.724175e+00
    endloop
  endfacet
  facet normal 9.523171e-01 2.586304e-01 1.618719e-01
    outer loop
      vertex   1.479369e+02 5.142873e+01 -9.684735e+00
      vertex   1.479368e+02 5.145359e+01 -9.724175e+00
      vertex   1.478789e+02 5.156185e+01 -9.556325e+00
    endloop
  endfacet
  facet normal 9.485954e-01 2.805790e-01 1.464314e-01
    outer loop
      vertex   1.478789e+02 5.156185e+01 -9.556325e+00
      vertex   1.479368e+02 5.145359e+01 -9.724175e+00
      vertex   1.478763e+02 5.159502e+01 -9.603284e+00
    endloop
  endfacet
  facet normal 9.176436e-01 3.464592e-01 1.946694e-01
    outer loop
      vertex   1.478789e+02 5.156185e+01 -9.556325e+00
      vertex   1.478763e+02 5.159502e+01 -9.603284e+00
      vertex   1.477960e+02 5.169762e+01 -9.407196e+00
    endloop
  endfacet
  facet normal 9.106811e-01 3.727706e-01 1.780504e-01
    outer loop
      vertex   1.477960e+02 5.169762e+01 -9.407196e+00
      vertex   1.478763e+02 5.159502e+01 -9.603284e+00
      vertex   1.477902e+02 5.173893e+01 -9.463793e+00
    endloop
  endfacet
  facet normal 9.838989e-01 7.813856e-02 1.607400e-01
    outer loop
      vertex   1.480000e+02 5.116271e+01 -9.877169e+00
      vertex   1.480000e+02 5.124915e+01 -9.919189e+00
      vertex   1.479871e+02 5.126442e+01 -9.847936e+00
    endloop
  endfacet
  facet normal 9.808796e-01 1.233948e-01 1.504955e-01
    outer loop
      vertex   1.479871e+02 5.126442e+01 -9.847936e+00
      vertex   1.480000e+02 5.124915e+01 -9.919189e+00
      vertex   1.479896e+02 5.127483e+01 -9.872593e+00
    endloop
  endfacet
  facet normal 9.796091e-01 1.300220e-01 1.531675e-01
    outer loop
      vertex   1.479871e+02 5.126442e+01 -9.847936e+00
      vertex   1.479896e+02 5.127483e+01 -9.872593e+00
      vertex   1.479652e+02 5.136242e+01 -9.790494e+00
    endloop
  endfacet
  facet normal 9.797577e-01 1.355618e-01 1.473018e-01
    outer loop
      vertex   1.479652e+02 5.136242e+01 -9.790494e+00
      vertex   1.479896e+02 5.127483e+01 -9.872593e+00
      vertex   1.479671e+02 5.137747e+01 -9.817590e+00
    endloop
  endfacet
  facet normal 9.693298e-01 1.775927e-01 1.698842e-01
    outer loop
      vertex   1.479652e+02 5.136242e+01 -9.790494e+00
      vertex   1.479671e+02 5.137747e+01 -9.817590e+00
      vertex   1.479368e+02 5.145359e+01 -9.724175e+00
    endloop
  endfacet
  facet normal 9.690164e-01 1.847003e-01 1.639908e-01
    outer loop
      vertex   1.479368e+02 5.145359e+01 -9.724175e+00
      vertex   1.479671e+02 5.137747e+01 -9.817590e+00
      vertex   1.479382e+02 5.147296e+01 -9.754170e+00
    endloop
  endfacet
  facet normal 9.509856e-01 2.379204e-01 1.975354e-01
    outer loop
      vertex   1.479368e+02 5.145359e+01 -9.724175e+00
      vertex   1.479382e+02 5.147296e+01 -9.754170e+00
      vertex   1.478763e+02 5.159502e+01 -9.603284e+00
    endloop
  endfacet
  facet normal 9.499396e-01 2.501043e-01 1.872501e-01
    outer loop
      vertex   1.478763e+02 5.159502e+01 -9.603284e+00
      vertex   1.479382e+02 5.147296e+01 -9.754170e+00
      vertex   1.478765e+02 5.162113e+01 -9.638848e+00
    endloop
  endfacet
  facet normal 9.174588e-01 3.190139e-01 2.376962e-01
    outer loop
      vertex   1.478763e+02 5.159502e+01 -9.603284e+00
      vertex   1.478765e+02 5.162113e+01 -9.638848e+00
      vertex   1.477902e+02 5.173893e+01 -9.463793e+00
    endloop
  endfacet
  facet normal 9.150122e-01 3.338282e-01 2.265203e-01
    outer loop
      vertex   1.477902e+02 5.173893e+01 -9.463793e+00
      vertex   1.478765e+02 5.162113e+01 -9.638848e+00
      vertex   1.477887e+02 5.177191e+01 -9.506398e+00
    endloop
  endfacet
  facet normal 9.686359e-01 8.042104e-02 2.351105e-01
    outer loop
      vertex   1.480000e+02 5.134450e+01 -9.951805e+00
      vertex   1.479967e+02 5.129588e+01 -9.921551e+00
      vertex   1.480000e+02 5.124915e+01 -9.919189e+00
    endloop
  endfacet
  facet normal 9.786031e-01 7.884869e-02 1.900499e-01
    outer loop
      vertex   1.480000e+02 5.124915e+01 -9.919189e+00
      vertex   1.479967e+02 5.129588e+01 -9.921551e+00
      vertex   1.479928e+02 5.128532e+01 -9.897137e+00
    endloop
  endfacet
  facet normal 9.814944e-01 9.335612e-02 1.671923e-01
    outer loop
      vertex   1.480000e+02 5.124915e+01 -9.919189e+00
      vertex   1.479928e+02 5.128532e+01 -9.897137e+00
      vertex   1.479896e+02 5.127483e+01 -9.872593e+00
    endloop
  endfacet
  facet normal 9.769327e-01 1.187781e-01 1.774663e-01
    outer loop
      vertex   1.479896e+02 5.127483e+01 -9.872593e+00
      vertex   1.479928e+02 5.128532e+01 -9.897137e+00
      vertex   1.479671e+02 5.137747e+01 -9.817590e+00
    endloop
  endfacet
  facet normal 9.288590e-01 6.914937e-02 3.639221e-01
    outer loop
      vertex   1.480000e+02 5.154261e+01 -9.989448e+00
      vertex   1.479911e+02 5.145460e+01 -9.950056e+00
      vertex   1.480000e+02 5.134450e+01 -9.951805e+00
    endloop
  endfacet
  facet normal 9.549696e-01 7.246590e-02 2.877181e-01
    outer loop
      vertex   1.480000e+02 5.134450e+01 -9.951805e+00
      vertex   1.479911e+02 5.145460e+01 -9.950056e+00
      vertex   1.479845e+02 5.143898e+01 -9.924050e+00
    endloop
  endfacet
  facet normal 9.625175e-01 8.231118e-02 2.584279e-01
    outer loop
      vertex   1.480000e+02 5.134450e+01 -9.951805e+00
      vertex   1.479845e+02 5.143898e+01 -9.924050e+00
      vertex   1.479787e+02 5.142343e+01 -9.897775e+00
    endloop
  endfacet
  facet normal 9.544226e-01 1.144187e-01 2.756552e-01
    outer loop
      vertex   1.479787e+02 5.142343e+01 -9.897775e+00
      vertex   1.479845e+02 5.143898e+01 -9.924050e+00
      vertex   1.479497e+02 5.153248e+01 -9.842534e+00
    endloop
  endfacet
  facet normal 9.589780e-01 1.268456e-01 2.535182e-01
    outer loop
      vertex   1.479787e+02 5.142343e+01 -9.897775e+00
      vertex   1.479497e+02 5.153248e+01 -9.842534e+00
      vertex   1.479447e+02 5.151243e+01 -9.813387e+00
    endloop
  endfacet
  facet normal 9.417136e-01 1.778180e-01 2.855804e-01
    outer loop
      vertex   1.479447e+02 5.151243e+01 -9.813387e+00
      vertex   1.479497e+02 5.153248e+01 -9.842534e+00
      vertex   1.478822e+02 5.167485e+01 -9.708573e+00
    endloop
  endfacet
  facet normal 9.458427e-01 1.973828e-01 2.577238e-01
    outer loop
      vertex   1.479447e+02 5.151243e+01 -9.813387e+00
      vertex   1.478822e+02 5.167485e+01 -9.708573e+00
      vertex   1.478784e+02 5.164775e+01 -9.673967e+00
    endloop
  endfacet
  facet normal 9.131485e-01 2.665990e-01 3.083582e-01
    outer loop
      vertex   1.478784e+02 5.164775e+01 -9.673967e+00
      vertex   1.478822e+02 5.167485e+01 -9.708573e+00
      vertex   1.477898e+02 5.180591e+01 -9.548199e+00
    endloop
  endfacet
  facet normal 9.155061e-01 2.997931e-01 2.682771e-01
    outer loop
      vertex   1.478784e+02 5.164775e+01 -9.673967e+00
      vertex   1.477898e+02 5.180591e+01 -9.548199e+00
      vertex   1.477887e+02 5.177191e+01 -9.506398e+00
    endloop
  endfacet
  facet normal 7.862863e-01 3.244472e-02 6.170099e-01
    outer loop
      vertex   1.480000e+02 5.174327e+01 -1.000000e+01
      vertex   1.479966e+02 5.164109e+01 -9.990301e+00
      vertex   1.480000e+02 5.154261e+01 -9.989448e+00
    endloop
  endfacet
  facet normal 9.128396e-01 3.498756e-02 4.068165e-01
    outer loop
      vertex   1.480000e+02 5.154261e+01 -9.989448e+00
      vertex   1.479966e+02 5.164109e+01 -9.990301e+00
      vertex   1.479820e+02 5.161414e+01 -9.955181e+00
    endloop
  endfacet
  facet normal 9.262647e-01 5.462035e-02 3.728946e-01
    outer loop
      vertex   1.480000e+02 5.154261e+01 -9.989448e+00
      vertex   1.479820e+02 5.161414e+01 -9.955181e+00
      vertex   1.479721e+02 5.159355e+01 -9.927683e+00
    endloop
  endfacet
  facet normal 9.140329e-01 9.054944e-02 3.954045e-01
    outer loop
      vertex   1.479721e+02 5.159355e+01 -9.927683e+00
      vertex   1.479820e+02 5.161414e+01 -9.955181e+00
      vertex   1.479153e+02 5.178691e+01 -9.840529e+00
    endloop
  endfacet
  facet normal 9.142807e-01 9.091910e-02 3.947461e-01
    outer loop
      vertex   1.479721e+02 5.159355e+01 -9.927683e+00
      vertex   1.479153e+02 5.178691e+01 -9.840529e+00
      vertex   1.479043e+02 5.175845e+01 -9.808642e+00
    endloop
  endfacet
  facet normal 8.853532e-01 1.520298e-01 4.393593e-01
    outer loop
      vertex   1.479043e+02 5.175845e+01 -9.808642e+00
      vertex   1.479153e+02 5.178691e+01 -9.840529e+00
      vertex   1.478200e+02 5.195019e+01 -9.704984e+00
    endloop
  endfacet
  facet normal 8.892247e-01 1.594512e-01 4.287828e-01
    outer loop
      vertex   1.479043e+02 5.175845e+01 -9.808642e+00
      vertex   1.478200e+02 5.195019e+01 -9.704984e+00
      vertex   1.478086e+02 5.191308e+01 -9.667588e+00
    endloop
  endfacet
  facet normal 8.695891e-01 1.794872e-02 4.934497e-01
    outer loop
      vertex   1.479966e+02 5.164109e+01 -9.990301e+00
      vertex   1.480000e+02 5.174327e+01 -1.000000e+01
      vertex   1.479471e+02 5.185317e+01 -9.910735e+00
    endloop
  endfacet
  facet normal 8.702367e-01 1.922819e-02 4.922584e-01
    outer loop
      vertex   1.479471e+02 5.185317e+01 -9.910735e+00
      vertex   1.480000e+02 5.174327e+01 -1.000000e+01
      vertex   1.479450e+02 5.198698e+01 -9.912327e+00
    endloop
  endfacet
  facet normal 8.115422e-01 1.941806e-02 5.839710e-01
    outer loop
      vertex   1.479471e+02 5.185317e+01 -9.910735e+00
      vertex   1.479450e+02 5.198698e+01 -9.912327e+00
      vertex   1.478752e+02 5.207584e+01 -9.818187e+00
    endloop
  endfacet
  facet normal 8.135113e-01 2.405947e-02 5.810513e-01
    outer loop
      vertex   1.478752e+02 5.207584e+01 -9.818187e+00
      vertex   1.479450e+02 5.198698e+01 -9.912327e+00
      vertex   1.478747e+02 5.221231e+01 -9.823252e+00
    endloop
  endfacet
  facet normal 6.527817e-01 3.489227e-02 7.567421e-01
    outer loop
      vertex   1.477874e+02 5.228009e+01 -9.729713e+00
      vertex   1.477887e+02 5.242021e+01 -9.737343e+00
      vertex   1.476846e+02 5.246398e+01 -9.649516e+00
    endloop
  endfacet
  facet normal 6.531268e-01 3.645987e-02 7.563703e-01
    outer loop
      vertex   1.476846e+02 5.246398e+01 -9.649516e+00
      vertex   1.477887e+02 5.242021e+01 -9.737343e+00
      vertex   1.476865e+02 5.260777e+01 -9.658074e+00
    endloop
  endfacet
  facet normal 5.470687e-01 4.258872e-02 8.360036e-01
    outer loop
      vertex   1.476846e+02 5.246398e+01 -9.649516e+00
      vertex   1.476865e+02 5.260777e+01 -9.658074e+00
      vertex   1.475680e+02 5.262392e+01 -9.581357e+00
    endloop
  endfacet
  facet normal 5.472798e-01 4.553072e-02 8.357103e-01
    outer loop
      vertex   1.475680e+02 5.262392e+01 -9.581357e+00
      vertex   1.476865e+02 5.260777e+01 -9.658074e+00
      vertex   1.475675e+02 5.277080e+01 -9.589057e+00
    endloop
  endfacet
  facet normal 4.364294e-01 4.847078e-02 8.984320e-01
    outer loop
      vertex   1.475680e+02 5.262392e+01 -9.581357e+00
      vertex   1.475675e+02 5.277080e+01 -9.589057e+00
      vertex   1.474666e+02 5.273077e+01 -9.537859e+00
    endloop
  endfacet
  facet normal 4.405585e-01 3.621806e-02 8.969930e-01
    outer loop
      vertex   1.474666e+02 5.273077e+01 -9.537859e+00
      vertex   1.475675e+02 5.277080e+01 -9.589057e+00
      vertex   1.475020e+02 5.284099e+01 -9.559697e+00
    endloop
  endfacet
  facet normal 3.858932e-01 5.847187e-02 9.206886e-01
    outer loop
      vertex   1.474666e+02 5.273077e+01 -9.537859e+00
      vertex   1.475020e+02 5.284099e+01 -9.559697e+00
      vertex   1.474326e+02 5.290236e+01 -9.534506e+00
    endloop
  endfacet
  facet normal 3.208851e-01 4.509576e-02 9.460439e-01
    outer loop
      vertex   1.474666e+02 5.273077e+01 -9.537859e+00
      vertex   1.474326e+02 5.290236e+01 -9.534506e+00
      vertex   1.473594e+02 5.281582e+01 -9.505577e+00
    endloop
  endfacet
  facet normal 3.071731e-01 5.796803e-02 9.498865e-01
    outer loop
      vertex   1.473594e+02 5.281582e+01 -9.505577e+00
      vertex   1.474326e+02 5.290236e+01 -9.534506e+00
      vertex   1.473597e+02 5.295387e+01 -9.514072e+00
    endloop
  endfacet
  facet normal 2.259973e-01 5.947633e-02 9.723105e-01
    outer loop
      vertex   1.473594e+02 5.281582e+01 -9.505577e+00
      vertex   1.473597e+02 5.295387e+01 -9.514072e+00
      vertex   1.472838e+02 5.299452e+01 -9.498936e+00
    endloop
  endfacet
  facet normal 1.435791e-01 6.945737e-02 9.871984e-01
    outer loop
      vertex   1.472058e+02 5.302339e+01 -9.489611e+00
      vertex   1.472399e+02 5.287958e+01 -9.484459e+00
      vertex   1.472838e+02 5.299452e+01 -9.498936e+00
    endloop
  endfacet
  facet normal 1.704123e-01 5.875061e-02 9.836198e-01
    outer loop
      vertex   1.472838e+02 5.299452e+01 -9.498936e+00
      vertex   1.472399e+02 5.287958e+01 -9.484459e+00
      vertex   1.473001e+02 5.285150e+01 -9.493205e+00
    endloop
  endfacet
  facet normal 2.415149e-01 6.619618e-02 9.681367e-01
    outer loop
      vertex   1.472838e+02 5.299452e+01 -9.498936e+00
      vertex   1.473001e+02 5.285150e+01 -9.493205e+00
      vertex   1.473594e+02 5.281582e+01 -9.505577e+00
    endloop
  endfacet
  facet normal 3.023558e-01 1.784577e-01 9.363407e-01
    outer loop
      vertex   1.473594e+02 5.281582e+01 -9.505577e+00
      vertex   1.473001e+02 5.285150e+01 -9.493205e+00
      vertex   1.473285e+02 5.270275e+01 -9.474034e+00
    endloop
  endfacet
  facet normal 3.903658e-01 1.467149e-01 9.088945e-01
    outer loop
      vertex   1.473594e+02 5.281582e+01 -9.505577e+00
      vertex   1.473285e+02 5.270275e+01 -9.474034e+00
      vertex   1.474666e+02 5.273077e+01 -9.537859e+00
    endloop
  endfacet
  facet normal 3.810085e-01 1.856416e-01 9.057427e-01
    outer loop
      vertex   1.474666e+02 5.273077e+01 -9.537859e+00
      vertex   1.473285e+02 5.270275e+01 -9.474034e+00
      vertex   1.474305e+02 5.262806e+01 -9.501637e+00
    endloop
  endfacet
  facet normal 5.004714e-01 1.263274e-01 8.564869e-01
    outer loop
      vertex   1.474666e+02 5.273077e+01 -9.537859e+00
      vertex   1.474305e+02 5.262806e+01 -9.501637e+00
      vertex   1.475680e+02 5.262392e+01 -9.581357e+00
    endloop
  endfacet
  facet normal 4.981442e-01 1.704078e-01 8.501844e-01
    outer loop
      vertex   1.475680e+02 5.262392e+01 -9.581357e+00
      vertex   1.474305e+02 5.262806e+01 -9.501637e+00
      vertex   1.475305e+02 5.253256e+01 -9.541065e+00
    endloop
  endfacet
  facet normal 6.023832e-01 1.018016e-01 7.916886e-01
    outer loop
      vertex   1.475680e+02 5.262392e+01 -9.581357e+00
      vertex   1.475305e+02 5.253256e+01 -9.541065e+00
      vertex   1.476846e+02 5.246398e+01 -9.649516e+00
    endloop
  endfacet
  facet normal 6.137448e-01 1.551186e-01 7.741160e-01
    outer loop
      vertex   1.476846e+02 5.246398e+01 -9.649516e+00
      vertex   1.475305e+02 5.253256e+01 -9.541065e+00
      vertex   1.476491e+02 5.238703e+01 -9.605978e+00
    endloop
  endfacet
  facet normal 6.985091e-01 8.037273e-02 7.110733e-01
    outer loop
      vertex   1.476846e+02 5.246398e+01 -9.649516e+00
      vertex   1.476491e+02 5.238703e+01 -9.605978e+00
      vertex   1.477874e+02 5.228009e+01 -9.729713e+00
    endloop
  endfacet
  facet normal 7.157390e-01 1.318890e-01 6.858010e-01
    outer loop
      vertex   1.477874e+02 5.228009e+01 -9.729713e+00
      vertex   1.476491e+02 5.238703e+01 -9.605978e+00
      vertex   1.477566e+02 5.221698e+01 -9.685451e+00
    endloop
  endfacet
  facet normal 1.025824e-01 5.992873e-02 9.929176e-01
    outer loop
      vertex   1.472399e+02 5.287958e+01 -9.484459e+00
      vertex   1.472058e+02 5.302339e+01 -9.489611e+00
      vertex   1.471792e+02 5.289970e+01 -9.479402e+00
    endloop
  endfacet
  facet normal 5.430191e-02 7.055338e-02 9.960289e-01
    outer loop
      vertex   1.471792e+02 5.289970e+01 -9.479402e+00
      vertex   1.472058e+02 5.302339e+01 -9.489611e+00
      vertex   1.471263e+02 5.303985e+01 -9.486445e+00
    endloop
  endfacet
  facet normal 8.428424e-02 8.172467e-02 9.930847e-01
    outer loop
      vertex   1.471792e+02 5.289970e+01 -9.479402e+00
      vertex   1.471263e+02 5.303985e+01 -9.486445e+00
      vertex   1.471153e+02 5.286655e+01 -9.471252e+00
    endloop
  endfacet
  facet normal 2.176386e-02 1.988978e-01 9.797785e-01
    outer loop
      vertex   1.471792e+02 5.289970e+01 -9.479402e+00
      vertex   1.471153e+02 5.286655e+01 -9.471252e+00
      vertex   1.471644e+02 5.277522e+01 -9.453801e+00
    endloop
  endfacet
  facet normal 1.238543e-01 2.499884e-01 9.602947e-01
    outer loop
      vertex   1.471644e+02 5.277522e+01 -9.453801e+00
      vertex   1.471153e+02 5.286655e+01 -9.471252e+00
      vertex   1.471047e+02 5.269851e+01 -9.426137e+00
    endloop
  endfacet
  facet normal 4.984612e-02 3.043042e-01 9.512698e-01
    outer loop
      vertex   1.471644e+02 5.277522e+01 -9.453801e+00
      vertex   1.471047e+02 5.269851e+01 -9.426137e+00
      vertex   1.471541e+02 5.268246e+01 -9.423591e+00
    endloop
  endfacet
  facet normal 8.029605e-02 3.924504e-01 9.162615e-01
    outer loop
      vertex   1.471541e+02 5.268246e+01 -9.423591e+00
      vertex   1.471047e+02 5.269851e+01 -9.426137e+00
      vertex   1.471449e+02 5.259302e+01 -9.384471e+00
    endloop
  endfacet
  facet normal 1.655838e-01 3.807909e-01 9.097144e-01
    outer loop
      vertex   1.471541e+02 5.268246e+01 -9.423591e+00
      vertex   1.471449e+02 5.259302e+01 -9.384471e+00
      vertex   1.472045e+02 5.266715e+01 -9.426359e+00
    endloop
  endfacet
  facet normal 1.547063e-01 3.887262e-01 9.082719e-01
    outer loop
      vertex   1.472045e+02 5.266715e+01 -9.426359e+00
      vertex   1.471449e+02 5.259302e+01 -9.384471e+00
      vertex   1.471921e+02 5.257958e+01 -9.386762e+00
    endloop
  endfacet
  facet normal 2.521495e-01 3.687479e-01 8.946763e-01
    outer loop
      vertex   1.472045e+02 5.266715e+01 -9.426359e+00
      vertex   1.471921e+02 5.257958e+01 -9.386762e+00
      vertex   1.472558e+02 5.264577e+01 -9.432006e+00
    endloop
  endfacet
  facet normal 2.398071e-01 3.797941e-01 8.934478e-01
    outer loop
      vertex   1.472558e+02 5.264577e+01 -9.432006e+00
      vertex   1.471921e+02 5.257958e+01 -9.386762e+00
      vertex   1.472406e+02 5.256079e+01 -9.391812e+00
    endloop
  endfacet
  facet normal 3.172111e-01 3.586312e-01 8.779298e-01
    outer loop
      vertex   1.472558e+02 5.264577e+01 -9.432006e+00
      vertex   1.472406e+02 5.256079e+01 -9.391812e+00
      vertex   1.472907e+02 5.253647e+01 -9.399969e+00
    endloop
  endfacet
  facet normal 3.499913e-01 4.439101e-01 8.248939e-01
    outer loop
      vertex   1.472907e+02 5.253647e+01 -9.399969e+00
      vertex   1.472406e+02 5.256079e+01 -9.391812e+00
      vertex   1.472766e+02 5.245814e+01 -9.351825e+00
    endloop
  endfacet
  facet normal 4.545051e-01 4.055264e-01 7.930785e-01
    outer loop
      vertex   1.472907e+02 5.253647e+01 -9.399969e+00
      vertex   1.472766e+02 5.245814e+01 -9.351825e+00
      vertex   1.473870e+02 5.247634e+01 -9.424421e+00
    endloop
  endfacet
  facet normal 4.473777e-01 4.247387e-01 7.870516e-01
    outer loop
      vertex   1.473870e+02 5.247634e+01 -9.424421e+00
      vertex   1.472766e+02 5.245814e+01 -9.351825e+00
      vertex   1.473711e+02 5.240437e+01 -9.376511e+00
    endloop
  endfacet
  facet normal 5.721350e-01 3.627874e-01 7.355588e-01
    outer loop
      vertex   1.473870e+02 5.247634e+01 -9.424421e+00
      vertex   1.473711e+02 5.240437e+01 -9.376511e+00
      vertex   1.474855e+02 5.239693e+01 -9.461859e+00
    endloop
  endfacet
  facet normal 5.678347e-01 3.843223e-01 7.279150e-01
    outer loop
      vertex   1.474855e+02 5.239693e+01 -9.461859e+00
      vertex   1.473711e+02 5.240437e+01 -9.376511e+00
      vertex   1.474691e+02 5.233211e+01 -9.414841e+00
    endloop
  endfacet
  facet normal 6.777759e-01 3.115816e-01 6.659856e-01
    outer loop
      vertex   1.474855e+02 5.239693e+01 -9.461859e+00
      vertex   1.474691e+02 5.233211e+01 -9.414841e+00
      vertex   1.476067e+02 5.227205e+01 -9.526773e+00
    endloop
  endfacet
  facet normal 6.782889e-01 3.379244e-01 6.524808e-01
    outer loop
      vertex   1.476067e+02 5.227205e+01 -9.526773e+00
      vertex   1.474691e+02 5.233211e+01 -9.414841e+00
      vertex   1.475912e+02 5.221656e+01 -9.481927e+00
    endloop
  endfacet
  facet normal 7.692208e-01 2.577337e-01 5.846989e-01
    outer loop
      vertex   1.476067e+02 5.227205e+01 -9.526773e+00
      vertex   1.475912e+02 5.221656e+01 -9.481927e+00
      vertex   1.477197e+02 5.212208e+01 -9.609272e+00
    endloop
  endfacet
  facet normal 7.722226e-01 2.835579e-01 5.685659e-01
    outer loop
      vertex   1.477197e+02 5.212208e+01 -9.609272e+00
      vertex   1.475912e+02 5.221656e+01 -9.481927e+00
      vertex   1.477060e+02 5.207588e+01 -9.567714e+00
    endloop
  endfacet
  facet normal 1.464939e-01 4.111222e-01 8.997322e-01
    outer loop
      vertex   1.471047e+02 5.269851e+01 -9.426137e+00
      vertex   1.470947e+02 5.254085e+01 -9.352470e+00
      vertex   1.471449e+02 5.259302e+01 -9.384471e+00
    endloop
  endfacet
  facet normal 5.329745e-02 4.844168e-01 8.732123e-01
    outer loop
      vertex   1.471449e+02 5.259302e+01 -9.384471e+00
      vertex   1.470947e+02 5.254085e+01 -9.352470e+00
      vertex   1.471368e+02 5.250779e+01 -9.336697e+00
    endloop
  endfacet
  facet normal 1.754065e-01 4.686939e-01 8.657705e-01
    outer loop
      vertex   1.471449e+02 5.259302e+01 -9.384471e+00
      vertex   1.471368e+02 5.250779e+01 -9.336697e+00
      vertex   1.471921e+02 5.257958e+01 -9.386762e+00
    endloop
  endfacet
  facet normal 1.656453e-01 4.751098e-01 8.641946e-01
    outer loop
      vertex   1.471921e+02 5.257958e+01 -9.386762e+00
      vertex   1.471368e+02 5.250779e+01 -9.336697e+00
      vertex   1.471816e+02 5.249603e+01 -9.338825e+00
    endloop
  endfacet
  facet normal 2.643655e-01 4.548587e-01 8.504202e-01
    outer loop
      vertex   1.471921e+02 5.257958e+01 -9.386762e+00
      vertex   1.471816e+02 5.249603e+01 -9.338825e+00
      vertex   1.472406e+02 5.256079e+01 -9.391812e+00
    endloop
  endfacet
  facet normal 2.534814e-01 4.636174e-01 8.490030e-01
    outer loop
      vertex   1.472406e+02 5.256079e+01 -9.391812e+00
      vertex   1.471816e+02 5.249603e+01 -9.338825e+00
      vertex   1.472281e+02 5.247958e+01 -9.343735e+00
    endloop
  endfacet
  facet normal 3.344287e-01 4.414698e-01 8.326235e-01
    outer loop
      vertex   1.472406e+02 5.256079e+01 -9.391812e+00
      vertex   1.472281e+02 5.247958e+01 -9.343735e+00
      vertex   1.472766e+02 5.245814e+01 -9.351825e+00
    endloop
  endfacet
  facet normal 3.601383e-01 5.219708e-01 7.732056e-01
    outer loop
      vertex   1.472766e+02 5.245814e+01 -9.351825e+00
      vertex   1.472281e+02 5.247958e+01 -9.343735e+00
      vertex   1.472659e+02 5.238393e+01 -9.296734e+00
    endloop
  endfacet
  facet normal 4.679443e-01 4.821938e-01 7.406195e-01
    outer loop
      vertex   1.472766e+02 5.245814e+01 -9.351825e+00
      vertex   1.472659e+02 5.238393e+01 -9.296734e+00
      vertex   1.473711e+02 5.240437e+01 -9.376511e+00
    endloop
  endfacet
  facet normal 4.616195e-01 4.956105e-01 7.357158e-01
    outer loop
      vertex   1.473711e+02 5.240437e+01 -9.376511e+00
      vertex   1.472659e+02 5.238393e+01 -9.296734e+00
      vertex   1.473592e+02 5.233576e+01 -9.322822e+00
    endloop
  endfacet
  facet normal 5.868192e-01 4.333893e-01 6.839715e-01
    outer loop
      vertex   1.473711e+02 5.240437e+01 -9.376511e+00
      vertex   1.473592e+02 5.233576e+01 -9.322822e+00
      vertex   1.474691e+02 5.233211e+01 -9.414841e+00
    endloop
  endfacet
  facet normal 5.824120e-01 4.482828e-01 6.781141e-01
    outer loop
      vertex   1.474691e+02 5.233211e+01 -9.414841e+00
      vertex   1.473592e+02 5.233576e+01 -9.322822e+00
      vertex   1.474569e+02 5.226988e+01 -9.363248e+00
    endloop
  endfacet
  facet normal 6.930759e-01 3.749021e-01 6.157063e-01
    outer loop
      vertex   1.474691e+02 5.233211e+01 -9.414841e+00
      vertex   1.474569e+02 5.226988e+01 -9.363248e+00
      vertex   1.475912e+02 5.221656e+01 -9.481927e+00
    endloop
  endfacet
  facet normal 6.916369e-01 3.930641e-01 6.059200e-01
    outer loop
      vertex   1.475912e+02 5.221656e+01 -9.481927e+00
      vertex   1.474569e+02 5.226988e+01 -9.363248e+00
      vertex   1.475796e+02 5.216283e+01 -9.433877e+00
    endloop
  endfacet
  facet normal 7.836008e-01 3.119186e-01 5.372863e-01
    outer loop
      vertex   1.475912e+02 5.221656e+01 -9.481927e+00
      vertex   1.475796e+02 5.216283e+01 -9.433877e+00
      vertex   1.477060e+02 5.207588e+01 -9.567714e+00
    endloop
  endfacet
  facet normal 7.839415e-01 3.297852e-01 5.260014e-01
    outer loop
      vertex   1.477060e+02 5.207588e+01 -9.567714e+00
      vertex   1.475796e+02 5.216283e+01 -9.433877e+00
      vertex   1.476957e+02 5.203078e+01 -9.524055e+00
    endloop
  endfacet
  facet normal 1.334506e-01 5.599388e-01 8.177160e-01
    outer loop
      vertex   1.471368e+02 5.250779e+01 -9.336697e+00
      vertex   1.470947e+02 5.254085e+01 -9.352470e+00
      vertex   1.471300e+02 5.242759e+01 -9.280673e+00
    endloop
  endfacet
  facet normal 1.470310e-01 5.618524e-01 8.140662e-01
    outer loop
      vertex   1.471300e+02 5.242759e+01 -9.280673e+00
      vertex   1.470947e+02 5.254085e+01 -9.352470e+00
      vertex   1.470857e+02 5.239834e+01 -9.252489e+00
    endloop
  endfacet
  facet normal 5.773010e-02 6.460128e-01 7.611404e-01
    outer loop
      vertex   1.471300e+02 5.242759e+01 -9.280673e+00
      vertex   1.470857e+02 5.239834e+01 -9.252489e+00
      vertex   1.471244e+02 5.235313e+01 -9.217053e+00
    endloop
  endfacet
  facet normal 1.664571e-01 6.926625e-01 7.017911e-01
    outer loop
      vertex   1.471244e+02 5.235313e+01 -9.217053e+00
      vertex   1.470857e+02 5.239834e+01 -9.252489e+00
      vertex   1.470779e+02 5.227533e+01 -9.129232e+00
    endloop
  endfacet
  facet normal 1.194854e-01 7.109030e-01 6.930658e-01
    outer loop
      vertex   1.471244e+02 5.235313e+01 -9.217053e+00
      vertex   1.470779e+02 5.227533e+01 -9.129232e+00
      vertex   1.471202e+02 5.228507e+01 -9.146518e+00
    endloop
  endfacet
  facet normal 7.465534e-02 7.795047e-01 6.219317e-01
    outer loop
      vertex   1.471202e+02 5.228507e+01 -9.146518e+00
      vertex   1.470779e+02 5.227533e+01 -9.129232e+00
      vertex   1.471174e+02 5.222409e+01 -9.069746e+00
    endloop
  endfacet
  facet normal 1.953296e-01 7.644386e-01 6.143940e-01
    outer loop
      vertex   1.471202e+02 5.228507e+01 -9.146518e+00
      vertex   1.471174e+02 5.222409e+01 -9.069746e+00
      vertex   1.471630e+02 5.227690e+01 -9.149934e+00
    endloop
  endfacet
  facet normal 1.934398e-01 7.653163e-01 6.138990e-01
    outer loop
      vertex   1.471630e+02 5.227690e+01 -9.149934e+00
      vertex   1.471174e+02 5.222409e+01 -9.069746e+00
      vertex   1.471611e+02 5.221654e+01 -9.074109e+00
    endloop
  endfacet
  facet normal 2.856029e-01 7.464106e-01 6.010842e-01
    outer loop
      vertex   1.471630e+02 5.227690e+01 -9.149934e+00
      vertex   1.471611e+02 5.221654e+01 -9.074109e+00
      vertex   1.472077e+02 5.226545e+01 -9.156968e+00
    endloop
  endfacet
  facet normal 2.851673e-01 7.466571e-01 6.009849e-01
    outer loop
      vertex   1.472077e+02 5.226545e+01 -9.156968e+00
      vertex   1.471611e+02 5.221654e+01 -9.074109e+00
      vertex   1.472067e+02 5.220597e+01 -9.082592e+00
    endloop
  endfacet
  facet normal 3.711750e-01 7.227260e-01 5.830062e-01
    outer loop
      vertex   1.472077e+02 5.226545e+01 -9.156968e+00
      vertex   1.472067e+02 5.220597e+01 -9.082592e+00
      vertex   1.472544e+02 5.219186e+01 -9.095502e+00
    endloop
  endfacet
  facet normal 3.675809e-01 7.784481e-01 5.088250e-01
    outer loop
      vertex   1.472544e+02 5.219186e+01 -9.095502e+00
      vertex   1.472067e+02 5.220597e+01 -9.082592e+00
      vertex   1.472577e+02 5.213993e+01 -9.018382e+00
    endloop
  endfacet
  facet normal 4.766257e-01 7.383036e-01 4.772167e-01
    outer loop
      vertex   1.472544e+02 5.219186e+01 -9.095502e+00
      vertex   1.472577e+02 5.213993e+01 -9.018382e+00
      vertex   1.473482e+02 5.215491e+01 -9.131944e+00
    endloop
  endfacet
  facet normal 4.825609e-01 7.318994e-01 4.811010e-01
    outer loop
      vertex   1.473482e+02 5.215491e+01 -9.131944e+00
      vertex   1.472577e+02 5.213993e+01 -9.018382e+00
      vertex   1.473528e+02 5.210455e+01 -9.060028e+00
    endloop
  endfacet
  facet normal 5.958698e-01 6.755448e-01 4.342562e-01
    outer loop
      vertex   1.473482e+02 5.215491e+01 -9.131944e+00
      vertex   1.473528e+02 5.210455e+01 -9.060028e+00
      vertex   1.474461e+02 5.210255e+01 -9.184955e+00
    endloop
  endfacet
  facet normal 6.023724e-01 6.664829e-01 4.392584e-01
    outer loop
      vertex   1.474461e+02 5.210255e+01 -9.184955e+00
      vertex   1.473528e+02 5.210455e+01 -9.060028e+00
      vertex   1.474512e+02 5.205450e+01 -9.119015e+00
    endloop
  endfacet
  facet normal 7.035925e-01 5.990038e-01 3.822984e-01
    outer loop
      vertex   1.474461e+02 5.210255e+01 -9.184955e+00
      vertex   1.474512e+02 5.205450e+01 -9.119015e+00
      vertex   1.475689e+02 5.201477e+01 -9.273329e+00
    endloop
  endfacet
  facet normal 7.099688e-01 5.860524e-01 3.904958e-01
    outer loop
      vertex   1.475689e+02 5.201477e+01 -9.273329e+00
      vertex   1.474512e+02 5.205450e+01 -9.119015e+00
      vertex   1.475734e+02 5.197069e+01 -9.215302e+00
    endloop
  endfacet
  facet normal 7.956629e-01 5.103027e-01 3.263613e-01
    outer loop
      vertex   1.475689e+02 5.201477e+01 -9.273329e+00
      vertex   1.475734e+02 5.197069e+01 -9.215302e+00
      vertex   1.476848e+02 5.190374e+01 -9.382367e+00
    endloop
  endfacet
  facet normal 8.009108e-01 4.958652e-01 3.356480e-01
    outer loop
      vertex   1.476848e+02 5.190374e+01 -9.382367e+00
      vertex   1.475734e+02 5.197069e+01 -9.215302e+00
      vertex   1.476880e+02 5.186474e+01 -9.332208e+00
    endloop
  endfacet
  facet normal 1.841056e-01 8.018379e-01 5.684726e-01
    outer loop
      vertex   1.470779e+02 5.227533e+01 -9.129232e+00
      vertex   1.470716e+02 5.217555e+01 -8.986445e+00
      vertex   1.471174e+02 5.222409e+01 -9.069746e+00
    endloop
  endfacet
  facet normal 1.000637e-01 8.347707e-01 5.414289e-01
    outer loop
      vertex   1.471174e+02 5.222409e+01 -9.069746e+00
      vertex   1.470716e+02 5.217555e+01 -8.986445e+00
      vertex   1.471160e+02 5.217086e+01 -8.987416e+00
    endloop
  endfacet
  facet normal 1.953425e-01 8.220669e-01 5.348339e-01
    outer loop
      vertex   1.471174e+02 5.222409e+01 -9.069746e+00
      vertex   1.471160e+02 5.217086e+01 -8.987416e+00
      vertex   1.471611e+02 5.221654e+01 -9.074109e+00
    endloop
  endfacet
  facet normal 1.958833e-01 8.218348e-01 5.349928e-01
    outer loop
      vertex   1.471611e+02 5.221654e+01 -9.074109e+00
      vertex   1.471160e+02 5.217086e+01 -8.987416e+00
      vertex   1.471615e+02 5.216361e+01 -8.992948e+00
    endloop
  endfacet
  facet normal 2.866499e-01 8.031268e-01 5.223209e-01
    outer loop
      vertex   1.471611e+02 5.221654e+01 -9.074109e+00
      vertex   1.471615e+02 5.216361e+01 -8.992948e+00
      vertex   1.472087e+02 5.215346e+01 -9.003195e+00
    endloop
  endfacet
  facet normal 2.784113e-01 8.595451e-01 4.285667e-01
    outer loop
      vertex   1.472087e+02 5.215346e+01 -9.003195e+00
      vertex   1.471615e+02 5.216361e+01 -8.992948e+00
      vertex   1.472157e+02 5.209631e+01 -8.893161e+00
    endloop
  endfacet
  facet normal 3.695585e-01 8.341041e-01 4.095081e-01
    outer loop
      vertex   1.472087e+02 5.215346e+01 -9.003195e+00
      vertex   1.472157e+02 5.209631e+01 -8.893161e+00
      vertex   1.472672e+02 5.208265e+01 -8.911826e+00
    endloop
  endfacet
  facet normal 3.494900e-01 8.805528e-01 3.201305e-01
    outer loop
      vertex   1.472672e+02 5.208265e+01 -8.911826e+00
      vertex   1.472157e+02 5.209631e+01 -8.893161e+00
      vertex   1.472785e+02 5.204717e+01 -8.826545e+00
    endloop
  endfacet
  facet normal 4.500183e-01 8.440563e-01 2.916377e-01
    outer loop
      vertex   1.472672e+02 5.208265e+01 -8.911826e+00
      vertex   1.472785e+02 5.204717e+01 -8.826545e+00
      vertex   1.473653e+02 5.204749e+01 -8.961323e+00
    endloop
  endfacet
  facet normal 4.683562e-01 8.298113e-01 3.034068e-01
    outer loop
      vertex   1.473653e+02 5.204749e+01 -8.961323e+00
      vertex   1.472785e+02 5.204717e+01 -8.826545e+00
      vertex   1.473795e+02 5.201072e+01 -8.882708e+00
    endloop
  endfacet
  facet normal 5.656988e-01 7.814754e-01 2.632130e-01
    outer loop
      vertex   1.473653e+02 5.204749e+01 -8.961323e+00
      vertex   1.473795e+02 5.201072e+01 -8.882708e+00
      vertex   1.474644e+02 5.199858e+01 -9.029180e+00
    endloop
  endfacet
  facet normal 5.860314e-01 7.615984e-01 2.766498e-01
    outer loop
      vertex   1.474644e+02 5.199858e+01 -9.029180e+00
      vertex   1.473795e+02 5.201072e+01 -8.882708e+00
      vertex   1.474794e+02 5.196121e+01 -8.958018e+00
    endloop
  endfacet
  facet normal 6.731532e-01 7.035313e-01 2.278345e-01
    outer loop
      vertex   1.474644e+02 5.199858e+01 -9.029180e+00
      vertex   1.474794e+02 5.196121e+01 -8.958018e+00
      vertex   1.475853e+02 5.191783e+01 -9.136979e+00
    endloop
  endfacet
  facet normal 6.951143e-01 6.748472e-01 2.477849e-01
    outer loop
      vertex   1.475853e+02 5.191783e+01 -9.136979e+00
      vertex   1.474794e+02 5.196121e+01 -8.958018e+00
      vertex   1.475989e+02 5.188112e+01 -9.075364e+00
    endloop
  endfacet
  facet normal 7.696735e-01 6.088993e-01 1.919489e-01
    outer loop
      vertex   1.475853e+02 5.191783e+01 -9.136979e+00
      vertex   1.475989e+02 5.188112e+01 -9.075364e+00
      vertex   1.476971e+02 5.181681e+01 -9.265079e+00
    endloop
  endfacet
  facet normal 7.890413e-01 5.762135e-01 2.130537e-01
    outer loop
      vertex   1.476971e+02 5.181681e+01 -9.265079e+00
      vertex   1.475989e+02 5.188112e+01 -9.075364e+00
      vertex   1.477080e+02 5.178252e+01 -9.212608e+00
    endloop
  endfacet
  facet normal 1.038383e-01 8.910995e-01 4.417683e-01
    outer loop
      vertex   1.471160e+02 5.217086e+01 -8.987416e+00
      vertex   1.470716e+02 5.217555e+01 -8.986445e+00
      vertex   1.471164e+02 5.211402e+01 -8.872851e+00
    endloop
  endfacet
  facet normal 1.608634e-01 8.930030e-01 4.203197e-01
    outer loop
      vertex   1.471164e+02 5.211402e+01 -8.872851e+00
      vertex   1.470716e+02 5.217555e+01 -8.986445e+00
      vertex   1.470670e+02 5.210203e+01 -8.828465e+00
    endloop
  endfacet
  facet normal 7.723960e-02 9.375321e-01 3.392161e-01
    outer loop
      vertex   1.471164e+02 5.211402e+01 -8.872851e+00
      vertex   1.470670e+02 5.210203e+01 -8.828465e+00
      vertex   1.471183e+02 5.208052e+01 -8.780690e+00
    endloop
  endfacet
  facet normal 1.597058e-01 9.529775e-01 2.575421e-01
    outer loop
      vertex   1.471183e+02 5.208052e+01 -8.780690e+00
      vertex   1.470670e+02 5.210203e+01 -8.828465e+00
      vertex   1.470641e+02 5.205701e+01 -8.660093e+00
    endloop
  endfacet
  facet normal 1.253399e-01 9.616926e-01 2.437974e-01
    outer loop
      vertex   1.471183e+02 5.208052e+01 -8.780690e+00
      vertex   1.470641e+02 5.205701e+01 -8.660093e+00
      vertex   1.471216e+02 5.205602e+01 -8.685758e+00
    endloop
  endfacet
  facet normal 8.432714e-02 9.849287e-01 1.510114e-01
    outer loop
      vertex   1.471216e+02 5.205602e+01 -8.685758e+00
      vertex   1.470641e+02 5.205701e+01 -8.660093e+00
      vertex   1.471263e+02 5.204078e+01 -8.588969e+00
    endloop
  endfacet
  facet normal 1.756633e-01 9.737371e-01 1.448398e-01
    outer loop
      vertex   1.471216e+02 5.205602e+01 -8.685758e+00
      vertex   1.471263e+02 5.204078e+01 -8.588969e+00
      vertex   1.471789e+02 5.204727e+01 -8.696356e+00
    endloop
  endfacet
  facet normal 1.845729e-01 9.714489e-01 1.490636e-01
    outer loop
      vertex   1.471789e+02 5.204727e+01 -8.696356e+00
      vertex   1.471263e+02 5.204078e+01 -8.588969e+00
      vertex   1.471887e+02 5.203082e+01 -8.601327e+00
    endloop
  endfacet
  facet normal 2.611258e-01 9.553357e-01 1.383725e-01
    outer loop
      vertex   1.471789e+02 5.204727e+01 -8.696356e+00
      vertex   1.471887e+02 5.203082e+01 -8.601327e+00
      vertex   1.472502e+02 5.201696e+01 -8.621723e+00
    endloop
  endfacet
  facet normal 2.330822e-01 9.715142e-01 4.281233e-02
    outer loop
      vertex   1.472502e+02 5.201696e+01 -8.621723e+00
      vertex   1.471887e+02 5.203082e+01 -8.601327e+00
      vertex   1.472172e+02 5.201997e+01 -8.510319e+00
    endloop
  endfacet
  facet normal 2.594192e-01 9.644277e-01 5.080212e-02
    outer loop
      vertex   1.472502e+02 5.201696e+01 -8.621723e+00
      vertex   1.472172e+02 5.201997e+01 -8.510319e+00
      vertex   1.472670e+02 5.200754e+01 -8.528448e+00
    endloop
  endfacet
  facet normal 1.575029e-01 9.836998e-01 8.676095e-02
    outer loop
      vertex   1.470641e+02 5.205701e+01 -8.660093e+00
      vertex   1.470631e+02 5.204184e+01 -8.486445e+00
      vertex   1.471263e+02 5.204078e+01 -8.588969e+00
    endloop
  endfacet
  facet normal 9.146868e-02 9.947458e-01 4.598185e-02
    outer loop
      vertex   1.471263e+02 5.204078e+01 -8.588969e+00
      vertex   1.470631e+02 5.204184e+01 -8.486445e+00
      vertex   1.471150e+02 5.203720e+01 -8.489146e+00
    endloop
  endfacet
  facet normal 1.485206e-01 9.875330e-01 5.215503e-02
    outer loop
      vertex   1.471263e+02 5.204078e+01 -8.588969e+00
      vertex   1.471150e+02 5.203720e+01 -8.489146e+00
      vertex   1.471665e+02 5.202989e+01 -8.497152e+00
    endloop
  endfacet
  facet normal 1.659907e-01 9.851351e-01 4.422473e-02
    outer loop
      vertex   1.471263e+02 5.204078e+01 -8.588969e+00
      vertex   1.471665e+02 5.202989e+01 -8.497152e+00
      vertex   1.471887e+02 5.203082e+01 -8.601327e+00
    endloop
  endfacet
  facet normal 2.047108e-01 9.774185e-01 5.240704e-02
    outer loop
      vertex   1.471887e+02 5.203082e+01 -8.601327e+00
      vertex   1.471665e+02 5.202989e+01 -8.497152e+00
      vertex   1.472172e+02 5.201997e+01 -8.510319e+00
    endloop
  endfacet
  facet normal 3.317223e-01 9.427051e-01 3.560008e-02
    outer loop
      vertex   1.472670e+02 5.200754e+01 -8.528448e+00
      vertex   1.473629e+02 5.197565e+01 -8.578438e+00
      vertex   1.472502e+02 5.201696e+01 -8.621723e+00
    endloop
  endfacet
  facet normal 3.148931e-01 9.455638e-01 8.216658e-02
    outer loop
      vertex   1.472502e+02 5.201696e+01 -8.621723e+00
      vertex   1.473629e+02 5.197565e+01 -8.578438e+00
      vertex   1.473109e+02 5.199919e+01 -8.649846e+00
    endloop
  endfacet
  facet normal 3.341593e-01 9.332975e-01 1.315039e-01
    outer loop
      vertex   1.472502e+02 5.201696e+01 -8.621723e+00
      vertex   1.473109e+02 5.199919e+01 -8.649846e+00
      vertex   1.472360e+02 5.203507e+01 -8.714149e+00
    endloop
  endfacet
  facet normal 3.223550e-01 9.352392e-01 1.463380e-01
    outer loop
      vertex   1.472360e+02 5.203507e+01 -8.714149e+00
      vertex   1.473109e+02 5.199919e+01 -8.649846e+00
      vertex   1.472931e+02 5.201926e+01 -8.738965e+00
    endloop
  endfacet
  facet normal 3.484276e-01 9.106621e-01 2.220196e-01
    outer loop
      vertex   1.472360e+02 5.203507e+01 -8.714149e+00
      vertex   1.472931e+02 5.201926e+01 -8.738965e+00
      vertex   1.472244e+02 5.206161e+01 -8.804904e+00
    endloop
  endfacet
  facet normal 3.373096e-01 9.117691e-01 2.343062e-01
    outer loop
      vertex   1.472244e+02 5.206161e+01 -8.804904e+00
      vertex   1.472931e+02 5.201926e+01 -8.738965e+00
      vertex   1.472785e+02 5.204717e+01 -8.826545e+00
    endloop
  endfacet
  facet normal 3.593314e-01 8.800473e-01 3.104798e-01
    outer loop
      vertex   1.472244e+02 5.206161e+01 -8.804904e+00
      vertex   1.472785e+02 5.204717e+01 -8.826545e+00
      vertex   1.472157e+02 5.209631e+01 -8.893161e+00
    endloop
  endfacet
  facet normal 3.813106e-01 9.240622e-01 2.666976e-02
    outer loop
      vertex   1.473109e+02 5.199919e+01 -8.649846e+00
      vertex   1.473629e+02 5.197565e+01 -8.578438e+00
      vertex   1.474195e+02 5.195641e+01 -8.720447e+00
    endloop
  endfacet
  facet normal 4.407858e-01 8.959763e-01 5.416897e-02
    outer loop
      vertex   1.474195e+02 5.195641e+01 -8.720447e+00
      vertex   1.473629e+02 5.197565e+01 -8.578438e+00
      vertex   1.474530e+02 5.193533e+01 -8.644737e+00
    endloop
  endfacet
  facet normal 4.899931e-01 8.713530e-01 2.550758e-02
    outer loop
      vertex   1.474195e+02 5.195641e+01 -8.720447e+00
      vertex   1.474530e+02 5.193533e+01 -8.644737e+00
      vertex   1.475215e+02 5.190174e+01 -8.811774e+00
    endloop
  endfacet
  facet normal 5.274128e-01 8.483926e-01 4.545121e-02
    outer loop
      vertex   1.475215e+02 5.190174e+01 -8.811774e+00
      vertex   1.474530e+02 5.193533e+01 -8.644737e+00
      vertex   1.475366e+02 5.188769e+01 -8.724799e+00
    endloop
  endfacet
  facet normal 5.959428e-01 8.026012e-01 2.614327e-02
    outer loop
      vertex   1.475215e+02 5.190174e+01 -8.811774e+00
      vertex   1.475366e+02 5.188769e+01 -8.724799e+00
      vertex   1.476132e+02 5.183378e+01 -8.816174e+00
    endloop
  endfacet
  facet normal 5.957803e-01 8.029645e-01 1.714277e-02
    outer loop
      vertex   1.475215e+02 5.190174e+01 -8.811774e+00
      vertex   1.476132e+02 5.183378e+01 -8.816174e+00
      vertex   1.476378e+02 5.181839e+01 -8.949444e+00
    endloop
  endfacet
  facet normal 6.817593e-01 7.304060e-01 4.136877e-02
    outer loop
      vertex   1.476378e+02 5.181839e+01 -8.949444e+00
      vertex   1.476132e+02 5.183378e+01 -8.816174e+00
      vertex   1.476827e+02 5.177460e+01 -8.916510e+00
    endloop
  endfacet
  facet normal 6.960990e-01 7.179269e-01 5.214202e-03
    outer loop
      vertex   1.476378e+02 5.181839e+01 -8.949444e+00
      vertex   1.476827e+02 5.177460e+01 -8.916510e+00
      vertex   1.477395e+02 5.172085e+01 -9.105936e+00
    endloop
  endfacet
  facet normal 7.401605e-01 6.716893e-01 3.155777e-02
    outer loop
      vertex   1.477395e+02 5.172085e+01 -9.105936e+00
      vertex   1.476827e+02 5.177460e+01 -8.916510e+00
      vertex   1.477452e+02 5.171078e+01 -9.023790e+00
    endloop
  endfacet
  facet normal 8.125597e-01 5.826670e-01 1.568447e-02
    outer loop
      vertex   1.477395e+02 5.172085e+01 -9.105936e+00
      vertex   1.477452e+02 5.171078e+01 -9.023790e+00
      vertex   1.478497e+02 5.157112e+01 -9.251466e+00
    endloop
  endfacet
  facet normal 9.977540e-01 5.654644e-02 3.590853e-02
    outer loop
      vertex   1.479962e+02 5.113425e+01 -9.790788e+00
      vertex   1.479992e+02 5.108942e+01 -9.804672e+00
      vertex   1.479999e+02 5.109203e+01 -9.827281e+00
    endloop
  endfacet
  facet normal 9.915513e-01 9.609338e-02 8.713245e-02
    outer loop
      vertex   1.479842e+02 5.124074e+01 -9.790774e+00
      vertex   1.479975e+02 5.114463e+01 -9.836984e+00
      vertex   1.479991e+02 5.114988e+01 -9.860030e+00
    endloop
  endfacet
  facet normal 9.932078e-01 1.087130e-01 4.147093e-02
    outer loop
      vertex   1.479846e+02 5.122062e+01 -9.740930e+00
      vertex   1.479962e+02 5.113425e+01 -9.790788e+00
      vertex   1.479966e+02 5.113941e+01 -9.813899e+00
    endloop
  endfacet
  facet normal 9.976664e-01 6.090637e-02 3.085644e-02
    outer loop
      vertex   1.479966e+02 5.113941e+01 -9.813899e+00
      vertex   1.479962e+02 5.113425e+01 -9.790788e+00
      vertex   1.479999e+02 5.109203e+01 -9.827281e+00
    endloop
  endfacet
  facet normal 9.920930e-01 1.228824e-01 2.552073e-02
    outer loop
      vertex   1.479846e+02 5.122062e+01 -9.740930e+00
      vertex   1.479966e+02 5.113941e+01 -9.813899e+00
      vertex   1.479840e+02 5.123062e+01 -9.765870e+00
    endloop
  endfacet
  facet normal 9.735831e-01 1.072973e-01 2.015523e-01
    outer loop
      vertex   1.479928e+02 5.128532e+01 -9.897137e+00
      vertex   1.479967e+02 5.129588e+01 -9.921551e+00
      vertex   1.479701e+02 5.139267e+01 -9.844519e+00
    endloop
  endfacet
  facet normal 9.735261e-01 1.068919e-01 2.020420e-01
    outer loop
      vertex   1.479701e+02 5.139267e+01 -9.844519e+00
      vertex   1.479967e+02 5.129588e+01 -9.921551e+00
      vertex   1.479739e+02 5.140799e+01 -9.871256e+00
    endloop
  endfacet
  facet normal 9.636359e-01 1.466338e-01 2.233930e-01
    outer loop
      vertex   1.479701e+02 5.139267e+01 -9.844519e+00
      vertex   1.479739e+02 5.140799e+01 -9.871256e+00
      vertex   1.479408e+02 5.149259e+01 -9.783919e+00
    endloop
  endfacet
  facet normal 9.636029e-01 1.461416e-01 2.238573e-01
    outer loop
      vertex   1.479408e+02 5.149259e+01 -9.783919e+00
      vertex   1.479739e+02 5.140799e+01 -9.871256e+00
      vertex   1.479447e+02 5.151243e+01 -9.813387e+00
    endloop
  endfacet
  facet normal 9.458923e-01 1.984061e-01 2.567541e-01
    outer loop
      vertex   1.479408e+02 5.149259e+01 -9.783919e+00
      vertex   1.479447e+02 5.151243e+01 -9.813387e+00
      vertex   1.478784e+02 5.164775e+01 -9.673967e+00
    endloop
  endfacet
  facet normal 9.832125e-01 1.548752e-01 9.647248e-02
    outer loop
      vertex   1.479642e+02 5.132836e+01 -9.727553e+00
      vertex   1.479842e+02 5.124074e+01 -9.790774e+00
      vertex   1.479850e+02 5.125095e+01 -9.815624e+00
    endloop
  endfacet
  facet normal 9.916077e-01 1.045400e-01 7.606280e-02
    outer loop
      vertex   1.479850e+02 5.125095e+01 -9.815624e+00
      vertex   1.479842e+02 5.124074e+01 -9.790774e+00
      vertex   1.479991e+02 5.114988e+01 -9.860030e+00
    endloop
  endfacet
  facet normal 9.820646e-01 1.688318e-01 8.393457e-02
    outer loop
      vertex   1.479642e+02 5.132836e+01 -9.727553e+00
      vertex   1.479850e+02 5.125095e+01 -9.815624e+00
      vertex   1.479640e+02 5.134302e+01 -9.754933e+00
    endloop
  endfacet
  facet normal 9.834569e-01 1.750310e-01 4.665421e-02
    outer loop
      vertex   1.479673e+02 5.129962e+01 -9.672581e+00
      vertex   1.479846e+02 5.122062e+01 -9.740930e+00
      vertex   1.479840e+02 5.123062e+01 -9.765870e+00
    endloop
  endfacet
  facet normal 9.798038e-01 1.978265e-01 2.914051e-02
    outer loop
      vertex   1.479673e+02 5.129962e+01 -9.672581e+00
      vertex   1.479840e+02 5.123062e+01 -9.765870e+00
      vertex   1.479653e+02 5.131389e+01 -9.700094e+00
    endloop
  endfacet
  facet normal 9.484847e-01 9.787229e-02 3.013267e-01
    outer loop
      vertex   1.479845e+02 5.143898e+01 -9.924050e+00
      vertex   1.479911e+02 5.145460e+01 -9.950056e+00
      vertex   1.479560e+02 5.155270e+01 -9.871324e+00
    endloop
  endfacet
  facet normal 9.458976e-01 8.817520e-02 3.122543e-01
    outer loop
      vertex   1.479560e+02 5.155270e+01 -9.871324e+00
      vertex   1.479911e+02 5.145460e+01 -9.950056e+00
      vertex   1.479635e+02 5.157307e+01 -9.899719e+00
    endloop
  endfacet
  facet normal 9.300497e-01 1.350598e-01 3.417110e-01
    outer loop
      vertex   1.479560e+02 5.155270e+01 -9.871324e+00
      vertex   1.479635e+02 5.157307e+01 -9.899719e+00
      vertex   1.478952e+02 5.173025e+01 -9.775978e+00
    endloop
  endfacet
  facet normal 9.250627e-01 1.175872e-01 3.611540e-01
    outer loop
      vertex   1.478952e+02 5.173025e+01 -9.775978e+00
      vertex   1.479635e+02 5.157307e+01 -9.899719e+00
      vertex   1.479043e+02 5.175845e+01 -9.808642e+00
    endloop
  endfacet
  facet normal 8.946908e-01 1.817646e-01 4.080318e-01
    outer loop
      vertex   1.478952e+02 5.173025e+01 -9.775978e+00
      vertex   1.479043e+02 5.175845e+01 -9.808642e+00
      vertex   1.478086e+02 5.191308e+01 -9.667588e+00
    endloop
  endfacet
  facet normal 9.658364e-01 8.635570e-02 2.443415e-01
    outer loop
      vertex   1.479967e+02 5.129588e+01 -9.921551e+00
      vertex   1.480000e+02 5.134450e+01 -9.951805e+00
      vertex   1.479739e+02 5.140799e+01 -9.871256e+00
    endloop
  endfacet
  facet normal 9.671301e-01 1.005874e-01 2.335415e-01
    outer loop
      vertex   1.479739e+02 5.140799e+01 -9.871256e+00
      vertex   1.480000e+02 5.134450e+01 -9.951805e+00
      vertex   1.479787e+02 5.142343e+01 -9.897775e+00
    endloop
  endfacet
  facet normal 9.594713e-01 1.306772e-01 2.496764e-01
    outer loop
      vertex   1.479739e+02 5.140799e+01 -9.871256e+00
      vertex   1.479787e+02 5.142343e+01 -9.897775e+00
      vertex   1.479447e+02 5.151243e+01 -9.813387e+00
    endloop
  endfacet
  facet normal 9.669212e-01 1.622769e-01 1.967984e-01
    outer loop
      vertex   1.479382e+02 5.147296e+01 -9.754170e+00
      vertex   1.479671e+02 5.137747e+01 -9.817590e+00
      vertex   1.479701e+02 5.139267e+01 -9.844519e+00
    endloop
  endfacet
  facet normal 9.771293e-01 1.211972e-01 1.747274e-01
    outer loop
      vertex   1.479701e+02 5.139267e+01 -9.844519e+00
      vertex   1.479671e+02 5.137747e+01 -9.817590e+00
      vertex   1.479928e+02 5.128532e+01 -9.897137e+00
    endloop
  endfacet
  facet normal 9.669510e-01 1.654228e-01 1.940130e-01
    outer loop
      vertex   1.479382e+02 5.147296e+01 -9.754170e+00
      vertex   1.479701e+02 5.139267e+01 -9.844519e+00
      vertex   1.479408e+02 5.149259e+01 -9.783919e+00
    endloop
  endfacet
  facet normal 9.715374e-01 2.114343e-01 1.068202e-01
    outer loop
      vertex   1.479383e+02 5.141002e+01 -9.654322e+00
      vertex   1.479642e+02 5.132836e+01 -9.727553e+00
      vertex   1.479640e+02 5.134302e+01 -9.754933e+00
    endloop
  endfacet
  facet normal 9.688457e-01 2.289358e-01 9.447932e-02
    outer loop
      vertex   1.479383e+02 5.141002e+01 -9.654322e+00
      vertex   1.479640e+02 5.134302e+01 -9.754933e+00
      vertex   1.479369e+02 5.142873e+01 -9.684735e+00
    endloop
  endfacet
  facet normal 9.696941e-01 2.388984e-01 5.119534e-02
    outer loop
      vertex   1.479449e+02 5.137362e+01 -9.593185e+00
      vertex   1.479673e+02 5.129962e+01 -9.672581e+00
      vertex   1.479653e+02 5.131389e+01 -9.700094e+00
    endloop
  endfacet
  facet normal 9.631181e-01 2.668831e-01 3.430647e-02
    outer loop
      vertex   1.479449e+02 5.137362e+01 -9.593185e+00
      vertex   1.479653e+02 5.131389e+01 -9.700094e+00
      vertex   1.479410e+02 5.139165e+01 -9.623792e+00
    endloop
  endfacet
  facet normal 9.293513e-01 6.858418e-02 3.627704e-01
    outer loop
      vertex   1.479911e+02 5.145460e+01 -9.950056e+00
      vertex   1.480000e+02 5.154261e+01 -9.989448e+00
      vertex   1.479721e+02 5.159355e+01 -9.927683e+00
    endloop
  endfacet
  facet normal 9.024540e-01 6.535316e-02 4.258001e-01
    outer loop
      vertex   1.479820e+02 5.161414e+01 -9.955181e+00
      vertex   1.479966e+02 5.164109e+01 -9.990301e+00
      vertex   1.479280e+02 5.181557e+01 -9.871579e+00
    endloop
  endfacet
  facet normal 8.853213e-01 3.273685e-02 4.638260e-01
    outer loop
      vertex   1.479280e+02 5.181557e+01 -9.871579e+00
      vertex   1.479966e+02 5.164109e+01 -9.990301e+00
      vertex   1.479471e+02 5.185317e+01 -9.910735e+00
    endloop
  endfacet
  facet normal 8.593529e-01 8.759259e-02 5.038254e-01
    outer loop
      vertex   1.479280e+02 5.181557e+01 -9.871579e+00
      vertex   1.479471e+02 5.185317e+01 -9.910735e+00
      vertex   1.478502e+02 5.202582e+01 -9.775527e+00
    endloop
  endfacet
  facet normal 8.384416e-01 4.508389e-02 5.431235e-01
    outer loop
      vertex   1.478502e+02 5.202582e+01 -9.775527e+00
      vertex   1.479471e+02 5.185317e+01 -9.910735e+00
      vertex   1.478752e+02 5.207584e+01 -9.818187e+00
    endloop
  endfacet
  facet normal 9.225766e-01 1.129899e-01 3.688979e-01
    outer loop
      vertex   1.479043e+02 5.175845e+01 -9.808642e+00
      vertex   1.479635e+02 5.157307e+01 -9.899719e+00
      vertex   1.479721e+02 5.159355e+01 -9.927683e+00
    endloop
  endfacet
  facet normal 9.363101e-01 7.262457e-02 3.435828e-01
    outer loop
      vertex   1.479721e+02 5.159355e+01 -9.927683e+00
      vertex   1.479635e+02 5.157307e+01 -9.899719e+00
      vertex   1.479911e+02 5.145460e+01 -9.950056e+00
    endloop
  endfacet
  facet normal 9.530768e-01 1.075242e-01 2.829898e-01
    outer loop
      vertex   1.479845e+02 5.143898e+01 -9.924050e+00
      vertex   1.479560e+02 5.155270e+01 -9.871324e+00
      vertex   1.479497e+02 5.153248e+01 -9.842534e+00
    endloop
  endfacet
  facet normal 9.364362e-01 1.566962e-01 3.139006e-01
    outer loop
      vertex   1.479497e+02 5.153248e+01 -9.842534e+00
      vertex   1.479560e+02 5.155270e+01 -9.871324e+00
      vertex   1.478878e+02 5.170237e+01 -9.742599e+00
    endloop
  endfacet
  facet normal 9.408671e-01 1.708907e-01 2.925159e-01
    outer loop
      vertex   1.479497e+02 5.153248e+01 -9.842534e+00
      vertex   1.478878e+02 5.170237e+01 -9.742599e+00
      vertex   1.478822e+02 5.167485e+01 -9.708573e+00
    endloop
  endfacet
  facet normal 9.086057e-01 2.391361e-01 3.424174e-01
    outer loop
      vertex   1.478822e+02 5.167485e+01 -9.708573e+00
      vertex   1.478878e+02 5.170237e+01 -9.742599e+00
      vertex   1.477935e+02 5.184084e+01 -9.589077e+00
    endloop
  endfacet
  facet normal 9.131640e-01 2.653506e-01 3.093874e-01
    outer loop
      vertex   1.478822e+02 5.167485e+01 -9.708573e+00
      vertex   1.477935e+02 5.184084e+01 -9.589077e+00
      vertex   1.477898e+02 5.180591e+01 -9.548199e+00
    endloop
  endfacet
  facet normal 9.339428e-01 1.442915e-01 3.270027e-01
    outer loop
      vertex   1.478878e+02 5.170237e+01 -9.742599e+00
      vertex   1.479560e+02 5.155270e+01 -9.871324e+00
      vertex   1.478952e+02 5.173025e+01 -9.775978e+00
    endloop
  endfacet
  facet normal 9.489814e-01 2.184462e-01 2.274105e-01
    outer loop
      vertex   1.478765e+02 5.162113e+01 -9.638848e+00
      vertex   1.479382e+02 5.147296e+01 -9.754170e+00
      vertex   1.479408e+02 5.149259e+01 -9.783919e+00
    endloop
  endfacet
  facet normal 9.488708e-01 2.237824e-01 2.226334e-01
    outer loop
      vertex   1.478765e+02 5.162113e+01 -9.638848e+00
      vertex   1.479408e+02 5.149259e+01 -9.783919e+00
      vertex   1.478784e+02 5.164775e+01 -9.673967e+00
    endloop
  endfacet
  facet normal 9.514742e-01 2.803344e-01 1.269232e-01
    outer loop
      vertex   1.478830e+02 5.153715e+01 -9.519997e+00
      vertex   1.479383e+02 5.141002e+01 -9.654322e+00
      vertex   1.479369e+02 5.142873e+01 -9.684735e+00
    endloop
  endfacet
  facet normal 9.448803e-01 3.100534e-01 1.052054e-01
    outer loop
      vertex   1.478830e+02 5.153715e+01 -9.519997e+00
      vertex   1.479369e+02 5.142873e+01 -9.684735e+00
      vertex   1.478789e+02 5.156185e+01 -9.556325e+00
    endloop
  endfacet
  facet normal 9.472560e-01 3.140064e-01 6.407882e-02
    outer loop
      vertex   1.478965e+02 5.148986e+01 -9.446772e+00
      vertex   1.479449e+02 5.137362e+01 -9.593185e+00
      vertex   1.479410e+02 5.139165e+01 -9.623792e+00
    endloop
  endfacet
  facet normal 9.320361e-01 3.607363e-01 3.432211e-02
    outer loop
      vertex   1.478965e+02 5.148986e+01 -9.446772e+00
      vertex   1.479410e+02 5.139165e+01 -9.623792e+00
      vertex   1.478888e+02 5.151314e+01 -9.483456e+00
    endloop
  endfacet
  facet normal 9.016499e-01 6.436999e-02 4.276492e-01
    outer loop
      vertex   1.479820e+02 5.161414e+01 -9.955181e+00
      vertex   1.479280e+02 5.181557e+01 -9.871579e+00
      vertex   1.479153e+02 5.178691e+01 -9.840529e+00
    endloop
  endfacet
  facet normal 8.744829e-01 1.217613e-01 4.695251e-01
    outer loop
      vertex   1.479153e+02 5.178691e+01 -9.840529e+00
      vertex   1.479280e+02 5.181557e+01 -9.871579e+00
      vertex   1.478339e+02 5.198780e+01 -9.740997e+00
    endloop
  endfacet
  facet normal 8.756748e-01 1.235848e-01 4.668195e-01
    outer loop
      vertex   1.479153e+02 5.178691e+01 -9.840529e+00
      vertex   1.478339e+02 5.198780e+01 -9.740997e+00
      vertex   1.478200e+02 5.195019e+01 -9.704984e+00
    endloop
  endfacet
  facet normal 8.594882e-01 8.776148e-02 5.035652e-01
    outer loop
      vertex   1.478339e+02 5.198780e+01 -9.740997e+00
      vertex   1.479280e+02 5.181557e+01 -9.871579e+00
      vertex   1.478502e+02 5.202582e+01 -9.775527e+00
    endloop
  endfacet
  facet normal 9.000352e-01 1.951830e-01 3.896669e-01
    outer loop
      vertex   1.478086e+02 5.191308e+01 -9.667588e+00
      vertex   1.477998e+02 5.187660e+01 -9.628913e+00
      vertex   1.478952e+02 5.173025e+01 -9.775978e+00
    endloop
  endfacet
  facet normal 9.024583e-01 2.108513e-01 3.756471e-01
    outer loop
      vertex   1.478952e+02 5.173025e+01 -9.775978e+00
      vertex   1.477998e+02 5.187660e+01 -9.628913e+00
      vertex   1.478878e+02 5.170237e+01 -9.742599e+00
    endloop
  endfacet
  facet normal 9.080085e-01 2.304867e-01 3.498521e-01
    outer loop
      vertex   1.477998e+02 5.187660e+01 -9.628913e+00
      vertex   1.477935e+02 5.184084e+01 -9.589077e+00
      vertex   1.478878e+02 5.170237e+01 -9.742599e+00
    endloop
  endfacet
  facet normal 9.160989e-01 2.932302e-01 2.734571e-01
    outer loop
      vertex   1.477887e+02 5.177191e+01 -9.506398e+00
      vertex   1.478765e+02 5.162113e+01 -9.638848e+00
      vertex   1.478784e+02 5.164775e+01 -9.673967e+00
    endloop
  endfacet
  facet normal 9.145153e-01 3.746904e-01 1.525415e-01
    outer loop
      vertex   1.478034e+02 5.166738e+01 -9.363207e+00
      vertex   1.478830e+02 5.153715e+01 -9.519997e+00
      vertex   1.478789e+02 5.156185e+01 -9.556325e+00
    endloop
  endfacet
  facet normal 9.030190e-01 4.098223e-01 1.288506e-01
    outer loop
      vertex   1.478034e+02 5.166738e+01 -9.363207e+00
      vertex   1.478789e+02 5.156185e+01 -9.556325e+00
      vertex   1.477960e+02 5.169762e+01 -9.407196e+00
    endloop
  endfacet
  facet normal 9.051179e-01 4.182356e-01 7.642401e-02
    outer loop
      vertex   1.478259e+02 5.161098e+01 -9.274194e+00
      vertex   1.478965e+02 5.148986e+01 -9.446772e+00
      vertex   1.478888e+02 5.151314e+01 -9.483456e+00
    endloop
  endfacet
  facet normal 8.805607e-01 4.718902e-01 4.396004e-02
    outer loop
      vertex   1.478259e+02 5.161098e+01 -9.274194e+00
      vertex   1.478888e+02 5.151314e+01 -9.483456e+00
      vertex   1.478134e+02 5.163847e+01 -9.318830e+00
    endloop
  endfacet
  facet normal 7.576825e-01 2.359654e-01 6.084715e-01
    outer loop
      vertex   1.476067e+02 5.227205e+01 -9.526773e+00
      vertex   1.477197e+02 5.212208e+01 -9.609272e+00
      vertex   1.477365e+02 5.216917e+01 -9.648566e+00
    endloop
  endfacet
  facet normal 7.404761e-01 1.873687e-01 6.454364e-01
    outer loop
      vertex   1.477365e+02 5.216917e+01 -9.648566e+00
      vertex   1.477566e+02 5.221698e+01 -9.685451e+00
      vertex   1.476261e+02 5.232897e+01 -9.568188e+00
    endloop
  endfacet
  facet normal 7.277553e-01 1.469064e-01 6.699184e-01
    outer loop
      vertex   1.476261e+02 5.232897e+01 -9.568188e+00
      vertex   1.477566e+02 5.221698e+01 -9.685451e+00
      vertex   1.476491e+02 5.238703e+01 -9.605978e+00
    endloop
  endfacet
  facet normal 6.421726e-01 2.223567e-01 7.336020e-01
    outer loop
      vertex   1.476261e+02 5.232897e+01 -9.568188e+00
      vertex   1.476491e+02 5.238703e+01 -9.605978e+00
      vertex   1.475060e+02 5.246390e+01 -9.504012e+00
    endloop
  endfacet
  facet normal 6.332746e-01 1.806637e-01 7.525450e-01
    outer loop
      vertex   1.475060e+02 5.246390e+01 -9.504012e+00
      vertex   1.476491e+02 5.238703e+01 -9.605978e+00
      vertex   1.475305e+02 5.253256e+01 -9.541065e+00
    endloop
  endfacet
  facet normal 5.288534e-01 2.494968e-01 8.112123e-01
    outer loop
      vertex   1.475060e+02 5.246390e+01 -9.504012e+00
      vertex   1.475305e+02 5.253256e+01 -9.541065e+00
      vertex   1.474069e+02 5.255110e+01 -9.466214e+00
    endloop
  endfacet
  facet normal 5.294063e-01 2.153545e-01 8.205799e-01
    outer loop
      vertex   1.474069e+02 5.255110e+01 -9.466214e+00
      vertex   1.475305e+02 5.253256e+01 -9.541065e+00
      vertex   1.474305e+02 5.262806e+01 -9.501637e+00
    endloop
  endfacet
  facet normal 4.102155e-01 2.745108e-01 8.696937e-01
    outer loop
      vertex   1.474069e+02 5.255110e+01 -9.466214e+00
      vertex   1.474305e+02 5.262806e+01 -9.501637e+00
      vertex   1.473081e+02 5.261826e+01 -9.440793e+00
    endloop
  endfacet
  facet normal 4.158130e-01 2.441450e-01 8.760666e-01
    outer loop
      vertex   1.473081e+02 5.261826e+01 -9.440793e+00
      vertex   1.474305e+02 5.262806e+01 -9.501637e+00
      vertex   1.473285e+02 5.270275e+01 -9.474034e+00
    endloop
  endfacet
  facet normal 3.209082e-01 2.785610e-01 9.052192e-01
    outer loop
      vertex   1.473081e+02 5.261826e+01 -9.440793e+00
      vertex   1.473285e+02 5.270275e+01 -9.474034e+00
      vertex   1.472735e+02 5.273369e+01 -9.464057e+00
    endloop
  endfacet
  facet normal 2.694672e-01 1.735762e-01 9.472374e-01
    outer loop
      vertex   1.472735e+02 5.273369e+01 -9.464057e+00
      vertex   1.473285e+02 5.270275e+01 -9.474034e+00
      vertex   1.473001e+02 5.285150e+01 -9.493205e+00
    endloop
  endfacet
  facet normal 2.023602e-01 1.919481e-01 9.603157e-01
    outer loop
      vertex   1.472735e+02 5.273369e+01 -9.464057e+00
      vertex   1.473001e+02 5.285150e+01 -9.493205e+00
      vertex   1.472188e+02 5.275788e+01 -9.457360e+00
    endloop
  endfacet
  facet normal 2.212260e-01 1.751968e-01 9.593566e-01
    outer loop
      vertex   1.472188e+02 5.275788e+01 -9.457360e+00
      vertex   1.473001e+02 5.285150e+01 -9.493205e+00
      vertex   1.472399e+02 5.287958e+01 -9.484459e+00
    endloop
  endfacet
  facet normal 1.256955e-01 1.947802e-01 9.727596e-01
    outer loop
      vertex   1.472188e+02 5.275788e+01 -9.457360e+00
      vertex   1.472399e+02 5.287958e+01 -9.484459e+00
      vertex   1.471644e+02 5.277522e+01 -9.453801e+00
    endloop
  endfacet
  facet normal 1.417662e-01 1.831613e-01 9.728074e-01
    outer loop
      vertex   1.471644e+02 5.277522e+01 -9.453801e+00
      vertex   1.472399e+02 5.287958e+01 -9.484459e+00
      vertex   1.471792e+02 5.289970e+01 -9.479402e+00
    endloop
  endfacet
  facet normal 7.926403e-01 3.741466e-01 4.813893e-01
    outer loop
      vertex   1.476887e+02 5.198694e+01 -9.478482e+00
      vertex   1.476957e+02 5.203078e+01 -9.524055e+00
      vertex   1.475721e+02 5.211110e+01 -9.382903e+00
    endloop
  endfacet
  facet normal 7.933985e-01 3.642715e-01 4.876731e-01
    outer loop
      vertex   1.475721e+02 5.211110e+01 -9.382903e+00
      vertex   1.476957e+02 5.203078e+01 -9.524055e+00
      vertex   1.475796e+02 5.216283e+01 -9.433877e+00
    endloop
  endfacet
  facet normal 7.014384e-01 4.454584e-01 5.563731e-01
    outer loop
      vertex   1.475721e+02 5.211110e+01 -9.382903e+00
      vertex   1.475796e+02 5.216283e+01 -9.433877e+00
      vertex   1.474490e+02 5.221062e+01 -9.307470e+00
    endloop
  endfacet
  facet normal 7.032551e-01 4.353002e-01 5.620908e-01
    outer loop
      vertex   1.474490e+02 5.221062e+01 -9.307470e+00
      vertex   1.475796e+02 5.216283e+01 -9.433877e+00
      vertex   1.474569e+02 5.226988e+01 -9.363248e+00
    endloop
  endfacet
  facet normal 5.931083e-01 5.084823e-01 6.242342e-01
    outer loop
      vertex   1.474490e+02 5.221062e+01 -9.307470e+00
      vertex   1.474569e+02 5.226988e+01 -9.363248e+00
      vertex   1.473513e+02 5.227100e+01 -9.263836e+00
    endloop
  endfacet
  facet normal 5.964727e-01 4.999573e-01 6.279037e-01
    outer loop
      vertex   1.473513e+02 5.227100e+01 -9.263836e+00
      vertex   1.474569e+02 5.226988e+01 -9.363248e+00
      vertex   1.473592e+02 5.233576e+01 -9.322822e+00
    endloop
  endfacet
  facet normal 4.722211e-01 5.617494e-01 6.792973e-01
    outer loop
      vertex   1.473513e+02 5.227100e+01 -9.263836e+00
      vertex   1.473592e+02 5.233576e+01 -9.322822e+00
      vertex   1.472586e+02 5.231444e+01 -9.235261e+00
    endloop
  endfacet
  facet normal 4.768088e-01 5.537811e-01 6.826272e-01
    outer loop
      vertex   1.472586e+02 5.231444e+01 -9.235261e+00
      vertex   1.473592e+02 5.233576e+01 -9.322822e+00
      vertex   1.472659e+02 5.238393e+01 -9.296734e+00
    endloop
  endfacet
  facet normal 3.668789e-01 5.944516e-01 7.155608e-01
    outer loop
      vertex   1.472586e+02 5.231444e+01 -9.235261e+00
      vertex   1.472659e+02 5.238393e+01 -9.296734e+00
      vertex   1.472185e+02 5.240287e+01 -9.288163e+00
    endloop
  endfacet
  facet normal 3.488707e-01 5.205309e-01 7.793182e-01
    outer loop
      vertex   1.472185e+02 5.240287e+01 -9.288163e+00
      vertex   1.472659e+02 5.238393e+01 -9.296734e+00
      vertex   1.472281e+02 5.247958e+01 -9.343735e+00
    endloop
  endfacet
  facet normal 2.652381e-01 5.434776e-01 7.964175e-01
    outer loop
      vertex   1.472185e+02 5.240287e+01 -9.288163e+00
      vertex   1.472281e+02 5.247958e+01 -9.343735e+00
      vertex   1.471732e+02 5.241729e+01 -9.282949e+00
    endloop
  endfacet
  facet normal 2.740391e-01 5.370608e-01 7.977896e-01
    outer loop
      vertex   1.471732e+02 5.241729e+01 -9.282949e+00
      vertex   1.472281e+02 5.247958e+01 -9.343735e+00
      vertex   1.471816e+02 5.249603e+01 -9.338825e+00
    endloop
  endfacet
  facet normal 1.753297e-01 5.573270e-01 8.115701e-01
    outer loop
      vertex   1.471732e+02 5.241729e+01 -9.282949e+00
      vertex   1.471816e+02 5.249603e+01 -9.338825e+00
      vertex   1.471300e+02 5.242759e+01 -9.280673e+00
    endloop
  endfacet
  facet normal 1.835041e-01 5.524534e-01 8.130937e-01
    outer loop
      vertex   1.471300e+02 5.242759e+01 -9.280673e+00
      vertex   1.471816e+02 5.249603e+01 -9.338825e+00
      vertex   1.471368e+02 5.250779e+01 -9.336697e+00
    endloop
  endfacet
  facet normal 8.011199e-01 4.571942e-01 3.862387e-01
    outer loop
      vertex   1.475689e+02 5.201477e+01 -9.273329e+00
      vertex   1.476848e+02 5.190374e+01 -9.382367e+00
      vertex   1.476851e+02 5.194453e+01 -9.431189e+00
    endloop
  endfacet
  facet normal 7.983583e-01 4.166143e-01 4.348064e-01
    outer loop
      vertex   1.476851e+02 5.194453e+01 -9.431189e+00
      vertex   1.476887e+02 5.198694e+01 -9.478482e+00
      vertex   1.475685e+02 5.206166e+01 -9.329291e+00
    endloop
  endfacet
  facet normal 7.986761e-01 4.147654e-01 4.359886e-01
    outer loop
      vertex   1.475685e+02 5.206166e+01 -9.329291e+00
      vertex   1.476887e+02 5.198694e+01 -9.478482e+00
      vertex   1.475721e+02 5.211110e+01 -9.382903e+00
    endloop
  endfacet
  facet normal 7.077484e-01 4.950811e-01 5.039711e-01
    outer loop
      vertex   1.475685e+02 5.206166e+01 -9.329291e+00
      vertex   1.475721e+02 5.211110e+01 -9.382903e+00
      vertex   1.474454e+02 5.215472e+01 -9.247906e+00
    endloop
  endfacet
  facet normal 7.084004e-01 4.927532e-01 5.053347e-01
    outer loop
      vertex   1.474454e+02 5.215472e+01 -9.247906e+00
      vertex   1.475721e+02 5.211110e+01 -9.382903e+00
      vertex   1.474490e+02 5.221062e+01 -9.307470e+00
    endloop
  endfacet
  facet normal 5.999866e-01 5.648995e-01 5.664844e-01
    outer loop
      vertex   1.474454e+02 5.215472e+01 -9.247906e+00
      vertex   1.474490e+02 5.221062e+01 -9.307470e+00
      vertex   1.473477e+02 5.221055e+01 -9.200045e+00
    endloop
  endfacet
  facet normal 6.011917e-01 5.624732e-01 5.676201e-01
    outer loop
      vertex   1.473477e+02 5.221055e+01 -9.200045e+00
      vertex   1.474490e+02 5.221062e+01 -9.307470e+00
      vertex   1.473513e+02 5.227100e+01 -9.263836e+00
    endloop
  endfacet
  facet normal 4.792326e-01 6.231497e-01 6.180781e-01
    outer loop
      vertex   1.473477e+02 5.221055e+01 -9.200045e+00
      vertex   1.473513e+02 5.227100e+01 -9.263836e+00
      vertex   1.472547e+02 5.225022e+01 -9.167989e+00
    endloop
  endfacet
  facet normal 4.811917e-01 6.202885e-01 6.194326e-01
    outer loop
      vertex   1.472547e+02 5.225022e+01 -9.167989e+00
      vertex   1.473513e+02 5.227100e+01 -9.263836e+00
      vertex   1.472586e+02 5.231444e+01 -9.235261e+00
    endloop
  endfacet
  facet normal 3.703173e-01 6.613312e-01 6.523083e-01
    outer loop
      vertex   1.472547e+02 5.225022e+01 -9.167989e+00
      vertex   1.472586e+02 5.231444e+01 -9.235261e+00
      vertex   1.472116e+02 5.233129e+01 -9.225699e+00
    endloop
  endfacet
  facet normal 3.597825e-01 5.937362e-01 7.197457e-01
    outer loop
      vertex   1.472116e+02 5.233129e+01 -9.225699e+00
      vertex   1.472586e+02 5.231444e+01 -9.235261e+00
      vertex   1.472185e+02 5.240287e+01 -9.288163e+00
    endloop
  endfacet
  facet normal 2.744203e-01 6.172505e-01 7.373570e-01
    outer loop
      vertex   1.472116e+02 5.233129e+01 -9.225699e+00
      vertex   1.472185e+02 5.240287e+01 -9.288163e+00
      vertex   1.471670e+02 5.234404e+01 -9.219766e+00
    endloop
  endfacet
  facet normal 2.807469e-01 6.130366e-01 7.384899e-01
    outer loop
      vertex   1.471670e+02 5.234404e+01 -9.219766e+00
      vertex   1.472185e+02 5.240287e+01 -9.288163e+00
      vertex   1.471732e+02 5.241729e+01 -9.282949e+00
    endloop
  endfacet
  facet normal 1.831785e-01 6.330765e-01 7.521036e-01
    outer loop
      vertex   1.471670e+02 5.234404e+01 -9.219766e+00
      vertex   1.471732e+02 5.241729e+01 -9.282949e+00
      vertex   1.471244e+02 5.235313e+01 -9.217053e+00
    endloop
  endfacet
  facet normal 1.894815e-01 6.296400e-01 7.534256e-01
    outer loop
      vertex   1.471244e+02 5.235313e+01 -9.217053e+00
      vertex   1.471732e+02 5.241729e+01 -9.282949e+00
      vertex   1.471300e+02 5.242759e+01 -9.280673e+00
    endloop
  endfacet
  facet normal 7.982029e-01 5.364796e-01 2.739741e-01
    outer loop
      vertex   1.475853e+02 5.191783e+01 -9.136979e+00
      vertex   1.476971e+02 5.181681e+01 -9.265079e+00
      vertex   1.476880e+02 5.186474e+01 -9.332208e+00
    endloop
  endfacet
  facet normal 7.850961e-01 5.621092e-01 2.601101e-01
    outer loop
      vertex   1.475853e+02 5.191783e+01 -9.136979e+00
      vertex   1.476880e+02 5.186474e+01 -9.332208e+00
      vertex   1.475734e+02 5.197069e+01 -9.215302e+00
    endloop
  endfacet
  facet normal 7.660339e-01 6.345482e-01 1.026677e-01
    outer loop
      vertex   1.476378e+02 5.181839e+01 -8.949444e+00
      vertex   1.477395e+02 5.172085e+01 -9.105936e+00
      vertex   1.477222e+02 5.175048e+01 -9.159489e+00
    endloop
  endfacet
  facet normal 7.790286e-01 6.066804e-01 1.582826e-01
    outer loop
      vertex   1.477222e+02 5.175048e+01 -9.159489e+00
      vertex   1.477080e+02 5.178252e+01 -9.212608e+00
      vertex   1.476165e+02 5.184792e+01 -9.012741e+00
    endloop
  endfacet
  facet normal 7.512967e-01 6.465176e-01 1.325454e-01
    outer loop
      vertex   1.476165e+02 5.184792e+01 -9.012741e+00
      vertex   1.477080e+02 5.178252e+01 -9.212608e+00
      vertex   1.475989e+02 5.188112e+01 -9.075364e+00
    endloop
  endfacet
  facet normal 6.829677e-01 7.069661e-01 1.837228e-01
    outer loop
      vertex   1.476165e+02 5.184792e+01 -9.012741e+00
      vertex   1.475989e+02 5.188112e+01 -9.075364e+00
      vertex   1.474984e+02 5.192886e+01 -8.885387e+00
    endloop
  endfacet
  facet normal 6.522901e-01 7.411248e-01 1.589075e-01
    outer loop
      vertex   1.474984e+02 5.192886e+01 -8.885387e+00
      vertex   1.475989e+02 5.188112e+01 -9.075364e+00
      vertex   1.474794e+02 5.196121e+01 -8.958018e+00
    endloop
  endfacet
  facet normal 5.727437e-01 7.941019e-01 2.033882e-01
    outer loop
      vertex   1.474984e+02 5.192886e+01 -8.885387e+00
      vertex   1.474794e+02 5.196121e+01 -8.958018e+00
      vertex   1.473976e+02 5.198028e+01 -8.802209e+00
    endloop
  endfacet
  facet normal 5.454207e-01 8.172137e-01 1.862206e-01
    outer loop
      vertex   1.473976e+02 5.198028e+01 -8.802209e+00
      vertex   1.474794e+02 5.196121e+01 -8.958018e+00
      vertex   1.473795e+02 5.201072e+01 -8.882708e+00
    endloop
  endfacet
  facet normal 4.563369e-01 8.614123e-01 2.229922e-01
    outer loop
      vertex   1.473976e+02 5.198028e+01 -8.802209e+00
      vertex   1.473795e+02 5.201072e+01 -8.882708e+00
      vertex   1.472931e+02 5.201926e+01 -8.738965e+00
    endloop
  endfacet
  facet normal 4.322681e-01 8.775290e-01 2.075743e-01
    outer loop
      vertex   1.472931e+02 5.201926e+01 -8.738965e+00
      vertex   1.473795e+02 5.201072e+01 -8.882708e+00
      vertex   1.472785e+02 5.204717e+01 -8.826545e+00
    endloop
  endfacet
  facet normal 6.617203e-01 2.808307e-01 6.951693e-01
    outer loop
      vertex   1.474855e+02 5.239693e+01 -9.461859e+00
      vertex   1.476067e+02 5.227205e+01 -9.526773e+00
      vertex   1.476261e+02 5.232897e+01 -9.568188e+00
    endloop
  endfacet
  facet normal 7.505122e-01 2.025505e-01 6.290506e-01
    outer loop
      vertex   1.476261e+02 5.232897e+01 -9.568188e+00
      vertex   1.476067e+02 5.227205e+01 -9.526773e+00
      vertex   1.477365e+02 5.216917e+01 -9.648566e+00
    endloop
  endfacet
  facet normal 6.577128e-01 2.465640e-01 7.117724e-01
    outer loop
      vertex   1.474855e+02 5.239693e+01 -9.461859e+00
      vertex   1.476261e+02 5.232897e+01 -9.568188e+00
      vertex   1.475060e+02 5.246390e+01 -9.504012e+00
    endloop
  endfacet
  facet normal 7.106007e-01 5.419554e-01 4.486992e-01
    outer loop
      vertex   1.474461e+02 5.210255e+01 -9.184955e+00
      vertex   1.475689e+02 5.201477e+01 -9.273329e+00
      vertex   1.475685e+02 5.206166e+01 -9.329291e+00
    endloop
  endfacet
  facet normal 7.994507e-01 4.634418e-01 3.822306e-01
    outer loop
      vertex   1.475685e+02 5.206166e+01 -9.329291e+00
      vertex   1.475689e+02 5.201477e+01 -9.273329e+00
      vertex   1.476851e+02 5.194453e+01 -9.431189e+00
    endloop
  endfacet
  facet normal 7.085384e-01 5.473258e-01 4.454299e-01
    outer loop
      vertex   1.474461e+02 5.210255e+01 -9.184955e+00
      vertex   1.475685e+02 5.206166e+01 -9.329291e+00
      vertex   1.474454e+02 5.215472e+01 -9.247906e+00
    endloop
  endfacet
  facet normal 7.065068e-01 6.317192e-01 3.190281e-01
    outer loop
      vertex   1.474644e+02 5.199858e+01 -9.029180e+00
      vertex   1.475853e+02 5.191783e+01 -9.136979e+00
      vertex   1.475734e+02 5.197069e+01 -9.215302e+00
    endloop
  endfacet
  facet normal 6.908778e-01 6.548269e-01 3.064141e-01
    outer loop
      vertex   1.474644e+02 5.199858e+01 -9.029180e+00
      vertex   1.475734e+02 5.197069e+01 -9.215302e+00
      vertex   1.474512e+02 5.205450e+01 -9.119015e+00
    endloop
  endfacet
  facet normal 6.673006e-01 7.352968e-01 1.185267e-01
    outer loop
      vertex   1.475215e+02 5.190174e+01 -8.811774e+00
      vertex   1.476378e+02 5.181839e+01 -8.949444e+00
      vertex   1.476165e+02 5.184792e+01 -9.012741e+00
    endloop
  endfacet
  facet normal 7.286249e-01 6.810544e-01 7.259986e-02
    outer loop
      vertex   1.476165e+02 5.184792e+01 -9.012741e+00
      vertex   1.476378e+02 5.181839e+01 -8.949444e+00
      vertex   1.477222e+02 5.175048e+01 -9.159489e+00
    endloop
  endfacet
  facet normal 6.267875e-01 7.740926e-01 8.898382e-02
    outer loop
      vertex   1.475215e+02 5.190174e+01 -8.811774e+00
      vertex   1.476165e+02 5.184792e+01 -9.012741e+00
      vertex   1.474984e+02 5.192886e+01 -8.885387e+00
    endloop
  endfacet
  facet normal 5.498645e-01 3.177768e-01 7.724422e-01
    outer loop
      vertex   1.473870e+02 5.247634e+01 -9.424421e+00
      vertex   1.474855e+02 5.239693e+01 -9.461859e+00
      vertex   1.475060e+02 5.246390e+01 -9.504012e+00
    endloop
  endfacet
  facet normal 5.528496e-01 2.897459e-01 7.812839e-01
    outer loop
      vertex   1.473870e+02 5.247634e+01 -9.424421e+00
      vertex   1.475060e+02 5.246390e+01 -9.504012e+00
      vertex   1.474069e+02 5.255110e+01 -9.466214e+00
    endloop
  endfacet
  facet normal 6.030876e-01 6.175810e-01 5.048555e-01
    outer loop
      vertex   1.473482e+02 5.215491e+01 -9.131944e+00
      vertex   1.474461e+02 5.210255e+01 -9.184955e+00
      vertex   1.474454e+02 5.215472e+01 -9.247906e+00
    endloop
  endfacet
  facet normal 6.010141e-01 6.210170e-01 5.031103e-01
    outer loop
      vertex   1.473482e+02 5.215491e+01 -9.131944e+00
      vertex   1.474454e+02 5.215472e+01 -9.247906e+00
      vertex   1.473477e+02 5.221055e+01 -9.200045e+00
    endloop
  endfacet
  facet normal 5.986649e-01 7.164135e-01 3.582625e-01
    outer loop
      vertex   1.473653e+02 5.204749e+01 -8.961323e+00
      vertex   1.474644e+02 5.199858e+01 -9.029180e+00
      vertex   1.474512e+02 5.205450e+01 -9.119015e+00
    endloop
  endfacet
  facet normal 5.829756e-01 7.330248e-01 3.504483e-01
    outer loop
      vertex   1.473653e+02 5.204749e+01 -8.961323e+00
      vertex   1.474512e+02 5.205450e+01 -9.119015e+00
      vertex   1.473528e+02 5.210455e+01 -9.060028e+00
    endloop
  endfacet
  facet normal 5.556304e-01 8.214100e-01 1.286875e-01
    outer loop
      vertex   1.474195e+02 5.195641e+01 -8.720447e+00
      vertex   1.475215e+02 5.190174e+01 -8.811774e+00
      vertex   1.474984e+02 5.192886e+01 -8.885387e+00
    endloop
  endfacet
  facet normal 5.207637e-01 8.468737e-01 1.077504e-01
    outer loop
      vertex   1.474195e+02 5.195641e+01 -8.720447e+00
      vertex   1.474984e+02 5.192886e+01 -8.885387e+00
      vertex   1.473976e+02 5.198028e+01 -8.802209e+00
    endloop
  endfacet
  facet normal 4.301072e-01 3.506688e-01 8.318889e-01
    outer loop
      vertex   1.472907e+02 5.253647e+01 -9.399969e+00
      vertex   1.473870e+02 5.247634e+01 -9.424421e+00
      vertex   1.474069e+02 5.255110e+01 -9.466214e+00
    endloop
  endfacet
  facet normal 4.369729e-01 3.257254e-01 8.384257e-01
    outer loop
      vertex   1.472907e+02 5.253647e+01 -9.399969e+00
      vertex   1.474069e+02 5.255110e+01 -9.466214e+00
      vertex   1.473081e+02 5.261826e+01 -9.440793e+00
    endloop
  endfacet
  facet normal 4.826930e-01 6.798858e-01 5.520532e-01
    outer loop
      vertex   1.472544e+02 5.219186e+01 -9.095502e+00
      vertex   1.473482e+02 5.215491e+01 -9.131944e+00
      vertex   1.473477e+02 5.221055e+01 -9.200045e+00
    endloop
  endfacet
  facet normal 4.811451e-01 6.818197e-01 5.510184e-01
    outer loop
      vertex   1.472544e+02 5.219186e+01 -9.095502e+00
      vertex   1.473477e+02 5.221055e+01 -9.200045e+00
      vertex   1.472547e+02 5.225022e+01 -9.167989e+00
    endloop
  endfacet
  facet normal 4.798351e-01 7.843636e-01 3.931056e-01
    outer loop
      vertex   1.472672e+02 5.208265e+01 -8.911826e+00
      vertex   1.473653e+02 5.204749e+01 -8.961323e+00
      vertex   1.473528e+02 5.210455e+01 -9.060028e+00
    endloop
  endfacet
  facet normal 4.651208e-01 7.964688e-01 3.863937e-01
    outer loop
      vertex   1.472672e+02 5.208265e+01 -8.911826e+00
      vertex   1.473528e+02 5.210455e+01 -9.060028e+00
      vertex   1.472577e+02 5.213993e+01 -9.018382e+00
    endloop
  endfacet
  facet normal 4.407059e-01 8.865426e-01 1.407856e-01
    outer loop
      vertex   1.473109e+02 5.199919e+01 -8.649846e+00
      vertex   1.474195e+02 5.195641e+01 -8.720447e+00
      vertex   1.473976e+02 5.198028e+01 -8.802209e+00
    endloop
  endfacet
  facet normal 4.107099e-01 9.036216e-01 1.215949e-01
    outer loop
      vertex   1.473109e+02 5.199919e+01 -8.649846e+00
      vertex   1.473976e+02 5.198028e+01 -8.802209e+00
      vertex   1.472931e+02 5.201926e+01 -8.738965e+00
    endloop
  endfacet
  facet normal 3.368089e-01 3.622950e-01 8.690812e-01
    outer loop
      vertex   1.472558e+02 5.264577e+01 -9.432006e+00
      vertex   1.472907e+02 5.253647e+01 -9.399969e+00
      vertex   1.473081e+02 5.261826e+01 -9.440793e+00
    endloop
  endfacet
  facet normal 2.977364e-01 2.735164e-01 9.146266e-01
    outer loop
      vertex   1.472558e+02 5.264577e+01 -9.432006e+00
      vertex   1.473081e+02 5.261826e+01 -9.440793e+00
      vertex   1.472735e+02 5.273369e+01 -9.464057e+00
    endloop
  endfacet
  facet normal 3.705430e-01 7.226937e-01 5.834481e-01
    outer loop
      vertex   1.472077e+02 5.226545e+01 -9.156968e+00
      vertex   1.472544e+02 5.219186e+01 -9.095502e+00
      vertex   1.472547e+02 5.225022e+01 -9.167989e+00
    endloop
  endfacet
  facet normal 3.672031e-01 6.610958e-01 6.543044e-01
    outer loop
      vertex   1.472077e+02 5.226545e+01 -9.156968e+00
      vertex   1.472547e+02 5.225022e+01 -9.167989e+00
      vertex   1.472116e+02 5.233129e+01 -9.225699e+00
    endloop
  endfacet
  facet normal 3.596131e-01 8.349639e-01 4.165497e-01
    outer loop
      vertex   1.472087e+02 5.215346e+01 -9.003195e+00
      vertex   1.472672e+02 5.208265e+01 -8.911826e+00
      vertex   1.472577e+02 5.213993e+01 -9.018382e+00
    endloop
  endfacet
  facet normal 3.716606e-01 7.785520e-01 5.056927e-01
    outer loop
      vertex   1.472087e+02 5.215346e+01 -9.003195e+00
      vertex   1.472577e+02 5.213993e+01 -9.018382e+00
      vertex   1.472067e+02 5.220597e+01 -9.082592e+00
    endloop
  endfacet
  facet normal 2.246018e-01 2.935364e-01 9.291880e-01
    outer loop
      vertex   1.472045e+02 5.266715e+01 -9.426359e+00
      vertex   1.472558e+02 5.264577e+01 -9.432006e+00
      vertex   1.472735e+02 5.273369e+01 -9.464057e+00
    endloop
  endfacet
  facet normal 2.377346e-01 2.803705e-01 9.299864e-01
    outer loop
      vertex   1.472045e+02 5.266715e+01 -9.426359e+00
      vertex   1.472735e+02 5.273369e+01 -9.464057e+00
      vertex   1.472188e+02 5.275788e+01 -9.457360e+00
    endloop
  endfacet
  facet normal 2.810519e-01 6.849402e-01 6.722104e-01
    outer loop
      vertex   1.471630e+02 5.227690e+01 -9.149934e+00
      vertex   1.472077e+02 5.226545e+01 -9.156968e+00
      vertex   1.472116e+02 5.233129e+01 -9.225699e+00
    endloop
  endfacet
  facet normal 2.845725e-01 6.827832e-01 6.729231e-01
    outer loop
      vertex   1.471630e+02 5.227690e+01 -9.149934e+00
      vertex   1.472116e+02 5.233129e+01 -9.225699e+00
      vertex   1.471670e+02 5.234404e+01 -9.219766e+00
    endloop
  endfacet
  facet normal 2.839118e-01 8.029857e-01 5.240306e-01
    outer loop
      vertex   1.471611e+02 5.221654e+01 -9.074109e+00
      vertex   1.472087e+02 5.215346e+01 -9.003195e+00
      vertex   1.472067e+02 5.220597e+01 -9.082592e+00
    endloop
  endfacet
  facet normal 2.710094e-01 9.046431e-01 3.288993e-01
    outer loop
      vertex   1.472244e+02 5.206161e+01 -8.804904e+00
      vertex   1.472157e+02 5.209631e+01 -8.893161e+00
      vertex   1.471655e+02 5.210664e+01 -8.880197e+00
    endloop
  endfacet
  facet normal 2.862455e-01 8.591973e-01 4.240796e-01
    outer loop
      vertex   1.471655e+02 5.210664e+01 -8.880197e+00
      vertex   1.472157e+02 5.209631e+01 -8.893161e+00
      vertex   1.471615e+02 5.216361e+01 -8.992948e+00
    endloop
  endfacet
  facet normal 1.972005e-01 8.777745e-01 4.366050e-01
    outer loop
      vertex   1.471655e+02 5.210664e+01 -8.880197e+00
      vertex   1.471615e+02 5.216361e+01 -8.992948e+00
      vertex   1.471164e+02 5.211402e+01 -8.872851e+00
    endloop
  endfacet
  facet normal 1.929397e-01 8.792197e-01 4.355996e-01
    outer loop
      vertex   1.471164e+02 5.211402e+01 -8.872851e+00
      vertex   1.471615e+02 5.216361e+01 -8.992948e+00
      vertex   1.471160e+02 5.217086e+01 -8.987416e+00
    endloop
  endfacet
  facet normal 2.506351e-01 9.565628e-01 1.488951e-01
    outer loop
      vertex   1.471789e+02 5.204727e+01 -8.696356e+00
      vertex   1.472502e+02 5.201696e+01 -8.621723e+00
      vertex   1.472360e+02 5.203507e+01 -8.714149e+00
    endloop
  endfacet
  facet normal 2.619428e-01 9.347541e-01 2.400431e-01
    outer loop
      vertex   1.472360e+02 5.203507e+01 -8.714149e+00
      vertex   1.472244e+02 5.206161e+01 -8.804904e+00
      vertex   1.471711e+02 5.207262e+01 -8.789606e+00
    endloop
  endfacet
  facet normal 2.792928e-01 9.044902e-01 3.223243e-01
    outer loop
      vertex   1.471711e+02 5.207262e+01 -8.789606e+00
      vertex   1.472244e+02 5.206161e+01 -8.804904e+00
      vertex   1.471655e+02 5.210664e+01 -8.880197e+00
    endloop
  endfacet
  facet normal 1.942436e-01 9.222508e-01 3.342498e-01
    outer loop
      vertex   1.471711e+02 5.207262e+01 -8.789606e+00
      vertex   1.471655e+02 5.210664e+01 -8.880197e+00
      vertex   1.471183e+02 5.208052e+01 -8.780690e+00
    endloop
  endfacet
  facet normal 1.885477e-01 9.242203e-01 3.320641e-01
    outer loop
      vertex   1.471183e+02 5.208052e+01 -8.780690e+00
      vertex   1.471655e+02 5.210664e+01 -8.880197e+00
      vertex   1.471164e+02 5.211402e+01 -8.872851e+00
    endloop
  endfacet
  facet normal 1.428357e-01 2.998228e-01 9.432413e-01
    outer loop
      vertex   1.471541e+02 5.268246e+01 -9.423591e+00
      vertex   1.472045e+02 5.266715e+01 -9.426359e+00
      vertex   1.472188e+02 5.275788e+01 -9.457360e+00
    endloop
  endfacet
  facet normal 1.543252e-01 2.904692e-01 9.443577e-01
    outer loop
      vertex   1.471541e+02 5.268246e+01 -9.423591e+00
      vertex   1.472188e+02 5.275788e+01 -9.457360e+00
      vertex   1.471644e+02 5.277522e+01 -9.453801e+00
    endloop
  endfacet
  facet normal 1.892027e-01 7.023659e-01 6.862102e-01
    outer loop
      vertex   1.471202e+02 5.228507e+01 -9.146518e+00
      vertex   1.471630e+02 5.227690e+01 -9.149934e+00
      vertex   1.471670e+02 5.234404e+01 -9.219766e+00
    endloop
  endfacet
  facet normal 1.933951e-01 7.002607e-01 6.871923e-01
    outer loop
      vertex   1.471202e+02 5.228507e+01 -9.146518e+00
      vertex   1.471670e+02 5.234404e+01 -9.219766e+00
      vertex   1.471244e+02 5.235313e+01 -9.217053e+00
    endloop
  endfacet
  facet normal 1.903627e-01 9.512041e-01 2.428432e-01
    outer loop
      vertex   1.471216e+02 5.205602e+01 -8.685758e+00
      vertex   1.471789e+02 5.204727e+01 -8.696356e+00
      vertex   1.471711e+02 5.207262e+01 -8.789606e+00
    endloop
  endfacet
  facet normal 2.715777e-01 9.341667e-01 2.314696e-01
    outer loop
      vertex   1.471711e+02 5.207262e+01 -8.789606e+00
      vertex   1.471789e+02 5.204727e+01 -8.696356e+00
      vertex   1.472360e+02 5.203507e+01 -8.714149e+00
    endloop
  endfacet
  facet normal 1.829410e-01 9.534635e-01 2.396663e-01
    outer loop
      vertex   1.471216e+02 5.205602e+01 -8.685758e+00
      vertex   1.471711e+02 5.207262e+01 -8.789606e+00
      vertex   1.471183e+02 5.208052e+01 -8.780690e+00
    endloop
  endfacet
  facet normal 1.292443e-01 4.891635e-15 -9.916128e-01
    outer loop
      vertex   1.472249e+02 5.301834e+01 -7.500067e+00
      vertex   1.472249e+02 5.422163e+01 -7.500067e+00
      vertex   1.472962e+02 5.299000e+01 -7.490778e+00
    endloop
  endfacet
  facet normal 1.516341e-01 1.319599e-03 -9.884358e-01
    outer loop
      vertex   1.472962e+02 5.299000e+01 -7.490778e+00
      vertex   1.472249e+02 5.422163e+01 -7.500067e+00
      vertex   1.473433e+02 5.433999e+01 -7.481752e+00
    endloop
  endfacet
  facet normal 1.994628e-01 -4.057008e-04 -9.799053e-01
    outer loop
      vertex   1.472962e+02 5.299000e+01 -7.490778e+00
      vertex   1.473433e+02 5.433999e+01 -7.481752e+00
      vertex   1.473655e+02 5.295184e+01 -7.476654e+00
    endloop
  endfacet
  facet normal 2.692560e-01 7.732164e-04 -9.630683e-01
    outer loop
      vertex   1.473655e+02 5.295184e+01 -7.476654e+00
      vertex   1.473433e+02 5.433999e+01 -7.481752e+00
      vertex   1.474586e+02 5.445531e+01 -7.449418e+00
    endloop
  endfacet
  facet normal 2.680512e-01 8.539104e-04 -9.634043e-01
    outer loop
      vertex   1.473655e+02 5.295184e+01 -7.476654e+00
      vertex   1.474586e+02 5.445531e+01 -7.449418e+00
      vertex   1.474323e+02 5.290458e+01 -7.458095e+00
    endloop
  endfacet
  facet normal 3.327375e-01 -3.550483e-04 -9.430194e-01
    outer loop
      vertex   1.474323e+02 5.290458e+01 -7.458095e+00
      vertex   1.474586e+02 5.445531e+01 -7.449418e+00
      vertex   1.474963e+02 5.284898e+01 -7.435516e+00
    endloop
  endfacet
  facet normal 3.823203e-01 9.725282e-04 -9.240293e-01
    outer loop
      vertex   1.474963e+02 5.284898e+01 -7.435516e+00
      vertex   1.474586e+02 5.445531e+01 -7.449418e+00
      vertex   1.475692e+02 5.456594e+01 -7.403528e+00
    endloop
  endfacet
  facet normal 4.237856e-01 -1.129385e-03 -9.057618e-01
    outer loop
      vertex   1.474963e+02 5.284898e+01 -7.435516e+00
      vertex   1.475692e+02 5.456594e+01 -7.403528e+00
      vertex   1.476144e+02 5.271594e+01 -7.380093e+00
    endloop
  endfacet
  facet normal 4.901314e-01 9.222176e-04 -8.716481e-01
    outer loop
      vertex   1.476144e+02 5.271594e+01 -7.380093e+00
      vertex   1.475692e+02 5.456594e+01 -7.403528e+00
      vertex   1.476735e+02 5.467029e+01 -7.344743e+00
    endloop
  endfacet
  facet normal 5.350879e-01 -9.250743e-04 -8.447959e-01
    outer loop
      vertex   1.476144e+02 5.271594e+01 -7.380093e+00
      vertex   1.476735e+02 5.467029e+01 -7.344743e+00
      vertex   1.477187e+02 5.255860e+01 -7.313834e+00
    endloop
  endfacet
  facet normal 5.909350e-01 8.262363e-04 -8.067188e-01
    outer loop
      vertex   1.477187e+02 5.255860e+01 -7.313834e+00
      vertex   1.476735e+02 5.467029e+01 -7.344743e+00
      vertex   1.477701e+02 5.476686e+01 -7.273903e+00
    endloop
  endfacet
  facet normal 6.326918e-01 -7.305265e-04 -7.744033e-01
    outer loop
      vertex   1.477187e+02 5.255860e+01 -7.313834e+00
      vertex   1.477701e+02 5.476686e+01 -7.273903e+00
      vertex   1.478091e+02 5.238172e+01 -7.239842e+00
    endloop
  endfacet
  facet normal 6.832419e-01 7.260578e-04 -7.301918e-01
    outer loop
      vertex   1.478091e+02 5.238172e+01 -7.239842e+00
      vertex   1.477701e+02 5.476686e+01 -7.273903e+00
      vertex   1.478575e+02 5.485427e+01 -7.192026e+00
    endloop
  endfacet
  facet normal 7.164316e-01 -5.537816e-04 -6.976571e-01
    outer loop
      vertex   1.478091e+02 5.238172e+01 -7.239842e+00
      vertex   1.478575e+02 5.485427e+01 -7.192026e+00
      vertex   1.478858e+02 5.218829e+01 -7.160864e+00
    endloop
  endfacet
  facet normal 7.657284e-01 6.062018e-04 -6.431638e-01
    outer loop
      vertex   1.478858e+02 5.218829e+01 -7.160864e+00
      vertex   1.478575e+02 5.485427e+01 -7.192026e+00
      vertex   1.479345e+02 5.493127e+01 -7.100287e+00
    endloop
  endfacet
  facet normal 7.869750e-01 -3.492478e-04 -6.169848e-01
    outer loop
      vertex   1.478858e+02 5.218829e+01 -7.160864e+00
      vertex   1.479345e+02 5.493127e+01 -7.100287e+00
      vertex   1.479493e+02 5.198056e+01 -7.079724e+00
    endloop
  endfacet
  facet normal 8.372247e-01 3.916668e-04 -5.468589e-01
    outer loop
      vertex   1.479493e+02 5.198056e+01 -7.079724e+00
      vertex   1.479345e+02 5.493127e+01 -7.100287e+00
      vertex   1.480000e+02 5.499674e+01 -7.000000e+00
    endloop
  endfacet
  facet normal 8.439984e-01 1.638996e-14 -5.363457e-01
    outer loop
      vertex   1.479493e+02 5.198056e+01 -7.079724e+00
      vertex   1.480000e+02 5.499674e+01 -7.000000e+00
      vertex   1.480000e+02 5.175688e+01 -7.000000e+00
    endloop
  endfacet
  facet normal 9.471822e-02 1.600905e-15 -9.955041e-01
    outer loop
      vertex   1.472249e+02 5.422163e+01 -7.500067e+00
      vertex   1.472249e+02 5.301834e+01 -7.500067e+00
      vertex   1.472224e+02 5.421907e+01 -7.500305e+00
    endloop
  endfacet
  facet normal 9.998427e-02 1.105846e-05 -9.949890e-01
    outer loop
      vertex   1.472224e+02 5.421907e+01 -7.500305e+00
      vertex   1.472249e+02 5.301834e+01 -7.500067e+00
      vertex   1.472145e+02 5.420987e+01 -7.501101e+00
    endloop
  endfacet
  facet normal 9.990890e-02 1.039278e-05 -9.949966e-01
    outer loop
      vertex   1.472145e+02 5.420987e+01 -7.501101e+00
      vertex   1.472249e+02 5.301834e+01 -7.500067e+00
      vertex   1.472120e+02 5.301834e+01 -7.501360e+00
    endloop
  endfacet
  facet normal 1.076599e-01 -5.759517e-06 -9.941878e-01
    outer loop
      vertex   1.472145e+02 5.420987e+01 -7.501101e+00
      vertex   1.472120e+02 5.301834e+01 -7.501360e+00
      vertex   1.472073e+02 5.419976e+01 -7.501876e+00
    endloop
  endfacet
  facet normal 1.127758e-01 1.486825e-05 -9.936205e-01
    outer loop
      vertex   1.472073e+02 5.419976e+01 -7.501876e+00
      vertex   1.472120e+02 5.301834e+01 -7.501360e+00
      vertex   1.471992e+02 5.301834e+01 -7.502819e+00
    endloop
  endfacet
  facet normal 1.141891e-01 4.988351e-06 -9.934590e-01
    outer loop
      vertex   1.472073e+02 5.419976e+01 -7.501876e+00
      vertex   1.471992e+02 5.301834e+01 -7.502819e+00
      vertex   1.472010e+02 5.418882e+01 -7.502602e+00
    endloop
  endfacet
  facet normal 1.197456e-01 -3.847581e-06 -9.928046e-01
    outer loop
      vertex   1.472010e+02 5.418882e+01 -7.502602e+00
      vertex   1.471992e+02 5.301834e+01 -7.502819e+00
      vertex   1.471957e+02 5.417721e+01 -7.503241e+00
    endloop
  endfacet
  facet normal 1.241181e-01 9.415669e-06 -9.922674e-01
    outer loop
      vertex   1.471957e+02 5.417721e+01 -7.503241e+00
      vertex   1.471992e+02 5.301834e+01 -7.502819e+00
      vertex   1.471916e+02 5.416512e+01 -7.503758e+00
    endloop
  endfacet
  facet normal 1.276893e-01 3.343149e-05 -9.918142e-01
    outer loop
      vertex   1.471916e+02 5.416512e+01 -7.503758e+00
      vertex   1.471992e+02 5.301834e+01 -7.502819e+00
      vertex   1.471886e+02 5.415275e+01 -7.504135e+00
    endloop
  endfacet
  facet normal 1.316106e-01 7.038872e-05 -9.913015e-01
    outer loop
      vertex   1.471886e+02 5.415275e+01 -7.504135e+00
      vertex   1.471992e+02 5.301834e+01 -7.502819e+00
      vertex   1.471863e+02 5.412817e+01 -7.504445e+00
    endloop
  endfacet
  facet normal 1.297812e-01 2.459691e-04 -9.915426e-01
    outer loop
      vertex   1.471886e+02 5.415275e+01 -7.504135e+00
      vertex   1.471863e+02 5.412817e+01 -7.504445e+00
      vertex   1.471869e+02 5.414035e+01 -7.504366e+00
    endloop
  endfacet
  facet normal 1.256238e-01 1.629250e-15 -9.920779e-01
    outer loop
      vertex   1.471992e+02 5.301834e+01 -7.502819e+00
      vertex   1.471863e+02 5.301834e+01 -7.504445e+00
      vertex   1.471863e+02 5.412817e+01 -7.504445e+00
    endloop
  endfacet
  facet normal 1.045581e-01 6.573419e-02 -9.923440e-01
    outer loop
      vertex   1.472126e+02 5.293933e+01 -7.504445e+00
      vertex   1.472013e+02 5.295724e+01 -7.504445e+00
      vertex   1.472166e+02 5.296564e+01 -7.502277e+00
    endloop
  endfacet
  facet normal 1.140916e-01 4.835684e-02 -9.922927e-01
    outer loop
      vertex   1.472166e+02 5.296564e+01 -7.502277e+00
      vertex   1.472013e+02 5.295724e+01 -7.504445e+00
      vertex   1.471931e+02 5.297671e+01 -7.504445e+00
    endloop
  endfacet
  facet normal 1.093041e-01 3.798478e-02 -9.932823e-01
    outer loop
      vertex   1.472166e+02 5.296564e+01 -7.502277e+00
      vertex   1.471931e+02 5.297671e+01 -7.504445e+00
      vertex   1.472207e+02 5.299198e+01 -7.500817e+00
    endloop
  endfacet
  facet normal 1.147034e-01 2.813475e-02 -9.930013e-01
    outer loop
      vertex   1.472207e+02 5.299198e+01 -7.500817e+00
      vertex   1.471931e+02 5.297671e+01 -7.504445e+00
      vertex   1.471880e+02 5.299726e+01 -7.504445e+00
    endloop
  endfacet
  facet normal 1.129266e-01 1.680902e-02 -9.934611e-01
    outer loop
      vertex   1.472207e+02 5.299198e+01 -7.500817e+00
      vertex   1.471880e+02 5.299726e+01 -7.504445e+00
      vertex   1.472120e+02 5.301834e+01 -7.501360e+00
    endloop
  endfacet
  facet normal 1.127595e-01 1.700149e-02 -9.934768e-01
    outer loop
      vertex   1.472120e+02 5.301834e+01 -7.501360e+00
      vertex   1.471880e+02 5.299726e+01 -7.504445e+00
      vertex   1.471992e+02 5.301834e+01 -7.502819e+00
    endloop
  endfacet
  facet normal 1.256174e-01 1.009338e-02 -9.920274e-01
    outer loop
      vertex   1.471992e+02 5.301834e+01 -7.502819e+00
      vertex   1.471880e+02 5.299726e+01 -7.504445e+00
      vertex   1.471863e+02 5.301834e+01 -7.504445e+00
    endloop
  endfacet
  facet normal 9.990111e-02 1.248207e-02 -9.949191e-01
    outer loop
      vertex   1.472120e+02 5.301834e+01 -7.501360e+00
      vertex   1.472249e+02 5.301834e+01 -7.500067e+00
      vertex   1.472207e+02 5.299198e+01 -7.500817e+00
    endloop
  endfacet
  facet normal 9.545026e-01 2.973853e-01 -2.206366e-02
    outer loop
      vertex   1.479596e+02 5.132511e+01 -7.400757e+00
      vertex   1.479317e+02 5.140697e+01 -7.504445e+00
      vertex   1.479310e+02 5.141459e+01 -7.434791e+00
    endloop
  endfacet
  facet normal 9.297526e-01 3.669656e-01 -2.993916e-02
    outer loop
      vertex   1.479310e+02 5.141459e+01 -7.434791e+00
      vertex   1.479317e+02 5.140697e+01 -7.504445e+00
      vertex   1.479012e+02 5.148423e+01 -7.504445e+00
    endloop
  endfacet
  facet normal 9.424183e-01 3.254963e-01 -7.681078e-02
    outer loop
      vertex   1.479310e+02 5.141459e+01 -7.434791e+00
      vertex   1.479012e+02 5.148423e+01 -7.504445e+00
      vertex   1.479254e+02 5.144068e+01 -7.392186e+00
    endloop
  endfacet
  facet normal 9.265702e-01 3.720281e-01 -5.534261e-02
    outer loop
      vertex   1.479254e+02 5.144068e+01 -7.392186e+00
      vertex   1.479012e+02 5.148423e+01 -7.504445e+00
      vertex   1.478664e+02 5.157096e+01 -7.504445e+00
    endloop
  endfacet
  facet normal 9.397987e-01 3.180855e-01 -1.249001e-01
    outer loop
      vertex   1.479254e+02 5.144068e+01 -7.392186e+00
      vertex   1.478664e+02 5.157096e+01 -7.504445e+00
      vertex   1.479228e+02 5.146103e+01 -7.359923e+00
    endloop
  endfacet
  facet normal 9.335397e-01 3.432671e-01 -1.033021e-01
    outer loop
      vertex   1.479228e+02 5.146103e+01 -7.359923e+00
      vertex   1.478664e+02 5.157096e+01 -7.504445e+00
      vertex   1.478455e+02 5.163657e+01 -7.475311e+00
    endloop
  endfacet
  facet normal 9.379748e-01 3.060762e-01 -1.628515e-01
    outer loop
      vertex   1.479228e+02 5.146103e+01 -7.359923e+00
      vertex   1.478455e+02 5.163657e+01 -7.475311e+00
      vertex   1.479216e+02 5.148178e+01 -7.327832e+00
    endloop
  endfacet
  facet normal 9.390730e-01 2.971004e-01 -1.728387e-01
    outer loop
      vertex   1.479216e+02 5.148178e+01 -7.327832e+00
      vertex   1.478455e+02 5.163657e+01 -7.475311e+00
      vertex   1.478437e+02 5.166500e+01 -7.436492e+00
    endloop
  endfacet
  facet normal 9.388449e-01 2.842141e-01 -1.944031e-01
    outer loop
      vertex   1.479216e+02 5.148178e+01 -7.327832e+00
      vertex   1.478437e+02 5.166500e+01 -7.436492e+00
      vertex   1.479218e+02 5.150290e+01 -7.295961e+00
    endloop
  endfacet
  facet normal 9.394523e-01 2.690355e-01 -2.122482e-01
    outer loop
      vertex   1.479218e+02 5.150290e+01 -7.295961e+00
      vertex   1.478437e+02 5.166500e+01 -7.436492e+00
      vertex   1.478440e+02 5.169418e+01 -7.398192e+00
    endloop
  endfacet
  facet normal 9.384791e-01 2.615727e-01 -2.254699e-01
    outer loop
      vertex   1.479218e+02 5.150290e+01 -7.295961e+00
      vertex   1.478440e+02 5.169418e+01 -7.398192e+00
      vertex   1.479235e+02 5.152437e+01 -7.264356e+00
    endloop
  endfacet
  facet normal 9.374912e-01 2.407735e-01 -2.512735e-01
    outer loop
      vertex   1.479235e+02 5.152437e+01 -7.264356e+00
      vertex   1.478440e+02 5.169418e+01 -7.398192e+00
      vertex   1.478464e+02 5.172405e+01 -7.360498e+00
    endloop
  endfacet
  facet normal 9.368652e-01 2.382878e-01 -2.559345e-01
    outer loop
      vertex   1.479235e+02 5.152437e+01 -7.264356e+00
      vertex   1.478464e+02 5.172405e+01 -7.360498e+00
      vertex   1.479265e+02 5.154614e+01 -7.233064e+00
    endloop
  endfacet
  facet normal 9.332116e-01 2.123238e-01 -2.898874e-01
    outer loop
      vertex   1.479265e+02 5.154614e+01 -7.233064e+00
      vertex   1.478464e+02 5.172405e+01 -7.360498e+00
      vertex   1.478510e+02 5.175454e+01 -7.323496e+00
    endloop
  endfacet
  facet normal 9.340016e-01 2.143848e-01 -2.857975e-01
    outer loop
      vertex   1.479265e+02 5.154614e+01 -7.233064e+00
      vertex   1.478510e+02 5.175454e+01 -7.323496e+00
      vertex   1.479309e+02 5.156819e+01 -7.202130e+00
    endloop
  endfacet
  facet normal 9.266185e-01 1.836754e-01 -3.280878e-01
    outer loop
      vertex   1.479309e+02 5.156819e+01 -7.202130e+00
      vertex   1.478510e+02 5.175454e+01 -7.323496e+00
      vertex   1.478576e+02 5.178556e+01 -7.287273e+00
    endloop
  endfacet
  facet normal 9.298815e-01 1.898743e-01 -3.150684e-01
    outer loop
      vertex   1.479309e+02 5.156819e+01 -7.202130e+00
      vertex   1.478576e+02 5.178556e+01 -7.287273e+00
      vertex   1.479367e+02 5.159048e+01 -7.171600e+00
    endloop
  endfacet
  facet normal 9.176990e-01 1.548170e-01 -3.658691e-01
    outer loop
      vertex   1.479367e+02 5.159048e+01 -7.171600e+00
      vertex   1.478576e+02 5.178556e+01 -7.287273e+00
      vertex   1.478664e+02 5.181706e+01 -7.251917e+00
    endloop
  endfacet
  facet normal 9.244931e-01 1.647631e-01 -3.437524e-01
    outer loop
      vertex   1.479367e+02 5.159048e+01 -7.171600e+00
      vertex   1.478664e+02 5.181706e+01 -7.251917e+00
      vertex   1.479438e+02 5.161298e+01 -7.141519e+00
    endloop
  endfacet
  facet normal 9.042714e-01 1.216555e-01 -4.092593e-01
    outer loop
      vertex   1.479438e+02 5.161298e+01 -7.141519e+00
      vertex   1.478664e+02 5.181706e+01 -7.251917e+00
      vertex   1.478811e+02 5.185908e+01 -7.206888e+00
    endloop
  endfacet
  facet normal 9.171182e-01 1.339086e-01 -3.754500e-01
    outer loop
      vertex   1.479438e+02 5.161298e+01 -7.141519e+00
      vertex   1.478811e+02 5.185908e+01 -7.206888e+00
      vertex   1.479554e+02 5.164284e+01 -7.102727e+00
    endloop
  endfacet
  facet normal 8.882884e-01 8.770266e-02 -4.508347e-01
    outer loop
      vertex   1.479554e+02 5.164284e+01 -7.102727e+00
      vertex   1.478811e+02 5.185908e+01 -7.206888e+00
      vertex   1.478947e+02 5.189140e+01 -7.173850e+00
    endloop
  endfacet
  facet normal 9.071660e-01 1.046965e-01 -4.075396e-01
    outer loop
      vertex   1.479554e+02 5.164284e+01 -7.102727e+00
      vertex   1.478947e+02 5.189140e+01 -7.173850e+00
      vertex   1.479657e+02 5.166571e+01 -7.073857e+00
    endloop
  endfacet
  facet normal 8.719526e-01 5.884363e-02 -4.860412e-01
    outer loop
      vertex   1.479657e+02 5.166571e+01 -7.073857e+00
      vertex   1.478947e+02 5.189140e+01 -7.173850e+00
      vertex   1.479103e+02 5.192394e+01 -7.141940e+00
    endloop
  endfacet
  facet normal 8.976152e-01 7.811947e-02 -4.338021e-01
    outer loop
      vertex   1.479657e+02 5.166571e+01 -7.073857e+00
      vertex   1.479103e+02 5.192394e+01 -7.141940e+00
      vertex   1.479774e+02 5.168867e+01 -7.045580e+00
    endloop
  endfacet
  facet normal 8.534336e-01 3.008860e-02 -5.203324e-01
    outer loop
      vertex   1.479774e+02 5.168867e+01 -7.045580e+00
      vertex   1.479103e+02 5.192394e+01 -7.141940e+00
      vertex   1.479279e+02 5.195664e+01 -7.111232e+00
    endloop
  endfacet
  facet normal 8.868065e-01 5.120457e-02 -4.592954e-01
    outer loop
      vertex   1.479774e+02 5.168867e+01 -7.045580e+00
      vertex   1.479279e+02 5.195664e+01 -7.111232e+00
      vertex   1.479903e+02 5.171171e+01 -7.017938e+00
    endloop
  endfacet
  facet normal 8.275125e-01 -2.823423e-03 -5.614403e-01
    outer loop
      vertex   1.479903e+02 5.171171e+01 -7.017938e+00
      vertex   1.479279e+02 5.195664e+01 -7.111232e+00
      vertex   1.479493e+02 5.198056e+01 -7.079724e+00
    endloop
  endfacet
  facet normal 8.632696e-01 1.571592e-02 -5.044983e-01
    outer loop
      vertex   1.479903e+02 5.171171e+01 -7.017938e+00
      vertex   1.479493e+02 5.198056e+01 -7.079724e+00
      vertex   1.480000e+02 5.175688e+01 -7.000000e+00
    endloop
  endfacet
  facet normal 9.105620e-01 3.710167e-01 -1.822729e-01
    outer loop
      vertex   1.478664e+02 5.157096e+01 -7.504445e+00
      vertex   1.477930e+02 5.175123e+01 -7.504445e+00
      vertex   1.478455e+02 5.163657e+01 -7.475311e+00
    endloop
  endfacet
  facet normal 9.067436e-01 3.596364e-01 -2.201765e-01
    outer loop
      vertex   1.478455e+02 5.163657e+01 -7.475311e+00
      vertex   1.477930e+02 5.175123e+01 -7.504445e+00
      vertex   1.478437e+02 5.166500e+01 -7.436492e+00
    endloop
  endfacet
  facet normal 8.869131e-01 3.648743e-01 -2.832877e-01
    outer loop
      vertex   1.477589e+02 5.183398e+01 -7.504445e+00
      vertex   1.477902e+02 5.178117e+01 -7.474463e+00
      vertex   1.477930e+02 5.175123e+01 -7.504445e+00
    endloop
  endfacet
  facet normal 9.064856e-01 3.373130e-01 -2.539762e-01
    outer loop
      vertex   1.477930e+02 5.175123e+01 -7.504445e+00
      vertex   1.477902e+02 5.178117e+01 -7.474463e+00
      vertex   1.478440e+02 5.169418e+01 -7.398192e+00
    endloop
  endfacet
  facet normal 9.078623e-01 3.300804e-01 -2.585206e-01
    outer loop
      vertex   1.477930e+02 5.175123e+01 -7.504445e+00
      vertex   1.478440e+02 5.169418e+01 -7.398192e+00
      vertex   1.478437e+02 5.166500e+01 -7.436492e+00
    endloop
  endfacet
  facet normal 8.566182e-01 3.540902e-01 -3.752671e-01
    outer loop
      vertex   1.477297e+02 5.190460e+01 -7.504445e+00
      vertex   1.477328e+02 5.190024e+01 -7.501587e+00
      vertex   1.477589e+02 5.183398e+01 -7.504445e+00
    endloop
  endfacet
  facet normal 8.779254e-01 3.599287e-01 -3.157504e-01
    outer loop
      vertex   1.477589e+02 5.183398e+01 -7.504445e+00
      vertex   1.477328e+02 5.190024e+01 -7.501587e+00
      vertex   1.477923e+02 5.181536e+01 -7.432868e+00
    endloop
  endfacet
  facet normal 8.831265e-01 3.398566e-01 -3.233963e-01
    outer loop
      vertex   1.477589e+02 5.183398e+01 -7.504445e+00
      vertex   1.477923e+02 5.181536e+01 -7.432868e+00
      vertex   1.477902e+02 5.178117e+01 -7.474463e+00
    endloop
  endfacet
  facet normal 9.067223e-01 3.024898e-01 -2.938615e-01
    outer loop
      vertex   1.477902e+02 5.178117e+01 -7.474463e+00
      vertex   1.477923e+02 5.181536e+01 -7.432868e+00
      vertex   1.478440e+02 5.169418e+01 -7.398192e+00
    endloop
  endfacet
  facet normal 8.537681e-01 3.390986e-01 -3.950850e-01
    outer loop
      vertex   1.477328e+02 5.190024e+01 -7.501587e+00
      vertex   1.477297e+02 5.190460e+01 -7.504445e+00
      vertex   1.477375e+02 5.193983e+01 -7.457326e+00
    endloop
  endfacet
  facet normal 8.448687e-01 3.517526e-01 -4.030720e-01
    outer loop
      vertex   1.477375e+02 5.193983e+01 -7.457326e+00
      vertex   1.477297e+02 5.190460e+01 -7.504445e+00
      vertex   1.476835e+02 5.201559e+01 -7.504445e+00
    endloop
  endfacet
  facet normal 8.350483e-01 3.148135e-01 -4.512059e-01
    outer loop
      vertex   1.477375e+02 5.193983e+01 -7.457326e+00
      vertex   1.476835e+02 5.201559e+01 -7.504445e+00
      vertex   1.477453e+02 5.198053e+01 -7.414526e+00
    endloop
  endfacet
  facet normal 8.352254e-01 3.133444e-01 -4.519003e-01
    outer loop
      vertex   1.477453e+02 5.198053e+01 -7.414526e+00
      vertex   1.476835e+02 5.201559e+01 -7.504445e+00
      vertex   1.476817e+02 5.206777e+01 -7.471730e+00
    endloop
  endfacet
  facet normal 8.202600e-01 2.670663e-01 -5.058153e-01
    outer loop
      vertex   1.477453e+02 5.198053e+01 -7.414526e+00
      vertex   1.476817e+02 5.206777e+01 -7.471730e+00
      vertex   1.476934e+02 5.211459e+01 -7.427929e+00
    endloop
  endfacet
  facet normal 7.863698e-01 3.049675e-01 -5.372312e-01
    outer loop
      vertex   1.476934e+02 5.211459e+01 -7.427929e+00
      vertex   1.476817e+02 5.206777e+01 -7.471730e+00
      vertex   1.476267e+02 5.219924e+01 -7.477510e+00
    endloop
  endfacet
  facet normal 7.577888e-01 2.422479e-01 -6.058647e-01
    outer loop
      vertex   1.476934e+02 5.211459e+01 -7.427929e+00
      vertex   1.476267e+02 5.219924e+01 -7.477510e+00
      vertex   1.476490e+02 5.226983e+01 -7.421360e+00
    endloop
  endfacet
  facet normal 7.229569e-01 2.753654e-01 -6.336460e-01
    outer loop
      vertex   1.476490e+02 5.226983e+01 -7.421360e+00
      vertex   1.476267e+02 5.219924e+01 -7.477510e+00
      vertex   1.475769e+02 5.235773e+01 -7.465498e+00
    endloop
  endfacet
  facet normal 6.788536e-01 2.029981e-01 -7.056554e-01
    outer loop
      vertex   1.476490e+02 5.226983e+01 -7.421360e+00
      vertex   1.475769e+02 5.235773e+01 -7.465498e+00
      vertex   1.475994e+02 5.241909e+01 -7.426204e+00
    endloop
  endfacet
  facet normal 6.377955e-01 2.357210e-01 -7.332479e-01
    outer loop
      vertex   1.475994e+02 5.241909e+01 -7.426204e+00
      vertex   1.475769e+02 5.235773e+01 -7.465498e+00
      vertex   1.475250e+02 5.250340e+01 -7.463759e+00
    endloop
  endfacet
  facet normal 5.845739e-01 1.612158e-01 -7.951622e-01
    outer loop
      vertex   1.475994e+02 5.241909e+01 -7.426204e+00
      vertex   1.475250e+02 5.250340e+01 -7.463759e+00
      vertex   1.475519e+02 5.257258e+01 -7.429973e+00
    endloop
  endfacet
  facet normal 5.325935e-01 1.952720e-01 -8.235369e-01
    outer loop
      vertex   1.475519e+02 5.257258e+01 -7.429973e+00
      vertex   1.475250e+02 5.250340e+01 -7.463759e+00
      vertex   1.474514e+02 5.267395e+01 -7.470959e+00
    endloop
  endfacet
  facet normal 4.626880e-01 1.028968e-01 -8.805294e-01
    outer loop
      vertex   1.475519e+02 5.257258e+01 -7.429973e+00
      vertex   1.474514e+02 5.267395e+01 -7.470959e+00
      vertex   1.474807e+02 5.275288e+01 -7.446333e+00
    endloop
  endfacet
  facet normal 3.936263e-01 1.374071e-01 -9.089431e-01
    outer loop
      vertex   1.474807e+02 5.275288e+01 -7.446333e+00
      vertex   1.474514e+02 5.267395e+01 -7.470959e+00
      vertex   1.473722e+02 5.284105e+01 -7.479968e+00
    endloop
  endfacet
  facet normal 3.163169e-01 2.731416e-02 -9.482603e-01
    outer loop
      vertex   1.474807e+02 5.275288e+01 -7.446333e+00
      vertex   1.473722e+02 5.284105e+01 -7.479968e+00
      vertex   1.474323e+02 5.290458e+01 -7.458095e+00
    endloop
  endfacet
  facet normal 2.977202e-01 4.670898e-02 -9.535098e-01
    outer loop
      vertex   1.474323e+02 5.290458e+01 -7.458095e+00
      vertex   1.473722e+02 5.284105e+01 -7.479968e+00
      vertex   1.473655e+02 5.295184e+01 -7.476654e+00
    endloop
  endfacet
  facet normal 2.251264e-01 4.286706e-02 -9.733861e-01
    outer loop
      vertex   1.473655e+02 5.295184e+01 -7.476654e+00
      vertex   1.473722e+02 5.284105e+01 -7.479968e+00
      vertex   1.472920e+02 5.288855e+01 -7.496442e+00
    endloop
  endfacet
  facet normal 2.232704e-01 4.512433e-02 -9.737115e-01
    outer loop
      vertex   1.473655e+02 5.295184e+01 -7.476654e+00
      vertex   1.472920e+02 5.288855e+01 -7.496442e+00
      vertex   1.472962e+02 5.299000e+01 -7.490778e+00
    endloop
  endfacet
  facet normal 1.278524e-01 5.001339e-02 -9.905314e-01
    outer loop
      vertex   1.472962e+02 5.299000e+01 -7.490778e+00
      vertex   1.472920e+02 5.288855e+01 -7.496442e+00
      vertex   1.472166e+02 5.296564e+01 -7.502277e+00
    endloop
  endfacet
  facet normal 1.327045e-01 3.418299e-02 -9.905660e-01
    outer loop
      vertex   1.472962e+02 5.299000e+01 -7.490778e+00
      vertex   1.472166e+02 5.296564e+01 -7.502277e+00
      vertex   1.472207e+02 5.299198e+01 -7.500817e+00
    endloop
  endfacet
  facet normal 7.988986e-01 3.398464e-01 -4.962514e-01
    outer loop
      vertex   1.476835e+02 5.201559e+01 -7.504445e+00
      vertex   1.475977e+02 5.221735e+01 -7.504445e+00
      vertex   1.476817e+02 5.206777e+01 -7.471730e+00
    endloop
  endfacet
  facet normal 7.414205e-01 2.830558e-01 -6.084201e-01
    outer loop
      vertex   1.476817e+02 5.206777e+01 -7.471730e+00
      vertex   1.475977e+02 5.221735e+01 -7.504445e+00
      vertex   1.476267e+02 5.219924e+01 -7.477510e+00
    endloop
  endfacet
  facet normal 7.410764e-01 2.793139e-01 -6.105649e-01
    outer loop
      vertex   1.476267e+02 5.219924e+01 -7.477510e+00
      vertex   1.475977e+02 5.221735e+01 -7.504445e+00
      vertex   1.475769e+02 5.235773e+01 -7.465498e+00
    endloop
  endfacet
  facet normal 6.528212e-01 2.908796e-01 -6.994381e-01
    outer loop
      vertex   1.475769e+02 5.235773e+01 -7.465498e+00
      vertex   1.475977e+02 5.221735e+01 -7.504445e+00
      vertex   1.475176e+02 5.239712e+01 -7.504445e+00
    endloop
  endfacet
  facet normal 6.540747e-01 2.960965e-01 -6.960697e-01
    outer loop
      vertex   1.475769e+02 5.235773e+01 -7.465498e+00
      vertex   1.475176e+02 5.239712e+01 -7.504445e+00
      vertex   1.475020e+02 5.243562e+01 -7.502760e+00
    endloop
  endfacet
  facet normal 5.040656e-01 2.410108e-01 -8.293562e-01
    outer loop
      vertex   1.475020e+02 5.243562e+01 -7.502760e+00
      vertex   1.475176e+02 5.239712e+01 -7.504445e+00
      vertex   1.474411e+02 5.255705e+01 -7.504445e+00
    endloop
  endfacet
  facet normal 5.529695e-01 2.660619e-01 -7.895795e-01
    outer loop
      vertex   1.475020e+02 5.243562e+01 -7.502760e+00
      vertex   1.474411e+02 5.255705e+01 -7.504445e+00
      vertex   1.475250e+02 5.250340e+01 -7.463759e+00
    endloop
  endfacet
  facet normal 5.521116e-01 2.636531e-01 -7.909866e-01
    outer loop
      vertex   1.475250e+02 5.250340e+01 -7.463759e+00
      vertex   1.474411e+02 5.255705e+01 -7.504445e+00
      vertex   1.474255e+02 5.259623e+01 -7.502327e+00
    endloop
  endfacet
  facet normal 4.952584e-01 1.780160e-01 -8.503114e-01
    outer loop
      vertex   1.475250e+02 5.250340e+01 -7.463759e+00
      vertex   1.474255e+02 5.259623e+01 -7.502327e+00
      vertex   1.474514e+02 5.267395e+01 -7.470959e+00
    endloop
  endfacet
  facet normal 4.127746e-01 2.191531e-01 -8.840753e-01
    outer loop
      vertex   1.474514e+02 5.267395e+01 -7.470959e+00
      vertex   1.474255e+02 5.259623e+01 -7.502327e+00
      vertex   1.473662e+02 5.269930e+01 -7.504445e+00
    endloop
  endfacet
  facet normal 4.108798e-01 2.081009e-01 -8.876214e-01
    outer loop
      vertex   1.474514e+02 5.267395e+01 -7.470959e+00
      vertex   1.473662e+02 5.269930e+01 -7.504445e+00
      vertex   1.473471e+02 5.275404e+01 -7.500444e+00
    endloop
  endfacet
  facet normal 2.795811e-01 1.665644e-01 -9.455637e-01
    outer loop
      vertex   1.473471e+02 5.275404e+01 -7.500444e+00
      vertex   1.473662e+02 5.269930e+01 -7.504445e+00
      vertex   1.472907e+02 5.282601e+01 -7.504445e+00
    endloop
  endfacet
  facet normal 2.588355e-01 1.498226e-01 -9.542313e-01
    outer loop
      vertex   1.473471e+02 5.275404e+01 -7.500444e+00
      vertex   1.472907e+02 5.282601e+01 -7.504445e+00
      vertex   1.473722e+02 5.284105e+01 -7.479968e+00
    endloop
  endfacet
  facet normal 2.656771e-01 1.171075e-01 -9.569229e-01
    outer loop
      vertex   1.473722e+02 5.284105e+01 -7.479968e+00
      vertex   1.472907e+02 5.282601e+01 -7.504445e+00
      vertex   1.472920e+02 5.288855e+01 -7.496442e+00
    endloop
  endfacet
  facet normal 3.843210e-01 2.024520e-01 -9.007278e-01
    outer loop
      vertex   1.474411e+02 5.255705e+01 -7.504445e+00
      vertex   1.473662e+02 5.269930e+01 -7.504445e+00
      vertex   1.474255e+02 5.259623e+01 -7.502327e+00
    endloop
  endfacet
  facet normal 9.707859e-02 6.693825e-02 -9.930232e-01
    outer loop
      vertex   1.472126e+02 5.293933e+01 -7.504445e+00
      vertex   1.472166e+02 5.296564e+01 -7.502277e+00
      vertex   1.472907e+02 5.282601e+01 -7.504445e+00
    endloop
  endfacet
  facet normal 1.985442e-01 1.204716e-01 -9.726596e-01
    outer loop
      vertex   1.472907e+02 5.282601e+01 -7.504445e+00
      vertex   1.472166e+02 5.296564e+01 -7.502277e+00
      vertex   1.472920e+02 5.288855e+01 -7.496442e+00
    endloop
  endfacet
  facet normal 1.320842e-01 7.273455e-03 -9.912118e-01
    outer loop
      vertex   1.472207e+02 5.299198e+01 -7.500817e+00
      vertex   1.472249e+02 5.301834e+01 -7.500067e+00
      vertex   1.472962e+02 5.299000e+01 -7.490778e+00
    endloop
  endfacet
  facet normal 3.672834e-01 4.505391e-02 -9.290173e-01
    outer loop
      vertex   1.474323e+02 5.290458e+01 -7.458095e+00
      vertex   1.474963e+02 5.284898e+01 -7.435516e+00
      vertex   1.474807e+02 5.275288e+01 -7.446333e+00
    endloop
  endfacet
  facet normal 4.499424e-01 2.756037e-02 -8.926322e-01
    outer loop
      vertex   1.474807e+02 5.275288e+01 -7.446333e+00
      vertex   1.474963e+02 5.284898e+01 -7.435516e+00
      vertex   1.476144e+02 5.271594e+01 -7.380093e+00
    endloop
  endfacet
  facet normal 4.568180e-01 6.179886e-02 -8.874110e-01
    outer loop
      vertex   1.474807e+02 5.275288e+01 -7.446333e+00
      vertex   1.476144e+02 5.271594e+01 -7.380093e+00
      vertex   1.475824e+02 5.264269e+01 -7.401633e+00
    endloop
  endfacet
  facet normal 5.163677e-01 2.659065e-02 -8.559541e-01
    outer loop
      vertex   1.475824e+02 5.264269e+01 -7.401633e+00
      vertex   1.476144e+02 5.271594e+01 -7.380093e+00
      vertex   1.476554e+02 5.254474e+01 -7.360633e+00
    endloop
  endfacet
  facet normal 5.919228e-01 1.067989e-01 -7.988876e-01
    outer loop
      vertex   1.475824e+02 5.264269e+01 -7.401633e+00
      vertex   1.476554e+02 5.254474e+01 -7.360633e+00
      vertex   1.476256e+02 5.248155e+01 -7.391179e+00
    endloop
  endfacet
  facet normal 6.206931e-01 8.387417e-02 -7.795545e-01
    outer loop
      vertex   1.476256e+02 5.248155e+01 -7.391179e+00
      vertex   1.476554e+02 5.254474e+01 -7.360633e+00
      vertex   1.476950e+02 5.238071e+01 -7.346799e+00
    endloop
  endfacet
  facet normal 6.815299e-01 1.539482e-01 -7.154138e-01
    outer loop
      vertex   1.476256e+02 5.248155e+01 -7.391179e+00
      vertex   1.476950e+02 5.238071e+01 -7.346799e+00
      vertex   1.476702e+02 5.232485e+01 -7.382373e+00
    endloop
  endfacet
  facet normal 7.087137e-01 1.281275e-01 -6.937638e-01
    outer loop
      vertex   1.476702e+02 5.232485e+01 -7.382373e+00
      vertex   1.476950e+02 5.238071e+01 -7.346799e+00
      vertex   1.477336e+02 5.222695e+01 -7.335738e+00
    endloop
  endfacet
  facet normal 7.543540e-01 1.886133e-01 -6.287886e-01
    outer loop
      vertex   1.476702e+02 5.232485e+01 -7.382373e+00
      vertex   1.477336e+02 5.222695e+01 -7.335738e+00
      vertex   1.477141e+02 5.217784e+01 -7.373905e+00
    endloop
  endfacet
  facet normal 7.798866e-01 1.600549e-01 -6.051110e-01
    outer loop
      vertex   1.477141e+02 5.217784e+01 -7.373905e+00
      vertex   1.477336e+02 5.222695e+01 -7.335738e+00
      vertex   1.477748e+02 5.207823e+01 -7.321921e+00
    endloop
  endfacet
  facet normal 8.159741e-01 2.185687e-01 -5.351766e-01
    outer loop
      vertex   1.477141e+02 5.217784e+01 -7.373905e+00
      vertex   1.477748e+02 5.207823e+01 -7.321921e+00
      vertex   1.477561e+02 5.202220e+01 -7.373347e+00
    endloop
  endfacet
  facet normal 8.401117e-01 1.867167e-01 -5.092634e-01
    outer loop
      vertex   1.477561e+02 5.202220e+01 -7.373347e+00
      vertex   1.477748e+02 5.207823e+01 -7.321921e+00
      vertex   1.478140e+02 5.192289e+01 -7.314341e+00
    endloop
  endfacet
  facet normal 8.628177e-01 2.373225e-01 -4.463449e-01
    outer loop
      vertex   1.477561e+02 5.202220e+01 -7.373347e+00
      vertex   1.478140e+02 5.192289e+01 -7.314341e+00
      vertex   1.478042e+02 5.188632e+01 -7.352688e+00
    endloop
  endfacet
  facet normal 8.867813e-01 1.998672e-01 -4.167398e-01
    outer loop
      vertex   1.478042e+02 5.188632e+01 -7.352688e+00
      vertex   1.478140e+02 5.192289e+01 -7.314341e+00
      vertex   1.478576e+02 5.178556e+01 -7.287273e+00
    endloop
  endfacet
  facet normal 8.986918e-01 2.372742e-01 -3.688550e-01
    outer loop
      vertex   1.478042e+02 5.188632e+01 -7.352688e+00
      vertex   1.478576e+02 5.178556e+01 -7.287273e+00
      vertex   1.478510e+02 5.175454e+01 -7.323496e+00
    endloop
  endfacet
  facet normal 5.870373e-01 4.898908e-02 -8.080763e-01
    outer loop
      vertex   1.476144e+02 5.271594e+01 -7.380093e+00
      vertex   1.477187e+02 5.255860e+01 -7.313834e+00
      vertex   1.476554e+02 5.254474e+01 -7.360633e+00
    endloop
  endfacet
  facet normal 5.905182e-01 2.791715e-02 -8.065413e-01
    outer loop
      vertex   1.476554e+02 5.254474e+01 -7.360633e+00
      vertex   1.477187e+02 5.255860e+01 -7.313834e+00
      vertex   1.477231e+02 5.243713e+01 -7.314818e+00
    endloop
  endfacet
  facet normal 6.578454e-01 9.556969e-02 -7.470648e-01
    outer loop
      vertex   1.476554e+02 5.254474e+01 -7.360633e+00
      vertex   1.477231e+02 5.243713e+01 -7.314818e+00
      vertex   1.476950e+02 5.238071e+01 -7.346799e+00
    endloop
  endfacet
  facet normal 6.798383e-01 7.468016e-02 -7.295497e-01
    outer loop
      vertex   1.476950e+02 5.238071e+01 -7.346799e+00
      vertex   1.477231e+02 5.243713e+01 -7.314818e+00
      vertex   1.477563e+02 5.227670e+01 -7.300262e+00
    endloop
  endfacet
  facet normal 7.354596e-01 1.370184e-01 -6.635700e-01
    outer loop
      vertex   1.476950e+02 5.238071e+01 -7.346799e+00
      vertex   1.477563e+02 5.227670e+01 -7.300262e+00
      vertex   1.477336e+02 5.222695e+01 -7.335738e+00
    endloop
  endfacet
  facet normal 7.568989e-01 1.130359e-01 -6.436823e-01
    outer loop
      vertex   1.477336e+02 5.222695e+01 -7.335738e+00
      vertex   1.477563e+02 5.227670e+01 -7.300262e+00
      vertex   1.477924e+02 5.212157e+01 -7.285045e+00
    endloop
  endfacet
  facet normal 7.984200e-01 1.676871e-01 -5.782790e-01
    outer loop
      vertex   1.477336e+02 5.222695e+01 -7.335738e+00
      vertex   1.477924e+02 5.212157e+01 -7.285045e+00
      vertex   1.477748e+02 5.207823e+01 -7.321921e+00
    endloop
  endfacet
  facet normal 8.204168e-01 1.386884e-01 -5.546907e-01
    outer loop
      vertex   1.477748e+02 5.207823e+01 -7.321921e+00
      vertex   1.477924e+02 5.212157e+01 -7.285045e+00
      vertex   1.478307e+02 5.197184e+01 -7.265941e+00
    endloop
  endfacet
  facet normal 8.521487e-01 1.908214e-01 -4.872677e-01
    outer loop
      vertex   1.477748e+02 5.207823e+01 -7.321921e+00
      vertex   1.478307e+02 5.197184e+01 -7.265941e+00
      vertex   1.478140e+02 5.192289e+01 -7.314341e+00
    endloop
  endfacet
  facet normal 8.721656e-01 1.594866e-01 -4.624838e-01
    outer loop
      vertex   1.478140e+02 5.192289e+01 -7.314341e+00
      vertex   1.478307e+02 5.197184e+01 -7.265941e+00
      vertex   1.478664e+02 5.181706e+01 -7.251917e+00
    endloop
  endfacet
  facet normal 8.919539e-01 2.041380e-01 -4.034179e-01
    outer loop
      vertex   1.478140e+02 5.192289e+01 -7.314341e+00
      vertex   1.478664e+02 5.181706e+01 -7.251917e+00
      vertex   1.478576e+02 5.178556e+01 -7.287273e+00
    endloop
  endfacet
  facet normal 6.679999e-01 3.021360e-02 -7.435478e-01
    outer loop
      vertex   1.477187e+02 5.255860e+01 -7.313834e+00
      vertex   1.478091e+02 5.238172e+01 -7.239842e+00
      vertex   1.477231e+02 5.243713e+01 -7.314818e+00
    endloop
  endfacet
  facet normal 6.728149e-01 4.455685e-02 -7.384679e-01
    outer loop
      vertex   1.477231e+02 5.243713e+01 -7.314818e+00
      vertex   1.478091e+02 5.238172e+01 -7.239842e+00
      vertex   1.477822e+02 5.232687e+01 -7.267630e+00
    endloop
  endfacet
  facet normal 7.134943e-01 8.474204e-02 -6.955175e-01
    outer loop
      vertex   1.477231e+02 5.243713e+01 -7.314818e+00
      vertex   1.477822e+02 5.232687e+01 -7.267630e+00
      vertex   1.477563e+02 5.227670e+01 -7.300262e+00
    endloop
  endfacet
  facet normal 7.305687e-01 6.564257e-02 -6.796767e-01
    outer loop
      vertex   1.477563e+02 5.227670e+01 -7.300262e+00
      vertex   1.477822e+02 5.232687e+01 -7.267630e+00
      vertex   1.478129e+02 5.216539e+01 -7.250238e+00
    endloop
  endfacet
  facet normal 7.813653e-01 1.218320e-01 -6.120663e-01
    outer loop
      vertex   1.477563e+02 5.227670e+01 -7.300262e+00
      vertex   1.478129e+02 5.216539e+01 -7.250238e+00
      vertex   1.477924e+02 5.212157e+01 -7.285045e+00
    endloop
  endfacet
  facet normal 7.998469e-01 9.746272e-02 -5.922381e-01
    outer loop
      vertex   1.477924e+02 5.212157e+01 -7.285045e+00
      vertex   1.478129e+02 5.216539e+01 -7.250238e+00
      vertex   1.478463e+02 5.200960e+01 -7.230799e+00
    endloop
  endfacet
  facet normal 8.365477e-01 1.462090e-01 -5.280255e-01
    outer loop
      vertex   1.477924e+02 5.212157e+01 -7.285045e+00
      vertex   1.478463e+02 5.200960e+01 -7.230799e+00
      vertex   1.478307e+02 5.197184e+01 -7.265941e+00
    endloop
  endfacet
  facet normal 8.547258e-01 1.177817e-01 -5.055406e-01
    outer loop
      vertex   1.478307e+02 5.197184e+01 -7.265941e+00
      vertex   1.478463e+02 5.200960e+01 -7.230799e+00
      vertex   1.478811e+02 5.185908e+01 -7.206888e+00
    endloop
  endfacet
  facet normal 8.822775e-01 1.637377e-01 -4.413348e-01
    outer loop
      vertex   1.478307e+02 5.197184e+01 -7.265941e+00
      vertex   1.478811e+02 5.185908e+01 -7.206888e+00
      vertex   1.478664e+02 5.181706e+01 -7.251917e+00
    endloop
  endfacet
  facet normal 7.008650e-01 1.794674e-02 -7.130681e-01
    outer loop
      vertex   1.477822e+02 5.232687e+01 -7.267630e+00
      vertex   1.478091e+02 5.238172e+01 -7.239842e+00
      vertex   1.478361e+02 5.220952e+01 -7.217624e+00
    endloop
  endfacet
  facet normal 7.580270e-01 3.488553e-02 -6.512895e-01
    outer loop
      vertex   1.478361e+02 5.220952e+01 -7.217624e+00
      vertex   1.478091e+02 5.238172e+01 -7.239842e+00
      vertex   1.478858e+02 5.218829e+01 -7.160864e+00
    endloop
  endfacet
  facet normal 7.555109e-01 1.948046e-02 -6.548464e-01
    outer loop
      vertex   1.478361e+02 5.220952e+01 -7.217624e+00
      vertex   1.478858e+02 5.218829e+01 -7.160864e+00
      vertex   1.478846e+02 5.208601e+01 -7.165261e+00
    endloop
  endfacet
  facet normal 8.069247e-01 1.612146e-02 -5.904342e-01
    outer loop
      vertex   1.478846e+02 5.208601e+01 -7.165261e+00
      vertex   1.478858e+02 5.218829e+01 -7.160864e+00
      vertex   1.479493e+02 5.198056e+01 -7.079724e+00
    endloop
  endfacet
  facet normal 8.150918e-01 3.080212e-02 -5.785124e-01
    outer loop
      vertex   1.478846e+02 5.208601e+01 -7.165261e+00
      vertex   1.479493e+02 5.198056e+01 -7.079724e+00
      vertex   1.479279e+02 5.195664e+01 -7.111232e+00
    endloop
  endfacet
  facet normal 8.494327e-01 2.760139e-02 -5.269747e-01
    outer loop
      vertex   1.480000e+02 5.175688e+01 -7.000000e+00
      vertex   1.480000e+02 5.155388e+01 -7.010632e+00
      vertex   1.479903e+02 5.171171e+01 -7.017938e+00
    endloop
  endfacet
  facet normal 8.933857e-01 3.394773e-02 -4.480061e-01
    outer loop
      vertex   1.479903e+02 5.171171e+01 -7.017938e+00
      vertex   1.480000e+02 5.155388e+01 -7.010632e+00
      vertex   1.479774e+02 5.168867e+01 -7.045580e+00
    endloop
  endfacet
  facet normal 9.176871e-01 5.206519e-02 -3.938778e-01
    outer loop
      vertex   1.479774e+02 5.168867e+01 -7.045580e+00
      vertex   1.480000e+02 5.155388e+01 -7.010632e+00
      vertex   1.479973e+02 5.152515e+01 -7.020821e+00
    endloop
  endfacet
  facet normal 8.640237e-01 9.296927e-02 -4.947926e-01
    outer loop
      vertex   1.479973e+02 5.152515e+01 -7.020821e+00
      vertex   1.480000e+02 5.155388e+01 -7.010632e+00
      vertex   1.480000e+02 5.135494e+01 -7.048013e+00
    endloop
  endfacet
  facet normal 9.316794e-01 7.190180e-02 -3.560949e-01
    outer loop
      vertex   1.479973e+02 5.152515e+01 -7.020821e+00
      vertex   1.480000e+02 5.135494e+01 -7.048013e+00
      vertex   1.479885e+02 5.150773e+01 -7.047298e+00
    endloop
  endfacet
  facet normal 9.465248e-01 7.282542e-02 -3.143044e-01
    outer loop
      vertex   1.479885e+02 5.150773e+01 -7.047298e+00
      vertex   1.480000e+02 5.135494e+01 -7.048013e+00
      vertex   1.479785e+02 5.148495e+01 -7.082661e+00
    endloop
  endfacet
  facet normal 9.399632e-01 9.612216e-02 -3.274596e-01
    outer loop
      vertex   1.479885e+02 5.150773e+01 -7.047298e+00
      vertex   1.479785e+02 5.148495e+01 -7.082661e+00
      vertex   1.479554e+02 5.164284e+01 -7.102727e+00
    endloop
  endfacet
  facet normal 9.328480e-01 9.244258e-02 -3.482083e-01
    outer loop
      vertex   1.479554e+02 5.164284e+01 -7.102727e+00
      vertex   1.479785e+02 5.148495e+01 -7.082661e+00
      vertex   1.479438e+02 5.161298e+01 -7.141519e+00
    endloop
  endfacet
  facet normal 9.564214e-01 8.367322e-02 -2.797442e-01
    outer loop
      vertex   1.479785e+02 5.148495e+01 -7.082661e+00
      vertex   1.480000e+02 5.135494e+01 -7.048013e+00
      vertex   1.479996e+02 5.133594e+01 -7.055090e+00
    endloop
  endfacet
  facet normal 8.517630e-01 1.667074e-01 -4.966976e-01
    outer loop
      vertex   1.479996e+02 5.133594e+01 -7.055090e+00
      vertex   1.480000e+02 5.135494e+01 -7.048013e+00
      vertex   1.480000e+02 5.125949e+01 -7.080048e+00
    endloop
  endfacet
  facet normal 9.689412e-01 8.140261e-02 -2.335094e-01
    outer loop
      vertex   1.479996e+02 5.133594e+01 -7.055090e+00
      vertex   1.480000e+02 5.125949e+01 -7.080048e+00
      vertex   1.479946e+02 5.132426e+01 -7.080070e+00
    endloop
  endfacet
  facet normal 9.755982e-01 8.197244e-02 -2.036877e-01
    outer loop
      vertex   1.479946e+02 5.132426e+01 -7.080070e+00
      vertex   1.480000e+02 5.125949e+01 -7.080048e+00
      vertex   1.479903e+02 5.131265e+01 -7.105223e+00
    endloop
  endfacet
  facet normal 9.692717e-01 1.145949e-01 -2.176703e-01
    outer loop
      vertex   1.479946e+02 5.132426e+01 -7.080070e+00
      vertex   1.479903e+02 5.131265e+01 -7.105223e+00
      vertex   1.479667e+02 5.145064e+01 -7.137508e+00
    endloop
  endfacet
  facet normal 9.687840e-01 1.139248e-01 -2.201786e-01
    outer loop
      vertex   1.479667e+02 5.145064e+01 -7.137508e+00
      vertex   1.479903e+02 5.131265e+01 -7.105223e+00
      vertex   1.479624e+02 5.143369e+01 -7.165346e+00
    endloop
  endfacet
  facet normal 9.567651e-01 1.572431e-01 -2.446941e-01
    outer loop
      vertex   1.479667e+02 5.145064e+01 -7.137508e+00
      vertex   1.479624e+02 5.143369e+01 -7.165346e+00
      vertex   1.479309e+02 5.156819e+01 -7.202130e+00
    endloop
  endfacet
  facet normal 9.561770e-01 1.563193e-01 -2.475680e-01
    outer loop
      vertex   1.479309e+02 5.156819e+01 -7.202130e+00
      vertex   1.479624e+02 5.143369e+01 -7.165346e+00
      vertex   1.479265e+02 5.154614e+01 -7.233064e+00
    endloop
  endfacet
  facet normal 9.793345e-01 9.441664e-02 -1.788560e-01
    outer loop
      vertex   1.479903e+02 5.131265e+01 -7.105223e+00
      vertex   1.480000e+02 5.125949e+01 -7.080048e+00
      vertex   1.479868e+02 5.130111e+01 -7.130530e+00
    endloop
  endfacet
  facet normal 9.789619e-01 8.787732e-02 -1.841498e-01
    outer loop
      vertex   1.479868e+02 5.130111e+01 -7.130530e+00
      vertex   1.480000e+02 5.125949e+01 -7.080048e+00
      vertex   1.480000e+02 5.116912e+01 -7.123177e+00
    endloop
  endfacet
  facet normal 9.850041e-01 9.056079e-02 -1.468525e-01
    outer loop
      vertex   1.479868e+02 5.130111e+01 -7.130530e+00
      vertex   1.480000e+02 5.116912e+01 -7.123177e+00
      vertex   1.479840e+02 5.128967e+01 -7.155971e+00
    endloop
  endfacet
  facet normal 9.879232e-01 9.831920e-02 -1.197543e-01
    outer loop
      vertex   1.479840e+02 5.128967e+01 -7.155971e+00
      vertex   1.480000e+02 5.116912e+01 -7.123177e+00
      vertex   1.479821e+02 5.127831e+01 -7.181525e+00
    endloop
  endfacet
  facet normal 9.774274e-01 1.546311e-01 -1.439617e-01
    outer loop
      vertex   1.479840e+02 5.128967e+01 -7.155971e+00
      vertex   1.479821e+02 5.127831e+01 -7.181525e+00
      vertex   1.479569e+02 5.140026e+01 -7.221698e+00
    endloop
  endfacet
  facet normal 9.784137e-01 1.586256e-01 -1.324555e-01
    outer loop
      vertex   1.479569e+02 5.140026e+01 -7.221698e+00
      vertex   1.479821e+02 5.127831e+01 -7.181525e+00
      vertex   1.479557e+02 5.138382e+01 -7.250151e+00
    endloop
  endfacet
  facet normal 9.638472e-01 2.113310e-01 -1.622891e-01
    outer loop
      vertex   1.479569e+02 5.140026e+01 -7.221698e+00
      vertex   1.479557e+02 5.138382e+01 -7.250151e+00
      vertex   1.479218e+02 5.150290e+01 -7.295961e+00
    endloop
  endfacet
  facet normal 9.647553e-01 2.164484e-01 -1.496571e-01
    outer loop
      vertex   1.479218e+02 5.150290e+01 -7.295961e+00
      vertex   1.479557e+02 5.138382e+01 -7.250151e+00
      vertex   1.479216e+02 5.148178e+01 -7.327832e+00
    endloop
  endfacet
  facet normal 9.871577e-01 9.264296e-02 -1.301420e-01
    outer loop
      vertex   1.479821e+02 5.127831e+01 -7.181525e+00
      vertex   1.480000e+02 5.116912e+01 -7.123177e+00
      vertex   1.479994e+02 5.116430e+01 -7.131030e+00
    endloop
  endfacet
  facet normal 9.889552e-01 8.177836e-02 -1.236121e-01
    outer loop
      vertex   1.479994e+02 5.116430e+01 -7.131030e+00
      vertex   1.480000e+02 5.116912e+01 -7.123177e+00
      vertex   1.480000e+02 5.109625e+01 -7.171385e+00
    endloop
  endfacet
  facet normal 9.931818e-01 6.564132e-02 -9.633837e-02
    outer loop
      vertex   1.479994e+02 5.116430e+01 -7.131030e+00
      vertex   1.480000e+02 5.109625e+01 -7.171385e+00
      vertex   1.479975e+02 5.115850e+01 -7.154576e+00
    endloop
  endfacet
  facet normal 9.958489e-01 5.855251e-02 -6.968959e-02
    outer loop
      vertex   1.479975e+02 5.115850e+01 -7.154576e+00
      vertex   1.480000e+02 5.109625e+01 -7.171385e+00
      vertex   1.479962e+02 5.115275e+01 -7.178173e+00
    endloop
  endfacet
  facet normal 9.902905e-01 1.119575e-01 -8.240297e-02
    outer loop
      vertex   1.479975e+02 5.115850e+01 -7.154576e+00
      vertex   1.479962e+02 5.115275e+01 -7.178173e+00
      vertex   1.479809e+02 5.126707e+01 -7.207173e+00
    endloop
  endfacet
  facet normal 9.910119e-01 1.161001e-01 -6.645466e-02
    outer loop
      vertex   1.479809e+02 5.126707e+01 -7.207173e+00
      vertex   1.479962e+02 5.115275e+01 -7.178173e+00
      vertex   1.479804e+02 5.125593e+01 -7.232895e+00
    endloop
  endfacet
  facet normal 9.791888e-01 1.799264e-01 -9.389255e-02
    outer loop
      vertex   1.479809e+02 5.126707e+01 -7.207173e+00
      vertex   1.479804e+02 5.125593e+01 -7.232895e+00
      vertex   1.479555e+02 5.136760e+01 -7.278749e+00
    endloop
  endfacet
  facet normal 9.793508e-01 1.882907e-01 -7.361109e-02
    outer loop
      vertex   1.479555e+02 5.136760e+01 -7.278749e+00
      vertex   1.479804e+02 5.125593e+01 -7.232895e+00
      vertex   1.479564e+02 5.135160e+01 -7.307460e+00
    endloop
  endfacet
  facet normal 9.636649e-01 2.452480e-01 -1.058463e-01
    outer loop
      vertex   1.479555e+02 5.136760e+01 -7.278749e+00
      vertex   1.479564e+02 5.135160e+01 -7.307460e+00
      vertex   1.479228e+02 5.146103e+01 -7.359923e+00
    endloop
  endfacet
  facet normal 9.631252e-01 2.557101e-01 -8.367903e-02
    outer loop
      vertex   1.479228e+02 5.146103e+01 -7.359923e+00
      vertex   1.479564e+02 5.135160e+01 -7.307460e+00
      vertex   1.479254e+02 5.144068e+01 -7.392186e+00
    endloop
  endfacet
  facet normal 9.985357e-01 3.572854e-02 -4.061842e-02
    outer loop
      vertex   1.480000e+02 5.104384e+01 -7.217482e+00
      vertex   1.479992e+02 5.109499e+01 -7.193029e+00
      vertex   1.480000e+02 5.109625e+01 -7.171385e+00
    endloop
  endfacet
  facet normal 9.972101e-01 6.165847e-02 -4.207371e-02
    outer loop
      vertex   1.480000e+02 5.109625e+01 -7.171385e+00
      vertex   1.479992e+02 5.109499e+01 -7.193029e+00
      vertex   1.479954e+02 5.114525e+01 -7.209253e+00
    endloop
  endfacet
  facet normal 9.972074e-01 6.201726e-02 -4.160905e-02
    outer loop
      vertex   1.480000e+02 5.109625e+01 -7.171385e+00
      vertex   1.479954e+02 5.114525e+01 -7.209253e+00
      vertex   1.479962e+02 5.115275e+01 -7.178173e+00
    endloop
  endfacet
  facet normal 9.909917e-01 1.217268e-01 -5.583908e-02
    outer loop
      vertex   1.479962e+02 5.115275e+01 -7.178173e+00
      vertex   1.479954e+02 5.114525e+01 -7.209253e+00
      vertex   1.479804e+02 5.125593e+01 -7.232895e+00
    endloop
  endfacet
  facet normal 9.998913e-01 1.306280e-02 6.838140e-03
    outer loop
      vertex   1.480000e+02 5.104384e+01 -7.217482e+00
      vertex   1.479997e+02 5.106904e+01 -7.219146e+00
      vertex   1.479992e+02 5.109499e+01 -7.193029e+00
    endloop
  endfacet
  facet normal 9.992816e-01 3.487162e-02 -1.483847e-02
    outer loop
      vertex   1.479992e+02 5.109499e+01 -7.193029e+00
      vertex   1.479997e+02 5.106904e+01 -7.219146e+00
      vertex   1.479987e+02 5.109412e+01 -7.224092e+00
    endloop
  endfacet
  facet normal 9.982036e-01 5.788143e-02 -1.546683e-02
    outer loop
      vertex   1.479992e+02 5.109499e+01 -7.193029e+00
      vertex   1.479987e+02 5.109412e+01 -7.224092e+00
      vertex   1.479972e+02 5.111891e+01 -7.232165e+00
    endloop
  endfacet
  facet normal 9.972910e-01 7.331280e-02 -5.986036e-03
    outer loop
      vertex   1.479992e+02 5.109499e+01 -7.193029e+00
      vertex   1.479972e+02 5.111891e+01 -7.232165e+00
      vertex   1.479954e+02 5.114525e+01 -7.209253e+00
    endloop
  endfacet
  facet normal 9.966075e-01 8.095490e-02 -1.482495e-02
    outer loop
      vertex   1.479954e+02 5.114525e+01 -7.209253e+00
      vertex   1.479972e+02 5.111891e+01 -7.232165e+00
      vertex   1.479950e+02 5.114340e+01 -7.243092e+00
    endloop
  endfacet
  facet normal 9.933973e-01 1.135206e-01 -1.657780e-02
    outer loop
      vertex   1.479954e+02 5.114525e+01 -7.209253e+00
      vertex   1.479950e+02 5.114340e+01 -7.243092e+00
      vertex   1.479891e+02 5.119130e+01 -7.272399e+00
    endloop
  endfacet
  facet normal 9.877164e-01 1.555690e-01 1.465076e-02
    outer loop
      vertex   1.479954e+02 5.114525e+01 -7.209253e+00
      vertex   1.479891e+02 5.119130e+01 -7.272399e+00
      vertex   1.479811e+02 5.124148e+01 -7.266794e+00
    endloop
  endfacet
  facet normal 9.872038e-01 1.587764e-01 -1.479102e-02
    outer loop
      vertex   1.479811e+02 5.124148e+01 -7.266794e+00
      vertex   1.479891e+02 5.119130e+01 -7.272399e+00
      vertex   1.479811e+02 5.123756e+01 -7.309793e+00
    endloop
  endfacet
  facet normal 9.752919e-01 2.199805e-01 -2.035471e-02
    outer loop
      vertex   1.479811e+02 5.124148e+01 -7.266794e+00
      vertex   1.479811e+02 5.123756e+01 -7.309793e+00
      vertex   1.479593e+02 5.133095e+01 -7.345331e+00
    endloop
  endfacet
  facet normal 9.750440e-01 2.213997e-01 -1.647347e-02
    outer loop
      vertex   1.479593e+02 5.133095e+01 -7.345331e+00
      vertex   1.479811e+02 5.123756e+01 -7.309793e+00
      vertex   1.479596e+02 5.132511e+01 -7.400757e+00
    endloop
  endfacet
  facet normal 9.547131e-01 2.965152e-01 -2.452873e-02
    outer loop
      vertex   1.479593e+02 5.133095e+01 -7.345331e+00
      vertex   1.479596e+02 5.132511e+01 -7.400757e+00
      vertex   1.479310e+02 5.141459e+01 -7.434791e+00
    endloop
  endfacet
  facet normal 9.209228e-01 6.838093e-02 -3.836994e-01
    outer loop
      vertex   1.479885e+02 5.150773e+01 -7.047298e+00
      vertex   1.479554e+02 5.164284e+01 -7.102727e+00
      vertex   1.479657e+02 5.166571e+01 -7.073857e+00
    endloop
  endfacet
  facet normal 9.309900e-01 7.425301e-02 -3.574131e-01
    outer loop
      vertex   1.479885e+02 5.150773e+01 -7.047298e+00
      vertex   1.479657e+02 5.166571e+01 -7.073857e+00
      vertex   1.479973e+02 5.152515e+01 -7.020821e+00
    endloop
  endfacet
  facet normal 9.090088e-01 4.796094e-02 -4.140081e-01
    outer loop
      vertex   1.479973e+02 5.152515e+01 -7.020821e+00
      vertex   1.479657e+02 5.166571e+01 -7.073857e+00
      vertex   1.479774e+02 5.168867e+01 -7.045580e+00
    endloop
  endfacet
  facet normal 9.504030e-01 1.360712e-01 -2.796763e-01
    outer loop
      vertex   1.479667e+02 5.145064e+01 -7.137508e+00
      vertex   1.479309e+02 5.156819e+01 -7.202130e+00
      vertex   1.479367e+02 5.159048e+01 -7.171600e+00
    endloop
  endfacet
  facet normal 9.431703e-01 1.157136e-01 -3.115126e-01
    outer loop
      vertex   1.479367e+02 5.159048e+01 -7.171600e+00
      vertex   1.479438e+02 5.161298e+01 -7.141519e+00
      vertex   1.479721e+02 5.146774e+01 -7.109936e+00
    endloop
  endfacet
  facet normal 9.471072e-01 1.194482e-01 -2.978592e-01
    outer loop
      vertex   1.479721e+02 5.146774e+01 -7.109936e+00
      vertex   1.479438e+02 5.161298e+01 -7.141519e+00
      vertex   1.479785e+02 5.148495e+01 -7.082661e+00
    endloop
  endfacet
  facet normal 9.569343e-01 8.409497e-02 -2.778573e-01
    outer loop
      vertex   1.479721e+02 5.146774e+01 -7.109936e+00
      vertex   1.479785e+02 5.148495e+01 -7.082661e+00
      vertex   1.479996e+02 5.133594e+01 -7.055090e+00
    endloop
  endfacet
  facet normal 9.633592e-01 1.965067e-01 -1.825488e-01
    outer loop
      vertex   1.479569e+02 5.140026e+01 -7.221698e+00
      vertex   1.479218e+02 5.150290e+01 -7.295961e+00
      vertex   1.479235e+02 5.152437e+01 -7.264356e+00
    endloop
  endfacet
  facet normal 9.604965e-01 1.764627e-01 -2.151913e-01
    outer loop
      vertex   1.479235e+02 5.152437e+01 -7.264356e+00
      vertex   1.479265e+02 5.154614e+01 -7.233064e+00
      vertex   1.479591e+02 5.141689e+01 -7.193419e+00
    endloop
  endfacet
  facet normal 9.601097e-01 1.756309e-01 -2.175847e-01
    outer loop
      vertex   1.479591e+02 5.141689e+01 -7.193419e+00
      vertex   1.479265e+02 5.154614e+01 -7.233064e+00
      vertex   1.479624e+02 5.143369e+01 -7.165346e+00
    endloop
  endfacet
  facet normal 9.730817e-01 1.288242e-01 -1.910923e-01
    outer loop
      vertex   1.479591e+02 5.141689e+01 -7.193419e+00
      vertex   1.479624e+02 5.143369e+01 -7.165346e+00
      vertex   1.479868e+02 5.130111e+01 -7.130530e+00
    endloop
  endfacet
  facet normal 9.727269e-01 1.281729e-01 -1.933238e-01
    outer loop
      vertex   1.479868e+02 5.130111e+01 -7.130530e+00
      vertex   1.479624e+02 5.143369e+01 -7.165346e+00
      vertex   1.479903e+02 5.131265e+01 -7.105223e+00
    endloop
  endfacet
  facet normal 9.646753e-01 2.361991e-01 -1.166683e-01
    outer loop
      vertex   1.479555e+02 5.136760e+01 -7.278749e+00
      vertex   1.479228e+02 5.146103e+01 -7.359923e+00
      vertex   1.479216e+02 5.148178e+01 -7.327832e+00
    endloop
  endfacet
  facet normal 9.642425e-01 2.285417e-01 -1.341827e-01
    outer loop
      vertex   1.479555e+02 5.136760e+01 -7.278749e+00
      vertex   1.479216e+02 5.148178e+01 -7.327832e+00
      vertex   1.479557e+02 5.138382e+01 -7.250151e+00
    endloop
  endfacet
  facet normal 9.599089e-01 2.767304e-01 -4.466865e-02
    outer loop
      vertex   1.479593e+02 5.133095e+01 -7.345331e+00
      vertex   1.479310e+02 5.141459e+01 -7.434791e+00
      vertex   1.479254e+02 5.144068e+01 -7.392186e+00
    endloop
  endfacet
  facet normal 9.614641e-01 2.649686e-01 -7.333708e-02
    outer loop
      vertex   1.479593e+02 5.133095e+01 -7.345331e+00
      vertex   1.479254e+02 5.144068e+01 -7.392186e+00
      vertex   1.479564e+02 5.135160e+01 -7.307460e+00
    endloop
  endfacet
  facet normal 9.060530e-01 3.012565e-01 -2.971742e-01
    outer loop
      vertex   1.478440e+02 5.169418e+01 -7.398192e+00
      vertex   1.477923e+02 5.181536e+01 -7.432868e+00
      vertex   1.478464e+02 5.172405e+01 -7.360498e+00
    endloop
  endfacet
  facet normal 9.028140e-01 2.688766e-01 -3.356071e-01
    outer loop
      vertex   1.478464e+02 5.172405e+01 -7.360498e+00
      vertex   1.477923e+02 5.181536e+01 -7.432868e+00
      vertex   1.477970e+02 5.185044e+01 -7.392236e+00
    endloop
  endfacet
  facet normal 9.033878e-01 2.696454e-01 -3.334393e-01
    outer loop
      vertex   1.478464e+02 5.172405e+01 -7.360498e+00
      vertex   1.477970e+02 5.185044e+01 -7.392236e+00
      vertex   1.478510e+02 5.175454e+01 -7.323496e+00
    endloop
  endfacet
  facet normal 8.961730e-01 2.346718e-01 -3.765677e-01
    outer loop
      vertex   1.478510e+02 5.175454e+01 -7.323496e+00
      vertex   1.477970e+02 5.185044e+01 -7.392236e+00
      vertex   1.478042e+02 5.188632e+01 -7.352688e+00
    endloop
  endfacet
  facet normal 8.686302e-01 1.251579e-01 -4.793925e-01
    outer loop
      vertex   1.478811e+02 5.185908e+01 -7.206888e+00
      vertex   1.478463e+02 5.200960e+01 -7.230799e+00
      vertex   1.478947e+02 5.189140e+01 -7.173850e+00
    endloop
  endfacet
  facet normal 8.366474e-01 8.209728e-02 -5.415544e-01
    outer loop
      vertex   1.478947e+02 5.189140e+01 -7.173850e+00
      vertex   1.478463e+02 5.200960e+01 -7.230799e+00
      vertex   1.478643e+02 5.204770e+01 -7.197206e+00
    endloop
  endfacet
  facet normal 8.553281e-01 9.043254e-02 -5.101331e-01
    outer loop
      vertex   1.478947e+02 5.189140e+01 -7.173850e+00
      vertex   1.478643e+02 5.204770e+01 -7.197206e+00
      vertex   1.479103e+02 5.192394e+01 -7.141940e+00
    endloop
  endfacet
  facet normal 8.160266e-01 4.632559e-02 -5.761550e-01
    outer loop
      vertex   1.479103e+02 5.192394e+01 -7.141940e+00
      vertex   1.478643e+02 5.204770e+01 -7.197206e+00
      vertex   1.478846e+02 5.208601e+01 -7.165261e+00
    endloop
  endfacet
  facet normal 8.400785e-01 5.539052e-02 -5.396294e-01
    outer loop
      vertex   1.479103e+02 5.192394e+01 -7.141940e+00
      vertex   1.478846e+02 5.208601e+01 -7.165261e+00
      vertex   1.479279e+02 5.195664e+01 -7.111232e+00
    endloop
  endfacet
  facet normal 8.742305e-01 3.113911e-01 -3.725004e-01
    outer loop
      vertex   1.477328e+02 5.190024e+01 -7.501587e+00
      vertex   1.477375e+02 5.193983e+01 -7.457326e+00
      vertex   1.477923e+02 5.181536e+01 -7.432868e+00
    endloop
  endfacet
  facet normal 8.750328e-01 3.122587e-01 -3.698812e-01
    outer loop
      vertex   1.477923e+02 5.181536e+01 -7.432868e+00
      vertex   1.477375e+02 5.193983e+01 -7.457326e+00
      vertex   1.477970e+02 5.185044e+01 -7.392236e+00
    endloop
  endfacet
  facet normal 8.670597e-01 2.726788e-01 -4.169576e-01
    outer loop
      vertex   1.477375e+02 5.193983e+01 -7.457326e+00
      vertex   1.477453e+02 5.198053e+01 -7.414526e+00
      vertex   1.477970e+02 5.185044e+01 -7.392236e+00
    endloop
  endfacet
  facet normal 8.701543e-01 2.753234e-01 -4.086912e-01
    outer loop
      vertex   1.477970e+02 5.185044e+01 -7.392236e+00
      vertex   1.477453e+02 5.198053e+01 -7.414526e+00
      vertex   1.478042e+02 5.188632e+01 -7.352688e+00
    endloop
  endfacet
  facet normal 8.038128e-01 6.542679e-02 -5.912735e-01
    outer loop
      vertex   1.478361e+02 5.220952e+01 -7.217624e+00
      vertex   1.478846e+02 5.208601e+01 -7.165261e+00
      vertex   1.478643e+02 5.204770e+01 -7.197206e+00
    endloop
  endfacet
  facet normal 7.763176e-01 5.602232e-02 -6.278475e-01
    outer loop
      vertex   1.478361e+02 5.220952e+01 -7.217624e+00
      vertex   1.478643e+02 5.204770e+01 -7.197206e+00
      vertex   1.478129e+02 5.216539e+01 -7.250238e+00
    endloop
  endfacet
  facet normal 8.213451e-01 1.060299e-01 -5.604908e-01
    outer loop
      vertex   1.478129e+02 5.216539e+01 -7.250238e+00
      vertex   1.478643e+02 5.204770e+01 -7.197206e+00
      vertex   1.478463e+02 5.200960e+01 -7.230799e+00
    endloop
  endfacet
  facet normal 8.566451e-01 2.330200e-01 -4.602835e-01
    outer loop
      vertex   1.478042e+02 5.188632e+01 -7.352688e+00
      vertex   1.477453e+02 5.198053e+01 -7.414526e+00
      vertex   1.477561e+02 5.202220e+01 -7.373347e+00
    endloop
  endfacet
  facet normal 8.275684e-01 2.713342e-01 -4.914350e-01
    outer loop
      vertex   1.477561e+02 5.202220e+01 -7.373347e+00
      vertex   1.477453e+02 5.198053e+01 -7.414526e+00
      vertex   1.476934e+02 5.211459e+01 -7.427929e+00
    endloop
  endfacet
  facet normal 8.017734e-01 2.146504e-01 -5.577495e-01
    outer loop
      vertex   1.477561e+02 5.202220e+01 -7.373347e+00
      vertex   1.476934e+02 5.211459e+01 -7.427929e+00
      vertex   1.477141e+02 5.217784e+01 -7.373905e+00
    endloop
  endfacet
  facet normal 7.738618e-01 2.459029e-01 -5.836692e-01
    outer loop
      vertex   1.477141e+02 5.217784e+01 -7.373905e+00
      vertex   1.476934e+02 5.211459e+01 -7.427929e+00
      vertex   1.476490e+02 5.226983e+01 -7.421360e+00
    endloop
  endfacet
  facet normal 7.339053e-01 1.810271e-01 -6.546849e-01
    outer loop
      vertex   1.477141e+02 5.217784e+01 -7.373905e+00
      vertex   1.476490e+02 5.226983e+01 -7.421360e+00
      vertex   1.476702e+02 5.232485e+01 -7.382373e+00
    endloop
  endfacet
  facet normal 7.018467e-01 2.114752e-01 -6.802128e-01
    outer loop
      vertex   1.476702e+02 5.232485e+01 -7.382373e+00
      vertex   1.476490e+02 5.226983e+01 -7.421360e+00
      vertex   1.475994e+02 5.241909e+01 -7.426204e+00
    endloop
  endfacet
  facet normal 6.517483e-01 1.438198e-01 -7.446744e-01
    outer loop
      vertex   1.476702e+02 5.232485e+01 -7.382373e+00
      vertex   1.475994e+02 5.241909e+01 -7.426204e+00
      vertex   1.476256e+02 5.248155e+01 -7.391179e+00
    endloop
  endfacet
  facet normal 6.166482e-01 1.717932e-01 -7.682656e-01
    outer loop
      vertex   1.476256e+02 5.248155e+01 -7.391179e+00
      vertex   1.475994e+02 5.241909e+01 -7.426204e+00
      vertex   1.475519e+02 5.257258e+01 -7.429973e+00
    endloop
  endfacet
  facet normal 5.524981e-01 9.433478e-02 -8.281587e-01
    outer loop
      vertex   1.476256e+02 5.248155e+01 -7.391179e+00
      vertex   1.475519e+02 5.257258e+01 -7.429973e+00
      vertex   1.475824e+02 5.264269e+01 -7.401633e+00
    endloop
  endfacet
  facet normal 5.081631e-01 1.234174e-01 -8.523722e-01
    outer loop
      vertex   1.475824e+02 5.264269e+01 -7.401633e+00
      vertex   1.475519e+02 5.257258e+01 -7.429973e+00
      vertex   1.474807e+02 5.275288e+01 -7.446333e+00
    endloop
  endfacet
  facet normal 7.616054e-01 7.542274e-02 -6.436370e-01
    outer loop
      vertex   1.477822e+02 5.232687e+01 -7.267630e+00
      vertex   1.478361e+02 5.220952e+01 -7.217624e+00
      vertex   1.478129e+02 5.216539e+01 -7.250238e+00
    endloop
  endfacet
  facet normal 6.126228e-01 2.270472e-01 -7.570620e-01
    outer loop
      vertex   1.475020e+02 5.243562e+01 -7.502760e+00
      vertex   1.475250e+02 5.250340e+01 -7.463759e+00
      vertex   1.475769e+02 5.235773e+01 -7.465498e+00
    endloop
  endfacet
  facet normal 3.523118e-01 1.167835e-01 -9.285677e-01
    outer loop
      vertex   1.473471e+02 5.275404e+01 -7.500444e+00
      vertex   1.473722e+02 5.284105e+01 -7.479968e+00
      vertex   1.474514e+02 5.267395e+01 -7.470959e+00
    endloop
  endfacet
  facet normal 9.634023e-01 9.901725e-02 -2.491017e-01
    outer loop
      vertex   1.479946e+02 5.132426e+01 -7.080070e+00
      vertex   1.479667e+02 5.145064e+01 -7.137508e+00
      vertex   1.479721e+02 5.146774e+01 -7.109936e+00
    endloop
  endfacet
  facet normal 9.524330e-01 1.385128e-01 -2.714509e-01
    outer loop
      vertex   1.479721e+02 5.146774e+01 -7.109936e+00
      vertex   1.479667e+02 5.145064e+01 -7.137508e+00
      vertex   1.479367e+02 5.159048e+01 -7.171600e+00
    endloop
  endfacet
  facet normal 9.650767e-01 1.007998e-01 -2.417982e-01
    outer loop
      vertex   1.479946e+02 5.132426e+01 -7.080070e+00
      vertex   1.479721e+02 5.146774e+01 -7.109936e+00
      vertex   1.479996e+02 5.133594e+01 -7.055090e+00
    endloop
  endfacet
  facet normal 9.762936e-01 1.437231e-01 -1.618467e-01
    outer loop
      vertex   1.479840e+02 5.128967e+01 -7.155971e+00
      vertex   1.479569e+02 5.140026e+01 -7.221698e+00
      vertex   1.479591e+02 5.141689e+01 -7.193419e+00
    endloop
  endfacet
  facet normal 9.624703e-01 1.936664e-01 -1.901163e-01
    outer loop
      vertex   1.479591e+02 5.141689e+01 -7.193419e+00
      vertex   1.479569e+02 5.140026e+01 -7.221698e+00
      vertex   1.479235e+02 5.152437e+01 -7.264356e+00
    endloop
  endfacet
  facet normal 9.754451e-01 1.415235e-01 -1.687543e-01
    outer loop
      vertex   1.479840e+02 5.128967e+01 -7.155971e+00
      vertex   1.479591e+02 5.141689e+01 -7.193419e+00
      vertex   1.479868e+02 5.130111e+01 -7.130530e+00
    endloop
  endfacet
  facet normal 9.794327e-01 1.734884e-01 -1.030216e-01
    outer loop
      vertex   1.479809e+02 5.126707e+01 -7.207173e+00
      vertex   1.479555e+02 5.136760e+01 -7.278749e+00
      vertex   1.479557e+02 5.138382e+01 -7.250151e+00
    endloop
  endfacet
  facet normal 9.786736e-01 1.674439e-01 -1.189977e-01
    outer loop
      vertex   1.479809e+02 5.126707e+01 -7.207173e+00
      vertex   1.479557e+02 5.138382e+01 -7.250151e+00
      vertex   1.479821e+02 5.127831e+01 -7.181525e+00
    endloop
  endfacet
  facet normal 9.781311e-01 2.042982e-01 -3.900878e-02
    outer loop
      vertex   1.479811e+02 5.124148e+01 -7.266794e+00
      vertex   1.479593e+02 5.133095e+01 -7.345331e+00
      vertex   1.479564e+02 5.135160e+01 -7.307460e+00
    endloop
  endfacet
  facet normal 9.786823e-01 1.948144e-01 -6.502553e-02
    outer loop
      vertex   1.479811e+02 5.124148e+01 -7.266794e+00
      vertex   1.479564e+02 5.135160e+01 -7.307460e+00
      vertex   1.479804e+02 5.125593e+01 -7.232895e+00
    endloop
  endfacet
  facet normal 9.899281e-01 1.068030e-01 -9.292756e-02
    outer loop
      vertex   1.479975e+02 5.115850e+01 -7.154576e+00
      vertex   1.479809e+02 5.126707e+01 -7.207173e+00
      vertex   1.479821e+02 5.127831e+01 -7.181525e+00
    endloop
  endfacet
  facet normal 9.889885e-01 1.038734e-01 -1.054136e-01
    outer loop
      vertex   1.479994e+02 5.116430e+01 -7.131030e+00
      vertex   1.479975e+02 5.115850e+01 -7.154576e+00
      vertex   1.479821e+02 5.127831e+01 -7.181525e+00
    endloop
  endfacet
  facet normal 9.913791e-01 1.261236e-01 -3.550042e-02
    outer loop
      vertex   1.479954e+02 5.114525e+01 -7.209253e+00
      vertex   1.479811e+02 5.124148e+01 -7.266794e+00
      vertex   1.479804e+02 5.125593e+01 -7.232895e+00
    endloop
  endfacet
  facet normal 9.817220e-17 0.000000e+00 -1.000000e+00
    outer loop
      vertex   1.480000e+02 8.253469e+00 -1.000000e+01
      vertex   7.562282e+01 5.000000e+00 -1.000000e+01
      vertex   1.480000e+02 5.174327e+01 -1.000000e+01
    endloop
  endfacet
  facet normal 9.817220e-17 0.000000e+00 -1.000000e+00
    outer loop
      vertex   1.480000e+02 5.174327e+01 -1.000000e+01
      vertex   7.562282e+01 5.000000e+00 -1.000000e+01
      vertex   7.562282e+01 5.499674e+01 -1.000000e+01
    endloop
  endfacet
  facet normal 0.000000e+00 -2.183954e-15 -1.000000e+00
    outer loop
      vertex   1.480000e+02 5.174327e+01 -1.000000e+01
      vertex   7.562282e+01 5.499674e+01 -1.000000e+01
      vertex   1.480000e+02 5.499674e+01 -1.000000e+01
    endloop
  endfacet
  facet normal 0.000000e+00 2.183954e-15 -1.000000e+00
    outer loop
      vertex   1.480000e+02 8.253469e+00 -1.000000e+01
      vertex   1.480000e+02 5.000000e+00 -1.000000e+01
      vertex   7.562282e+01 5.000000e+00 -1.000000e+01
    endloop
  endfacet
  facet normal -1.179496e-03 -9.332318e-02 -9.956352e-01
    outer loop
      vertex   1.472224e+02 5.777675e+00 -7.500305e+00
      vertex   1.472249e+02 5.775107e+00 -7.500067e+00
      vertex   1.443811e+02 5.694087e+00 -7.489104e+00
    endloop
  endfacet
  facet normal 5.319473e-04 -1.524035e-01 -9.883182e-01
    outer loop
      vertex   1.443811e+02 5.694087e+00 -7.489104e+00
      vertex   1.472249e+02 5.775107e+00 -7.500067e+00
      vertex   1.473433e+02 5.656748e+00 -7.481752e+00
    endloop
  endfacet
  facet normal -8.814770e-04 -2.600563e-01 -9.655931e-01
    outer loop
      vertex   1.443811e+02 5.694087e+00 -7.489104e+00
      vertex   1.473433e+02 5.656748e+00 -7.481752e+00
      vertex   1.443811e+02 5.524952e+00 -7.443552e+00
    endloop
  endfacet
  facet normal -3.877965e-04 -2.703325e-01 -9.627669e-01
    outer loop
      vertex   1.443811e+02 5.524952e+00 -7.443552e+00
      vertex   1.473433e+02 5.656748e+00 -7.481752e+00
      vertex   1.474586e+02 5.541428e+00 -7.449418e+00
    endloop
  endfacet
  facet normal 2.891856e-04 -3.829037e-01 -9.237882e-01
    outer loop
      vertex   1.443811e+02 5.524952e+00 -7.443552e+00
      vertex   1.474586e+02 5.541428e+00 -7.449418e+00
      vertex   1.475692e+02 5.430800e+00 -7.403528e+00
    endloop
  endfacet
  facet normal -1.171623e-03 -4.245523e-01 -9.054027e-01
    outer loop
      vertex   1.443811e+02 5.524952e+00 -7.443552e+00
      vertex   1.475692e+02 5.430800e+00 -7.403528e+00
      vertex   1.443811e+02 5.366359e+00 -7.369186e+00
    endloop
  endfacet
  facet normal 5.254628e-04 -4.904328e-01 -8.714789e-01
    outer loop
      vertex   1.443811e+02 5.366359e+00 -7.369186e+00
      vertex   1.475692e+02 5.430800e+00 -7.403528e+00
      vertex   1.476735e+02 5.326451e+00 -7.344743e+00
    endloop
  endfacet
  facet normal -9.132237e-04 -5.760224e-01 -8.174334e-01
    outer loop
      vertex   1.443811e+02 5.366359e+00 -7.369186e+00
      vertex   1.476735e+02 5.326451e+00 -7.344743e+00
      vertex   1.443811e+02 5.223175e+00 -7.268289e+00
    endloop
  endfacet
  facet normal -1.654357e-04 -5.915800e-01 -8.062463e-01
    outer loop
      vertex   1.443811e+02 5.223175e+00 -7.268289e+00
      vertex   1.476735e+02 5.326451e+00 -7.344743e+00
      vertex   1.477701e+02 5.229880e+00 -7.273903e+00
    endloop
  endfacet
  facet normal 1.429870e-04 -6.835527e-01 -7.299011e-01
    outer loop
      vertex   1.443811e+02 5.223175e+00 -7.268289e+00
      vertex   1.477701e+02 5.229880e+00 -7.273903e+00
      vertex   1.478575e+02 5.142469e+00 -7.192026e+00
    endloop
  endfacet
  facet normal -1.026586e-03 -7.098190e-01 -7.043834e-01
    outer loop
      vertex   1.443811e+02 5.223175e+00 -7.268289e+00
      vertex   1.478575e+02 5.142469e+00 -7.192026e+00
      vertex   1.443811e+02 5.099794e+00 -7.143955e+00
    endloop
  endfacet
  facet normal 5.074611e-04 -7.657692e-01 -6.431153e-01
    outer loop
      vertex   1.443811e+02 5.099794e+00 -7.143955e+00
      vertex   1.478575e+02 5.142469e+00 -7.192026e+00
      vertex   1.479345e+02 5.065475e+00 -7.100287e+00
    endloop
  endfacet
  facet normal -0.000000e+00 -7.862454e-01 -6.179144e-01
    outer loop
      vertex   1.443811e+02 5.099794e+00 -7.143955e+00
      vertex   1.479345e+02 5.065475e+00 -7.100287e+00
      vertex   1.407623e+02 5.099794e+00 -7.143955e+00
    endloop
  endfacet
  facet normal -0.000000e+00 -7.862454e-01 -6.179144e-01
    outer loop
      vertex   1.407623e+02 5.099794e+00 -7.143955e+00
      vertex   1.479345e+02 5.065475e+00 -7.100287e+00
      vertex   1.371434e+02 5.099794e+00 -7.143955e+00
    endloop
  endfacet
  facet normal -0.000000e+00 -7.098194e-01 -7.043837e-01
    outer loop
      vertex   1.407623e+02 5.099794e+00 -7.143955e+00
      vertex   1.371434e+02 5.099794e+00 -7.143955e+00
      vertex   1.407623e+02 5.223175e+00 -7.268289e+00
    endloop
  endfacet
  facet normal -0.000000e+00 -7.098194e-01 -7.043837e-01
    outer loop
      vertex   1.407623e+02 5.223175e+00 -7.268289e+00
      vertex   1.371434e+02 5.099794e+00 -7.143955e+00
      vertex   1.371434e+02 5.223175e+00 -7.268289e+00
    endloop
  endfacet
  facet normal -0.000000e+00 -5.760227e-01 -8.174337e-01
    outer loop
      vertex   1.407623e+02 5.223175e+00 -7.268289e+00
      vertex   1.371434e+02 5.223175e+00 -7.268289e+00
      vertex   1.407623e+02 5.366359e+00 -7.369186e+00
    endloop
  endfacet
  facet normal -0.000000e+00 -5.760227e-01 -8.174337e-01
    outer loop
      vertex   1.407623e+02 5.366359e+00 -7.369186e+00
      vertex   1.371434e+02 5.223175e+00 -7.268289e+00
      vertex   1.371434e+02 5.366359e+00 -7.369186e+00
    endloop
  endfacet
  facet normal -0.000000e+00 -4.245526e-01 -9.054033e-01
    outer loop
      vertex   1.407623e+02 5.366359e+00 -7.369186e+00
      vertex   1.371434e+02 5.366359e+00 -7.369186e+00
      vertex   1.407623e+02 5.524952e+00 -7.443552e+00
    endloop
  endfacet
  facet normal -0.000000e+00 -4.245526e-01 -9.054033e-01
    outer loop
      vertex   1.407623e+02 5.524952e+00 -7.443552e+00
      vertex   1.371434e+02 5.366359e+00 -7.369186e+00
      vertex   1.371434e+02 5.524952e+00 -7.443552e+00
    endloop
  endfacet
  facet normal -0.000000e+00 -2.600564e-01 -9.655934e-01
    outer loop
      vertex   1.407623e+02 5.524952e+00 -7.443552e+00
      vertex   1.371434e+02 5.524952e+00 -7.443552e+00
      vertex   1.407623e+02 5.694087e+00 -7.489104e+00
    endloop
  endfacet
  facet normal -0.000000e+00 -2.600564e-01 -9.655934e-01
    outer loop
      vertex   1.407623e+02 5.694087e+00 -7.489104e+00
      vertex   1.371434e+02 5.524952e+00 -7.443552e+00
      vertex   1.371434e+02 5.694087e+00 -7.489104e+00
    endloop
  endfacet
  facet normal -0.000000e+00 -8.758117e-02 -9.961574e-01
    outer loop
      vertex   1.407623e+02 5.694087e+00 -7.489104e+00
      vertex   1.371434e+02 5.694087e+00 -7.489104e+00
      vertex   1.471863e+02 5.868576e+00 -7.504445e+00
    endloop
  endfacet
  facet normal 0.000000e+00 -8.758117e-02 -9.961574e-01
    outer loop
      vertex   1.471863e+02 5.868576e+00 -7.504445e+00
      vertex   1.371434e+02 5.694087e+00 -7.489104e+00
      vertex   1.335246e+02 5.694087e+00 -7.489104e+00
    endloop
  endfacet
  facet normal 0.000000e+00 -8.758117e-02 -9.961574e-01
    outer loop
      vertex   1.471863e+02 5.868576e+00 -7.504445e+00
      vertex   1.335246e+02 5.694087e+00 -7.489104e+00
      vertex   1.299057e+02 5.694087e+00 -7.489104e+00
    endloop
  endfacet
  facet normal 0.000000e+00 -2.600564e-01 -9.655934e-01
    outer loop
      vertex   1.299057e+02 5.694087e+00 -7.489104e+00
      vertex   1.335246e+02 5.694087e+00 -7.489104e+00
      vertex   1.299057e+02 5.524952e+00 -7.443552e+00
    endloop
  endfacet
  facet normal 0.000000e+00 -2.600564e-01 -9.655934e-01
    outer loop
      vertex   1.299057e+02 5.694087e+00 -7.489104e+00
      vertex   1.299057e+02 5.524952e+00 -7.443552e+00
      vertex   1.262868e+02 5.524952e+00 -7.443552e+00
    endloop
  endfacet
  facet normal 0.000000e+00 -4.245526e-01 -9.054033e-01
    outer loop
      vertex   1.262868e+02 5.524952e+00 -7.443552e+00
      vertex   1.299057e+02 5.524952e+00 -7.443552e+00
      vertex   1.262868e+02 5.366359e+00 -7.369186e+00
    endloop
  endfacet
  facet normal 0.000000e+00 -4.245526e-01 -9.054033e-01
    outer loop
      vertex   1.262868e+02 5.524952e+00 -7.443552e+00
      vertex   1.262868e+02 5.366359e+00 -7.369186e+00
      vertex   1.226680e+02 5.366359e+00 -7.369186e+00
    endloop
  endfacet
  facet normal 0.000000e+00 -5.760227e-01 -8.174337e-01
    outer loop
      vertex   1.226680e+02 5.366359e+00 -7.369186e+00
      vertex   1.262868e+02 5.366359e+00 -7.369186e+00
      vertex   1.226680e+02 5.223175e+00 -7.268289e+00
    endloop
  endfacet
  facet normal 0.000000e+00 -5.760227e-01 -8.174337e-01
    outer loop
      vertex   1.226680e+02 5.366359e+00 -7.369186e+00
      vertex   1.226680e+02 5.223175e+00 -7.268289e+00
      vertex   1.190491e+02 5.223175e+00 -7.268289e+00
    endloop
  endfacet
  facet normal 0.000000e+00 -7.098194e-01 -7.043837e-01
    outer loop
      vertex   1.190491e+02 5.223175e+00 -7.268289e+00
      vertex   1.226680e+02 5.223175e+00 -7.268289e+00
      vertex   1.190491e+02 5.099794e+00 -7.143955e+00
    endloop
  endfacet
  facet normal 0.000000e+00 -7.098194e-01 -7.043837e-01
    outer loop
      vertex   1.190491e+02 5.223175e+00 -7.268289e+00
      vertex   1.190491e+02 5.099794e+00 -7.143955e+00
      vertex   1.154303e+02 5.099794e+00 -7.143955e+00
    endloop
  endfacet
  facet normal 0.000000e+00 -8.218375e-01 -5.697220e-01
    outer loop
      vertex   1.154303e+02 5.099794e+00 -7.143955e+00
      vertex   1.190491e+02 5.099794e+00 -7.143955e+00
      vertex   7.562282e+01 5.000000e+00 -7.000000e+00
    endloop
  endfacet
  facet normal -0.000000e+00 -8.218375e-01 -5.697220e-01
    outer loop
      vertex   1.154303e+02 5.099794e+00 -7.143955e+00
      vertex   7.562282e+01 5.000000e+00 -7.000000e+00
      vertex   1.118114e+02 5.099794e+00 -7.143955e+00
    endloop
  endfacet
  facet normal -0.000000e+00 -8.218375e-01 -5.697220e-01
    outer loop
      vertex   1.118114e+02 5.099794e+00 -7.143955e+00
      vertex   7.562282e+01 5.000000e+00 -7.000000e+00
      vertex   1.081926e+02 5.099794e+00 -7.143955e+00
    endloop
  endfacet
  facet normal -0.000000e+00 -7.098194e-01 -7.043837e-01
    outer loop
      vertex   1.118114e+02 5.099794e+00 -7.143955e+00
      vertex   1.081926e+02 5.099794e+00 -7.143955e+00
      vertex   1.118114e+02 5.223175e+00 -7.268289e+00
    endloop
  endfacet
  facet normal -0.000000e+00 -7.098194e-01 -7.043837e-01
    outer loop
      vertex   1.118114e+02 5.223175e+00 -7.268289e+00
      vertex   1.081926e+02 5.099794e+00 -7.143955e+00
      vertex   1.081926e+02 5.223175e+00 -7.268289e+00
    endloop
  endfacet
  facet normal -0.000000e+00 -5.760227e-01 -8.174337e-01
    outer loop
      vertex   1.118114e+02 5.223175e+00 -7.268289e+00
      vertex   1.081926e+02 5.223175e+00 -7.268289e+00
      vertex   1.118114e+02 5.366359e+00 -7.369186e+00
    endloop
  endfacet
  facet normal -0.000000e+00 -5.760227e-01 -8.174337e-01
    outer loop
      vertex   1.118114e+02 5.366359e+00 -7.369186e+00
      vertex   1.081926e+02 5.223175e+00 -7.268289e+00
      vertex   1.081926e+02 5.366359e+00 -7.369186e+00
    endloop
  endfacet
  facet normal -0.000000e+00 -4.245526e-01 -9.054033e-01
    outer loop
      vertex   1.118114e+02 5.366359e+00 -7.369186e+00
      vertex   1.081926e+02 5.366359e+00 -7.369186e+00
      vertex   1.118114e+02 5.524952e+00 -7.443552e+00
    endloop
  endfacet
  facet normal -0.000000e+00 -4.245526e-01 -9.054033e-01
    outer loop
      vertex   1.118114e+02 5.524952e+00 -7.443552e+00
      vertex   1.081926e+02 5.366359e+00 -7.369186e+00
      vertex   1.081926e+02 5.524952e+00 -7.443552e+00
    endloop
  endfacet
  facet normal -0.000000e+00 -2.600564e-01 -9.655934e-01
    outer loop
      vertex   1.118114e+02 5.524952e+00 -7.443552e+00
      vertex   1.081926e+02 5.524952e+00 -7.443552e+00
      vertex   1.118114e+02 5.694087e+00 -7.489104e+00
    endloop
  endfacet
  facet normal -0.000000e+00 -2.600564e-01 -9.655934e-01
    outer loop
      vertex   1.118114e+02 5.694087e+00 -7.489104e+00
      vertex   1.081926e+02 5.524952e+00 -7.443552e+00
      vertex   1.081926e+02 5.694087e+00 -7.489104e+00
    endloop
  endfacet
  facet normal -0.000000e+00 -8.758117e-02 -9.961574e-01
    outer loop
      vertex   1.118114e+02 5.694087e+00 -7.489104e+00
      vertex   1.081926e+02 5.694087e+00 -7.489104e+00
      vertex   1.471863e+02 5.868576e+00 -7.504445e+00
    endloop
  endfacet
  facet normal 0.000000e+00 -8.758117e-02 -9.961574e-01
    outer loop
      vertex   1.471863e+02 5.868576e+00 -7.504445e+00
      vertex   1.081926e+02 5.694087e+00 -7.489104e+00
      vertex   1.045737e+02 5.694087e+00 -7.489104e+00
    endloop
  endfacet
  facet normal 0.000000e+00 -8.758117e-02 -9.961574e-01
    outer loop
      vertex   1.471863e+02 5.868576e+00 -7.504445e+00
      vertex   1.045737e+02 5.694087e+00 -7.489104e+00
      vertex   1.009548e+02 5.694087e+00 -7.489104e+00
    endloop
  endfacet
  facet normal 0.000000e+00 -2.600564e-01 -9.655934e-01
    outer loop
      vertex   1.009548e+02 5.694087e+00 -7.489104e+00
      vertex   1.045737e+02 5.694087e+00 -7.489104e+00
      vertex   1.009548e+02 5.524952e+00 -7.443552e+00
    endloop
  endfacet
  facet normal 0.000000e+00 -2.600564e-01 -9.655934e-01
    outer loop
      vertex   1.009548e+02 5.694087e+00 -7.489104e+00
      vertex   1.009548e+02 5.524952e+00 -7.443552e+00
      vertex   9.733597e+01 5.524952e+00 -7.443552e+00
    endloop
  endfacet
  facet normal 0.000000e+00 -4.245526e-01 -9.054033e-01
    outer loop
      vertex   9.733597e+01 5.524952e+00 -7.443552e+00
      vertex   1.009548e+02 5.524952e+00 -7.443552e+00
      vertex   9.733597e+01 5.366359e+00 -7.369186e+00
    endloop
  endfacet
  facet normal 0.000000e+00 -4.245526e-01 -9.054033e-01
    outer loop
      vertex   9.733597e+01 5.524952e+00 -7.443552e+00
      vertex   9.733597e+01 5.366359e+00 -7.369186e+00
      vertex   9.371712e+01 5.366359e+00 -7.369186e+00
    endloop
  endfacet
  facet normal 0.000000e+00 -5.760227e-01 -8.174337e-01
    outer loop
      vertex   9.371712e+01 5.366359e+00 -7.369186e+00
      vertex   9.733597e+01 5.366359e+00 -7.369186e+00
      vertex   9.371712e+01 5.223175e+00 -7.268289e+00
    endloop
  endfacet
  facet normal 0.000000e+00 -5.760227e-01 -8.174337e-01
    outer loop
      vertex   9.371712e+01 5.366359e+00 -7.369186e+00
      vertex   9.371712e+01 5.223175e+00 -7.268289e+00
      vertex   9.009826e+01 5.223175e+00 -7.268289e+00
    endloop
  endfacet
  facet normal 0.000000e+00 -7.098194e-01 -7.043837e-01
    outer loop
      vertex   9.009826e+01 5.223175e+00 -7.268289e+00
      vertex   9.371712e+01 5.223175e+00 -7.268289e+00
      vertex   9.009826e+01 5.099794e+00 -7.143955e+00
    endloop
  endfacet
  facet normal 0.000000e+00 -7.098194e-01 -7.043837e-01
    outer loop
      vertex   9.009826e+01 5.223175e+00 -7.268289e+00
      vertex   9.009826e+01 5.099794e+00 -7.143955e+00
      vertex   8.647940e+01 5.099794e+00 -7.143955e+00
    endloop
  endfacet
  facet normal 0.000000e+00 -8.218375e-01 -5.697220e-01
    outer loop
      vertex   8.647940e+01 5.099794e+00 -7.143955e+00
      vertex   9.009826e+01 5.099794e+00 -7.143955e+00
      vertex   7.562282e+01 5.000000e+00 -7.000000e+00
    endloop
  endfacet
  facet normal -0.000000e+00 -8.218375e-01 -5.697220e-01
    outer loop
      vertex   8.647940e+01 5.099794e+00 -7.143955e+00
      vertex   7.562282e+01 5.000000e+00 -7.000000e+00
      vertex   8.286054e+01 5.099794e+00 -7.143955e+00
    endloop
  endfacet
  facet normal -0.000000e+00 -8.218375e-01 -5.697220e-01
    outer loop
      vertex   8.286054e+01 5.099794e+00 -7.143955e+00
      vertex   7.562282e+01 5.000000e+00 -7.000000e+00
      vertex   7.924168e+01 5.099794e+00 -7.143955e+00
    endloop
  endfacet
  facet normal -0.000000e+00 -7.098194e-01 -7.043837e-01
    outer loop
      vertex   8.286054e+01 5.099794e+00 -7.143955e+00
      vertex   7.924168e+01 5.099794e+00 -7.143955e+00
      vertex   8.286054e+01 5.223175e+00 -7.268289e+00
    endloop
  endfacet
  facet normal -0.000000e+00 -7.098194e-01 -7.043837e-01
    outer loop
      vertex   8.286054e+01 5.223175e+00 -7.268289e+00
      vertex   7.924168e+01 5.099794e+00 -7.143955e+00
      vertex   7.924168e+01 5.223175e+00 -7.268289e+00
    endloop
  endfacet
  facet normal -0.000000e+00 -5.760227e-01 -8.174337e-01
    outer loop
      vertex   8.286054e+01 5.223175e+00 -7.268289e+00
      vertex   7.924168e+01 5.223175e+00 -7.268289e+00
      vertex   8.286054e+01 5.366359e+00 -7.369186e+00
    endloop
  endfacet
  facet normal -0.000000e+00 -5.760227e-01 -8.174337e-01
    outer loop
      vertex   8.286054e+01 5.366359e+00 -7.369186e+00
      vertex   7.924168e+01 5.223175e+00 -7.268289e+00
      vertex   7.924168e+01 5.366359e+00 -7.369186e+00
    endloop
  endfacet
  facet normal -0.000000e+00 -4.245526e-01 -9.054033e-01
    outer loop
      vertex   8.286054e+01 5.366359e+00 -7.369186e+00
      vertex   7.924168e+01 5.366359e+00 -7.369186e+00
      vertex   8.286054e+01 5.524952e+00 -7.443552e+00
    endloop
  endfacet
  facet normal -0.000000e+00 -4.245526e-01 -9.054033e-01
    outer loop
      vertex   8.286054e+01 5.524952e+00 -7.443552e+00
      vertex   7.924168e+01 5.366359e+00 -7.369186e+00
      vertex   7.924168e+01 5.524952e+00 -7.443552e+00
    endloop
  endfacet
  facet normal -0.000000e+00 -2.600564e-01 -9.655934e-01
    outer loop
      vertex   8.286054e+01 5.524952e+00 -7.443552e+00
      vertex   7.924168e+01 5.524952e+00 -7.443552e+00
      vertex   8.286054e+01 5.694087e+00 -7.489104e+00
    endloop
  endfacet
  facet normal -0.000000e+00 -2.600564e-01 -9.655934e-01
    outer loop
      vertex   8.286054e+01 5.694087e+00 -7.489104e+00
      vertex   7.924168e+01 5.524952e+00 -7.443552e+00
      vertex   7.924168e+01 5.694087e+00 -7.489104e+00
    endloop
  endfacet
  facet normal -0.000000e+00 -1.621404e-01 -9.867677e-01
    outer loop
      vertex   8.286054e+01 5.694087e+00 -7.489104e+00
      vertex   7.924168e+01 5.694087e+00 -7.489104e+00
      vertex   7.562282e+01 5.718810e+00 -7.493166e+00
    endloop
  endfacet
  facet normal -4.333830e-04 -2.235914e-01 -9.746829e-01
    outer loop
      vertex   7.562282e+01 5.718810e+00 -7.493166e+00
      vertex   7.924168e+01 5.694087e+00 -7.489104e+00
      vertex   7.562282e+01 5.572422e+00 -7.459585e+00
    endloop
  endfacet
  facet normal 8.666978e-04 -2.600563e-01 -9.655931e-01
    outer loop
      vertex   7.562282e+01 5.572422e+00 -7.459585e+00
      vertex   7.924168e+01 5.694087e+00 -7.489104e+00
      vertex   7.924168e+01 5.524952e+00 -7.443552e+00
    endloop
  endfacet
  facet normal -6.935216e-04 -3.670441e-01 -9.302033e-01
    outer loop
      vertex   7.562282e+01 5.572422e+00 -7.459585e+00
      vertex   7.924168e+01 5.524952e+00 -7.443552e+00
      vertex   7.562282e+01 5.432715e+00 -7.404458e+00
    endloop
  endfacet
  facet normal 1.040146e-03 -4.245523e-01 -9.054028e-01
    outer loop
      vertex   7.562282e+01 5.432715e+00 -7.404458e+00
      vertex   7.924168e+01 5.524952e+00 -7.443552e+00
      vertex   7.924168e+01 5.366359e+00 -7.369186e+00
    endloop
  endfacet
  facet normal -7.802526e-04 -5.022173e-01 -8.647411e-01
    outer loop
      vertex   7.562282e+01 5.432715e+00 -7.404458e+00
      vertex   7.924168e+01 5.366359e+00 -7.369186e+00
      vertex   7.562282e+01 5.302839e+00 -7.329030e+00
    endloop
  endfacet
  facet normal 1.040146e-03 -5.760224e-01 -8.174333e-01
    outer loop
      vertex   7.562282e+01 5.302839e+00 -7.329030e+00
      vertex   7.924168e+01 5.366359e+00 -7.369186e+00
      vertex   7.924168e+01 5.223175e+00 -7.268289e+00
    endloop
  endfacet
  facet normal -6.935216e-04 -6.260620e-01 -7.797730e-01
    outer loop
      vertex   7.562282e+01 5.302839e+00 -7.329030e+00
      vertex   7.924168e+01 5.223175e+00 -7.268289e+00
      vertex   7.562282e+01 5.185725e+00 -7.235002e+00
    endloop
  endfacet
  facet normal 8.666978e-04 -7.098191e-01 -7.043835e-01
    outer loop
      vertex   7.562282e+01 5.185725e+00 -7.235002e+00
      vertex   7.924168e+01 5.223175e+00 -7.268289e+00
      vertex   7.924168e+01 5.099794e+00 -7.143955e+00
    endloop
  endfacet
  facet normal -4.333830e-04 -7.357846e-01 -6.772155e-01
    outer loop
      vertex   7.562282e+01 5.185725e+00 -7.235002e+00
      vertex   7.924168e+01 5.099794e+00 -7.143955e+00
      vertex   7.562282e+01 5.084014e+00 -7.124494e+00
    endloop
  endfacet
  facet normal 6.063553e-04 -8.289099e-01 -5.593818e-01
    outer loop
      vertex   7.562282e+01 5.084014e+00 -7.124494e+00
      vertex   7.924168e+01 5.099794e+00 -7.143955e+00
      vertex   7.562282e+01 5.000000e+00 -7.000000e+00
    endloop
  endfacet
  facet normal -0.000000e+00 -8.373418e-01 -5.466797e-01
    outer loop
      vertex   1.480000e+02 5.000000e+00 -7.000000e+00
      vertex   7.562282e+01 5.000000e+00 -7.000000e+00
      vertex   1.479345e+02 5.065475e+00 -7.100287e+00
    endloop
  endfacet
  facet normal -8.280417e-05 -8.089638e-01 -5.878584e-01
    outer loop
      vertex   1.479345e+02 5.065475e+00 -7.100287e+00
      vertex   7.562282e+01 5.000000e+00 -7.000000e+00
      vertex   1.226680e+02 5.099794e+00 -7.143955e+00
    endloop
  endfacet
  facet normal 0.000000e+00 -7.862454e-01 -6.179144e-01
    outer loop
      vertex   1.479345e+02 5.065475e+00 -7.100287e+00
      vertex   1.226680e+02 5.099794e+00 -7.143955e+00
      vertex   1.262868e+02 5.099794e+00 -7.143955e+00
    endloop
  endfacet
  facet normal -0.000000e+00 -7.098194e-01 -7.043837e-01
    outer loop
      vertex   1.262868e+02 5.099794e+00 -7.143955e+00
      vertex   1.226680e+02 5.099794e+00 -7.143955e+00
      vertex   1.262868e+02 5.223175e+00 -7.268289e+00
    endloop
  endfacet
  facet normal 0.000000e+00 -7.098194e-01 -7.043837e-01
    outer loop
      vertex   1.262868e+02 5.099794e+00 -7.143955e+00
      vertex   1.262868e+02 5.223175e+00 -7.268289e+00
      vertex   1.299057e+02 5.223175e+00 -7.268289e+00
    endloop
  endfacet
  facet normal -0.000000e+00 -5.760227e-01 -8.174337e-01
    outer loop
      vertex   1.299057e+02 5.223175e+00 -7.268289e+00
      vertex   1.262868e+02 5.223175e+00 -7.268289e+00
      vertex   1.299057e+02 5.366359e+00 -7.369186e+00
    endloop
  endfacet
  facet normal 0.000000e+00 -5.760227e-01 -8.174337e-01
    outer loop
      vertex   1.299057e+02 5.223175e+00 -7.268289e+00
      vertex   1.299057e+02 5.366359e+00 -7.369186e+00
      vertex   1.335246e+02 5.366359e+00 -7.369186e+00
    endloop
  endfacet
  facet normal -0.000000e+00 -4.245526e-01 -9.054033e-01
    outer loop
      vertex   1.335246e+02 5.366359e+00 -7.369186e+00
      vertex   1.299057e+02 5.366359e+00 -7.369186e+00
      vertex   1.335246e+02 5.524952e+00 -7.443552e+00
    endloop
  endfacet
  facet normal 0.000000e+00 -4.245526e-01 -9.054033e-01
    outer loop
      vertex   1.335246e+02 5.366359e+00 -7.369186e+00
      vertex   1.335246e+02 5.524952e+00 -7.443552e+00
      vertex   1.371434e+02 5.524952e+00 -7.443552e+00
    endloop
  endfacet
  facet normal -0.000000e+00 -2.600564e-01 -9.655934e-01
    outer loop
      vertex   1.371434e+02 5.524952e+00 -7.443552e+00
      vertex   1.335246e+02 5.524952e+00 -7.443552e+00
      vertex   1.371434e+02 5.694087e+00 -7.489104e+00
    endloop
  endfacet
  facet normal -2.475202e-17 -7.509512e-02 -9.971764e-01
    outer loop
      vertex   7.562282e+01 5.868576e+00 -7.504445e+00
      vertex   1.471863e+02 5.868576e+00 -7.504445e+00
      vertex   7.562282e+01 5.718810e+00 -7.493166e+00
    endloop
  endfacet
  facet normal 7.313207e-05 -1.097975e-01 -9.939540e-01
    outer loop
      vertex   7.562282e+01 5.718810e+00 -7.493166e+00
      vertex   1.471863e+02 5.868576e+00 -7.504445e+00
      vertex   9.371712e+01 5.694087e+00 -7.489104e+00
    endloop
  endfacet
  facet normal 0.000000e+00 -1.621404e-01 -9.867677e-01
    outer loop
      vertex   7.562282e+01 5.718810e+00 -7.493166e+00
      vertex   9.371712e+01 5.694087e+00 -7.489104e+00
      vertex   9.009826e+01 5.694087e+00 -7.489104e+00
    endloop
  endfacet
  facet normal 0.000000e+00 -2.600564e-01 -9.655934e-01
    outer loop
      vertex   9.009826e+01 5.694087e+00 -7.489104e+00
      vertex   9.371712e+01 5.694087e+00 -7.489104e+00
      vertex   9.009826e+01 5.524952e+00 -7.443552e+00
    endloop
  endfacet
  facet normal 0.000000e+00 -2.600564e-01 -9.655934e-01
    outer loop
      vertex   9.009826e+01 5.694087e+00 -7.489104e+00
      vertex   9.009826e+01 5.524952e+00 -7.443552e+00
      vertex   8.647940e+01 5.524952e+00 -7.443552e+00
    endloop
  endfacet
  facet normal 0.000000e+00 -4.245526e-01 -9.054033e-01
    outer loop
      vertex   8.647940e+01 5.524952e+00 -7.443552e+00
      vertex   9.009826e+01 5.524952e+00 -7.443552e+00
      vertex   8.647940e+01 5.366359e+00 -7.369186e+00
    endloop
  endfacet
  facet normal 0.000000e+00 -4.245526e-01 -9.054033e-01
    outer loop
      vertex   8.647940e+01 5.524952e+00 -7.443552e+00
      vertex   8.647940e+01 5.366359e+00 -7.369186e+00
      vertex   8.286054e+01 5.366359e+00 -7.369186e+00
    endloop
  endfacet
  facet normal 0.000000e+00 -5.760227e-01 -8.174337e-01
    outer loop
      vertex   8.286054e+01 5.366359e+00 -7.369186e+00
      vertex   8.647940e+01 5.366359e+00 -7.369186e+00
      vertex   8.286054e+01 5.223175e+00 -7.268289e+00
    endloop
  endfacet
  facet normal 0.000000e+00 -8.758117e-02 -9.961574e-01
    outer loop
      vertex   1.407623e+02 5.694087e+00 -7.489104e+00
      vertex   1.471863e+02 5.868576e+00 -7.504445e+00
      vertex   1.443811e+02 5.694087e+00 -7.489104e+00
    endloop
  endfacet
  facet normal -5.053108e-03 -6.679523e-03 -9.999649e-01
    outer loop
      vertex   1.443811e+02 5.694087e+00 -7.489104e+00
      vertex   1.471863e+02 5.868576e+00 -7.504445e+00
      vertex   1.471869e+02 5.856392e+00 -7.504366e+00
    endloop
  endfacet
  facet normal -4.325412e-03 -1.924419e-02 -9.998055e-01
    outer loop
      vertex   1.443811e+02 5.694087e+00 -7.489104e+00
      vertex   1.471869e+02 5.856392e+00 -7.504366e+00
      vertex   1.471886e+02 5.843995e+00 -7.504135e+00
    endloop
  endfacet
  facet normal -3.677421e-03 -3.134943e-02 -9.995017e-01
    outer loop
      vertex   1.471886e+02 5.843995e+00 -7.504135e+00
      vertex   1.471916e+02 5.831626e+00 -7.503758e+00
      vertex   1.443811e+02 5.694087e+00 -7.489104e+00
    endloop
  endfacet
  facet normal -3.070090e-03 -4.371018e-02 -9.990395e-01
    outer loop
      vertex   1.443811e+02 5.694087e+00 -7.489104e+00
      vertex   1.471916e+02 5.831626e+00 -7.503758e+00
      vertex   1.471957e+02 5.819528e+00 -7.503241e+00
    endloop
  endfacet
  facet normal -2.513940e-03 -5.611902e-02 -9.984209e-01
    outer loop
      vertex   1.443811e+02 5.694087e+00 -7.489104e+00
      vertex   1.471957e+02 5.819528e+00 -7.503241e+00
      vertex   1.472010e+02 5.807920e+00 -7.502602e+00
    endloop
  endfacet
  facet normal -2.055713e-03 -6.738762e-02 -9.977248e-01
    outer loop
      vertex   1.472010e+02 5.807920e+00 -7.502602e+00
      vertex   1.472073e+02 5.796979e+00 -7.501876e+00
      vertex   1.443811e+02 5.694087e+00 -7.489104e+00
    endloop
  endfacet
  facet normal -1.676980e-03 -7.769748e-02 -9.969756e-01
    outer loop
      vertex   1.443811e+02 5.694087e+00 -7.489104e+00
      vertex   1.472073e+02 5.796979e+00 -7.501876e+00
      vertex   1.472145e+02 5.786872e+00 -7.501101e+00
    endloop
  endfacet
  facet normal -1.356100e-03 -8.739226e-02 -9.961731e-01
    outer loop
      vertex   1.443811e+02 5.694087e+00 -7.489104e+00
      vertex   1.472145e+02 5.786872e+00 -7.501101e+00
      vertex   1.472224e+02 5.777675e+00 -7.500305e+00
    endloop
  endfacet
  facet normal 0.000000e+00 -2.600564e-01 -9.655934e-01
    outer loop
      vertex   1.407623e+02 5.524952e+00 -7.443552e+00
      vertex   1.407623e+02 5.694087e+00 -7.489104e+00
      vertex   1.443811e+02 5.694087e+00 -7.489104e+00
    endloop
  endfacet
  facet normal 0.000000e+00 -2.600564e-01 -9.655934e-01
    outer loop
      vertex   1.299057e+02 5.524952e+00 -7.443552e+00
      vertex   1.335246e+02 5.694087e+00 -7.489104e+00
      vertex   1.335246e+02 5.524952e+00 -7.443552e+00
    endloop
  endfacet
  facet normal 0.000000e+00 -2.600564e-01 -9.655934e-01
    outer loop
      vertex   1.335246e+02 5.524952e+00 -7.443552e+00
      vertex   1.335246e+02 5.694087e+00 -7.489104e+00
      vertex   1.371434e+02 5.694087e+00 -7.489104e+00
    endloop
  endfacet
  facet normal -0.000000e+00 -8.758117e-02 -9.961574e-01
    outer loop
      vertex   1.299057e+02 5.694087e+00 -7.489104e+00
      vertex   1.262868e+02 5.694087e+00 -7.489104e+00
      vertex   1.471863e+02 5.868576e+00 -7.504445e+00
    endloop
  endfacet
  facet normal 0.000000e+00 -8.758117e-02 -9.961574e-01
    outer loop
      vertex   1.471863e+02 5.868576e+00 -7.504445e+00
      vertex   1.262868e+02 5.694087e+00 -7.489104e+00
      vertex   1.226680e+02 5.694087e+00 -7.489104e+00
    endloop
  endfacet
  facet normal 0.000000e+00 -8.758117e-02 -9.961574e-01
    outer loop
      vertex   1.471863e+02 5.868576e+00 -7.504445e+00
      vertex   1.226680e+02 5.694087e+00 -7.489104e+00
      vertex   1.190491e+02 5.694087e+00 -7.489104e+00
    endloop
  endfacet
  facet normal 0.000000e+00 -2.600564e-01 -9.655934e-01
    outer loop
      vertex   1.190491e+02 5.694087e+00 -7.489104e+00
      vertex   1.226680e+02 5.694087e+00 -7.489104e+00
      vertex   1.190491e+02 5.524952e+00 -7.443552e+00
    endloop
  endfacet
  facet normal 0.000000e+00 -2.600564e-01 -9.655934e-01
    outer loop
      vertex   1.190491e+02 5.694087e+00 -7.489104e+00
      vertex   1.190491e+02 5.524952e+00 -7.443552e+00
      vertex   1.154303e+02 5.524952e+00 -7.443552e+00
    endloop
  endfacet
  facet normal 0.000000e+00 -4.245526e-01 -9.054033e-01
    outer loop
      vertex   1.154303e+02 5.524952e+00 -7.443552e+00
      vertex   1.190491e+02 5.524952e+00 -7.443552e+00
      vertex   1.154303e+02 5.366359e+00 -7.369186e+00
    endloop
  endfacet
  facet normal 0.000000e+00 -4.245526e-01 -9.054033e-01
    outer loop
      vertex   1.154303e+02 5.524952e+00 -7.443552e+00
      vertex   1.154303e+02 5.366359e+00 -7.369186e+00
      vertex   1.118114e+02 5.366359e+00 -7.369186e+00
    endloop
  endfacet
  facet normal 0.000000e+00 -5.760227e-01 -8.174337e-01
    outer loop
      vertex   1.118114e+02 5.366359e+00 -7.369186e+00
      vertex   1.154303e+02 5.366359e+00 -7.369186e+00
      vertex   1.118114e+02 5.223175e+00 -7.268289e+00
    endloop
  endfacet
  facet normal -0.000000e+00 -2.600564e-01 -9.655934e-01
    outer loop
      vertex   1.299057e+02 5.694087e+00 -7.489104e+00
      vertex   1.262868e+02 5.524952e+00 -7.443552e+00
      vertex   1.262868e+02 5.694087e+00 -7.489104e+00
    endloop
  endfacet
  facet normal 0.000000e+00 -2.600564e-01 -9.655934e-01
    outer loop
      vertex   1.262868e+02 5.694087e+00 -7.489104e+00
      vertex   1.262868e+02 5.524952e+00 -7.443552e+00
      vertex   1.226680e+02 5.524952e+00 -7.443552e+00
    endloop
  endfacet
  facet normal -0.000000e+00 -2.600564e-01 -9.655934e-01
    outer loop
      vertex   1.262868e+02 5.694087e+00 -7.489104e+00
      vertex   1.226680e+02 5.524952e+00 -7.443552e+00
      vertex   1.226680e+02 5.694087e+00 -7.489104e+00
    endloop
  endfacet
  facet normal 0.000000e+00 -2.600564e-01 -9.655934e-01
    outer loop
      vertex   1.226680e+02 5.694087e+00 -7.489104e+00
      vertex   1.226680e+02 5.524952e+00 -7.443552e+00
      vertex   1.190491e+02 5.524952e+00 -7.443552e+00
    endloop
  endfacet
  facet normal 0.000000e+00 -8.758117e-02 -9.961574e-01
    outer loop
      vertex   1.118114e+02 5.694087e+00 -7.489104e+00
      vertex   1.471863e+02 5.868576e+00 -7.504445e+00
      vertex   1.154303e+02 5.694087e+00 -7.489104e+00
    endloop
  endfacet
  facet normal 0.000000e+00 -8.758117e-02 -9.961574e-01
    outer loop
      vertex   1.154303e+02 5.694087e+00 -7.489104e+00
      vertex   1.471863e+02 5.868576e+00 -7.504445e+00
      vertex   1.190491e+02 5.694087e+00 -7.489104e+00
    endloop
  endfacet
  facet normal 0.000000e+00 -2.600564e-01 -9.655934e-01
    outer loop
      vertex   1.154303e+02 5.694087e+00 -7.489104e+00
      vertex   1.190491e+02 5.694087e+00 -7.489104e+00
      vertex   1.154303e+02 5.524952e+00 -7.443552e+00
    endloop
  endfacet
  facet normal 0.000000e+00 -2.600564e-01 -9.655934e-01
    outer loop
      vertex   1.118114e+02 5.524952e+00 -7.443552e+00
      vertex   1.118114e+02 5.694087e+00 -7.489104e+00
      vertex   1.154303e+02 5.694087e+00 -7.489104e+00
    endloop
  endfacet
  facet normal 0.000000e+00 -2.600564e-01 -9.655934e-01
    outer loop
      vertex   1.118114e+02 5.524952e+00 -7.443552e+00
      vertex   1.154303e+02 5.694087e+00 -7.489104e+00
      vertex   1.154303e+02 5.524952e+00 -7.443552e+00
    endloop
  endfacet
  facet normal 0.000000e+00 -2.600564e-01 -9.655934e-01
    outer loop
      vertex   1.045737e+02 5.694087e+00 -7.489104e+00
      vertex   1.081926e+02 5.694087e+00 -7.489104e+00
      vertex   1.045737e+02 5.524952e+00 -7.443552e+00
    endloop
  endfacet
  facet normal 0.000000e+00 -2.600564e-01 -9.655934e-01
    outer loop
      vertex   1.045737e+02 5.524952e+00 -7.443552e+00
      vertex   1.081926e+02 5.694087e+00 -7.489104e+00
      vertex   1.081926e+02 5.524952e+00 -7.443552e+00
    endloop
  endfacet
  facet normal 0.000000e+00 -4.245526e-01 -9.054033e-01
    outer loop
      vertex   1.045737e+02 5.524952e+00 -7.443552e+00
      vertex   1.081926e+02 5.524952e+00 -7.443552e+00
      vertex   1.045737e+02 5.366359e+00 -7.369186e+00
    endloop
  endfacet
  facet normal 0.000000e+00 -4.245526e-01 -9.054033e-01
    outer loop
      vertex   1.045737e+02 5.366359e+00 -7.369186e+00
      vertex   1.081926e+02 5.524952e+00 -7.443552e+00
      vertex   1.081926e+02 5.366359e+00 -7.369186e+00
    endloop
  endfacet
  facet normal 0.000000e+00 -5.760227e-01 -8.174337e-01
    outer loop
      vertex   1.045737e+02 5.366359e+00 -7.369186e+00
      vertex   1.081926e+02 5.366359e+00 -7.369186e+00
      vertex   1.045737e+02 5.223175e+00 -7.268289e+00
    endloop
  endfacet
  facet normal 0.000000e+00 -5.760227e-01 -8.174337e-01
    outer loop
      vertex   1.045737e+02 5.223175e+00 -7.268289e+00
      vertex   1.081926e+02 5.366359e+00 -7.369186e+00
      vertex   1.081926e+02 5.223175e+00 -7.268289e+00
    endloop
  endfacet
  facet normal 0.000000e+00 -7.098194e-01 -7.043837e-01
    outer loop
      vertex   1.045737e+02 5.223175e+00 -7.268289e+00
      vertex   1.081926e+02 5.223175e+00 -7.268289e+00
      vertex   1.045737e+02 5.099794e+00 -7.143955e+00
    endloop
  endfacet
  facet normal 0.000000e+00 -7.098194e-01 -7.043837e-01
    outer loop
      vertex   1.045737e+02 5.099794e+00 -7.143955e+00
      vertex   1.081926e+02 5.223175e+00 -7.268289e+00
      vertex   1.081926e+02 5.099794e+00 -7.143955e+00
    endloop
  endfacet
  facet normal 0.000000e+00 -8.218375e-01 -5.697220e-01
    outer loop
      vertex   1.045737e+02 5.099794e+00 -7.143955e+00
      vertex   1.081926e+02 5.099794e+00 -7.143955e+00
      vertex   7.562282e+01 5.000000e+00 -7.000000e+00
    endloop
  endfacet
  facet normal 0.000000e+00 -8.758117e-02 -9.961574e-01
    outer loop
      vertex   9.371712e+01 5.694087e+00 -7.489104e+00
      vertex   1.471863e+02 5.868576e+00 -7.504445e+00
      vertex   9.733597e+01 5.694087e+00 -7.489104e+00
    endloop
  endfacet
  facet normal 0.000000e+00 -8.758117e-02 -9.961574e-01
    outer loop
      vertex   9.733597e+01 5.694087e+00 -7.489104e+00
      vertex   1.471863e+02 5.868576e+00 -7.504445e+00
      vertex   1.009548e+02 5.694087e+00 -7.489104e+00
    endloop
  endfacet
  facet normal 0.000000e+00 -2.600564e-01 -9.655934e-01
    outer loop
      vertex   9.733597e+01 5.694087e+00 -7.489104e+00
      vertex   1.009548e+02 5.694087e+00 -7.489104e+00
      vertex   9.733597e+01 5.524952e+00 -7.443552e+00
    endloop
  endfacet
  facet normal 0.000000e+00 -2.600564e-01 -9.655934e-01
    outer loop
      vertex   9.371712e+01 5.694087e+00 -7.489104e+00
      vertex   9.733597e+01 5.694087e+00 -7.489104e+00
      vertex   9.371712e+01 5.524952e+00 -7.443552e+00
    endloop
  endfacet
  facet normal 0.000000e+00 -2.600564e-01 -9.655934e-01
    outer loop
      vertex   9.371712e+01 5.524952e+00 -7.443552e+00
      vertex   9.733597e+01 5.694087e+00 -7.489104e+00
      vertex   9.733597e+01 5.524952e+00 -7.443552e+00
    endloop
  endfacet
  facet normal 0.000000e+00 -4.245526e-01 -9.054033e-01
    outer loop
      vertex   9.371712e+01 5.524952e+00 -7.443552e+00
      vertex   9.733597e+01 5.524952e+00 -7.443552e+00
      vertex   9.371712e+01 5.366359e+00 -7.369186e+00
    endloop
  endfacet
  facet normal 0.000000e+00 -1.621404e-01 -9.867677e-01
    outer loop
      vertex   8.286054e+01 5.694087e+00 -7.489104e+00
      vertex   7.562282e+01 5.718810e+00 -7.493166e+00
      vertex   8.647940e+01 5.694087e+00 -7.489104e+00
    endloop
  endfacet
  facet normal 0.000000e+00 -1.621404e-01 -9.867677e-01
    outer loop
      vertex   8.647940e+01 5.694087e+00 -7.489104e+00
      vertex   7.562282e+01 5.718810e+00 -7.493166e+00
      vertex   9.009826e+01 5.694087e+00 -7.489104e+00
    endloop
  endfacet
  facet normal 0.000000e+00 -2.600564e-01 -9.655934e-01
    outer loop
      vertex   8.647940e+01 5.694087e+00 -7.489104e+00
      vertex   9.009826e+01 5.694087e+00 -7.489104e+00
      vertex   8.647940e+01 5.524952e+00 -7.443552e+00
    endloop
  endfacet
  facet normal 0.000000e+00 -2.600564e-01 -9.655934e-01
    outer loop
      vertex   8.286054e+01 5.524952e+00 -7.443552e+00
      vertex   8.286054e+01 5.694087e+00 -7.489104e+00
      vertex   8.647940e+01 5.694087e+00 -7.489104e+00
    endloop
  endfacet
  facet normal 0.000000e+00 -2.600564e-01 -9.655934e-01
    outer loop
      vertex   8.286054e+01 5.524952e+00 -7.443552e+00
      vertex   8.647940e+01 5.694087e+00 -7.489104e+00
      vertex   8.647940e+01 5.524952e+00 -7.443552e+00
    endloop
  endfacet
  facet normal 0.000000e+00 -4.245526e-01 -9.054033e-01
    outer loop
      vertex   1.407623e+02 5.366359e+00 -7.369186e+00
      vertex   1.407623e+02 5.524952e+00 -7.443552e+00
      vertex   1.443811e+02 5.524952e+00 -7.443552e+00
    endloop
  endfacet
  facet normal -0.000000e+00 -2.600564e-01 -9.655934e-01
    outer loop
      vertex   1.443811e+02 5.524952e+00 -7.443552e+00
      vertex   1.407623e+02 5.524952e+00 -7.443552e+00
      vertex   1.443811e+02 5.694087e+00 -7.489104e+00
    endloop
  endfacet
  facet normal 0.000000e+00 -4.245526e-01 -9.054033e-01
    outer loop
      vertex   1.335246e+02 5.366359e+00 -7.369186e+00
      vertex   1.371434e+02 5.524952e+00 -7.443552e+00
      vertex   1.371434e+02 5.366359e+00 -7.369186e+00
    endloop
  endfacet
  facet normal 0.000000e+00 -4.245526e-01 -9.054033e-01
    outer loop
      vertex   1.262868e+02 5.366359e+00 -7.369186e+00
      vertex   1.299057e+02 5.524952e+00 -7.443552e+00
      vertex   1.299057e+02 5.366359e+00 -7.369186e+00
    endloop
  endfacet
  facet normal 0.000000e+00 -4.245526e-01 -9.054033e-01
    outer loop
      vertex   1.299057e+02 5.366359e+00 -7.369186e+00
      vertex   1.299057e+02 5.524952e+00 -7.443552e+00
      vertex   1.335246e+02 5.524952e+00 -7.443552e+00
    endloop
  endfacet
  facet normal -0.000000e+00 -4.245526e-01 -9.054033e-01
    outer loop
      vertex   1.262868e+02 5.524952e+00 -7.443552e+00
      vertex   1.226680e+02 5.366359e+00 -7.369186e+00
      vertex   1.226680e+02 5.524952e+00 -7.443552e+00
    endloop
  endfacet
  facet normal 0.000000e+00 -4.245526e-01 -9.054033e-01
    outer loop
      vertex   1.226680e+02 5.524952e+00 -7.443552e+00
      vertex   1.226680e+02 5.366359e+00 -7.369186e+00
      vertex   1.190491e+02 5.366359e+00 -7.369186e+00
    endloop
  endfacet
  facet normal -0.000000e+00 -4.245526e-01 -9.054033e-01
    outer loop
      vertex   1.226680e+02 5.524952e+00 -7.443552e+00
      vertex   1.190491e+02 5.366359e+00 -7.369186e+00
      vertex   1.190491e+02 5.524952e+00 -7.443552e+00
    endloop
  endfacet
  facet normal 0.000000e+00 -4.245526e-01 -9.054033e-01
    outer loop
      vertex   1.190491e+02 5.524952e+00 -7.443552e+00
      vertex   1.190491e+02 5.366359e+00 -7.369186e+00
      vertex   1.154303e+02 5.366359e+00 -7.369186e+00
    endloop
  endfacet
  facet normal 0.000000e+00 -4.245526e-01 -9.054033e-01
    outer loop
      vertex   1.118114e+02 5.366359e+00 -7.369186e+00
      vertex   1.118114e+02 5.524952e+00 -7.443552e+00
      vertex   1.154303e+02 5.524952e+00 -7.443552e+00
    endloop
  endfacet
  facet normal 0.000000e+00 -2.600564e-01 -9.655934e-01
    outer loop
      vertex   1.045737e+02 5.694087e+00 -7.489104e+00
      vertex   1.045737e+02 5.524952e+00 -7.443552e+00
      vertex   1.009548e+02 5.524952e+00 -7.443552e+00
    endloop
  endfacet
  facet normal 0.000000e+00 -4.245526e-01 -9.054033e-01
    outer loop
      vertex   1.009548e+02 5.524952e+00 -7.443552e+00
      vertex   1.045737e+02 5.524952e+00 -7.443552e+00
      vertex   1.009548e+02 5.366359e+00 -7.369186e+00
    endloop
  endfacet
  facet normal 0.000000e+00 -4.245526e-01 -9.054033e-01
    outer loop
      vertex   1.009548e+02 5.524952e+00 -7.443552e+00
      vertex   1.009548e+02 5.366359e+00 -7.369186e+00
      vertex   9.733597e+01 5.366359e+00 -7.369186e+00
    endloop
  endfacet
  facet normal 0.000000e+00 -5.760227e-01 -8.174337e-01
    outer loop
      vertex   9.733597e+01 5.366359e+00 -7.369186e+00
      vertex   1.009548e+02 5.366359e+00 -7.369186e+00
      vertex   9.733597e+01 5.223175e+00 -7.268289e+00
    endloop
  endfacet
  facet normal 0.000000e+00 -5.760227e-01 -8.174337e-01
    outer loop
      vertex   9.733597e+01 5.366359e+00 -7.369186e+00
      vertex   9.733597e+01 5.223175e+00 -7.268289e+00
      vertex   9.371712e+01 5.223175e+00 -7.268289e+00
    endloop
  endfacet
  facet normal 0.000000e+00 -7.098194e-01 -7.043837e-01
    outer loop
      vertex   9.371712e+01 5.223175e+00 -7.268289e+00
      vertex   9.733597e+01 5.223175e+00 -7.268289e+00
      vertex   9.371712e+01 5.099794e+00 -7.143955e+00
    endloop
  endfacet
  facet normal 0.000000e+00 -7.098194e-01 -7.043837e-01
    outer loop
      vertex   9.371712e+01 5.223175e+00 -7.268289e+00
      vertex   9.371712e+01 5.099794e+00 -7.143955e+00
      vertex   9.009826e+01 5.099794e+00 -7.143955e+00
    endloop
  endfacet
  facet normal 0.000000e+00 -8.218375e-01 -5.697220e-01
    outer loop
      vertex   9.009826e+01 5.099794e+00 -7.143955e+00
      vertex   9.371712e+01 5.099794e+00 -7.143955e+00
      vertex   7.562282e+01 5.000000e+00 -7.000000e+00
    endloop
  endfacet
  facet normal 0.000000e+00 -4.245526e-01 -9.054033e-01
    outer loop
      vertex   1.009548e+02 5.366359e+00 -7.369186e+00
      vertex   1.045737e+02 5.524952e+00 -7.443552e+00
      vertex   1.045737e+02 5.366359e+00 -7.369186e+00
    endloop
  endfacet
  facet normal 0.000000e+00 -2.600564e-01 -9.655934e-01
    outer loop
      vertex   9.371712e+01 5.694087e+00 -7.489104e+00
      vertex   9.371712e+01 5.524952e+00 -7.443552e+00
      vertex   9.009826e+01 5.524952e+00 -7.443552e+00
    endloop
  endfacet
  facet normal 0.000000e+00 -4.245526e-01 -9.054033e-01
    outer loop
      vertex   9.009826e+01 5.524952e+00 -7.443552e+00
      vertex   9.371712e+01 5.524952e+00 -7.443552e+00
      vertex   9.009826e+01 5.366359e+00 -7.369186e+00
    endloop
  endfacet
  facet normal 0.000000e+00 -4.245526e-01 -9.054033e-01
    outer loop
      vertex   9.009826e+01 5.524952e+00 -7.443552e+00
      vertex   9.009826e+01 5.366359e+00 -7.369186e+00
      vertex   8.647940e+01 5.366359e+00 -7.369186e+00
    endloop
  endfacet
  facet normal 0.000000e+00 -5.760227e-01 -8.174337e-01
    outer loop
      vertex   8.647940e+01 5.366359e+00 -7.369186e+00
      vertex   9.009826e+01 5.366359e+00 -7.369186e+00
      vertex   8.647940e+01 5.223175e+00 -7.268289e+00
    endloop
  endfacet
  facet normal 0.000000e+00 -5.760227e-01 -8.174337e-01
    outer loop
      vertex   8.647940e+01 5.366359e+00 -7.369186e+00
      vertex   8.647940e+01 5.223175e+00 -7.268289e+00
      vertex   8.286054e+01 5.223175e+00 -7.268289e+00
    endloop
  endfacet
  facet normal 0.000000e+00 -7.098194e-01 -7.043837e-01
    outer loop
      vertex   8.286054e+01 5.223175e+00 -7.268289e+00
      vertex   8.647940e+01 5.223175e+00 -7.268289e+00
      vertex   8.286054e+01 5.099794e+00 -7.143955e+00
    endloop
  endfacet
  facet normal 0.000000e+00 -4.245526e-01 -9.054033e-01
    outer loop
      vertex   9.009826e+01 5.366359e+00 -7.369186e+00
      vertex   9.371712e+01 5.524952e+00 -7.443552e+00
      vertex   9.371712e+01 5.366359e+00 -7.369186e+00
    endloop
  endfacet
  facet normal 0.000000e+00 -4.245526e-01 -9.054033e-01
    outer loop
      vertex   8.286054e+01 5.366359e+00 -7.369186e+00
      vertex   8.286054e+01 5.524952e+00 -7.443552e+00
      vertex   8.647940e+01 5.524952e+00 -7.443552e+00
    endloop
  endfacet
  facet normal 0.000000e+00 -5.760227e-01 -8.174337e-01
    outer loop
      vertex   1.407623e+02 5.223175e+00 -7.268289e+00
      vertex   1.407623e+02 5.366359e+00 -7.369186e+00
      vertex   1.443811e+02 5.366359e+00 -7.369186e+00
    endloop
  endfacet
  facet normal -0.000000e+00 -4.245526e-01 -9.054033e-01
    outer loop
      vertex   1.443811e+02 5.366359e+00 -7.369186e+00
      vertex   1.407623e+02 5.366359e+00 -7.369186e+00
      vertex   1.443811e+02 5.524952e+00 -7.443552e+00
    endloop
  endfacet
  facet normal 0.000000e+00 -5.760227e-01 -8.174337e-01
    outer loop
      vertex   1.335246e+02 5.366359e+00 -7.369186e+00
      vertex   1.371434e+02 5.366359e+00 -7.369186e+00
      vertex   1.335246e+02 5.223175e+00 -7.268289e+00
    endloop
  endfacet
  facet normal 0.000000e+00 -5.760227e-01 -8.174337e-01
    outer loop
      vertex   1.335246e+02 5.223175e+00 -7.268289e+00
      vertex   1.371434e+02 5.366359e+00 -7.369186e+00
      vertex   1.371434e+02 5.223175e+00 -7.268289e+00
    endloop
  endfacet
  facet normal 0.000000e+00 -7.098194e-01 -7.043837e-01
    outer loop
      vertex   1.335246e+02 5.223175e+00 -7.268289e+00
      vertex   1.371434e+02 5.223175e+00 -7.268289e+00
      vertex   1.335246e+02 5.099794e+00 -7.143955e+00
    endloop
  endfacet
  facet normal 0.000000e+00 -7.098194e-01 -7.043837e-01
    outer loop
      vertex   1.335246e+02 5.099794e+00 -7.143955e+00
      vertex   1.371434e+02 5.223175e+00 -7.268289e+00
      vertex   1.371434e+02 5.099794e+00 -7.143955e+00
    endloop
  endfacet
  facet normal 0.000000e+00 -7.862454e-01 -6.179144e-01
    outer loop
      vertex   1.335246e+02 5.099794e+00 -7.143955e+00
      vertex   1.371434e+02 5.099794e+00 -7.143955e+00
      vertex   1.479345e+02 5.065475e+00 -7.100287e+00
    endloop
  endfacet
  facet normal 0.000000e+00 -5.760227e-01 -8.174337e-01
    outer loop
      vertex   1.226680e+02 5.223175e+00 -7.268289e+00
      vertex   1.262868e+02 5.366359e+00 -7.369186e+00
      vertex   1.262868e+02 5.223175e+00 -7.268289e+00
    endloop
  endfacet
  facet normal 0.000000e+00 -5.760227e-01 -8.174337e-01
    outer loop
      vertex   1.262868e+02 5.223175e+00 -7.268289e+00
      vertex   1.262868e+02 5.366359e+00 -7.369186e+00
      vertex   1.299057e+02 5.366359e+00 -7.369186e+00
    endloop
  endfacet
  facet normal -0.000000e+00 -5.760227e-01 -8.174337e-01
    outer loop
      vertex   1.226680e+02 5.366359e+00 -7.369186e+00
      vertex   1.190491e+02 5.223175e+00 -7.268289e+00
      vertex   1.190491e+02 5.366359e+00 -7.369186e+00
    endloop
  endfacet
  facet normal 0.000000e+00 -5.760227e-01 -8.174337e-01
    outer loop
      vertex   1.190491e+02 5.366359e+00 -7.369186e+00
      vertex   1.190491e+02 5.223175e+00 -7.268289e+00
      vertex   1.154303e+02 5.223175e+00 -7.268289e+00
    endloop
  endfacet
  facet normal -0.000000e+00 -5.760227e-01 -8.174337e-01
    outer loop
      vertex   1.190491e+02 5.366359e+00 -7.369186e+00
      vertex   1.154303e+02 5.223175e+00 -7.268289e+00
      vertex   1.154303e+02 5.366359e+00 -7.369186e+00
    endloop
  endfacet
  facet normal 0.000000e+00 -5.760227e-01 -8.174337e-01
    outer loop
      vertex   1.154303e+02 5.366359e+00 -7.369186e+00
      vertex   1.154303e+02 5.223175e+00 -7.268289e+00
      vertex   1.118114e+02 5.223175e+00 -7.268289e+00
    endloop
  endfacet
  facet normal 0.000000e+00 -5.760227e-01 -8.174337e-01
    outer loop
      vertex   1.009548e+02 5.366359e+00 -7.369186e+00
      vertex   1.045737e+02 5.366359e+00 -7.369186e+00
      vertex   1.009548e+02 5.223175e+00 -7.268289e+00
    endloop
  endfacet
  facet normal 0.000000e+00 -5.760227e-01 -8.174337e-01
    outer loop
      vertex   1.009548e+02 5.223175e+00 -7.268289e+00
      vertex   1.045737e+02 5.366359e+00 -7.369186e+00
      vertex   1.045737e+02 5.223175e+00 -7.268289e+00
    endloop
  endfacet
  facet normal 0.000000e+00 -7.098194e-01 -7.043837e-01
    outer loop
      vertex   1.009548e+02 5.223175e+00 -7.268289e+00
      vertex   1.045737e+02 5.223175e+00 -7.268289e+00
      vertex   1.009548e+02 5.099794e+00 -7.143955e+00
    endloop
  endfacet
  facet normal 0.000000e+00 -7.098194e-01 -7.043837e-01
    outer loop
      vertex   1.009548e+02 5.099794e+00 -7.143955e+00
      vertex   1.045737e+02 5.223175e+00 -7.268289e+00
      vertex   1.045737e+02 5.099794e+00 -7.143955e+00
    endloop
  endfacet
  facet normal 0.000000e+00 -8.218375e-01 -5.697220e-01
    outer loop
      vertex   1.009548e+02 5.099794e+00 -7.143955e+00
      vertex   1.045737e+02 5.099794e+00 -7.143955e+00
      vertex   7.562282e+01 5.000000e+00 -7.000000e+00
    endloop
  endfacet
  facet normal 0.000000e+00 -5.760227e-01 -8.174337e-01
    outer loop
      vertex   8.647940e+01 5.223175e+00 -7.268289e+00
      vertex   9.009826e+01 5.366359e+00 -7.369186e+00
      vertex   9.009826e+01 5.223175e+00 -7.268289e+00
    endloop
  endfacet
  facet normal 0.000000e+00 -5.760227e-01 -8.174337e-01
    outer loop
      vertex   9.009826e+01 5.223175e+00 -7.268289e+00
      vertex   9.009826e+01 5.366359e+00 -7.369186e+00
      vertex   9.371712e+01 5.366359e+00 -7.369186e+00
    endloop
  endfacet
  facet normal 0.000000e+00 -7.098194e-01 -7.043837e-01
    outer loop
      vertex   1.407623e+02 5.099794e+00 -7.143955e+00
      vertex   1.407623e+02 5.223175e+00 -7.268289e+00
      vertex   1.443811e+02 5.223175e+00 -7.268289e+00
    endloop
  endfacet
  facet normal -0.000000e+00 -5.760227e-01 -8.174337e-01
    outer loop
      vertex   1.443811e+02 5.223175e+00 -7.268289e+00
      vertex   1.407623e+02 5.223175e+00 -7.268289e+00
      vertex   1.443811e+02 5.366359e+00 -7.369186e+00
    endloop
  endfacet
  facet normal -0.000000e+00 -7.098194e-01 -7.043837e-01
    outer loop
      vertex   1.443811e+02 5.099794e+00 -7.143955e+00
      vertex   1.407623e+02 5.099794e+00 -7.143955e+00
      vertex   1.443811e+02 5.223175e+00 -7.268289e+00
    endloop
  endfacet
  facet normal 0.000000e+00 -5.760227e-01 -8.174337e-01
    outer loop
      vertex   1.335246e+02 5.366359e+00 -7.369186e+00
      vertex   1.335246e+02 5.223175e+00 -7.268289e+00
      vertex   1.299057e+02 5.223175e+00 -7.268289e+00
    endloop
  endfacet
  facet normal 0.000000e+00 -7.098194e-01 -7.043837e-01
    outer loop
      vertex   1.299057e+02 5.223175e+00 -7.268289e+00
      vertex   1.335246e+02 5.223175e+00 -7.268289e+00
      vertex   1.299057e+02 5.099794e+00 -7.143955e+00
    endloop
  endfacet
  facet normal 0.000000e+00 -7.098194e-01 -7.043837e-01
    outer loop
      vertex   1.299057e+02 5.223175e+00 -7.268289e+00
      vertex   1.299057e+02 5.099794e+00 -7.143955e+00
      vertex   1.262868e+02 5.099794e+00 -7.143955e+00
    endloop
  endfacet
  facet normal 0.000000e+00 -7.862454e-01 -6.179144e-01
    outer loop
      vertex   1.262868e+02 5.099794e+00 -7.143955e+00
      vertex   1.299057e+02 5.099794e+00 -7.143955e+00
      vertex   1.479345e+02 5.065475e+00 -7.100287e+00
    endloop
  endfacet
  facet normal 0.000000e+00 -7.098194e-01 -7.043837e-01
    outer loop
      vertex   1.299057e+02 5.099794e+00 -7.143955e+00
      vertex   1.335246e+02 5.223175e+00 -7.268289e+00
      vertex   1.335246e+02 5.099794e+00 -7.143955e+00
    endloop
  endfacet
  facet normal 0.000000e+00 -7.098194e-01 -7.043837e-01
    outer loop
      vertex   1.190491e+02 5.099794e+00 -7.143955e+00
      vertex   1.226680e+02 5.223175e+00 -7.268289e+00
      vertex   1.226680e+02 5.099794e+00 -7.143955e+00
    endloop
  endfacet
  facet normal 0.000000e+00 -7.098194e-01 -7.043837e-01
    outer loop
      vertex   1.226680e+02 5.099794e+00 -7.143955e+00
      vertex   1.226680e+02 5.223175e+00 -7.268289e+00
      vertex   1.262868e+02 5.223175e+00 -7.268289e+00
    endloop
  endfacet
  facet normal 0.000000e+00 -7.098194e-01 -7.043837e-01
    outer loop
      vertex   1.118114e+02 5.099794e+00 -7.143955e+00
      vertex   1.118114e+02 5.223175e+00 -7.268289e+00
      vertex   1.154303e+02 5.223175e+00 -7.268289e+00
    endloop
  endfacet
  facet normal 0.000000e+00 -7.098194e-01 -7.043837e-01
    outer loop
      vertex   1.118114e+02 5.099794e+00 -7.143955e+00
      vertex   1.154303e+02 5.223175e+00 -7.268289e+00
      vertex   1.154303e+02 5.099794e+00 -7.143955e+00
    endloop
  endfacet
  facet normal 0.000000e+00 -7.098194e-01 -7.043837e-01
    outer loop
      vertex   1.154303e+02 5.099794e+00 -7.143955e+00
      vertex   1.154303e+02 5.223175e+00 -7.268289e+00
      vertex   1.190491e+02 5.223175e+00 -7.268289e+00
    endloop
  endfacet
  facet normal 0.000000e+00 -5.760227e-01 -8.174337e-01
    outer loop
      vertex   1.009548e+02 5.366359e+00 -7.369186e+00
      vertex   1.009548e+02 5.223175e+00 -7.268289e+00
      vertex   9.733597e+01 5.223175e+00 -7.268289e+00
    endloop
  endfacet
  facet normal 0.000000e+00 -7.098194e-01 -7.043837e-01
    outer loop
      vertex   9.733597e+01 5.223175e+00 -7.268289e+00
      vertex   1.009548e+02 5.223175e+00 -7.268289e+00
      vertex   9.733597e+01 5.099794e+00 -7.143955e+00
    endloop
  endfacet
  facet normal 0.000000e+00 -7.098194e-01 -7.043837e-01
    outer loop
      vertex   9.733597e+01 5.223175e+00 -7.268289e+00
      vertex   9.733597e+01 5.099794e+00 -7.143955e+00
      vertex   9.371712e+01 5.099794e+00 -7.143955e+00
    endloop
  endfacet
  facet normal 0.000000e+00 -8.218375e-01 -5.697220e-01
    outer loop
      vertex   9.371712e+01 5.099794e+00 -7.143955e+00
      vertex   9.733597e+01 5.099794e+00 -7.143955e+00
      vertex   7.562282e+01 5.000000e+00 -7.000000e+00
    endloop
  endfacet
  facet normal 0.000000e+00 -7.098194e-01 -7.043837e-01
    outer loop
      vertex   9.733597e+01 5.099794e+00 -7.143955e+00
      vertex   1.009548e+02 5.223175e+00 -7.268289e+00
      vertex   1.009548e+02 5.099794e+00 -7.143955e+00
    endloop
  endfacet
  facet normal 0.000000e+00 -7.098194e-01 -7.043837e-01
    outer loop
      vertex   8.286054e+01 5.099794e+00 -7.143955e+00
      vertex   8.647940e+01 5.223175e+00 -7.268289e+00
      vertex   8.647940e+01 5.099794e+00 -7.143955e+00
    endloop
  endfacet
  facet normal 0.000000e+00 -7.098194e-01 -7.043837e-01
    outer loop
      vertex   8.647940e+01 5.099794e+00 -7.143955e+00
      vertex   8.647940e+01 5.223175e+00 -7.268289e+00
      vertex   9.009826e+01 5.223175e+00 -7.268289e+00
    endloop
  endfacet
  facet normal 0.000000e+00 -7.862454e-01 -6.179144e-01
    outer loop
      vertex   1.479345e+02 5.065475e+00 -7.100287e+00
      vertex   1.299057e+02 5.099794e+00 -7.143955e+00
      vertex   1.335246e+02 5.099794e+00 -7.143955e+00
    endloop
  endfacet
  facet normal 0.000000e+00 -8.218375e-01 -5.697220e-01
    outer loop
      vertex   7.562282e+01 5.000000e+00 -7.000000e+00
      vertex   1.190491e+02 5.099794e+00 -7.143955e+00
      vertex   1.226680e+02 5.099794e+00 -7.143955e+00
    endloop
  endfacet
  facet normal 0.000000e+00 -8.218375e-01 -5.697220e-01
    outer loop
      vertex   7.562282e+01 5.000000e+00 -7.000000e+00
      vertex   9.733597e+01 5.099794e+00 -7.143955e+00
      vertex   1.009548e+02 5.099794e+00 -7.143955e+00
    endloop
  endfacet
  facet normal -2.482211e-17 1.600572e-15 -1.000000e+00
    outer loop
      vertex   1.471863e+02 5.868576e+00 -7.504445e+00
      vertex   7.562282e+01 5.868576e+00 -7.504445e+00
      vertex   1.471863e+02 6.978403e+00 -7.504445e+00
    endloop
  endfacet
  facet normal -0.000000e+00 0.000000e+00 -1.000000e+00
    outer loop
      vertex   1.471863e+02 6.978403e+00 -7.504445e+00
      vertex   7.562282e+01 5.868576e+00 -7.504445e+00
      vertex   7.562282e+01 7.952902e+00 -7.504445e+00
    endloop
  endfacet
  facet normal 0.000000e+00 0.000000e+00 -1.000000e+00
    outer loop
      vertex   1.471863e+02 6.978403e+00 -7.504445e+00
      vertex   7.562282e+01 7.952902e+00 -7.504445e+00
      vertex   1.471880e+02 6.999485e+00 -7.504445e+00
    endloop
  endfacet
  facet normal 0.000000e+00 0.000000e+00 -1.000000e+00
    outer loop
      vertex   1.471880e+02 6.999485e+00 -7.504445e+00
      vertex   7.562282e+01 7.952902e+00 -7.504445e+00
      vertex   1.471931e+02 7.020027e+00 -7.504445e+00
    endloop
  endfacet
  facet normal 0.000000e+00 0.000000e+00 -1.000000e+00
    outer loop
      vertex   1.471931e+02 7.020027e+00 -7.504445e+00
      vertex   7.562282e+01 7.952902e+00 -7.504445e+00
      vertex   1.472013e+02 7.039501e+00 -7.504445e+00
    endloop
  endfacet
  facet normal 0.000000e+00 0.000000e+00 -1.000000e+00
    outer loop
      vertex   1.472013e+02 7.039501e+00 -7.504445e+00
      vertex   7.562282e+01 7.952902e+00 -7.504445e+00
      vertex   1.472126e+02 7.057407e+00 -7.504445e+00
    endloop
  endfacet
  facet normal 2.915914e-16 2.331109e-14 -1.000000e+00
    outer loop
      vertex   1.472126e+02 7.057407e+00 -7.504445e+00
      vertex   7.562282e+01 7.952902e+00 -7.504445e+00
      vertex   1.472907e+02 7.170733e+00 -7.504445e+00
    endloop
  endfacet
  facet normal 2.649592e-16 2.087086e-14 -1.000000e+00
    outer loop
      vertex   1.472907e+02 7.170733e+00 -7.504445e+00
      vertex   7.562282e+01 7.952902e+00 -7.504445e+00
      vertex   1.473662e+02 7.297442e+00 -7.504445e+00
    endloop
  endfacet
  facet normal -3.962237e-17 -1.246716e-14 -1.000000e+00
    outer loop
      vertex   1.473662e+02 7.297442e+00 -7.504445e+00
      vertex   7.562282e+01 7.952902e+00 -7.504445e+00
      vertex   1.474411e+02 7.439687e+00 -7.504445e+00
    endloop
  endfacet
  facet normal 4.929963e-17 -2.357182e-17 -1.000000e+00
    outer loop
      vertex   1.474411e+02 7.439687e+00 -7.504445e+00
      vertex   7.562282e+01 7.952902e+00 -7.504445e+00
      vertex   1.475176e+02 7.599619e+00 -7.504445e+00
    endloop
  endfacet
  facet normal 1.219810e-16 1.476746e-14 -1.000000e+00
    outer loop
      vertex   1.475176e+02 7.599619e+00 -7.504445e+00
      vertex   7.562282e+01 7.952902e+00 -7.504445e+00
      vertex   1.475977e+02 7.779390e+00 -7.504445e+00
    endloop
  endfacet
  facet normal 0.000000e+00 -3.583197e-14 -1.000000e+00
    outer loop
      vertex   1.475977e+02 7.779390e+00 -7.504445e+00
      vertex   7.562282e+01 7.952902e+00 -7.504445e+00
      vertex   1.470000e+02 7.952902e+00 -7.504445e+00
    endloop
  endfacet
  facet normal 8.121182e-15 -7.856804e-15 -1.000000e+00
    outer loop
      vertex   1.475977e+02 7.779390e+00 -7.504445e+00
      vertex   1.470000e+02 7.952902e+00 -7.504445e+00
      vertex   1.476835e+02 7.981152e+00 -7.504445e+00
    endloop
  endfacet
  facet normal 1.503226e-14 -1.750687e-13 -1.000000e+00
    outer loop
      vertex   1.476835e+02 7.981152e+00 -7.504445e+00
      vertex   1.470000e+02 7.952902e+00 -7.504445e+00
      vertex   1.471705e+02 7.967539e+00 -7.504445e+00
    endloop
  endfacet
  facet normal 1.155364e-14 -4.396799e-14 -1.000000e+00
    outer loop
      vertex   1.476835e+02 7.981152e+00 -7.504445e+00
      vertex   1.471705e+02 7.967539e+00 -7.504445e+00
      vertex   1.473360e+02 8.011024e+00 -7.504445e+00
    endloop
  endfacet
  facet normal 1.546667e-14 1.562650e-15 -1.000000e+00
    outer loop
      vertex   1.476835e+02 7.981152e+00 -7.504445e+00
      vertex   1.473360e+02 8.011024e+00 -7.504445e+00
      vertex   1.477297e+02 8.092146e+00 -7.504445e+00
    endloop
  endfacet
  facet normal 2.877181e-14 -6.302229e-14 -1.000000e+00
    outer loop
      vertex   1.477297e+02 8.092146e+00 -7.504445e+00
      vertex   1.473360e+02 8.011024e+00 -7.504445e+00
      vertex   1.474916e+02 8.082082e+00 -7.504445e+00
    endloop
  endfacet
  facet normal 2.711346e-14 -2.378487e-14 -1.000000e+00
    outer loop
      vertex   1.477297e+02 8.092146e+00 -7.504445e+00
      vertex   1.474916e+02 8.082082e+00 -7.504445e+00
      vertex   1.477589e+02 8.162764e+00 -7.504445e+00
    endloop
  endfacet
  facet normal 3.569704e-14 -5.222483e-14 -1.000000e+00
    outer loop
      vertex   1.477589e+02 8.162764e+00 -7.504445e+00
      vertex   1.474916e+02 8.082082e+00 -7.504445e+00
      vertex   1.476329e+02 8.178634e+00 -7.504445e+00
    endloop
  endfacet
  facet normal 3.505110e-14 -5.735619e-14 -1.000000e+00
    outer loop
      vertex   1.477589e+02 8.162764e+00 -7.504445e+00
      vertex   1.476329e+02 8.178634e+00 -7.504445e+00
      vertex   1.477930e+02 8.245508e+00 -7.504445e+00
    endloop
  endfacet
  facet normal 1.946340e-14 -2.003636e-14 -1.000000e+00
    outer loop
      vertex   1.477930e+02 8.245508e+00 -7.504445e+00
      vertex   1.476329e+02 8.178634e+00 -7.504445e+00
      vertex   1.477556e+02 8.297852e+00 -7.504445e+00
    endloop
  endfacet
  facet normal 2.147125e-14 -1.860246e-14 -1.000000e+00
    outer loop
      vertex   1.477930e+02 8.245508e+00 -7.504445e+00
      vertex   1.477556e+02 8.297852e+00 -7.504445e+00
      vertex   1.478664e+02 8.425779e+00 -7.504445e+00
    endloop
  endfacet
  facet normal -0.000000e+00 0.000000e+00 -1.000000e+00
    outer loop
      vertex   1.478664e+02 8.425779e+00 -7.504445e+00
      vertex   1.477556e+02 8.297852e+00 -7.504445e+00
      vertex   1.478562e+02 8.436248e+00 -7.504445e+00
    endloop
  endfacet
  facet normal -2.228879e-14 -2.177325e-14 -1.000000e+00
    outer loop
      vertex   1.478664e+02 8.425779e+00 -7.504445e+00
      vertex   1.478562e+02 8.436248e+00 -7.504445e+00
      vertex   1.479012e+02 8.512508e+00 -7.504445e+00
    endloop
  endfacet
  facet normal 1.874286e-12 -1.142125e-12 -1.000000e+00
    outer loop
      vertex   1.479012e+02 8.512508e+00 -7.504445e+00
      vertex   1.478562e+02 8.436248e+00 -7.504445e+00
      vertex   1.479317e+02 8.589768e+00 -7.504445e+00
    endloop
  endfacet
  facet normal 0.000000e+00 0.000000e+00 1.000000e+00
    outer loop
      vertex   7.562282e+01 6.952902e+00 -9.486445e+00
      vertex   7.562282e+01 5.873711e+00 -9.486445e+00
      vertex   1.470000e+02 6.952902e+00 -9.486445e+00
    endloop
  endfacet
  facet normal 0.000000e+00 0.000000e+00 1.000000e+00
    outer loop
      vertex   1.470000e+02 6.952902e+00 -9.486445e+00
      vertex   7.562282e+01 5.873711e+00 -9.486445e+00
      vertex   1.471263e+02 5.873711e+00 -9.486445e+00
    endloop
  endfacet
  facet normal -0.000000e+00 0.000000e+00 1.000000e+00
    outer loop
      vertex   1.470000e+02 6.952902e+00 -9.486445e+00
      vertex   1.471263e+02 5.873711e+00 -9.486445e+00
      vertex   1.470421e+02 6.953345e+00 -9.486445e+00
    endloop
  endfacet
  facet normal -0.000000e+00 0.000000e+00 1.000000e+00
    outer loop
      vertex   1.470421e+02 6.953345e+00 -9.486445e+00
      vertex   1.471263e+02 5.873711e+00 -9.486445e+00
      vertex   1.470842e+02 6.954676e+00 -9.486445e+00
    endloop
  endfacet
  facet normal 1.685694e-13 6.559777e-15 1.000000e+00
    outer loop
      vertex   1.470842e+02 6.954676e+00 -9.486445e+00
      vertex   1.471263e+02 5.873711e+00 -9.486445e+00
      vertex   1.471263e+02 6.956893e+00 -9.486445e+00
    endloop
  endfacet
  facet normal -1.054725e-03 -8.398077e-01 5.428830e-01
    outer loop
      vertex   1.479279e+02 5.072132e+00 -9.888557e+00
      vertex   1.441907e+02 5.099385e+00 -9.853659e+00
      vertex   1.480000e+02 5.000000e+00 -1.000000e+01
    endloop
  endfacet
  facet normal 0.000000e+00 -8.272613e-01 5.618173e-01
    outer loop
      vertex   1.480000e+02 5.000000e+00 -1.000000e+01
      vertex   1.441907e+02 5.099385e+00 -9.853659e+00
      vertex   1.403814e+02 5.099385e+00 -9.853659e+00
    endloop
  endfacet
  facet normal 0.000000e+00 -8.272613e-01 5.618173e-01
    outer loop
      vertex   1.480000e+02 5.000000e+00 -1.000000e+01
      vertex   1.403814e+02 5.099385e+00 -9.853659e+00
      vertex   1.365720e+02 5.099385e+00 -9.853659e+00
    endloop
  endfacet
  facet normal 0.000000e+00 -7.153223e-01 6.987946e-01
    outer loop
      vertex   1.365720e+02 5.099385e+00 -9.853659e+00
      vertex   1.403814e+02 5.099385e+00 -9.853659e+00
      vertex   1.365720e+02 5.223001e+00 -9.727119e+00
    endloop
  endfacet
  facet normal 0.000000e+00 -7.153223e-01 6.987946e-01
    outer loop
      vertex   1.365720e+02 5.099385e+00 -9.853659e+00
      vertex   1.365720e+02 5.223001e+00 -9.727119e+00
      vertex   1.327627e+02 5.223001e+00 -9.727119e+00
    endloop
  endfacet
  facet normal 0.000000e+00 -5.809987e-01 8.139045e-01
    outer loop
      vertex   1.327627e+02 5.223001e+00 -9.727119e+00
      vertex   1.365720e+02 5.223001e+00 -9.727119e+00
      vertex   1.327627e+02 5.366979e+00 -9.624341e+00
    endloop
  endfacet
  facet normal -2.703007e-16 -5.809987e-01 8.139045e-01
    outer loop
      vertex   1.327627e+02 5.223001e+00 -9.727119e+00
      vertex   1.327627e+02 5.366979e+00 -9.624341e+00
      vertex   1.289534e+02 5.366979e+00 -9.624341e+00
    endloop
  endfacet
  facet normal -1.998144e-16 -4.284938e-01 9.035447e-01
    outer loop
      vertex   1.289534e+02 5.366979e+00 -9.624341e+00
      vertex   1.327627e+02 5.366979e+00 -9.624341e+00
      vertex   1.289534e+02 5.526815e+00 -9.548541e+00
    endloop
  endfacet
  facet normal 0.000000e+00 -4.284938e-01 9.035447e-01
    outer loop
      vertex   1.289534e+02 5.366979e+00 -9.624341e+00
      vertex   1.289534e+02 5.526815e+00 -9.548541e+00
      vertex   1.251440e+02 5.526815e+00 -9.548541e+00
    endloop
  endfacet
  facet normal 0.000000e+00 -2.625800e-01 9.649102e-01
    outer loop
      vertex   1.251440e+02 5.526815e+00 -9.548541e+00
      vertex   1.289534e+02 5.526815e+00 -9.548541e+00
      vertex   1.251440e+02 5.697506e+00 -9.502091e+00
    endloop
  endfacet
  facet normal 0.000000e+00 -2.625800e-01 9.649102e-01
    outer loop
      vertex   1.251440e+02 5.526815e+00 -9.548541e+00
      vertex   1.251440e+02 5.697506e+00 -9.502091e+00
      vertex   1.213347e+02 5.697506e+00 -9.502091e+00
    endloop
  endfacet
  facet normal 0.000000e+00 -8.844930e-02 9.960807e-01
    outer loop
      vertex   1.213347e+02 5.697506e+00 -9.502091e+00
      vertex   1.251440e+02 5.697506e+00 -9.502091e+00
      vertex   7.562282e+01 5.873711e+00 -9.486445e+00
    endloop
  endfacet
  facet normal 0.000000e+00 -8.844930e-02 9.960807e-01
    outer loop
      vertex   1.213347e+02 5.697506e+00 -9.502091e+00
      vertex   7.562282e+01 5.873711e+00 -9.486445e+00
      vertex   1.175254e+02 5.697506e+00 -9.502091e+00
    endloop
  endfacet
  facet normal 0.000000e+00 -8.844930e-02 9.960807e-01
    outer loop
      vertex   1.175254e+02 5.697506e+00 -9.502091e+00
      vertex   7.562282e+01 5.873711e+00 -9.486445e+00
      vertex   1.137161e+02 5.697506e+00 -9.502091e+00
    endloop
  endfacet
  facet normal 0.000000e+00 -2.625800e-01 9.649102e-01
    outer loop
      vertex   1.175254e+02 5.697506e+00 -9.502091e+00
      vertex   1.137161e+02 5.697506e+00 -9.502091e+00
      vertex   1.175254e+02 5.526815e+00 -9.548541e+00
    endloop
  endfacet
  facet normal 0.000000e+00 -2.625800e-01 9.649102e-01
    outer loop
      vertex   1.175254e+02 5.526815e+00 -9.548541e+00
      vertex   1.137161e+02 5.697506e+00 -9.502091e+00
      vertex   1.137161e+02 5.526815e+00 -9.548541e+00
    endloop
  endfacet
  facet normal 0.000000e+00 -4.284938e-01 9.035447e-01
    outer loop
      vertex   1.175254e+02 5.526815e+00 -9.548541e+00
      vertex   1.137161e+02 5.526815e+00 -9.548541e+00
      vertex   1.175254e+02 5.366979e+00 -9.624341e+00
    endloop
  endfacet
  facet normal -9.990719e-17 -4.284938e-01 9.035447e-01
    outer loop
      vertex   1.175254e+02 5.366979e+00 -9.624341e+00
      vertex   1.137161e+02 5.526815e+00 -9.548541e+00
      vertex   1.137161e+02 5.366979e+00 -9.624341e+00
    endloop
  endfacet
  facet normal -1.354651e-16 -5.809987e-01 8.139045e-01
    outer loop
      vertex   1.175254e+02 5.366979e+00 -9.624341e+00
      vertex   1.137161e+02 5.366979e+00 -9.624341e+00
      vertex   1.175254e+02 5.223001e+00 -9.727119e+00
    endloop
  endfacet
  facet normal 0.000000e+00 -5.809987e-01 8.139045e-01
    outer loop
      vertex   1.175254e+02 5.223001e+00 -9.727119e+00
      vertex   1.137161e+02 5.366979e+00 -9.624341e+00
      vertex   1.137161e+02 5.223001e+00 -9.727119e+00
    endloop
  endfacet
  facet normal 0.000000e+00 -7.153223e-01 6.987946e-01
    outer loop
      vertex   1.175254e+02 5.223001e+00 -9.727119e+00
      vertex   1.137161e+02 5.223001e+00 -9.727119e+00
      vertex   1.175254e+02 5.099385e+00 -9.853659e+00
    endloop
  endfacet
  facet normal 0.000000e+00 -7.153223e-01 6.987946e-01
    outer loop
      vertex   1.175254e+02 5.099385e+00 -9.853659e+00
      vertex   1.137161e+02 5.223001e+00 -9.727119e+00
      vertex   1.137161e+02 5.099385e+00 -9.853659e+00
    endloop
  endfacet
  facet normal 0.000000e+00 -8.272613e-01 5.618173e-01
    outer loop
      vertex   1.175254e+02 5.099385e+00 -9.853659e+00
      vertex   1.137161e+02 5.099385e+00 -9.853659e+00
      vertex   1.480000e+02 5.000000e+00 -1.000000e+01
    endloop
  endfacet
  facet normal 0.000000e+00 -8.272613e-01 5.618173e-01
    outer loop
      vertex   1.480000e+02 5.000000e+00 -1.000000e+01
      vertex   1.137161e+02 5.099385e+00 -9.853659e+00
      vertex   1.099067e+02 5.099385e+00 -9.853659e+00
    endloop
  endfacet
  facet normal 0.000000e+00 -8.272613e-01 5.618173e-01
    outer loop
      vertex   1.480000e+02 5.000000e+00 -1.000000e+01
      vertex   1.099067e+02 5.099385e+00 -9.853659e+00
      vertex   1.060974e+02 5.099385e+00 -9.853659e+00
    endloop
  endfacet
  facet normal 0.000000e+00 -7.153223e-01 6.987946e-01
    outer loop
      vertex   1.060974e+02 5.099385e+00 -9.853659e+00
      vertex   1.099067e+02 5.099385e+00 -9.853659e+00
      vertex   1.060974e+02 5.223001e+00 -9.727119e+00
    endloop
  endfacet
  facet normal 0.000000e+00 -7.153223e-01 6.987946e-01
    outer loop
      vertex   1.060974e+02 5.099385e+00 -9.853659e+00
      vertex   1.060974e+02 5.223001e+00 -9.727119e+00
      vertex   1.022881e+02 5.223001e+00 -9.727119e+00
    endloop
  endfacet
  facet normal 0.000000e+00 -5.809987e-01 8.139045e-01
    outer loop
      vertex   1.022881e+02 5.223001e+00 -9.727119e+00
      vertex   1.060974e+02 5.223001e+00 -9.727119e+00
      vertex   1.022881e+02 5.366979e+00 -9.624341e+00
    endloop
  endfacet
  facet normal 0.000000e+00 -5.809987e-01 8.139045e-01
    outer loop
      vertex   1.022881e+02 5.223001e+00 -9.727119e+00
      vertex   1.022881e+02 5.366979e+00 -9.624341e+00
      vertex   9.847877e+01 5.366979e+00 -9.624341e+00
    endloop
  endfacet
  facet normal 0.000000e+00 -4.284938e-01 9.035447e-01
    outer loop
      vertex   9.847877e+01 5.366979e+00 -9.624341e+00
      vertex   1.022881e+02 5.366979e+00 -9.624341e+00
      vertex   9.847877e+01 5.526815e+00 -9.548541e+00
    endloop
  endfacet
  facet normal 0.000000e+00 -4.284938e-01 9.035447e-01
    outer loop
      vertex   9.847877e+01 5.366979e+00 -9.624341e+00
      vertex   9.847877e+01 5.526815e+00 -9.548541e+00
      vertex   9.466945e+01 5.526815e+00 -9.548541e+00
    endloop
  endfacet
  facet normal 0.000000e+00 -2.625800e-01 9.649102e-01
    outer loop
      vertex   9.466945e+01 5.526815e+00 -9.548541e+00
      vertex   9.847877e+01 5.526815e+00 -9.548541e+00
      vertex   9.466945e+01 5.697506e+00 -9.502091e+00
    endloop
  endfacet
  facet normal 0.000000e+00 -2.625800e-01 9.649102e-01
    outer loop
      vertex   9.466945e+01 5.526815e+00 -9.548541e+00
      vertex   9.466945e+01 5.697506e+00 -9.502091e+00
      vertex   9.086012e+01 5.697506e+00 -9.502091e+00
    endloop
  endfacet
  facet normal 0.000000e+00 -8.844930e-02 9.960807e-01
    outer loop
      vertex   9.086012e+01 5.697506e+00 -9.502091e+00
      vertex   9.466945e+01 5.697506e+00 -9.502091e+00
      vertex   7.562282e+01 5.873711e+00 -9.486445e+00
    endloop
  endfacet
  facet normal 0.000000e+00 -8.844930e-02 9.960807e-01
    outer loop
      vertex   9.086012e+01 5.697506e+00 -9.502091e+00
      vertex   7.562282e+01 5.873711e+00 -9.486445e+00
      vertex   8.705080e+01 5.697506e+00 -9.502091e+00
    endloop
  endfacet
  facet normal 0.000000e+00 -8.844930e-02 9.960807e-01
    outer loop
      vertex   8.705080e+01 5.697506e+00 -9.502091e+00
      vertex   7.562282e+01 5.873711e+00 -9.486445e+00
      vertex   8.324147e+01 5.697506e+00 -9.502091e+00
    endloop
  endfacet
  facet normal 0.000000e+00 -2.625800e-01 9.649102e-01
    outer loop
      vertex   8.705080e+01 5.697506e+00 -9.502091e+00
      vertex   8.324147e+01 5.697506e+00 -9.502091e+00
      vertex   8.705080e+01 5.526815e+00 -9.548541e+00
    endloop
  endfacet
  facet normal 0.000000e+00 -2.625800e-01 9.649102e-01
    outer loop
      vertex   8.705080e+01 5.526815e+00 -9.548541e+00
      vertex   8.324147e+01 5.697506e+00 -9.502091e+00
      vertex   8.324147e+01 5.526815e+00 -9.548541e+00
    endloop
  endfacet
  facet normal 0.000000e+00 -4.284938e-01 9.035447e-01
    outer loop
      vertex   8.705080e+01 5.526815e+00 -9.548541e+00
      vertex   8.324147e+01 5.526815e+00 -9.548541e+00
      vertex   8.705080e+01 5.366979e+00 -9.624341e+00
    endloop
  endfacet
  facet normal 0.000000e+00 -4.284938e-01 9.035447e-01
    outer loop
      vertex   8.705080e+01 5.366979e+00 -9.624341e+00
      vertex   8.324147e+01 5.526815e+00 -9.548541e+00
      vertex   8.324147e+01 5.366979e+00 -9.624341e+00
    endloop
  endfacet
  facet normal 0.000000e+00 -5.809987e-01 8.139045e-01
    outer loop
      vertex   8.705080e+01 5.366979e+00 -9.624341e+00
      vertex   8.324147e+01 5.366979e+00 -9.624341e+00
      vertex   8.705080e+01 5.223001e+00 -9.727119e+00
    endloop
  endfacet
  facet normal 0.000000e+00 -5.809987e-01 8.139045e-01
    outer loop
      vertex   8.705080e+01 5.223001e+00 -9.727119e+00
      vertex   8.324147e+01 5.366979e+00 -9.624341e+00
      vertex   8.324147e+01 5.223001e+00 -9.727119e+00
    endloop
  endfacet
  facet normal 0.000000e+00 -7.153223e-01 6.987946e-01
    outer loop
      vertex   8.705080e+01 5.223001e+00 -9.727119e+00
      vertex   8.324147e+01 5.223001e+00 -9.727119e+00
      vertex   8.705080e+01 5.099385e+00 -9.853659e+00
    endloop
  endfacet
  facet normal 0.000000e+00 -7.153223e-01 6.987946e-01
    outer loop
      vertex   8.705080e+01 5.099385e+00 -9.853659e+00
      vertex   8.324147e+01 5.223001e+00 -9.727119e+00
      vertex   8.324147e+01 5.099385e+00 -9.853659e+00
    endloop
  endfacet
  facet normal 0.000000e+00 -7.822706e-01 6.229388e-01
    outer loop
      vertex   8.705080e+01 5.099385e+00 -9.853659e+00
      vertex   8.324147e+01 5.099385e+00 -9.853659e+00
      vertex   7.562282e+01 5.083622e+00 -9.873453e+00
    endloop
  endfacet
  facet normal 0.000000e+00 -7.822706e-01 6.229388e-01
    outer loop
      vertex   7.562282e+01 5.083622e+00 -9.873453e+00
      vertex   8.324147e+01 5.099385e+00 -9.853659e+00
      vertex   7.943215e+01 5.099385e+00 -9.853659e+00
    endloop
  endfacet
  facet normal -4.199321e-04 -7.413244e-01 6.711467e-01
    outer loop
      vertex   7.562282e+01 5.083622e+00 -9.873453e+00
      vertex   7.943215e+01 5.099385e+00 -9.853659e+00
      vertex   7.562282e+01 5.185422e+00 -9.761009e+00
    endloop
  endfacet
  facet normal 8.397968e-04 -7.153221e-01 6.987944e-01
    outer loop
      vertex   7.562282e+01 5.185422e+00 -9.761009e+00
      vertex   7.943215e+01 5.099385e+00 -9.853659e+00
      vertex   7.943215e+01 5.223001e+00 -9.727119e+00
    endloop
  endfacet
  facet normal -6.719989e-04 -6.312903e-01 7.755464e-01
    outer loop
      vertex   7.562282e+01 5.185422e+00 -9.761009e+00
      vertex   7.943215e+01 5.223001e+00 -9.727119e+00
      vertex   7.562282e+01 5.303057e+00 -9.665255e+00
    endloop
  endfacet
  facet normal 1.007864e-03 -5.809984e-01 8.139041e-01
    outer loop
      vertex   7.562282e+01 5.303057e+00 -9.665255e+00
      vertex   7.943215e+01 5.223001e+00 -9.727119e+00
      vertex   7.943215e+01 5.366979e+00 -9.624341e+00
    endloop
  endfacet
  facet normal -7.560390e-04 -5.067322e-01 8.621032e-01
    outer loop
      vertex   7.562282e+01 5.303057e+00 -9.665255e+00
      vertex   7.943215e+01 5.366979e+00 -9.624341e+00
      vertex   7.562282e+01 5.433820e+00 -9.588394e+00
    endloop
  endfacet
  facet normal 1.007864e-03 -4.284936e-01 9.035443e-01
    outer loop
      vertex   7.562282e+01 5.433820e+00 -9.588394e+00
      vertex   7.943215e+01 5.366979e+00 -9.624341e+00
      vertex   7.943215e+01 5.526815e+00 -9.548541e+00
    endloop
  endfacet
  facet normal -6.719989e-04 -3.705158e-01 9.288259e-01
    outer loop
      vertex   7.562282e+01 5.433820e+00 -9.588394e+00
      vertex   7.943215e+01 5.526815e+00 -9.548541e+00
      vertex   7.562282e+01 5.574705e+00 -9.532194e+00
    endloop
  endfacet
  facet normal 8.397968e-04 -2.625799e-01 9.649099e-01
    outer loop
      vertex   7.562282e+01 5.574705e+00 -9.532194e+00
      vertex   7.943215e+01 5.526815e+00 -9.548541e+00
      vertex   7.943215e+01 5.697506e+00 -9.502091e+00
    endloop
  endfacet
  facet normal -4.199321e-04 -2.257751e-01 9.741794e-01
    outer loop
      vertex   7.562282e+01 5.574705e+00 -9.532194e+00
      vertex   7.943215e+01 5.697506e+00 -9.502091e+00
      vertex   7.562282e+01 5.722468e+00 -9.497948e+00
    endloop
  endfacet
  facet normal 5.875284e-04 -7.583998e-02 9.971198e-01
    outer loop
      vertex   7.562282e+01 5.722468e+00 -9.497948e+00
      vertex   7.943215e+01 5.697506e+00 -9.502091e+00
      vertex   7.562282e+01 5.873711e+00 -9.486445e+00
    endloop
  endfacet
  facet normal 0.000000e+00 -8.844930e-02 9.960807e-01
    outer loop
      vertex   7.562282e+01 5.873711e+00 -9.486445e+00
      vertex   7.943215e+01 5.697506e+00 -9.502091e+00
      vertex   8.324147e+01 5.697506e+00 -9.502091e+00
    endloop
  endfacet
  facet normal 5.285603e-04 -7.599040e-01 6.500351e-01
    outer loop
      vertex   1.479279e+02 5.072132e+00 -9.888557e+00
      vertex   1.478416e+02 5.158389e+00 -9.787650e+00
      vertex   1.441907e+02 5.099385e+00 -9.853659e+00
    endloop
  endfacet
  facet normal -1.073510e-03 -7.153219e-01 6.987942e-01
    outer loop
      vertex   1.441907e+02 5.099385e+00 -9.853659e+00
      vertex   1.478416e+02 5.158389e+00 -9.787650e+00
      vertex   1.441907e+02 5.223001e+00 -9.727119e+00
    endloop
  endfacet
  facet normal 0.000000e+00 -7.153223e-01 6.987946e-01
    outer loop
      vertex   1.441907e+02 5.099385e+00 -9.853659e+00
      vertex   1.441907e+02 5.223001e+00 -9.727119e+00
      vertex   1.403814e+02 5.223001e+00 -9.727119e+00
    endloop
  endfacet
  facet normal 0.000000e+00 -5.809987e-01 8.139045e-01
    outer loop
      vertex   1.403814e+02 5.223001e+00 -9.727119e+00
      vertex   1.441907e+02 5.223001e+00 -9.727119e+00
      vertex   1.403814e+02 5.366979e+00 -9.624341e+00
    endloop
  endfacet
  facet normal 0.000000e+00 -5.809987e-01 8.139045e-01
    outer loop
      vertex   1.403814e+02 5.223001e+00 -9.727119e+00
      vertex   1.403814e+02 5.366979e+00 -9.624341e+00
      vertex   1.365720e+02 5.366979e+00 -9.624341e+00
    endloop
  endfacet
  facet normal 0.000000e+00 -4.284938e-01 9.035447e-01
    outer loop
      vertex   1.365720e+02 5.366979e+00 -9.624341e+00
      vertex   1.403814e+02 5.366979e+00 -9.624341e+00
      vertex   1.365720e+02 5.526815e+00 -9.548541e+00
    endloop
  endfacet
  facet normal 0.000000e+00 -4.284938e-01 9.035447e-01
    outer loop
      vertex   1.365720e+02 5.366979e+00 -9.624341e+00
      vertex   1.365720e+02 5.526815e+00 -9.548541e+00
      vertex   1.327627e+02 5.526815e+00 -9.548541e+00
    endloop
  endfacet
  facet normal 0.000000e+00 -2.625800e-01 9.649102e-01
    outer loop
      vertex   1.327627e+02 5.526815e+00 -9.548541e+00
      vertex   1.365720e+02 5.526815e+00 -9.548541e+00
      vertex   1.327627e+02 5.697506e+00 -9.502091e+00
    endloop
  endfacet
  facet normal 0.000000e+00 -2.625800e-01 9.649102e-01
    outer loop
      vertex   1.327627e+02 5.526815e+00 -9.548541e+00
      vertex   1.327627e+02 5.697506e+00 -9.502091e+00
      vertex   1.289534e+02 5.697506e+00 -9.502091e+00
    endloop
  endfacet
  facet normal 0.000000e+00 -1.543690e-01 9.880133e-01
    outer loop
      vertex   1.289534e+02 5.697506e+00 -9.502091e+00
      vertex   1.327627e+02 5.697506e+00 -9.502091e+00
      vertex   1.472587e+02 5.741254e+00 -9.495256e+00
    endloop
  endfacet
  facet normal 0.000000e+00 -1.543690e-01 9.880133e-01
    outer loop
      vertex   1.289534e+02 5.697506e+00 -9.502091e+00
      vertex   1.472587e+02 5.741254e+00 -9.495256e+00
      vertex   1.251440e+02 5.697506e+00 -9.502091e+00
    endloop
  endfacet
  facet normal -8.520677e-05 -1.121835e-01 9.936875e-01
    outer loop
      vertex   1.251440e+02 5.697506e+00 -9.502091e+00
      vertex   1.472587e+02 5.741254e+00 -9.495256e+00
      vertex   7.562282e+01 5.873711e+00 -9.486445e+00
    endloop
  endfacet
  facet normal 5.467589e-04 -6.670590e-01 7.450047e-01
    outer loop
      vertex   1.478416e+02 5.158389e+00 -9.787650e+00
      vertex   1.477427e+02 5.257252e+00 -9.699058e+00
      vertex   1.441907e+02 5.223001e+00 -9.727119e+00
    endloop
  endfacet
  facet normal -8.274064e-04 -5.809985e-01 8.139042e-01
    outer loop
      vertex   1.441907e+02 5.223001e+00 -9.727119e+00
      vertex   1.477427e+02 5.257252e+00 -9.699058e+00
      vertex   1.441907e+02 5.366979e+00 -9.624341e+00
    endloop
  endfacet
  facet normal 0.000000e+00 -5.809987e-01 8.139045e-01
    outer loop
      vertex   1.441907e+02 5.223001e+00 -9.727119e+00
      vertex   1.441907e+02 5.366979e+00 -9.624341e+00
      vertex   1.403814e+02 5.366979e+00 -9.624341e+00
    endloop
  endfacet
  facet normal 0.000000e+00 -4.284938e-01 9.035447e-01
    outer loop
      vertex   1.403814e+02 5.366979e+00 -9.624341e+00
      vertex   1.441907e+02 5.366979e+00 -9.624341e+00
      vertex   1.403814e+02 5.526815e+00 -9.548541e+00
    endloop
  endfacet
  facet normal 0.000000e+00 -4.284938e-01 9.035447e-01
    outer loop
      vertex   1.403814e+02 5.366979e+00 -9.624341e+00
      vertex   1.403814e+02 5.526815e+00 -9.548541e+00
      vertex   1.365720e+02 5.526815e+00 -9.548541e+00
    endloop
  endfacet
  facet normal 0.000000e+00 -2.625800e-01 9.649102e-01
    outer loop
      vertex   1.365720e+02 5.526815e+00 -9.548541e+00
      vertex   1.403814e+02 5.526815e+00 -9.548541e+00
      vertex   1.365720e+02 5.697506e+00 -9.502091e+00
    endloop
  endfacet
  facet normal 0.000000e+00 -2.625800e-01 9.649102e-01
    outer loop
      vertex   1.365720e+02 5.526815e+00 -9.548541e+00
      vertex   1.365720e+02 5.697506e+00 -9.502091e+00
      vertex   1.327627e+02 5.697506e+00 -9.502091e+00
    endloop
  endfacet
  facet normal 0.000000e+00 -1.543690e-01 9.880133e-01
    outer loop
      vertex   1.327627e+02 5.697506e+00 -9.502091e+00
      vertex   1.365720e+02 5.697506e+00 -9.502091e+00
      vertex   1.472587e+02 5.741254e+00 -9.495256e+00
    endloop
  endfacet
  facet normal 1.142636e-15 -5.628369e-01 8.265680e-01
    outer loop
      vertex   1.477427e+02 5.257252e+00 -9.699058e+00
      vertex   1.476330e+02 5.366979e+00 -9.624341e+00
      vertex   1.441907e+02 5.366979e+00 -9.624341e+00
    endloop
  endfacet
  facet normal 1.153879e-15 -4.483928e-01 8.938366e-01
    outer loop
      vertex   1.441907e+02 5.366979e+00 -9.624341e+00
      vertex   1.476330e+02 5.366979e+00 -9.624341e+00
      vertex   1.475144e+02 5.485636e+00 -9.564817e+00
    endloop
  endfacet
  facet normal -8.842607e-04 -4.284937e-01 9.035444e-01
    outer loop
      vertex   1.441907e+02 5.366979e+00 -9.624341e+00
      vertex   1.475144e+02 5.485636e+00 -9.564817e+00
      vertex   1.441907e+02 5.526815e+00 -9.548541e+00
    endloop
  endfacet
  facet normal 5.972628e-04 -3.255130e-01 9.455374e-01
    outer loop
      vertex   1.441907e+02 5.526815e+00 -9.548541e+00
      vertex   1.475144e+02 5.485636e+00 -9.564817e+00
      vertex   1.473889e+02 5.611131e+00 -9.521535e+00
    endloop
  endfacet
  facet normal -1.225478e-03 -2.625798e-01 9.649095e-01
    outer loop
      vertex   1.441907e+02 5.526815e+00 -9.548541e+00
      vertex   1.473889e+02 5.611131e+00 -9.521535e+00
      vertex   1.441907e+02 5.697506e+00 -9.502091e+00
    endloop
  endfacet
  facet normal 6.299800e-04 -1.973498e-01 9.803329e-01
    outer loop
      vertex   1.441907e+02 5.697506e+00 -9.502091e+00
      vertex   1.473889e+02 5.611131e+00 -9.521535e+00
      vertex   1.472587e+02 5.741254e+00 -9.495256e+00
    endloop
  endfacet
  facet normal 0.000000e+00 -1.543690e-01 9.880133e-01
    outer loop
      vertex   1.441907e+02 5.697506e+00 -9.502091e+00
      vertex   1.472587e+02 5.741254e+00 -9.495256e+00
      vertex   1.403814e+02 5.697506e+00 -9.502091e+00
    endloop
  endfacet
  facet normal 0.000000e+00 -1.543690e-01 9.880133e-01
    outer loop
      vertex   1.403814e+02 5.697506e+00 -9.502091e+00
      vertex   1.472587e+02 5.741254e+00 -9.495256e+00
      vertex   1.365720e+02 5.697506e+00 -9.502091e+00
    endloop
  endfacet
  facet normal 0.000000e+00 -2.625800e-01 9.649102e-01
    outer loop
      vertex   1.403814e+02 5.697506e+00 -9.502091e+00
      vertex   1.365720e+02 5.697506e+00 -9.502091e+00
      vertex   1.403814e+02 5.526815e+00 -9.548541e+00
    endloop
  endfacet
  facet normal 0.000000e+00 -6.637494e-02 9.977948e-01
    outer loop
      vertex   1.472587e+02 5.741254e+00 -9.495256e+00
      vertex   1.471263e+02 5.873711e+00 -9.486445e+00
      vertex   7.562282e+01 5.873711e+00 -9.486445e+00
    endloop
  endfacet
  facet normal 0.000000e+00 -8.343031e-01 5.513060e-01
    outer loop
      vertex   7.562282e+01 5.000000e+00 -1.000000e+01
      vertex   1.480000e+02 5.000000e+00 -1.000000e+01
      vertex   7.562282e+01 5.083622e+00 -9.873453e+00
    endloop
  endfacet
  facet normal 7.198324e-05 -8.148744e-01 5.796376e-01
    outer loop
      vertex   7.562282e+01 5.083622e+00 -9.873453e+00
      vertex   1.480000e+02 5.000000e+00 -1.000000e+01
      vertex   9.466945e+01 5.099385e+00 -9.853659e+00
    endloop
  endfacet
  facet normal 0.000000e+00 -7.822706e-01 6.229388e-01
    outer loop
      vertex   7.562282e+01 5.083622e+00 -9.873453e+00
      vertex   9.466945e+01 5.099385e+00 -9.853659e+00
      vertex   9.086012e+01 5.099385e+00 -9.853659e+00
    endloop
  endfacet
  facet normal 0.000000e+00 -7.153223e-01 6.987946e-01
    outer loop
      vertex   9.086012e+01 5.099385e+00 -9.853659e+00
      vertex   9.466945e+01 5.099385e+00 -9.853659e+00
      vertex   9.086012e+01 5.223001e+00 -9.727119e+00
    endloop
  endfacet
  facet normal 0.000000e+00 -7.153223e-01 6.987946e-01
    outer loop
      vertex   9.086012e+01 5.099385e+00 -9.853659e+00
      vertex   9.086012e+01 5.223001e+00 -9.727119e+00
      vertex   8.705080e+01 5.223001e+00 -9.727119e+00
    endloop
  endfacet
  facet normal 0.000000e+00 -5.809987e-01 8.139045e-01
    outer loop
      vertex   8.705080e+01 5.223001e+00 -9.727119e+00
      vertex   9.086012e+01 5.223001e+00 -9.727119e+00
      vertex   8.705080e+01 5.366979e+00 -9.624341e+00
    endloop
  endfacet
  facet normal 0.000000e+00 -7.153223e-01 6.987946e-01
    outer loop
      vertex   1.365720e+02 5.223001e+00 -9.727119e+00
      vertex   1.403814e+02 5.099385e+00 -9.853659e+00
      vertex   1.403814e+02 5.223001e+00 -9.727119e+00
    endloop
  endfacet
  facet normal 0.000000e+00 -7.153223e-01 6.987946e-01
    outer loop
      vertex   1.403814e+02 5.223001e+00 -9.727119e+00
      vertex   1.403814e+02 5.099385e+00 -9.853659e+00
      vertex   1.441907e+02 5.099385e+00 -9.853659e+00
    endloop
  endfacet
  facet normal 0.000000e+00 -8.272613e-01 5.618173e-01
    outer loop
      vertex   1.365720e+02 5.099385e+00 -9.853659e+00
      vertex   1.327627e+02 5.099385e+00 -9.853659e+00
      vertex   1.480000e+02 5.000000e+00 -1.000000e+01
    endloop
  endfacet
  facet normal 0.000000e+00 -8.272613e-01 5.618173e-01
    outer loop
      vertex   1.480000e+02 5.000000e+00 -1.000000e+01
      vertex   1.327627e+02 5.099385e+00 -9.853659e+00
      vertex   1.289534e+02 5.099385e+00 -9.853659e+00
    endloop
  endfacet
  facet normal 0.000000e+00 -8.272613e-01 5.618173e-01
    outer loop
      vertex   1.480000e+02 5.000000e+00 -1.000000e+01
      vertex   1.289534e+02 5.099385e+00 -9.853659e+00
      vertex   1.251440e+02 5.099385e+00 -9.853659e+00
    endloop
  endfacet
  facet normal 0.000000e+00 -7.153223e-01 6.987946e-01
    outer loop
      vertex   1.251440e+02 5.099385e+00 -9.853659e+00
      vertex   1.289534e+02 5.099385e+00 -9.853659e+00
      vertex   1.251440e+02 5.223001e+00 -9.727119e+00
    endloop
  endfacet
  facet normal 0.000000e+00 -7.153223e-01 6.987946e-01
    outer loop
      vertex   1.251440e+02 5.099385e+00 -9.853659e+00
      vertex   1.251440e+02 5.223001e+00 -9.727119e+00
      vertex   1.213347e+02 5.223001e+00 -9.727119e+00
    endloop
  endfacet
  facet normal 0.000000e+00 -5.809987e-01 8.139045e-01
    outer loop
      vertex   1.213347e+02 5.223001e+00 -9.727119e+00
      vertex   1.251440e+02 5.223001e+00 -9.727119e+00
      vertex   1.213347e+02 5.366979e+00 -9.624341e+00
    endloop
  endfacet
  facet normal 0.000000e+00 -5.809987e-01 8.139045e-01
    outer loop
      vertex   1.213347e+02 5.223001e+00 -9.727119e+00
      vertex   1.213347e+02 5.366979e+00 -9.624341e+00
      vertex   1.175254e+02 5.366979e+00 -9.624341e+00
    endloop
  endfacet
  facet normal 0.000000e+00 -4.284938e-01 9.035447e-01
    outer loop
      vertex   1.175254e+02 5.366979e+00 -9.624341e+00
      vertex   1.213347e+02 5.366979e+00 -9.624341e+00
      vertex   1.175254e+02 5.526815e+00 -9.548541e+00
    endloop
  endfacet
  facet normal 0.000000e+00 -7.153223e-01 6.987946e-01
    outer loop
      vertex   1.365720e+02 5.099385e+00 -9.853659e+00
      vertex   1.327627e+02 5.223001e+00 -9.727119e+00
      vertex   1.327627e+02 5.099385e+00 -9.853659e+00
    endloop
  endfacet
  facet normal 0.000000e+00 -7.153223e-01 6.987946e-01
    outer loop
      vertex   1.327627e+02 5.099385e+00 -9.853659e+00
      vertex   1.327627e+02 5.223001e+00 -9.727119e+00
      vertex   1.289534e+02 5.223001e+00 -9.727119e+00
    endloop
  endfacet
  facet normal 0.000000e+00 -7.153223e-01 6.987946e-01
    outer loop
      vertex   1.327627e+02 5.099385e+00 -9.853659e+00
      vertex   1.289534e+02 5.223001e+00 -9.727119e+00
      vertex   1.289534e+02 5.099385e+00 -9.853659e+00
    endloop
  endfacet
  facet normal 0.000000e+00 -7.153223e-01 6.987946e-01
    outer loop
      vertex   1.289534e+02 5.099385e+00 -9.853659e+00
      vertex   1.289534e+02 5.223001e+00 -9.727119e+00
      vertex   1.251440e+02 5.223001e+00 -9.727119e+00
    endloop
  endfacet
  facet normal 0.000000e+00 -8.272613e-01 5.618173e-01
    outer loop
      vertex   1.175254e+02 5.099385e+00 -9.853659e+00
      vertex   1.480000e+02 5.000000e+00 -1.000000e+01
      vertex   1.213347e+02 5.099385e+00 -9.853659e+00
    endloop
  endfacet
  facet normal 0.000000e+00 -8.272613e-01 5.618173e-01
    outer loop
      vertex   1.213347e+02 5.099385e+00 -9.853659e+00
      vertex   1.480000e+02 5.000000e+00 -1.000000e+01
      vertex   1.251440e+02 5.099385e+00 -9.853659e+00
    endloop
  endfacet
  facet normal 0.000000e+00 -7.153223e-01 6.987946e-01
    outer loop
      vertex   1.213347e+02 5.099385e+00 -9.853659e+00
      vertex   1.251440e+02 5.099385e+00 -9.853659e+00
      vertex   1.213347e+02 5.223001e+00 -9.727119e+00
    endloop
  endfacet
  facet normal 0.000000e+00 -7.153223e-01 6.987946e-01
    outer loop
      vertex   1.175254e+02 5.223001e+00 -9.727119e+00
      vertex   1.175254e+02 5.099385e+00 -9.853659e+00
      vertex   1.213347e+02 5.099385e+00 -9.853659e+00
    endloop
  endfacet
  facet normal 0.000000e+00 -7.153223e-01 6.987946e-01
    outer loop
      vertex   1.175254e+02 5.223001e+00 -9.727119e+00
      vertex   1.213347e+02 5.099385e+00 -9.853659e+00
      vertex   1.213347e+02 5.223001e+00 -9.727119e+00
    endloop
  endfacet
  facet normal 0.000000e+00 -7.153223e-01 6.987946e-01
    outer loop
      vertex   1.099067e+02 5.099385e+00 -9.853659e+00
      vertex   1.137161e+02 5.099385e+00 -9.853659e+00
      vertex   1.099067e+02 5.223001e+00 -9.727119e+00
    endloop
  endfacet
  facet normal 0.000000e+00 -7.153223e-01 6.987946e-01
    outer loop
      vertex   1.099067e+02 5.223001e+00 -9.727119e+00
      vertex   1.137161e+02 5.099385e+00 -9.853659e+00
      vertex   1.137161e+02 5.223001e+00 -9.727119e+00
    endloop
  endfacet
  facet normal 0.000000e+00 -5.809987e-01 8.139045e-01
    outer loop
      vertex   1.099067e+02 5.223001e+00 -9.727119e+00
      vertex   1.137161e+02 5.223001e+00 -9.727119e+00
      vertex   1.099067e+02 5.366979e+00 -9.624341e+00
    endloop
  endfacet
  facet normal 0.000000e+00 -5.809987e-01 8.139045e-01
    outer loop
      vertex   1.099067e+02 5.366979e+00 -9.624341e+00
      vertex   1.137161e+02 5.223001e+00 -9.727119e+00
      vertex   1.137161e+02 5.366979e+00 -9.624341e+00
    endloop
  endfacet
  facet normal 0.000000e+00 -4.284938e-01 9.035447e-01
    outer loop
      vertex   1.099067e+02 5.366979e+00 -9.624341e+00
      vertex   1.137161e+02 5.366979e+00 -9.624341e+00
      vertex   1.099067e+02 5.526815e+00 -9.548541e+00
    endloop
  endfacet
  facet normal 0.000000e+00 -4.284938e-01 9.035447e-01
    outer loop
      vertex   1.099067e+02 5.526815e+00 -9.548541e+00
      vertex   1.137161e+02 5.366979e+00 -9.624341e+00
      vertex   1.137161e+02 5.526815e+00 -9.548541e+00
    endloop
  endfacet
  facet normal 0.000000e+00 -2.625800e-01 9.649102e-01
    outer loop
      vertex   1.099067e+02 5.526815e+00 -9.548541e+00
      vertex   1.137161e+02 5.526815e+00 -9.548541e+00
      vertex   1.099067e+02 5.697506e+00 -9.502091e+00
    endloop
  endfacet
  facet normal 0.000000e+00 -2.625800e-01 9.649102e-01
    outer loop
      vertex   1.099067e+02 5.697506e+00 -9.502091e+00
      vertex   1.137161e+02 5.526815e+00 -9.548541e+00
      vertex   1.137161e+02 5.697506e+00 -9.502091e+00
    endloop
  endfacet
  facet normal 0.000000e+00 -8.844930e-02 9.960807e-01
    outer loop
      vertex   1.099067e+02 5.697506e+00 -9.502091e+00
      vertex   1.137161e+02 5.697506e+00 -9.502091e+00
      vertex   7.562282e+01 5.873711e+00 -9.486445e+00
    endloop
  endfacet
  facet normal 0.000000e+00 -8.272613e-01 5.618173e-01
    outer loop
      vertex   1.060974e+02 5.099385e+00 -9.853659e+00
      vertex   1.022881e+02 5.099385e+00 -9.853659e+00
      vertex   1.480000e+02 5.000000e+00 -1.000000e+01
    endloop
  endfacet
  facet normal 0.000000e+00 -8.272613e-01 5.618173e-01
    outer loop
      vertex   1.480000e+02 5.000000e+00 -1.000000e+01
      vertex   1.022881e+02 5.099385e+00 -9.853659e+00
      vertex   9.847877e+01 5.099385e+00 -9.853659e+00
    endloop
  endfacet
  facet normal 0.000000e+00 -8.272613e-01 5.618173e-01
    outer loop
      vertex   1.480000e+02 5.000000e+00 -1.000000e+01
      vertex   9.847877e+01 5.099385e+00 -9.853659e+00
      vertex   9.466945e+01 5.099385e+00 -9.853659e+00
    endloop
  endfacet
  facet normal 0.000000e+00 -7.153223e-01 6.987946e-01
    outer loop
      vertex   9.466945e+01 5.099385e+00 -9.853659e+00
      vertex   9.847877e+01 5.099385e+00 -9.853659e+00
      vertex   9.466945e+01 5.223001e+00 -9.727119e+00
    endloop
  endfacet
  facet normal 0.000000e+00 -7.153223e-01 6.987946e-01
    outer loop
      vertex   9.466945e+01 5.099385e+00 -9.853659e+00
      vertex   9.466945e+01 5.223001e+00 -9.727119e+00
      vertex   9.086012e+01 5.223001e+00 -9.727119e+00
    endloop
  endfacet
  facet normal 0.000000e+00 -5.809987e-01 8.139045e-01
    outer loop
      vertex   9.086012e+01 5.223001e+00 -9.727119e+00
      vertex   9.466945e+01 5.223001e+00 -9.727119e+00
      vertex   9.086012e+01 5.366979e+00 -9.624341e+00
    endloop
  endfacet
  facet normal 0.000000e+00 -5.809987e-01 8.139045e-01
    outer loop
      vertex   9.086012e+01 5.223001e+00 -9.727119e+00
      vertex   9.086012e+01 5.366979e+00 -9.624341e+00
      vertex   8.705080e+01 5.366979e+00 -9.624341e+00
    endloop
  endfacet
  facet normal 0.000000e+00 -4.284938e-01 9.035447e-01
    outer loop
      vertex   8.705080e+01 5.366979e+00 -9.624341e+00
      vertex   9.086012e+01 5.366979e+00 -9.624341e+00
      vertex   8.705080e+01 5.526815e+00 -9.548541e+00
    endloop
  endfacet
  facet normal 0.000000e+00 -7.153223e-01 6.987946e-01
    outer loop
      vertex   1.060974e+02 5.099385e+00 -9.853659e+00
      vertex   1.022881e+02 5.223001e+00 -9.727119e+00
      vertex   1.022881e+02 5.099385e+00 -9.853659e+00
    endloop
  endfacet
  facet normal 0.000000e+00 -7.153223e-01 6.987946e-01
    outer loop
      vertex   1.022881e+02 5.099385e+00 -9.853659e+00
      vertex   1.022881e+02 5.223001e+00 -9.727119e+00
      vertex   9.847877e+01 5.223001e+00 -9.727119e+00
    endloop
  endfacet
  facet normal 0.000000e+00 -7.153223e-01 6.987946e-01
    outer loop
      vertex   1.022881e+02 5.099385e+00 -9.853659e+00
      vertex   9.847877e+01 5.223001e+00 -9.727119e+00
      vertex   9.847877e+01 5.099385e+00 -9.853659e+00
    endloop
  endfacet
  facet normal 0.000000e+00 -7.153223e-01 6.987946e-01
    outer loop
      vertex   9.847877e+01 5.099385e+00 -9.853659e+00
      vertex   9.847877e+01 5.223001e+00 -9.727119e+00
      vertex   9.466945e+01 5.223001e+00 -9.727119e+00
    endloop
  endfacet
  facet normal 0.000000e+00 -7.822706e-01 6.229388e-01
    outer loop
      vertex   8.705080e+01 5.099385e+00 -9.853659e+00
      vertex   7.562282e+01 5.083622e+00 -9.873453e+00
      vertex   9.086012e+01 5.099385e+00 -9.853659e+00
    endloop
  endfacet
  facet normal 0.000000e+00 -7.153223e-01 6.987946e-01
    outer loop
      vertex   8.705080e+01 5.223001e+00 -9.727119e+00
      vertex   8.705080e+01 5.099385e+00 -9.853659e+00
      vertex   9.086012e+01 5.099385e+00 -9.853659e+00
    endloop
  endfacet
  facet normal 0.000000e+00 -7.153223e-01 6.987946e-01
    outer loop
      vertex   7.943215e+01 5.223001e+00 -9.727119e+00
      vertex   7.943215e+01 5.099385e+00 -9.853659e+00
      vertex   8.324147e+01 5.099385e+00 -9.853659e+00
    endloop
  endfacet
  facet normal 0.000000e+00 -7.153223e-01 6.987946e-01
    outer loop
      vertex   7.943215e+01 5.223001e+00 -9.727119e+00
      vertex   8.324147e+01 5.099385e+00 -9.853659e+00
      vertex   8.324147e+01 5.223001e+00 -9.727119e+00
    endloop
  endfacet
  facet normal 0.000000e+00 -5.809987e-01 8.139045e-01
    outer loop
      vertex   1.327627e+02 5.366979e+00 -9.624341e+00
      vertex   1.365720e+02 5.223001e+00 -9.727119e+00
      vertex   1.365720e+02 5.366979e+00 -9.624341e+00
    endloop
  endfacet
  facet normal 0.000000e+00 -5.809987e-01 8.139045e-01
    outer loop
      vertex   1.365720e+02 5.366979e+00 -9.624341e+00
      vertex   1.365720e+02 5.223001e+00 -9.727119e+00
      vertex   1.403814e+02 5.223001e+00 -9.727119e+00
    endloop
  endfacet
  facet normal 0.000000e+00 -5.809987e-01 8.139045e-01
    outer loop
      vertex   1.327627e+02 5.223001e+00 -9.727119e+00
      vertex   1.289534e+02 5.366979e+00 -9.624341e+00
      vertex   1.289534e+02 5.223001e+00 -9.727119e+00
    endloop
  endfacet
  facet normal 0.000000e+00 -5.809987e-01 8.139045e-01
    outer loop
      vertex   1.289534e+02 5.223001e+00 -9.727119e+00
      vertex   1.289534e+02 5.366979e+00 -9.624341e+00
      vertex   1.251440e+02 5.366979e+00 -9.624341e+00
    endloop
  endfacet
  facet normal 0.000000e+00 -5.809987e-01 8.139045e-01
    outer loop
      vertex   1.289534e+02 5.223001e+00 -9.727119e+00
      vertex   1.251440e+02 5.366979e+00 -9.624341e+00
      vertex   1.251440e+02 5.223001e+00 -9.727119e+00
    endloop
  endfacet
  facet normal 0.000000e+00 -5.809987e-01 8.139045e-01
    outer loop
      vertex   1.251440e+02 5.223001e+00 -9.727119e+00
      vertex   1.251440e+02 5.366979e+00 -9.624341e+00
      vertex   1.213347e+02 5.366979e+00 -9.624341e+00
    endloop
  endfacet
  facet normal 0.000000e+00 -5.809987e-01 8.139045e-01
    outer loop
      vertex   1.175254e+02 5.366979e+00 -9.624341e+00
      vertex   1.175254e+02 5.223001e+00 -9.727119e+00
      vertex   1.213347e+02 5.223001e+00 -9.727119e+00
    endloop
  endfacet
  facet normal 0.000000e+00 -7.153223e-01 6.987946e-01
    outer loop
      vertex   1.099067e+02 5.099385e+00 -9.853659e+00
      vertex   1.099067e+02 5.223001e+00 -9.727119e+00
      vertex   1.060974e+02 5.223001e+00 -9.727119e+00
    endloop
  endfacet
  facet normal 0.000000e+00 -5.809987e-01 8.139045e-01
    outer loop
      vertex   1.060974e+02 5.223001e+00 -9.727119e+00
      vertex   1.099067e+02 5.223001e+00 -9.727119e+00
      vertex   1.060974e+02 5.366979e+00 -9.624341e+00
    endloop
  endfacet
  facet normal 0.000000e+00 -5.809987e-01 8.139045e-01
    outer loop
      vertex   1.060974e+02 5.223001e+00 -9.727119e+00
      vertex   1.060974e+02 5.366979e+00 -9.624341e+00
      vertex   1.022881e+02 5.366979e+00 -9.624341e+00
    endloop
  endfacet
  facet normal 0.000000e+00 -4.284938e-01 9.035447e-01
    outer loop
      vertex   1.022881e+02 5.366979e+00 -9.624341e+00
      vertex   1.060974e+02 5.366979e+00 -9.624341e+00
      vertex   1.022881e+02 5.526815e+00 -9.548541e+00
    endloop
  endfacet
  facet normal 0.000000e+00 -4.284938e-01 9.035447e-01
    outer loop
      vertex   1.022881e+02 5.366979e+00 -9.624341e+00
      vertex   1.022881e+02 5.526815e+00 -9.548541e+00
      vertex   9.847877e+01 5.526815e+00 -9.548541e+00
    endloop
  endfacet
  facet normal 0.000000e+00 -2.625800e-01 9.649102e-01
    outer loop
      vertex   9.847877e+01 5.526815e+00 -9.548541e+00
      vertex   1.022881e+02 5.526815e+00 -9.548541e+00
      vertex   9.847877e+01 5.697506e+00 -9.502091e+00
    endloop
  endfacet
  facet normal 0.000000e+00 -2.625800e-01 9.649102e-01
    outer loop
      vertex   9.847877e+01 5.526815e+00 -9.548541e+00
      vertex   9.847877e+01 5.697506e+00 -9.502091e+00
      vertex   9.466945e+01 5.697506e+00 -9.502091e+00
    endloop
  endfacet
  facet normal 0.000000e+00 -8.844930e-02 9.960807e-01
    outer loop
      vertex   9.466945e+01 5.697506e+00 -9.502091e+00
      vertex   9.847877e+01 5.697506e+00 -9.502091e+00
      vertex   7.562282e+01 5.873711e+00 -9.486445e+00
    endloop
  endfacet
  facet normal 3.795383e-16 -5.809987e-01 8.139045e-01
    outer loop
      vertex   1.060974e+02 5.366979e+00 -9.624341e+00
      vertex   1.099067e+02 5.223001e+00 -9.727119e+00
      vertex   1.099067e+02 5.366979e+00 -9.624341e+00
    endloop
  endfacet
  facet normal 0.000000e+00 -5.809987e-01 8.139045e-01
    outer loop
      vertex   1.022881e+02 5.223001e+00 -9.727119e+00
      vertex   9.847877e+01 5.366979e+00 -9.624341e+00
      vertex   9.847877e+01 5.223001e+00 -9.727119e+00
    endloop
  endfacet
  facet normal -1.364375e-16 -5.809987e-01 8.139045e-01
    outer loop
      vertex   9.847877e+01 5.223001e+00 -9.727119e+00
      vertex   9.847877e+01 5.366979e+00 -9.624341e+00
      vertex   9.466945e+01 5.366979e+00 -9.624341e+00
    endloop
  endfacet
  facet normal 0.000000e+00 -5.809987e-01 8.139045e-01
    outer loop
      vertex   9.847877e+01 5.223001e+00 -9.727119e+00
      vertex   9.466945e+01 5.366979e+00 -9.624341e+00
      vertex   9.466945e+01 5.223001e+00 -9.727119e+00
    endloop
  endfacet
  facet normal 0.000000e+00 -5.809987e-01 8.139045e-01
    outer loop
      vertex   9.466945e+01 5.223001e+00 -9.727119e+00
      vertex   9.466945e+01 5.366979e+00 -9.624341e+00
      vertex   9.086012e+01 5.366979e+00 -9.624341e+00
    endloop
  endfacet
  facet normal 0.000000e+00 -5.809987e-01 8.139045e-01
    outer loop
      vertex   7.943215e+01 5.366979e+00 -9.624341e+00
      vertex   7.943215e+01 5.223001e+00 -9.727119e+00
      vertex   8.324147e+01 5.223001e+00 -9.727119e+00
    endloop
  endfacet
  facet normal 0.000000e+00 -5.809987e-01 8.139045e-01
    outer loop
      vertex   7.943215e+01 5.366979e+00 -9.624341e+00
      vertex   8.324147e+01 5.223001e+00 -9.727119e+00
      vertex   8.324147e+01 5.366979e+00 -9.624341e+00
    endloop
  endfacet
  facet normal 0.000000e+00 -4.284938e-01 9.035447e-01
    outer loop
      vertex   1.289534e+02 5.526815e+00 -9.548541e+00
      vertex   1.327627e+02 5.366979e+00 -9.624341e+00
      vertex   1.327627e+02 5.526815e+00 -9.548541e+00
    endloop
  endfacet
  facet normal 0.000000e+00 -4.284938e-01 9.035447e-01
    outer loop
      vertex   1.327627e+02 5.526815e+00 -9.548541e+00
      vertex   1.327627e+02 5.366979e+00 -9.624341e+00
      vertex   1.365720e+02 5.366979e+00 -9.624341e+00
    endloop
  endfacet
  facet normal 0.000000e+00 -4.284938e-01 9.035447e-01
    outer loop
      vertex   1.289534e+02 5.366979e+00 -9.624341e+00
      vertex   1.251440e+02 5.526815e+00 -9.548541e+00
      vertex   1.251440e+02 5.366979e+00 -9.624341e+00
    endloop
  endfacet
  facet normal 0.000000e+00 -4.284938e-01 9.035447e-01
    outer loop
      vertex   1.251440e+02 5.366979e+00 -9.624341e+00
      vertex   1.251440e+02 5.526815e+00 -9.548541e+00
      vertex   1.213347e+02 5.526815e+00 -9.548541e+00
    endloop
  endfacet
  facet normal 0.000000e+00 -4.284938e-01 9.035447e-01
    outer loop
      vertex   1.251440e+02 5.366979e+00 -9.624341e+00
      vertex   1.213347e+02 5.526815e+00 -9.548541e+00
      vertex   1.213347e+02 5.366979e+00 -9.624341e+00
    endloop
  endfacet
  facet normal 0.000000e+00 -4.284938e-01 9.035447e-01
    outer loop
      vertex   1.213347e+02 5.366979e+00 -9.624341e+00
      vertex   1.213347e+02 5.526815e+00 -9.548541e+00
      vertex   1.175254e+02 5.526815e+00 -9.548541e+00
    endloop
  endfacet
  facet normal 4.213391e-16 -4.284938e-01 9.035447e-01
    outer loop
      vertex   1.060974e+02 5.366979e+00 -9.624341e+00
      vertex   1.099067e+02 5.366979e+00 -9.624341e+00
      vertex   1.060974e+02 5.526815e+00 -9.548541e+00
    endloop
  endfacet
  facet normal 0.000000e+00 -4.284938e-01 9.035447e-01
    outer loop
      vertex   1.060974e+02 5.526815e+00 -9.548541e+00
      vertex   1.099067e+02 5.366979e+00 -9.624341e+00
      vertex   1.099067e+02 5.526815e+00 -9.548541e+00
    endloop
  endfacet
  facet normal 0.000000e+00 -2.625800e-01 9.649102e-01
    outer loop
      vertex   1.060974e+02 5.526815e+00 -9.548541e+00
      vertex   1.099067e+02 5.526815e+00 -9.548541e+00
      vertex   1.060974e+02 5.697506e+00 -9.502091e+00
    endloop
  endfacet
  facet normal 0.000000e+00 -2.625800e-01 9.649102e-01
    outer loop
      vertex   1.060974e+02 5.697506e+00 -9.502091e+00
      vertex   1.099067e+02 5.526815e+00 -9.548541e+00
      vertex   1.099067e+02 5.697506e+00 -9.502091e+00
    endloop
  endfacet
  facet normal 0.000000e+00 -8.844930e-02 9.960807e-01
    outer loop
      vertex   1.060974e+02 5.697506e+00 -9.502091e+00
      vertex   1.099067e+02 5.697506e+00 -9.502091e+00
      vertex   7.562282e+01 5.873711e+00 -9.486445e+00
    endloop
  endfacet
  facet normal -9.990719e-17 -4.284938e-01 9.035447e-01
    outer loop
      vertex   9.847877e+01 5.366979e+00 -9.624341e+00
      vertex   9.466945e+01 5.526815e+00 -9.548541e+00
      vertex   9.466945e+01 5.366979e+00 -9.624341e+00
    endloop
  endfacet
  facet normal 0.000000e+00 -4.284938e-01 9.035447e-01
    outer loop
      vertex   9.466945e+01 5.366979e+00 -9.624341e+00
      vertex   9.466945e+01 5.526815e+00 -9.548541e+00
      vertex   9.086012e+01 5.526815e+00 -9.548541e+00
    endloop
  endfacet
  facet normal 0.000000e+00 -4.284938e-01 9.035447e-01
    outer loop
      vertex   9.466945e+01 5.366979e+00 -9.624341e+00
      vertex   9.086012e+01 5.526815e+00 -9.548541e+00
      vertex   9.086012e+01 5.366979e+00 -9.624341e+00
    endloop
  endfacet
  facet normal 0.000000e+00 -4.284938e-01 9.035447e-01
    outer loop
      vertex   9.086012e+01 5.366979e+00 -9.624341e+00
      vertex   9.086012e+01 5.526815e+00 -9.548541e+00
      vertex   8.705080e+01 5.526815e+00 -9.548541e+00
    endloop
  endfacet
  facet normal 0.000000e+00 -4.284938e-01 9.035447e-01
    outer loop
      vertex   7.943215e+01 5.526815e+00 -9.548541e+00
      vertex   7.943215e+01 5.366979e+00 -9.624341e+00
      vertex   8.324147e+01 5.366979e+00 -9.624341e+00
    endloop
  endfacet
  facet normal 0.000000e+00 -4.284938e-01 9.035447e-01
    outer loop
      vertex   7.943215e+01 5.526815e+00 -9.548541e+00
      vertex   8.324147e+01 5.366979e+00 -9.624341e+00
      vertex   8.324147e+01 5.526815e+00 -9.548541e+00
    endloop
  endfacet
  facet normal 0.000000e+00 -2.625800e-01 9.649102e-01
    outer loop
      vertex   1.403814e+02 5.697506e+00 -9.502091e+00
      vertex   1.403814e+02 5.526815e+00 -9.548541e+00
      vertex   1.441907e+02 5.526815e+00 -9.548541e+00
    endloop
  endfacet
  facet normal 0.000000e+00 -4.284938e-01 9.035447e-01
    outer loop
      vertex   1.441907e+02 5.526815e+00 -9.548541e+00
      vertex   1.403814e+02 5.526815e+00 -9.548541e+00
      vertex   1.441907e+02 5.366979e+00 -9.624341e+00
    endloop
  endfacet
  facet normal 0.000000e+00 -2.625800e-01 9.649102e-01
    outer loop
      vertex   1.441907e+02 5.697506e+00 -9.502091e+00
      vertex   1.403814e+02 5.697506e+00 -9.502091e+00
      vertex   1.441907e+02 5.526815e+00 -9.548541e+00
    endloop
  endfacet
  facet normal 0.000000e+00 -2.625800e-01 9.649102e-01
    outer loop
      vertex   1.251440e+02 5.697506e+00 -9.502091e+00
      vertex   1.289534e+02 5.526815e+00 -9.548541e+00
      vertex   1.289534e+02 5.697506e+00 -9.502091e+00
    endloop
  endfacet
  facet normal 0.000000e+00 -2.625800e-01 9.649102e-01
    outer loop
      vertex   1.289534e+02 5.697506e+00 -9.502091e+00
      vertex   1.289534e+02 5.526815e+00 -9.548541e+00
      vertex   1.327627e+02 5.526815e+00 -9.548541e+00
    endloop
  endfacet
  facet normal 0.000000e+00 -2.625800e-01 9.649102e-01
    outer loop
      vertex   1.175254e+02 5.697506e+00 -9.502091e+00
      vertex   1.175254e+02 5.526815e+00 -9.548541e+00
      vertex   1.213347e+02 5.526815e+00 -9.548541e+00
    endloop
  endfacet
  facet normal 0.000000e+00 -2.625800e-01 9.649102e-01
    outer loop
      vertex   1.175254e+02 5.697506e+00 -9.502091e+00
      vertex   1.213347e+02 5.526815e+00 -9.548541e+00
      vertex   1.213347e+02 5.697506e+00 -9.502091e+00
    endloop
  endfacet
  facet normal 0.000000e+00 -2.625800e-01 9.649102e-01
    outer loop
      vertex   1.213347e+02 5.697506e+00 -9.502091e+00
      vertex   1.213347e+02 5.526815e+00 -9.548541e+00
      vertex   1.251440e+02 5.526815e+00 -9.548541e+00
    endloop
  endfacet
  facet normal 0.000000e+00 -4.284938e-01 9.035447e-01
    outer loop
      vertex   1.060974e+02 5.366979e+00 -9.624341e+00
      vertex   1.060974e+02 5.526815e+00 -9.548541e+00
      vertex   1.022881e+02 5.526815e+00 -9.548541e+00
    endloop
  endfacet
  facet normal 0.000000e+00 -2.625800e-01 9.649102e-01
    outer loop
      vertex   1.022881e+02 5.526815e+00 -9.548541e+00
      vertex   1.060974e+02 5.526815e+00 -9.548541e+00
      vertex   1.022881e+02 5.697506e+00 -9.502091e+00
    endloop
  endfacet
  facet normal 0.000000e+00 -2.625800e-01 9.649102e-01
    outer loop
      vertex   1.022881e+02 5.526815e+00 -9.548541e+00
      vertex   1.022881e+02 5.697506e+00 -9.502091e+00
      vertex   9.847877e+01 5.697506e+00 -9.502091e+00
    endloop
  endfacet
  facet normal 0.000000e+00 -8.844930e-02 9.960807e-01
    outer loop
      vertex   9.847877e+01 5.697506e+00 -9.502091e+00
      vertex   1.022881e+02 5.697506e+00 -9.502091e+00
      vertex   7.562282e+01 5.873711e+00 -9.486445e+00
    endloop
  endfacet
  facet normal 0.000000e+00 -2.625800e-01 9.649102e-01
    outer loop
      vertex   1.022881e+02 5.697506e+00 -9.502091e+00
      vertex   1.060974e+02 5.526815e+00 -9.548541e+00
      vertex   1.060974e+02 5.697506e+00 -9.502091e+00
    endloop
  endfacet
  facet normal 0.000000e+00 -2.625800e-01 9.649102e-01
    outer loop
      vertex   8.705080e+01 5.697506e+00 -9.502091e+00
      vertex   8.705080e+01 5.526815e+00 -9.548541e+00
      vertex   9.086012e+01 5.526815e+00 -9.548541e+00
    endloop
  endfacet
  facet normal 0.000000e+00 -2.625800e-01 9.649102e-01
    outer loop
      vertex   8.705080e+01 5.697506e+00 -9.502091e+00
      vertex   9.086012e+01 5.526815e+00 -9.548541e+00
      vertex   9.086012e+01 5.697506e+00 -9.502091e+00
    endloop
  endfacet
  facet normal 0.000000e+00 -2.625800e-01 9.649102e-01
    outer loop
      vertex   9.086012e+01 5.697506e+00 -9.502091e+00
      vertex   9.086012e+01 5.526815e+00 -9.548541e+00
      vertex   9.466945e+01 5.526815e+00 -9.548541e+00
    endloop
  endfacet
  facet normal 0.000000e+00 -2.625800e-01 9.649102e-01
    outer loop
      vertex   7.943215e+01 5.697506e+00 -9.502091e+00
      vertex   7.943215e+01 5.526815e+00 -9.548541e+00
      vertex   8.324147e+01 5.526815e+00 -9.548541e+00
    endloop
  endfacet
  facet normal 0.000000e+00 -2.625800e-01 9.649102e-01
    outer loop
      vertex   7.943215e+01 5.697506e+00 -9.502091e+00
      vertex   8.324147e+01 5.526815e+00 -9.548541e+00
      vertex   8.324147e+01 5.697506e+00 -9.502091e+00
    endloop
  endfacet
  facet normal 0.000000e+00 -8.844930e-02 9.960807e-01
    outer loop
      vertex   7.562282e+01 5.873711e+00 -9.486445e+00
      vertex   1.022881e+02 5.697506e+00 -9.502091e+00
      vertex   1.060974e+02 5.697506e+00 -9.502091e+00
    endloop
  endfacet
  facet normal 1.000000e+00 0.000000e+00 4.544395e-11
    outer loop
      vertex   1.480000e+02 5.175688e+01 -7.000000e+00
      vertex   1.480000e+02 8.239864e+00 -7.000000e+00
      vertex   1.480000e+02 5.155388e+01 -7.010632e+00
    endloop
  endfacet
  facet normal 1.000000e+00 0.000000e+00 4.544395e-11
    outer loop
      vertex   1.480000e+02 5.155388e+01 -7.010632e+00
      vertex   1.480000e+02 8.239864e+00 -7.000000e+00
      vertex   1.480000e+02 8.442858e+00 -7.010632e+00
    endloop
  endfacet
  facet normal 1.000000e+00 0.000000e+00 -1.520671e-12
    outer loop
      vertex   1.480000e+02 5.155388e+01 -7.010632e+00
      vertex   1.480000e+02 8.442858e+00 -7.010632e+00
      vertex   1.480000e+02 5.135494e+01 -7.048013e+00
    endloop
  endfacet
  facet normal 1.000000e+00 0.000000e+00 -1.520671e-12
    outer loop
      vertex   1.480000e+02 5.135494e+01 -7.048013e+00
      vertex   1.480000e+02 8.442858e+00 -7.010632e+00
      vertex   1.480000e+02 8.641801e+00 -7.048013e+00
    endloop
  endfacet
  facet normal 1.000000e+00 0.000000e+00 2.661584e-12
    outer loop
      vertex   1.480000e+02 5.135494e+01 -7.048013e+00
      vertex   1.480000e+02 8.641801e+00 -7.048013e+00
      vertex   1.480000e+02 5.125949e+01 -7.080048e+00
    endloop
  endfacet
  facet normal 1.000000e+00 0.000000e+00 2.661584e-12
    outer loop
      vertex   1.480000e+02 5.125949e+01 -7.080048e+00
      vertex   1.480000e+02 8.641801e+00 -7.048013e+00
      vertex   1.480000e+02 8.737249e+00 -7.080048e+00
    endloop
  endfacet
  facet normal 1.000000e+00 0.000000e+00 2.635997e-12
    outer loop
      vertex   1.480000e+02 5.125949e+01 -7.080048e+00
      vertex   1.480000e+02 8.737249e+00 -7.080048e+00
      vertex   1.480000e+02 5.116912e+01 -7.123177e+00
    endloop
  endfacet
  facet normal 1.000000e+00 0.000000e+00 2.635997e-12
    outer loop
      vertex   1.480000e+02 5.116912e+01 -7.123177e+00
      vertex   1.480000e+02 8.737249e+00 -7.080048e+00
      vertex   1.480000e+02 8.827626e+00 -7.123177e+00
    endloop
  endfacet
  facet normal 1.000000e+00 0.000000e+00 5.895604e-13
    outer loop
      vertex   1.480000e+02 5.116912e+01 -7.123177e+00
      vertex   1.480000e+02 8.827626e+00 -7.123177e+00
      vertex   1.480000e+02 5.109625e+01 -7.171385e+00
    endloop
  endfacet
  facet normal 1.000000e+00 0.000000e+00 5.895604e-13
    outer loop
      vertex   1.480000e+02 5.109625e+01 -7.171385e+00
      vertex   1.480000e+02 8.827626e+00 -7.123177e+00
      vertex   1.480000e+02 8.900496e+00 -7.171385e+00
    endloop
  endfacet
  facet normal 1.000000e+00 0.000000e+00 6.165634e-13
    outer loop
      vertex   1.480000e+02 5.109625e+01 -7.171385e+00
      vertex   1.480000e+02 8.900496e+00 -7.171385e+00
      vertex   1.480000e+02 5.104384e+01 -7.217482e+00
    endloop
  endfacet
  facet normal 1.000000e+00 0.000000e+00 6.165634e-13
    outer loop
      vertex   1.480000e+02 5.104384e+01 -7.217482e+00
      vertex   1.480000e+02 8.900496e+00 -7.171385e+00
      vertex   1.480000e+02 8.952902e+00 -7.217482e+00
    endloop
  endfacet
  facet normal 1.000000e+00 0.000000e+00 0.000000e+00
    outer loop
      vertex   1.480000e+02 5.104384e+01 -7.217482e+00
      vertex   1.480000e+02 8.952902e+00 -7.217482e+00
      vertex   1.480000e+02 5.104384e+01 -9.787012e+00
    endloop
  endfacet
  facet normal 1.000000e+00 0.000000e+00 0.000000e+00
    outer loop
      vertex   1.480000e+02 5.104384e+01 -9.787012e+00
      vertex   1.480000e+02 8.952902e+00 -7.217482e+00
      vertex   1.480000e+02 8.952902e+00 -9.787012e+00
    endloop
  endfacet
  facet normal 1.000000e+00 0.000000e+00 -3.453494e-11
    outer loop
      vertex   1.480000e+02 5.104384e+01 -9.787012e+00
      vertex   1.480000e+02 8.952902e+00 -9.787012e+00
      vertex   1.480000e+02 5.104549e+01 -9.788658e+00
    endloop
  endfacet
  facet normal 1.000000e+00 0.000000e+00 -3.453494e-11
    outer loop
      vertex   1.480000e+02 5.104549e+01 -9.788658e+00
      vertex   1.480000e+02 8.952902e+00 -9.787012e+00
      vertex   1.480000e+02 8.951248e+00 -9.788658e+00
    endloop
  endfacet
  facet normal 1.000000e+00 0.000000e+00 -6.495417e-12
    outer loop
      vertex   1.480000e+02 5.104549e+01 -9.788658e+00
      vertex   1.480000e+02 8.951248e+00 -9.788658e+00
      vertex   1.480000e+02 5.109554e+01 -9.832415e+00
    endloop
  endfacet
  facet normal 1.000000e+00 0.000000e+00 -6.495417e-12
    outer loop
      vertex   1.480000e+02 5.109554e+01 -9.832415e+00
      vertex   1.480000e+02 8.951248e+00 -9.788658e+00
      vertex   1.480000e+02 8.901205e+00 -9.832415e+00
    endloop
  endfacet
  facet normal 1.000000e+00 0.000000e+00 -1.143122e-11
    outer loop
      vertex   1.480000e+02 5.109554e+01 -9.832415e+00
      vertex   1.480000e+02 8.901205e+00 -9.832415e+00
      vertex   1.480000e+02 5.116271e+01 -9.877169e+00
    endloop
  endfacet
  facet normal 1.000000e+00 0.000000e+00 -1.143122e-11
    outer loop
      vertex   1.480000e+02 5.116271e+01 -9.877169e+00
      vertex   1.480000e+02 8.901205e+00 -9.832415e+00
      vertex   1.480000e+02 8.834036e+00 -9.877169e+00
    endloop
  endfacet
  facet normal 1.000000e+00 0.000000e+00 -2.029157e-12
    outer loop
      vertex   1.480000e+02 5.116271e+01 -9.877169e+00
      vertex   1.480000e+02 8.834036e+00 -9.877169e+00
      vertex   1.480000e+02 5.124915e+01 -9.919189e+00
    endloop
  endfacet
  facet normal 1.000000e+00 0.000000e+00 -2.029157e-12
    outer loop
      vertex   1.480000e+02 5.124915e+01 -9.919189e+00
      vertex   1.480000e+02 8.834036e+00 -9.877169e+00
      vertex   1.480000e+02 8.747596e+00 -9.919189e+00
    endloop
  endfacet
  facet normal 1.000000e+00 0.000000e+00 1.045678e-11
    outer loop
      vertex   1.480000e+02 5.124915e+01 -9.919189e+00
      vertex   1.480000e+02 8.747596e+00 -9.919189e+00
      vertex   1.480000e+02 5.134450e+01 -9.951805e+00
    endloop
  endfacet
  facet normal 1.000000e+00 0.000000e+00 1.045678e-11
    outer loop
      vertex   1.480000e+02 5.134450e+01 -9.951805e+00
      vertex   1.480000e+02 8.747596e+00 -9.919189e+00
      vertex   1.480000e+02 8.652243e+00 -9.951805e+00
    endloop
  endfacet
  facet normal 1.000000e+00 0.000000e+00 1.434535e-11
    outer loop
      vertex   1.480000e+02 5.134450e+01 -9.951805e+00
      vertex   1.480000e+02 8.652243e+00 -9.951805e+00
      vertex   1.480000e+02 5.154261e+01 -9.989448e+00
    endloop
  endfacet
  facet normal 1.000000e+00 0.000000e+00 1.434535e-11
    outer loop
      vertex   1.480000e+02 5.154261e+01 -9.989448e+00
      vertex   1.480000e+02 8.652243e+00 -9.951805e+00
      vertex   1.480000e+02 8.454130e+00 -9.989448e+00
    endloop
  endfacet
  facet normal 1.000000e+00 0.000000e+00 5.387233e-12
    outer loop
      vertex   1.480000e+02 5.154261e+01 -9.989448e+00
      vertex   1.480000e+02 8.454130e+00 -9.989448e+00
      vertex   1.480000e+02 5.174327e+01 -1.000000e+01
    endloop
  endfacet
  facet normal 1.000000e+00 0.000000e+00 5.387233e-12
    outer loop
      vertex   1.480000e+02 5.174327e+01 -1.000000e+01
      vertex   1.480000e+02 8.454130e+00 -9.989448e+00
      vertex   1.480000e+02 8.253469e+00 -1.000000e+01
    endloop
  endfacet
  facet normal 8.472055e-01 -1.160259e-15 5.312654e-01
    outer loop
      vertex   1.480000e+02 8.253469e+00 -1.000000e+01
      vertex   1.479450e+02 8.009762e+00 -9.912327e+00
      vertex   1.480000e+02 5.000000e+00 -1.000000e+01
    endloop
  endfacet
  facet normal 8.393483e-01 -5.026397e-04 5.435937e-01
    outer loop
      vertex   1.480000e+02 5.000000e+00 -1.000000e+01
      vertex   1.479450e+02 8.009762e+00 -9.912327e+00
      vertex   1.479279e+02 5.072132e+00 -9.888557e+00
    endloop
  endfacet
  facet normal 7.845014e-01 4.369116e-04 6.201268e-01
    outer loop
      vertex   1.479279e+02 5.072132e+00 -9.888557e+00
      vertex   1.479450e+02 8.009762e+00 -9.912327e+00
      vertex   1.478747e+02 7.784435e+00 -9.823252e+00
    endloop
  endfacet
  facet normal 7.598019e-01 -7.699187e-04 6.501541e-01
    outer loop
      vertex   1.479279e+02 5.072132e+00 -9.888557e+00
      vertex   1.478747e+02 7.784435e+00 -9.823252e+00
      vertex   1.478416e+02 5.158389e+00 -9.787650e+00
    endloop
  endfacet
  facet normal 7.058963e-01 6.985350e-04 7.083149e-01
    outer loop
      vertex   1.478416e+02 5.158389e+00 -9.787650e+00
      vertex   1.478747e+02 7.784435e+00 -9.823252e+00
      vertex   1.477887e+02 7.576532e+00 -9.737343e+00
    endloop
  endfacet
  facet normal 6.668504e-01 -9.223597e-04 7.451910e-01
    outer loop
      vertex   1.478416e+02 5.158389e+00 -9.787650e+00
      vertex   1.477887e+02 7.576532e+00 -9.737343e+00
      vertex   1.477427e+02 5.257252e+00 -9.699058e+00
    endloop
  endfacet
  facet normal 6.115494e-01 9.338419e-04 7.912057e-01
    outer loop
      vertex   1.477427e+02 5.257252e+00 -9.699058e+00
      vertex   1.477887e+02 7.576532e+00 -9.737343e+00
      vertex   1.476865e+02 7.388973e+00 -9.658074e+00
    endloop
  endfacet
  facet normal 5.621117e-01 -1.060699e-03 8.270607e-01
    outer loop
      vertex   1.477427e+02 5.257252e+00 -9.699058e+00
      vertex   1.476865e+02 7.388973e+00 -9.658074e+00
      vertex   1.476330e+02 5.366979e+00 -9.624341e+00
    endloop
  endfacet
  facet normal 5.006046e-01 1.209317e-03 8.656752e-01
    outer loop
      vertex   1.476330e+02 5.366979e+00 -9.624341e+00
      vertex   1.476865e+02 7.388973e+00 -9.658074e+00
      vertex   1.475675e+02 7.225939e+00 -9.589057e+00
    endloop
  endfacet
  facet normal 4.474269e-01 -1.208240e-03 8.943197e-01
    outer loop
      vertex   1.476330e+02 5.366979e+00 -9.624341e+00
      vertex   1.475675e+02 7.225939e+00 -9.589057e+00
      vertex   1.475144e+02 5.485636e+00 -9.564817e+00
    endloop
  endfacet
  facet normal 4.085756e-01 2.346798e-04 9.127245e-01
    outer loop
      vertex   1.475144e+02 5.485636e+00 -9.564817e+00
      vertex   1.475675e+02 7.225939e+00 -9.589057e+00
      vertex   1.475020e+02 7.155756e+00 -9.559697e+00
    endloop
  endfacet
  facet normal 3.414644e-01 -3.468202e-04 9.398946e-01
    outer loop
      vertex   1.475144e+02 5.485636e+00 -9.564817e+00
      vertex   1.475020e+02 7.155756e+00 -9.559697e+00
      vertex   1.474326e+02 7.094386e+00 -9.534506e+00
    endloop
  endfacet
  facet normal 3.248843e-01 -1.300217e-03 9.457529e-01
    outer loop
      vertex   1.475144e+02 5.485636e+00 -9.564817e+00
      vertex   1.474326e+02 7.094386e+00 -9.534506e+00
      vertex   1.473889e+02 5.611131e+00 -9.521535e+00
    endloop
  endfacet
  facet normal 2.695517e-01 4.806444e-04 9.629858e-01
    outer loop
      vertex   1.473889e+02 5.611131e+00 -9.521535e+00
      vertex   1.474326e+02 7.094386e+00 -9.534506e+00
      vertex   1.473597e+02 7.042876e+00 -9.514072e+00
    endloop
  endfacet
  facet normal 1.963389e-01 -1.104670e-03 9.805355e-01
    outer loop
      vertex   1.473889e+02 5.611131e+00 -9.521535e+00
      vertex   1.473597e+02 7.042876e+00 -9.514072e+00
      vertex   1.472838e+02 7.002220e+00 -9.498936e+00
    endloop
  endfacet
  facet normal 1.969389e-01 -1.057411e-03 9.804152e-01
    outer loop
      vertex   1.473889e+02 5.611131e+00 -9.521535e+00
      vertex   1.472838e+02 7.002220e+00 -9.498936e+00
      vertex   1.472587e+02 5.741254e+00 -9.495256e+00
    endloop
  endfacet
  facet normal 1.183875e-01 5.422501e-04 9.929673e-01
    outer loop
      vertex   1.472587e+02 5.741254e+00 -9.495256e+00
      vertex   1.472838e+02 7.002220e+00 -9.498936e+00
      vertex   1.472058e+02 6.973353e+00 -9.489611e+00
    endloop
  endfacet
  facet normal 6.458856e-02 -1.794066e-03 9.979104e-01
    outer loop
      vertex   1.472587e+02 5.741254e+00 -9.495256e+00
      vertex   1.472058e+02 6.973353e+00 -9.489611e+00
      vertex   1.471263e+02 5.873711e+00 -9.486445e+00
    endloop
  endfacet
  facet normal 3.981532e-02 6.554575e-15 9.992071e-01
    outer loop
      vertex   1.471263e+02 5.873711e+00 -9.486445e+00
      vertex   1.472058e+02 6.973353e+00 -9.489611e+00
      vertex   1.471263e+02 6.956893e+00 -9.486445e+00
    endloop
  endfacet
  facet normal 8.972551e-01 -4.415122e-01 4.191212e-04
    outer loop
      vertex   1.478562e+02 8.436248e+00 -7.504445e+00
      vertex   1.479280e+02 8.580254e+00 -9.482351e+00
      vertex   1.479317e+02 8.589768e+00 -7.504445e+00
    endloop
  endfacet
  facet normal 9.435268e-01 -3.312960e-01 -1.989376e-04
    outer loop
      vertex   1.479317e+02 8.589768e+00 -7.504445e+00
      vertex   1.479280e+02 8.580254e+00 -9.482351e+00
      vertex   1.479574e+02 8.664058e+00 -9.591287e+00
    endloop
  endfacet
  facet normal 9.464764e-01 -3.227731e-01 1.407195e-04
    outer loop
      vertex   1.479317e+02 8.589768e+00 -7.504445e+00
      vertex   1.479574e+02 8.664058e+00 -9.591287e+00
      vertex   1.479596e+02 8.671634e+00 -7.400757e+00
    endloop
  endfacet
  facet normal 9.696893e-01 -2.443412e-01 -1.544452e-04
    outer loop
      vertex   1.479596e+02 8.671634e+00 -7.400757e+00
      vertex   1.479574e+02 8.664058e+00 -9.591287e+00
      vertex   1.479799e+02 8.753604e+00 -9.687710e+00
    endloop
  endfacet
  facet normal 9.713359e-01 -2.377113e-01 9.779637e-05
    outer loop
      vertex   1.479596e+02 8.671634e+00 -7.400757e+00
      vertex   1.479799e+02 8.753604e+00 -9.687710e+00
      vertex   1.479811e+02 8.759177e+00 -7.309793e+00
    endloop
  endfacet
  facet normal 9.845099e-01 -1.753290e-01 -5.464709e-05
    outer loop
      vertex   1.479811e+02 8.759177e+00 -7.309793e+00
      vertex   1.479799e+02 8.753604e+00 -9.687710e+00
      vertex   1.479884e+02 8.801130e+00 -9.727732e+00
    endloop
  endfacet
  facet normal 9.853681e-01 -1.704398e-01 3.278826e-05
    outer loop
      vertex   1.479811e+02 8.759177e+00 -7.309793e+00
      vertex   1.479884e+02 8.801130e+00 -9.727732e+00
      vertex   1.479891e+02 8.805444e+00 -7.272399e+00
    endloop
  endfacet
  facet normal 9.918677e-01 -1.272731e-01 -4.481140e-05
    outer loop
      vertex   1.479891e+02 8.805444e+00 -7.272399e+00
      vertex   1.479884e+02 8.801130e+00 -9.727732e+00
      vertex   1.479947e+02 8.850353e+00 -9.759242e+00
    endloop
  endfacet
  facet normal 9.923388e-01 -1.235462e-01 2.356040e-05
    outer loop
      vertex   1.479891e+02 8.805444e+00 -7.272399e+00
      vertex   1.479947e+02 8.850353e+00 -9.759242e+00
      vertex   1.479950e+02 8.853344e+00 -7.243092e+00
    endloop
  endfacet
  facet normal 9.959169e-01 -9.027478e-02 -1.643084e-05
    outer loop
      vertex   1.479950e+02 8.853344e+00 -7.243092e+00
      vertex   1.479947e+02 8.850353e+00 -9.759242e+00
      vertex   1.479970e+02 8.875530e+00 -9.771041e+00
    endloop
  endfacet
  facet normal 9.961614e-01 -8.753592e-02 7.796142e-06
    outer loop
      vertex   1.479950e+02 8.853344e+00 -7.243092e+00
      vertex   1.479970e+02 8.875530e+00 -9.771041e+00
      vertex   1.479972e+02 8.877827e+00 -7.232165e+00
    endloop
  endfacet
  facet normal 9.978880e-01 -6.495724e-02 -1.275500e-05
    outer loop
      vertex   1.479972e+02 8.877827e+00 -7.232165e+00
      vertex   1.479970e+02 8.875530e+00 -9.771041e+00
      vertex   1.479987e+02 8.901044e+00 -9.779795e+00
    endloop
  endfacet
  facet normal 9.980194e-01 -6.290748e-02 6.001527e-06
    outer loop
      vertex   1.479972e+02 8.877827e+00 -7.232165e+00
      vertex   1.479987e+02 8.901044e+00 -9.779795e+00
      vertex   1.479987e+02 8.902622e+00 -7.224092e+00
    endloop
  endfacet
  facet normal 9.992338e-01 -3.913904e-02 -8.707749e-06
    outer loop
      vertex   1.479987e+02 8.902622e+00 -7.224092e+00
      vertex   1.479987e+02 8.901044e+00 -9.779795e+00
      vertex   1.479997e+02 8.926869e+00 -9.785198e+00
    endloop
  endfacet
  facet normal 9.992854e-01 -3.779924e-02 3.995264e-06
    outer loop
      vertex   1.479987e+02 8.902622e+00 -7.224092e+00
      vertex   1.479997e+02 8.926869e+00 -9.785198e+00
      vertex   1.479997e+02 8.927697e+00 -7.219146e+00
    endloop
  endfacet
  facet normal 9.999152e-01 -1.302044e-02 -4.012949e-06
    outer loop
      vertex   1.479997e+02 8.927697e+00 -7.219146e+00
      vertex   1.479997e+02 8.926869e+00 -9.785198e+00
      vertex   1.480000e+02 8.952902e+00 -9.787012e+00
    endloop
  endfacet
  facet normal 9.999205e-01 -1.261166e-02 0.000000e+00
    outer loop
      vertex   1.479997e+02 8.927697e+00 -7.219146e+00
      vertex   1.480000e+02 8.952902e+00 -9.787012e+00
      vertex   1.480000e+02 8.952902e+00 -7.217482e+00
    endloop
  endfacet
  facet normal 8.918755e-01 -4.522807e-01 -5.601531e-04
    outer loop
      vertex   1.479280e+02 8.580254e+00 -9.482351e+00
      vertex   1.478562e+02 8.436248e+00 -7.504445e+00
      vertex   1.478497e+02 8.425625e+00 -9.251466e+00
    endloop
  endfacet
  facet normal 8.088555e-01 -5.880072e-01 5.732968e-04
    outer loop
      vertex   1.478497e+02 8.425625e+00 -9.251466e+00
      vertex   1.478562e+02 8.436248e+00 -7.504445e+00
      vertex   1.477556e+02 8.297852e+00 -7.504445e+00
    endloop
  endfacet
  facet normal 7.999416e-01 -6.000773e-01 -7.897235e-04
    outer loop
      vertex   1.478497e+02 8.425625e+00 -9.251466e+00
      vertex   1.477556e+02 8.297852e+00 -7.504445e+00
      vertex   1.477452e+02 8.285959e+00 -9.023790e+00
    endloop
  endfacet
  facet normal 7.149871e-01 -6.991375e-01 5.683956e-04
    outer loop
      vertex   1.477452e+02 8.285959e+00 -9.023790e+00
      vertex   1.477556e+02 8.297852e+00 -7.504445e+00
      vertex   1.476827e+02 8.222145e+00 -8.916510e+00
    endloop
  endfacet
  facet normal 6.967743e-01 -7.172861e-01 2.481765e-03
    outer loop
      vertex   1.476827e+02 8.222145e+00 -8.916510e+00
      vertex   1.477556e+02 8.297852e+00 -7.504445e+00
      vertex   1.476329e+02 8.178634e+00 -7.504445e+00
    endloop
  endfacet
  facet normal 6.478491e-01 -7.617684e-01 -6.151578e-04
    outer loop
      vertex   1.476827e+02 8.222145e+00 -8.916510e+00
      vertex   1.476329e+02 8.178634e+00 -7.504445e+00
      vertex   1.476132e+02 8.162965e+00 -8.816174e+00
    endloop
  endfacet
  facet normal 5.763641e-01 -8.171923e-01 1.118767e-03
    outer loop
      vertex   1.476132e+02 8.162965e+00 -8.816174e+00
      vertex   1.476329e+02 8.178634e+00 -7.504445e+00
      vertex   1.475366e+02 8.109055e+00 -8.724799e+00
    endloop
  endfacet
  facet normal 5.642972e-01 -8.255678e-01 2.548350e-03
    outer loop
      vertex   1.475366e+02 8.109055e+00 -8.724799e+00
      vertex   1.476329e+02 8.178634e+00 -7.504445e+00
      vertex   1.474916e+02 8.082082e+00 -7.504445e+00
    endloop
  endfacet
  facet normal 4.947008e-01 -8.690628e-01 -9.777753e-04
    outer loop
      vertex   1.475366e+02 8.109055e+00 -8.724799e+00
      vertex   1.474916e+02 8.082082e+00 -7.504445e+00
      vertex   1.474530e+02 8.061415e+00 -8.644737e+00
    endloop
  endfacet
  facet normal 4.153003e-01 -9.096811e-01 2.443332e-03
    outer loop
      vertex   1.474530e+02 8.061415e+00 -8.644737e+00
      vertex   1.474916e+02 8.082082e+00 -7.504445e+00
      vertex   1.473360e+02 8.011024e+00 -7.504445e+00
    endloop
  endfacet
  facet normal 4.095157e-01 -9.123014e-01 1.733567e-03
    outer loop
      vertex   1.474530e+02 8.061415e+00 -8.644737e+00
      vertex   1.473360e+02 8.011024e+00 -7.504445e+00
      vertex   1.473629e+02 8.021088e+00 -8.578438e+00
    endloop
  endfacet
  facet normal 3.148063e-01 -9.491554e-01 -9.898769e-04
    outer loop
      vertex   1.473629e+02 8.021088e+00 -8.578438e+00
      vertex   1.473360e+02 8.011024e+00 -7.504445e+00
      vertex   1.472670e+02 7.989204e+00 -8.528448e+00
    endloop
  endfacet
  facet normal 2.541444e-01 -9.671600e-01 3.481656e-03
    outer loop
      vertex   1.472670e+02 7.989204e+00 -8.528448e+00
      vertex   1.473360e+02 8.011024e+00 -7.504445e+00
      vertex   1.471705e+02 7.967539e+00 -7.504445e+00
    endloop
  endfacet
  facet normal 2.431706e-01 -9.699806e-01 2.388085e-03
    outer loop
      vertex   1.472670e+02 7.989204e+00 -8.528448e+00
      vertex   1.471705e+02 7.967539e+00 -7.504445e+00
      vertex   1.472172e+02 7.976773e+00 -8.510319e+00
    endloop
  endfacet
  facet normal 1.918628e-01 -9.814218e-01 -9.952062e-05
    outer loop
      vertex   1.472172e+02 7.976773e+00 -8.510319e+00
      vertex   1.471705e+02 7.967539e+00 -7.504445e+00
      vertex   1.471665e+02 7.966856e+00 -8.497152e+00
    endloop
  endfacet
  facet normal 1.407766e-01 -9.900414e-01 1.127465e-04
    outer loop
      vertex   1.471665e+02 7.966856e+00 -8.497152e+00
      vertex   1.471705e+02 7.967539e+00 -7.504445e+00
      vertex   1.471150e+02 7.959543e+00 -8.489146e+00
    endloop
  endfacet
  facet normal 8.934589e-02 -9.959960e-01 3.057091e-03
    outer loop
      vertex   1.471150e+02 7.959543e+00 -8.489146e+00
      vertex   1.471705e+02 7.967539e+00 -7.504445e+00
      vertex   1.470631e+02 7.954897e+00 -8.486445e+00
    endloop
  endfacet
  facet normal 8.554962e-02 -9.963278e-01 3.476280e-03
    outer loop
      vertex   1.470631e+02 7.954897e+00 -8.486445e+00
      vertex   1.471705e+02 7.967539e+00 -7.504445e+00
      vertex   1.470000e+02 7.952902e+00 -7.504445e+00
    endloop
  endfacet
  facet normal 5.263092e-02 -9.986131e-01 1.354906e-03
    outer loop
      vertex   1.470631e+02 7.954897e+00 -8.486445e+00
      vertex   1.470000e+02 7.952902e+00 -7.504445e+00
      vertex   1.470421e+02 7.953789e+00 -8.486445e+00
    endloop
  endfacet
  facet normal 3.158792e-02 -9.995009e-01 4.517025e-04
    outer loop
      vertex   1.470421e+02 7.953789e+00 -8.486445e+00
      vertex   1.470000e+02 7.952902e+00 -7.504445e+00
      vertex   1.470211e+02 7.953123e+00 -8.486445e+00
    endloop
  endfacet
  facet normal 1.053087e-02 -9.999445e-01 0.000000e+00
    outer loop
      vertex   1.470211e+02 7.953123e+00 -8.486445e+00
      vertex   1.470000e+02 7.952902e+00 -7.504445e+00
      vertex   1.470000e+02 7.952902e+00 -8.486445e+00
    endloop
  endfacet
  facet normal 0.000000e+00 -1.000000e+00 0.000000e+00
    outer loop
      vertex   1.470000e+02 7.952902e+00 -8.486445e+00
      vertex   1.470000e+02 7.952902e+00 -7.504445e+00
      vertex   7.562282e+01 7.952902e+00 -8.486445e+00
    endloop
  endfacet
  facet normal 0.000000e+00 -1.000000e+00 0.000000e+00
    outer loop
      vertex   7.562282e+01 7.952902e+00 -8.486445e+00
      vertex   1.470000e+02 7.952902e+00 -7.504445e+00
      vertex   7.562282e+01 7.952902e+00 -7.504445e+00
    endloop
  endfacet
  facet normal 0.000000e+00 -9.961947e-01 8.715574e-02
    outer loop
      vertex   7.562282e+01 7.937709e+00 -8.660093e+00
      vertex   7.937951e+01 7.937709e+00 -8.660093e+00
      vertex   7.562282e+01 7.952902e+00 -8.486445e+00
    endloop
  endfacet
  facet normal 0.000000e+00 -9.961947e-01 8.715574e-02
    outer loop
      vertex   7.562282e+01 7.952902e+00 -8.486445e+00
      vertex   7.937951e+01 7.937709e+00 -8.660093e+00
      vertex   8.313621e+01 7.937709e+00 -8.660093e+00
    endloop
  endfacet
  facet normal 0.000000e+00 -9.961947e-01 8.715574e-02
    outer loop
      vertex   7.562282e+01 7.952902e+00 -8.486445e+00
      vertex   8.313621e+01 7.937709e+00 -8.660093e+00
      vertex   8.689290e+01 7.937709e+00 -8.660093e+00
    endloop
  endfacet
  facet normal 0.000000e+00 -9.659258e-01 2.588190e-01
    outer loop
      vertex   8.689290e+01 7.937709e+00 -8.660093e+00
      vertex   8.313621e+01 7.937709e+00 -8.660093e+00
      vertex   8.689290e+01 7.892594e+00 -8.828465e+00
    endloop
  endfacet
  facet normal 0.000000e+00 -9.659258e-01 2.588190e-01
    outer loop
      vertex   8.689290e+01 7.937709e+00 -8.660093e+00
      vertex   8.689290e+01 7.892594e+00 -8.828465e+00
      vertex   9.064960e+01 7.892594e+00 -8.828465e+00
    endloop
  endfacet
  facet normal 0.000000e+00 -9.063078e-01 4.226183e-01
    outer loop
      vertex   9.064960e+01 7.892594e+00 -8.828465e+00
      vertex   8.689290e+01 7.892594e+00 -8.828465e+00
      vertex   9.064960e+01 7.818927e+00 -8.986445e+00
    endloop
  endfacet
  facet normal 0.000000e+00 -9.063078e-01 4.226183e-01
    outer loop
      vertex   9.064960e+01 7.892594e+00 -8.828465e+00
      vertex   9.064960e+01 7.818927e+00 -8.986445e+00
      vertex   9.440629e+01 7.818927e+00 -8.986445e+00
    endloop
  endfacet
  facet normal 0.000000e+00 -8.191520e-01 5.735764e-01
    outer loop
      vertex   9.440629e+01 7.818927e+00 -8.986445e+00
      vertex   9.064960e+01 7.818927e+00 -8.986445e+00
      vertex   9.440629e+01 7.718946e+00 -9.129232e+00
    endloop
  endfacet
  facet normal 0.000000e+00 -8.191520e-01 5.735764e-01
    outer loop
      vertex   9.440629e+01 7.818927e+00 -8.986445e+00
      vertex   9.440629e+01 7.718946e+00 -9.129232e+00
      vertex   9.816298e+01 7.718946e+00 -9.129232e+00
    endloop
  endfacet
  facet normal 0.000000e+00 -7.071068e-01 7.071068e-01
    outer loop
      vertex   9.816298e+01 7.718946e+00 -9.129232e+00
      vertex   9.440629e+01 7.718946e+00 -9.129232e+00
      vertex   9.816298e+01 7.595689e+00 -9.252489e+00
    endloop
  endfacet
  facet normal 0.000000e+00 -7.071068e-01 7.071068e-01
    outer loop
      vertex   9.816298e+01 7.718946e+00 -9.129232e+00
      vertex   9.816298e+01 7.595689e+00 -9.252489e+00
      vertex   1.019197e+02 7.595689e+00 -9.252489e+00
    endloop
  endfacet
  facet normal 0.000000e+00 -5.735764e-01 8.191520e-01
    outer loop
      vertex   1.019197e+02 7.595689e+00 -9.252489e+00
      vertex   9.816298e+01 7.595689e+00 -9.252489e+00
      vertex   1.019197e+02 7.452902e+00 -9.352470e+00
    endloop
  endfacet
  facet normal 0.000000e+00 -5.735764e-01 8.191520e-01
    outer loop
      vertex   1.019197e+02 7.595689e+00 -9.252489e+00
      vertex   1.019197e+02 7.452902e+00 -9.352470e+00
      vertex   1.056764e+02 7.452902e+00 -9.352470e+00
    endloop
  endfacet
  facet normal 0.000000e+00 -4.226183e-01 9.063078e-01
    outer loop
      vertex   1.056764e+02 7.452902e+00 -9.352470e+00
      vertex   1.019197e+02 7.452902e+00 -9.352470e+00
      vertex   1.056764e+02 7.294922e+00 -9.426137e+00
    endloop
  endfacet
  facet normal 0.000000e+00 -4.226183e-01 9.063078e-01
    outer loop
      vertex   1.056764e+02 7.452902e+00 -9.352470e+00
      vertex   1.056764e+02 7.294922e+00 -9.426137e+00
      vertex   1.094331e+02 7.294922e+00 -9.426137e+00
    endloop
  endfacet
  facet normal 0.000000e+00 -2.588190e-01 9.659258e-01
    outer loop
      vertex   1.094331e+02 7.294922e+00 -9.426137e+00
      vertex   1.056764e+02 7.294922e+00 -9.426137e+00
      vertex   1.094331e+02 7.126550e+00 -9.471252e+00
    endloop
  endfacet
  facet normal 4.569699e-16 -2.588190e-01 9.659258e-01
    outer loop
      vertex   1.094331e+02 7.294922e+00 -9.426137e+00
      vertex   1.094331e+02 7.126550e+00 -9.471252e+00
      vertex   1.131898e+02 7.126550e+00 -9.471252e+00
    endloop
  endfacet
  facet normal 4.710518e-16 -8.715574e-02 9.961947e-01
    outer loop
      vertex   1.131898e+02 7.126550e+00 -9.471252e+00
      vertex   1.094331e+02 7.126550e+00 -9.471252e+00
      vertex   1.470000e+02 6.952902e+00 -9.486445e+00
    endloop
  endfacet
  facet normal 0.000000e+00 -8.715574e-02 9.961947e-01
    outer loop
      vertex   1.131898e+02 7.126550e+00 -9.471252e+00
      vertex   1.470000e+02 6.952902e+00 -9.486445e+00
      vertex   1.169465e+02 7.126550e+00 -9.471252e+00
    endloop
  endfacet
  facet normal 0.000000e+00 -8.715574e-02 9.961947e-01
    outer loop
      vertex   1.169465e+02 7.126550e+00 -9.471252e+00
      vertex   1.470000e+02 6.952902e+00 -9.486445e+00
      vertex   1.207031e+02 7.126550e+00 -9.471252e+00
    endloop
  endfacet
  facet normal 0.000000e+00 -2.588190e-01 9.659258e-01
    outer loop
      vertex   1.169465e+02 7.126550e+00 -9.471252e+00
      vertex   1.207031e+02 7.126550e+00 -9.471252e+00
      vertex   1.169465e+02 7.294922e+00 -9.426137e+00
    endloop
  endfacet
  facet normal -6.119144e-17 -2.588190e-01 9.659258e-01
    outer loop
      vertex   1.169465e+02 7.294922e+00 -9.426137e+00
      vertex   1.207031e+02 7.126550e+00 -9.471252e+00
      vertex   1.207031e+02 7.294922e+00 -9.426137e+00
    endloop
  endfacet
  facet normal -9.991776e-17 -4.226183e-01 9.063078e-01
    outer loop
      vertex   1.169465e+02 7.294922e+00 -9.426137e+00
      vertex   1.207031e+02 7.294922e+00 -9.426137e+00
      vertex   1.169465e+02 7.452902e+00 -9.352470e+00
    endloop
  endfacet
  facet normal 0.000000e+00 -4.226183e-01 9.063078e-01
    outer loop
      vertex   1.169465e+02 7.452902e+00 -9.352470e+00
      vertex   1.207031e+02 7.294922e+00 -9.426137e+00
      vertex   1.207031e+02 7.452902e+00 -9.352470e+00
    endloop
  endfacet
  facet normal 0.000000e+00 -5.735764e-01 8.191520e-01
    outer loop
      vertex   1.169465e+02 7.452902e+00 -9.352470e+00
      vertex   1.207031e+02 7.452902e+00 -9.352470e+00
      vertex   1.169465e+02 7.595689e+00 -9.252489e+00
    endloop
  endfacet
  facet normal 0.000000e+00 -5.735764e-01 8.191520e-01
    outer loop
      vertex   1.169465e+02 7.595689e+00 -9.252489e+00
      vertex   1.207031e+02 7.452902e+00 -9.352470e+00
      vertex   1.207031e+02 7.595689e+00 -9.252489e+00
    endloop
  endfacet
  facet normal 0.000000e+00 -7.071068e-01 7.071068e-01
    outer loop
      vertex   1.169465e+02 7.595689e+00 -9.252489e+00
      vertex   1.207031e+02 7.595689e+00 -9.252489e+00
      vertex   1.169465e+02 7.718946e+00 -9.129232e+00
    endloop
  endfacet
  facet normal 0.000000e+00 -7.071068e-01 7.071068e-01
    outer loop
      vertex   1.169465e+02 7.718946e+00 -9.129232e+00
      vertex   1.207031e+02 7.595689e+00 -9.252489e+00
      vertex   1.207031e+02 7.718946e+00 -9.129232e+00
    endloop
  endfacet
  facet normal 0.000000e+00 -8.191520e-01 5.735764e-01
    outer loop
      vertex   1.169465e+02 7.718946e+00 -9.129232e+00
      vertex   1.207031e+02 7.718946e+00 -9.129232e+00
      vertex   1.169465e+02 7.818927e+00 -8.986445e+00
    endloop
  endfacet
  facet normal 0.000000e+00 -8.191520e-01 5.735764e-01
    outer loop
      vertex   1.169465e+02 7.818927e+00 -8.986445e+00
      vertex   1.207031e+02 7.718946e+00 -9.129232e+00
      vertex   1.207031e+02 7.818927e+00 -8.986445e+00
    endloop
  endfacet
  facet normal 0.000000e+00 -9.063078e-01 4.226183e-01
    outer loop
      vertex   1.169465e+02 7.818927e+00 -8.986445e+00
      vertex   1.207031e+02 7.818927e+00 -8.986445e+00
      vertex   1.169465e+02 7.892594e+00 -8.828465e+00
    endloop
  endfacet
  facet normal 0.000000e+00 -9.063078e-01 4.226183e-01
    outer loop
      vertex   1.169465e+02 7.892594e+00 -8.828465e+00
      vertex   1.207031e+02 7.818927e+00 -8.986445e+00
      vertex   1.207031e+02 7.892594e+00 -8.828465e+00
    endloop
  endfacet
  facet normal 0.000000e+00 -9.659258e-01 2.588190e-01
    outer loop
      vertex   1.169465e+02 7.892594e+00 -8.828465e+00
      vertex   1.207031e+02 7.892594e+00 -8.828465e+00
      vertex   1.169465e+02 7.937709e+00 -8.660093e+00
    endloop
  endfacet
  facet normal 0.000000e+00 -9.659258e-01 2.588190e-01
    outer loop
      vertex   1.169465e+02 7.937709e+00 -8.660093e+00
      vertex   1.207031e+02 7.892594e+00 -8.828465e+00
      vertex   1.207031e+02 7.937709e+00 -8.660093e+00
    endloop
  endfacet
  facet normal 0.000000e+00 -9.961947e-01 8.715574e-02
    outer loop
      vertex   1.169465e+02 7.937709e+00 -8.660093e+00
      vertex   1.207031e+02 7.937709e+00 -8.660093e+00
      vertex   1.470000e+02 7.952902e+00 -8.486445e+00
    endloop
  endfacet
  facet normal 0.000000e+00 -9.961947e-01 8.715574e-02
    outer loop
      vertex   1.470000e+02 7.952902e+00 -8.486445e+00
      vertex   1.207031e+02 7.937709e+00 -8.660093e+00
      vertex   1.244598e+02 7.937709e+00 -8.660093e+00
    endloop
  endfacet
  facet normal 0.000000e+00 -9.961947e-01 8.715574e-02
    outer loop
      vertex   1.470000e+02 7.952902e+00 -8.486445e+00
      vertex   1.244598e+02 7.937709e+00 -8.660093e+00
      vertex   1.282165e+02 7.937709e+00 -8.660093e+00
    endloop
  endfacet
  facet normal 0.000000e+00 -9.659258e-01 2.588190e-01
    outer loop
      vertex   1.282165e+02 7.937709e+00 -8.660093e+00
      vertex   1.244598e+02 7.937709e+00 -8.660093e+00
      vertex   1.282165e+02 7.892594e+00 -8.828465e+00
    endloop
  endfacet
  facet normal 0.000000e+00 -9.659258e-01 2.588190e-01
    outer loop
      vertex   1.282165e+02 7.937709e+00 -8.660093e+00
      vertex   1.282165e+02 7.892594e+00 -8.828465e+00
      vertex   1.319732e+02 7.892594e+00 -8.828465e+00
    endloop
  endfacet
  facet normal 0.000000e+00 -9.063078e-01 4.226183e-01
    outer loop
      vertex   1.319732e+02 7.892594e+00 -8.828465e+00
      vertex   1.282165e+02 7.892594e+00 -8.828465e+00
      vertex   1.319732e+02 7.818927e+00 -8.986445e+00
    endloop
  endfacet
  facet normal -2.145772e-16 -9.063078e-01 4.226183e-01
    outer loop
      vertex   1.319732e+02 7.892594e+00 -8.828465e+00
      vertex   1.319732e+02 7.818927e+00 -8.986445e+00
      vertex   1.357299e+02 7.818927e+00 -8.986445e+00
    endloop
  endfacet
  facet normal -1.936685e-16 -8.191520e-01 5.735764e-01
    outer loop
      vertex   1.357299e+02 7.818927e+00 -8.986445e+00
      vertex   1.319732e+02 7.818927e+00 -8.986445e+00
      vertex   1.357299e+02 7.718946e+00 -9.129232e+00
    endloop
  endfacet
  facet normal 0.000000e+00 -8.191520e-01 5.735764e-01
    outer loop
      vertex   1.357299e+02 7.818927e+00 -8.986445e+00
      vertex   1.357299e+02 7.718946e+00 -9.129232e+00
      vertex   1.394866e+02 7.718946e+00 -9.129232e+00
    endloop
  endfacet
  facet normal 0.000000e+00 -7.071068e-01 7.071068e-01
    outer loop
      vertex   1.394866e+02 7.718946e+00 -9.129232e+00
      vertex   1.357299e+02 7.718946e+00 -9.129232e+00
      vertex   1.394866e+02 7.595689e+00 -9.252489e+00
    endloop
  endfacet
  facet normal 0.000000e+00 -7.071068e-01 7.071068e-01
    outer loop
      vertex   1.394866e+02 7.718946e+00 -9.129232e+00
      vertex   1.394866e+02 7.595689e+00 -9.252489e+00
      vertex   1.432433e+02 7.595689e+00 -9.252489e+00
    endloop
  endfacet
  facet normal 0.000000e+00 -5.735764e-01 8.191520e-01
    outer loop
      vertex   1.432433e+02 7.595689e+00 -9.252489e+00
      vertex   1.394866e+02 7.595689e+00 -9.252489e+00
      vertex   1.432433e+02 7.452902e+00 -9.352470e+00
    endloop
  endfacet
  facet normal -5.218728e-16 -5.735764e-01 8.191520e-01
    outer loop
      vertex   1.432433e+02 7.595689e+00 -9.252489e+00
      vertex   1.432433e+02 7.452902e+00 -9.352470e+00
      vertex   1.470000e+02 7.452902e+00 -9.352470e+00
    endloop
  endfacet
  facet normal -5.284664e-16 -4.226183e-01 9.063078e-01
    outer loop
      vertex   1.470000e+02 7.452902e+00 -9.352470e+00
      vertex   1.432433e+02 7.452902e+00 -9.352470e+00
      vertex   1.470000e+02 7.294922e+00 -9.426137e+00
    endloop
  endfacet
  facet normal -4.285487e-16 -4.226183e-01 9.063078e-01
    outer loop
      vertex   1.470000e+02 7.294922e+00 -9.426137e+00
      vertex   1.432433e+02 7.452902e+00 -9.352470e+00
      vertex   1.432433e+02 7.294922e+00 -9.426137e+00
    endloop
  endfacet
  facet normal -4.567391e-16 -2.588190e-01 9.659258e-01
    outer loop
      vertex   1.470000e+02 7.294922e+00 -9.426137e+00
      vertex   1.432433e+02 7.294922e+00 -9.426137e+00
      vertex   1.470000e+02 7.126550e+00 -9.471252e+00
    endloop
  endfacet
  facet normal 0.000000e+00 -2.588190e-01 9.659258e-01
    outer loop
      vertex   1.470000e+02 7.126550e+00 -9.471252e+00
      vertex   1.432433e+02 7.294922e+00 -9.426137e+00
      vertex   1.432433e+02 7.126550e+00 -9.471252e+00
    endloop
  endfacet
  facet normal 0.000000e+00 -8.715574e-02 9.961947e-01
    outer loop
      vertex   1.470000e+02 7.126550e+00 -9.471252e+00
      vertex   1.432433e+02 7.126550e+00 -9.471252e+00
      vertex   1.470000e+02 6.952902e+00 -9.486445e+00
    endloop
  endfacet
  facet normal 0.000000e+00 -8.715574e-02 9.961947e-01
    outer loop
      vertex   1.470000e+02 6.952902e+00 -9.486445e+00
      vertex   1.432433e+02 7.126550e+00 -9.471252e+00
      vertex   1.394866e+02 7.126550e+00 -9.471252e+00
    endloop
  endfacet
  facet normal -2.053053e-17 -8.715574e-02 9.961947e-01
    outer loop
      vertex   1.470000e+02 6.952902e+00 -9.486445e+00
      vertex   1.394866e+02 7.126550e+00 -9.471252e+00
      vertex   1.357299e+02 7.126550e+00 -9.471252e+00
    endloop
  endfacet
  facet normal -6.119144e-17 -2.588190e-01 9.659258e-01
    outer loop
      vertex   1.357299e+02 7.126550e+00 -9.471252e+00
      vertex   1.394866e+02 7.126550e+00 -9.471252e+00
      vertex   1.357299e+02 7.294922e+00 -9.426137e+00
    endloop
  endfacet
  facet normal 0.000000e+00 -2.588190e-01 9.659258e-01
    outer loop
      vertex   1.357299e+02 7.126550e+00 -9.471252e+00
      vertex   1.357299e+02 7.294922e+00 -9.426137e+00
      vertex   1.319732e+02 7.294922e+00 -9.426137e+00
    endloop
  endfacet
  facet normal 0.000000e+00 -4.226183e-01 9.063078e-01
    outer loop
      vertex   1.319732e+02 7.294922e+00 -9.426137e+00
      vertex   1.357299e+02 7.294922e+00 -9.426137e+00
      vertex   1.319732e+02 7.452902e+00 -9.352470e+00
    endloop
  endfacet
  facet normal -9.801673e-17 -4.226183e-01 9.063078e-01
    outer loop
      vertex   1.319732e+02 7.294922e+00 -9.426137e+00
      vertex   1.319732e+02 7.452902e+00 -9.352470e+00
      vertex   1.282165e+02 7.452902e+00 -9.352470e+00
    endloop
  endfacet
  facet normal -1.356081e-16 -5.735764e-01 8.191520e-01
    outer loop
      vertex   1.282165e+02 7.452902e+00 -9.352470e+00
      vertex   1.319732e+02 7.452902e+00 -9.352470e+00
      vertex   1.282165e+02 7.595689e+00 -9.252489e+00
    endloop
  endfacet
  facet normal 0.000000e+00 -5.735764e-01 8.191520e-01
    outer loop
      vertex   1.282165e+02 7.452902e+00 -9.352470e+00
      vertex   1.282165e+02 7.595689e+00 -9.252489e+00
      vertex   1.244598e+02 7.595689e+00 -9.252489e+00
    endloop
  endfacet
  facet normal 0.000000e+00 -7.071068e-01 7.071068e-01
    outer loop
      vertex   1.244598e+02 7.595689e+00 -9.252489e+00
      vertex   1.282165e+02 7.595689e+00 -9.252489e+00
      vertex   1.244598e+02 7.718946e+00 -9.129232e+00
    endloop
  endfacet
  facet normal 0.000000e+00 -7.071068e-01 7.071068e-01
    outer loop
      vertex   1.244598e+02 7.595689e+00 -9.252489e+00
      vertex   1.244598e+02 7.718946e+00 -9.129232e+00
      vertex   1.207031e+02 7.718946e+00 -9.129232e+00
    endloop
  endfacet
  facet normal 0.000000e+00 -8.191520e-01 5.735764e-01
    outer loop
      vertex   1.207031e+02 7.718946e+00 -9.129232e+00
      vertex   1.244598e+02 7.718946e+00 -9.129232e+00
      vertex   1.207031e+02 7.818927e+00 -8.986445e+00
    endloop
  endfacet
  facet normal 0.000000e+00 -9.659258e-01 2.588190e-01
    outer loop
      vertex   7.937951e+01 7.937709e+00 -8.660093e+00
      vertex   7.562282e+01 7.937709e+00 -8.660093e+00
      vertex   7.937951e+01 7.892594e+00 -8.828465e+00
    endloop
  endfacet
  facet normal -2.283696e-16 -9.659258e-01 2.588190e-01
    outer loop
      vertex   7.937951e+01 7.892594e+00 -8.828465e+00
      vertex   7.562282e+01 7.937709e+00 -8.660093e+00
      vertex   7.562282e+01 7.892594e+00 -8.828465e+00
    endloop
  endfacet
  facet normal -2.142743e-16 -9.063078e-01 4.226183e-01
    outer loop
      vertex   7.937951e+01 7.892594e+00 -8.828465e+00
      vertex   7.562282e+01 7.892594e+00 -8.828465e+00
      vertex   7.937951e+01 7.818927e+00 -8.986445e+00
    endloop
  endfacet
  facet normal 0.000000e+00 -9.063078e-01 4.226183e-01
    outer loop
      vertex   7.937951e+01 7.818927e+00 -8.986445e+00
      vertex   7.562282e+01 7.892594e+00 -8.828465e+00
      vertex   7.562282e+01 7.818927e+00 -8.986445e+00
    endloop
  endfacet
  facet normal 0.000000e+00 -8.191520e-01 5.735764e-01
    outer loop
      vertex   7.937951e+01 7.818927e+00 -8.986445e+00
      vertex   7.562282e+01 7.818927e+00 -8.986445e+00
      vertex   7.937951e+01 7.718946e+00 -9.129232e+00
    endloop
  endfacet
  facet normal 0.000000e+00 -8.191520e-01 5.735764e-01
    outer loop
      vertex   7.937951e+01 7.718946e+00 -9.129232e+00
      vertex   7.562282e+01 7.818927e+00 -8.986445e+00
      vertex   7.562282e+01 7.718946e+00 -9.129232e+00
    endloop
  endfacet
  facet normal 0.000000e+00 -7.071068e-01 7.071068e-01
    outer loop
      vertex   7.937951e+01 7.718946e+00 -9.129232e+00
      vertex   7.562282e+01 7.718946e+00 -9.129232e+00
      vertex   7.937951e+01 7.595689e+00 -9.252489e+00
    endloop
  endfacet
  facet normal 0.000000e+00 -7.071068e-01 7.071068e-01
    outer loop
      vertex   7.937951e+01 7.595689e+00 -9.252489e+00
      vertex   7.562282e+01 7.718946e+00 -9.129232e+00
      vertex   7.562282e+01 7.595689e+00 -9.252489e+00
    endloop
  endfacet
  facet normal 0.000000e+00 -5.735764e-01 8.191520e-01
    outer loop
      vertex   7.937951e+01 7.595689e+00 -9.252489e+00
      vertex   7.562282e+01 7.595689e+00 -9.252489e+00
      vertex   7.937951e+01 7.452902e+00 -9.352470e+00
    endloop
  endfacet
  facet normal 0.000000e+00 -5.735764e-01 8.191520e-01
    outer loop
      vertex   7.937951e+01 7.452902e+00 -9.352470e+00
      vertex   7.562282e+01 7.595689e+00 -9.252489e+00
      vertex   7.562282e+01 7.452902e+00 -9.352470e+00
    endloop
  endfacet
  facet normal 0.000000e+00 -4.226183e-01 9.063078e-01
    outer loop
      vertex   7.937951e+01 7.452902e+00 -9.352470e+00
      vertex   7.562282e+01 7.452902e+00 -9.352470e+00
      vertex   7.937951e+01 7.294922e+00 -9.426137e+00
    endloop
  endfacet
  facet normal -5.284664e-16 -4.226183e-01 9.063078e-01
    outer loop
      vertex   7.937951e+01 7.294922e+00 -9.426137e+00
      vertex   7.562282e+01 7.452902e+00 -9.352470e+00
      vertex   7.562282e+01 7.294922e+00 -9.426137e+00
    endloop
  endfacet
  facet normal -5.179306e-16 -2.588190e-01 9.659258e-01
    outer loop
      vertex   7.937951e+01 7.294922e+00 -9.426137e+00
      vertex   7.562282e+01 7.294922e+00 -9.426137e+00
      vertex   7.937951e+01 7.126550e+00 -9.471252e+00
    endloop
  endfacet
  facet normal 0.000000e+00 -2.588190e-01 9.659258e-01
    outer loop
      vertex   7.937951e+01 7.126550e+00 -9.471252e+00
      vertex   7.562282e+01 7.294922e+00 -9.426137e+00
      vertex   7.562282e+01 7.126550e+00 -9.471252e+00
    endloop
  endfacet
  facet normal 0.000000e+00 -8.715574e-02 9.961947e-01
    outer loop
      vertex   7.937951e+01 7.126550e+00 -9.471252e+00
      vertex   7.562282e+01 7.126550e+00 -9.471252e+00
      vertex   7.562282e+01 6.952902e+00 -9.486445e+00
    endloop
  endfacet
  facet normal -5.422591e-18 -8.715574e-02 9.961947e-01
    outer loop
      vertex   1.470000e+02 6.952902e+00 -9.486445e+00
      vertex   1.094331e+02 7.126550e+00 -9.471252e+00
      vertex   7.562282e+01 6.952902e+00 -9.486445e+00
    endloop
  endfacet
  facet normal 0.000000e+00 -8.715574e-02 9.961947e-01
    outer loop
      vertex   7.562282e+01 6.952902e+00 -9.486445e+00
      vertex   1.094331e+02 7.126550e+00 -9.471252e+00
      vertex   1.056764e+02 7.126550e+00 -9.471252e+00
    endloop
  endfacet
  facet normal -4.106106e-17 -8.715574e-02 9.961947e-01
    outer loop
      vertex   7.562282e+01 6.952902e+00 -9.486445e+00
      vertex   1.056764e+02 7.126550e+00 -9.471252e+00
      vertex   1.019197e+02 7.126550e+00 -9.471252e+00
    endloop
  endfacet
  facet normal -1.223829e-16 -2.588190e-01 9.659258e-01
    outer loop
      vertex   1.019197e+02 7.126550e+00 -9.471252e+00
      vertex   1.056764e+02 7.126550e+00 -9.471252e+00
      vertex   1.019197e+02 7.294922e+00 -9.426137e+00
    endloop
  endfacet
  facet normal 0.000000e+00 -2.588190e-01 9.659258e-01
    outer loop
      vertex   1.019197e+02 7.126550e+00 -9.471252e+00
      vertex   1.019197e+02 7.294922e+00 -9.426137e+00
      vertex   9.816298e+01 7.294922e+00 -9.426137e+00
    endloop
  endfacet
  facet normal 0.000000e+00 -4.226183e-01 9.063078e-01
    outer loop
      vertex   9.816298e+01 7.294922e+00 -9.426137e+00
      vertex   1.019197e+02 7.294922e+00 -9.426137e+00
      vertex   9.816298e+01 7.452902e+00 -9.352470e+00
    endloop
  endfacet
  facet normal 0.000000e+00 -4.226183e-01 9.063078e-01
    outer loop
      vertex   9.816298e+01 7.294922e+00 -9.426137e+00
      vertex   9.816298e+01 7.452902e+00 -9.352470e+00
      vertex   9.440629e+01 7.452902e+00 -9.352470e+00
    endloop
  endfacet
  facet normal 0.000000e+00 -5.735764e-01 8.191520e-01
    outer loop
      vertex   9.440629e+01 7.452902e+00 -9.352470e+00
      vertex   9.816298e+01 7.452902e+00 -9.352470e+00
      vertex   9.440629e+01 7.595689e+00 -9.252489e+00
    endloop
  endfacet
  facet normal 0.000000e+00 -5.735764e-01 8.191520e-01
    outer loop
      vertex   9.440629e+01 7.452902e+00 -9.352470e+00
      vertex   9.440629e+01 7.595689e+00 -9.252489e+00
      vertex   9.064960e+01 7.595689e+00 -9.252489e+00
    endloop
  endfacet
  facet normal 0.000000e+00 -7.071068e-01 7.071068e-01
    outer loop
      vertex   9.064960e+01 7.595689e+00 -9.252489e+00
      vertex   9.440629e+01 7.595689e+00 -9.252489e+00
      vertex   9.064960e+01 7.718946e+00 -9.129232e+00
    endloop
  endfacet
  facet normal 0.000000e+00 -7.071068e-01 7.071068e-01
    outer loop
      vertex   9.064960e+01 7.595689e+00 -9.252489e+00
      vertex   9.064960e+01 7.718946e+00 -9.129232e+00
      vertex   8.689290e+01 7.718946e+00 -9.129232e+00
    endloop
  endfacet
  facet normal 0.000000e+00 -8.191520e-01 5.735764e-01
    outer loop
      vertex   8.689290e+01 7.718946e+00 -9.129232e+00
      vertex   9.064960e+01 7.718946e+00 -9.129232e+00
      vertex   8.689290e+01 7.818927e+00 -8.986445e+00
    endloop
  endfacet
  facet normal 0.000000e+00 -8.191520e-01 5.735764e-01
    outer loop
      vertex   8.689290e+01 7.718946e+00 -9.129232e+00
      vertex   8.689290e+01 7.818927e+00 -8.986445e+00
      vertex   8.313621e+01 7.818927e+00 -8.986445e+00
    endloop
  endfacet
  facet normal 0.000000e+00 -9.063078e-01 4.226183e-01
    outer loop
      vertex   8.313621e+01 7.818927e+00 -8.986445e+00
      vertex   8.689290e+01 7.818927e+00 -8.986445e+00
      vertex   8.313621e+01 7.892594e+00 -8.828465e+00
    endloop
  endfacet
  facet normal 0.000000e+00 -9.063078e-01 4.226183e-01
    outer loop
      vertex   8.313621e+01 7.818927e+00 -8.986445e+00
      vertex   8.313621e+01 7.892594e+00 -8.828465e+00
      vertex   7.937951e+01 7.892594e+00 -8.828465e+00
    endloop
  endfacet
  facet normal 0.000000e+00 -9.659258e-01 2.588190e-01
    outer loop
      vertex   7.937951e+01 7.892594e+00 -8.828465e+00
      vertex   8.313621e+01 7.892594e+00 -8.828465e+00
      vertex   7.937951e+01 7.937709e+00 -8.660093e+00
    endloop
  endfacet
  facet normal -1.351041e-16 -5.735764e-01 8.191520e-01
    outer loop
      vertex   1.470000e+02 7.452902e+00 -9.352470e+00
      vertex   1.470000e+02 7.595689e+00 -9.252489e+00
      vertex   1.432433e+02 7.595689e+00 -9.252489e+00
    endloop
  endfacet
  facet normal -1.671781e-16 -7.071068e-01 7.071068e-01
    outer loop
      vertex   1.432433e+02 7.595689e+00 -9.252489e+00
      vertex   1.470000e+02 7.595689e+00 -9.252489e+00
      vertex   1.432433e+02 7.718946e+00 -9.129232e+00
    endloop
  endfacet
  facet normal 0.000000e+00 -7.071068e-01 7.071068e-01
    outer loop
      vertex   1.432433e+02 7.595689e+00 -9.252489e+00
      vertex   1.432433e+02 7.718946e+00 -9.129232e+00
      vertex   1.394866e+02 7.718946e+00 -9.129232e+00
    endloop
  endfacet
  facet normal 0.000000e+00 -8.191520e-01 5.735764e-01
    outer loop
      vertex   1.394866e+02 7.718946e+00 -9.129232e+00
      vertex   1.432433e+02 7.718946e+00 -9.129232e+00
      vertex   1.394866e+02 7.818927e+00 -8.986445e+00
    endloop
  endfacet
  facet normal 0.000000e+00 -8.191520e-01 5.735764e-01
    outer loop
      vertex   1.394866e+02 7.718946e+00 -9.129232e+00
      vertex   1.394866e+02 7.818927e+00 -8.986445e+00
      vertex   1.357299e+02 7.818927e+00 -8.986445e+00
    endloop
  endfacet
  facet normal 0.000000e+00 -9.063078e-01 4.226183e-01
    outer loop
      vertex   1.357299e+02 7.818927e+00 -8.986445e+00
      vertex   1.394866e+02 7.818927e+00 -8.986445e+00
      vertex   1.357299e+02 7.892594e+00 -8.828465e+00
    endloop
  endfacet
  facet normal 0.000000e+00 -9.063078e-01 4.226183e-01
    outer loop
      vertex   1.357299e+02 7.818927e+00 -8.986445e+00
      vertex   1.357299e+02 7.892594e+00 -8.828465e+00
      vertex   1.319732e+02 7.892594e+00 -8.828465e+00
    endloop
  endfacet
  facet normal 0.000000e+00 -9.659258e-01 2.588190e-01
    outer loop
      vertex   1.319732e+02 7.892594e+00 -8.828465e+00
      vertex   1.357299e+02 7.892594e+00 -8.828465e+00
      vertex   1.319732e+02 7.937709e+00 -8.660093e+00
    endloop
  endfacet
  facet normal 0.000000e+00 -9.659258e-01 2.588190e-01
    outer loop
      vertex   1.319732e+02 7.892594e+00 -8.828465e+00
      vertex   1.319732e+02 7.937709e+00 -8.660093e+00
      vertex   1.282165e+02 7.937709e+00 -8.660093e+00
    endloop
  endfacet
  facet normal 0.000000e+00 -9.961947e-01 8.715574e-02
    outer loop
      vertex   1.282165e+02 7.937709e+00 -8.660093e+00
      vertex   1.319732e+02 7.937709e+00 -8.660093e+00
      vertex   1.470000e+02 7.952902e+00 -8.486445e+00
    endloop
  endfacet
  facet normal -8.344667e-16 -7.071068e-01 7.071068e-01
    outer loop
      vertex   1.470000e+02 7.595689e+00 -9.252489e+00
      vertex   1.470000e+02 7.718946e+00 -9.129232e+00
      vertex   1.432433e+02 7.718946e+00 -9.129232e+00
    endloop
  endfacet
  facet normal -8.522217e-16 -8.191520e-01 5.735764e-01
    outer loop
      vertex   1.432433e+02 7.718946e+00 -9.129232e+00
      vertex   1.470000e+02 7.718946e+00 -9.129232e+00
      vertex   1.432433e+02 7.818927e+00 -8.986445e+00
    endloop
  endfacet
  facet normal 0.000000e+00 -8.191520e-01 5.735764e-01
    outer loop
      vertex   1.432433e+02 7.718946e+00 -9.129232e+00
      vertex   1.432433e+02 7.818927e+00 -8.986445e+00
      vertex   1.394866e+02 7.818927e+00 -8.986445e+00
    endloop
  endfacet
  facet normal 0.000000e+00 -9.063078e-01 4.226183e-01
    outer loop
      vertex   1.394866e+02 7.818927e+00 -8.986445e+00
      vertex   1.432433e+02 7.818927e+00 -8.986445e+00
      vertex   1.394866e+02 7.892594e+00 -8.828465e+00
    endloop
  endfacet
  facet normal 0.000000e+00 -9.063078e-01 4.226183e-01
    outer loop
      vertex   1.394866e+02 7.818927e+00 -8.986445e+00
      vertex   1.394866e+02 7.892594e+00 -8.828465e+00
      vertex   1.357299e+02 7.892594e+00 -8.828465e+00
    endloop
  endfacet
  facet normal 0.000000e+00 -9.659258e-01 2.588190e-01
    outer loop
      vertex   1.357299e+02 7.892594e+00 -8.828465e+00
      vertex   1.394866e+02 7.892594e+00 -8.828465e+00
      vertex   1.357299e+02 7.937709e+00 -8.660093e+00
    endloop
  endfacet
  facet normal 0.000000e+00 -9.659258e-01 2.588190e-01
    outer loop
      vertex   1.357299e+02 7.892594e+00 -8.828465e+00
      vertex   1.357299e+02 7.937709e+00 -8.660093e+00
      vertex   1.319732e+02 7.937709e+00 -8.660093e+00
    endloop
  endfacet
  facet normal 0.000000e+00 -9.961947e-01 8.715574e-02
    outer loop
      vertex   1.319732e+02 7.937709e+00 -8.660093e+00
      vertex   1.357299e+02 7.937709e+00 -8.660093e+00
      vertex   1.470000e+02 7.952902e+00 -8.486445e+00
    endloop
  endfacet
  facet normal -8.503613e-16 -8.191520e-01 5.735764e-01
    outer loop
      vertex   1.470000e+02 7.718946e+00 -9.129232e+00
      vertex   1.470000e+02 7.818927e+00 -8.986445e+00
      vertex   1.432433e+02 7.818927e+00 -8.986445e+00
    endloop
  endfacet
  facet normal -8.426585e-16 -9.063078e-01 4.226183e-01
    outer loop
      vertex   1.432433e+02 7.818927e+00 -8.986445e+00
      vertex   1.470000e+02 7.818927e+00 -8.986445e+00
      vertex   1.432433e+02 7.892594e+00 -8.828465e+00
    endloop
  endfacet
  facet normal 0.000000e+00 -9.063078e-01 4.226183e-01
    outer loop
      vertex   1.432433e+02 7.818927e+00 -8.986445e+00
      vertex   1.432433e+02 7.892594e+00 -8.828465e+00
      vertex   1.394866e+02 7.892594e+00 -8.828465e+00
    endloop
  endfacet
  facet normal 0.000000e+00 -9.659258e-01 2.588190e-01
    outer loop
      vertex   1.394866e+02 7.892594e+00 -8.828465e+00
      vertex   1.432433e+02 7.892594e+00 -8.828465e+00
      vertex   1.394866e+02 7.937709e+00 -8.660093e+00
    endloop
  endfacet
  facet normal 0.000000e+00 -9.659258e-01 2.588190e-01
    outer loop
      vertex   1.394866e+02 7.892594e+00 -8.828465e+00
      vertex   1.394866e+02 7.937709e+00 -8.660093e+00
      vertex   1.357299e+02 7.937709e+00 -8.660093e+00
    endloop
  endfacet
  facet normal 0.000000e+00 -9.961947e-01 8.715574e-02
    outer loop
      vertex   1.357299e+02 7.937709e+00 -8.660093e+00
      vertex   1.394866e+02 7.937709e+00 -8.660093e+00
      vertex   1.470000e+02 7.952902e+00 -8.486445e+00
    endloop
  endfacet
  facet normal -8.556595e-16 -9.063078e-01 4.226183e-01
    outer loop
      vertex   1.470000e+02 7.818927e+00 -8.986445e+00
      vertex   1.470000e+02 7.892594e+00 -8.828465e+00
      vertex   1.432433e+02 7.892594e+00 -8.828465e+00
    endloop
  endfacet
  facet normal -9.134782e-16 -9.659258e-01 2.588190e-01
    outer loop
      vertex   1.432433e+02 7.892594e+00 -8.828465e+00
      vertex   1.470000e+02 7.892594e+00 -8.828465e+00
      vertex   1.432433e+02 7.937709e+00 -8.660093e+00
    endloop
  endfacet
  facet normal 0.000000e+00 -9.659258e-01 2.588190e-01
    outer loop
      vertex   1.432433e+02 7.892594e+00 -8.828465e+00
      vertex   1.432433e+02 7.937709e+00 -8.660093e+00
      vertex   1.394866e+02 7.937709e+00 -8.660093e+00
    endloop
  endfacet
  facet normal 0.000000e+00 -9.961947e-01 8.715574e-02
    outer loop
      vertex   1.394866e+02 7.937709e+00 -8.660093e+00
      vertex   1.432433e+02 7.937709e+00 -8.660093e+00
      vertex   1.470000e+02 7.952902e+00 -8.486445e+00
    endloop
  endfacet
  facet normal -9.126152e-16 -9.659258e-01 2.588190e-01
    outer loop
      vertex   1.470000e+02 7.892594e+00 -8.828465e+00
      vertex   1.470000e+02 7.937709e+00 -8.660093e+00
      vertex   1.432433e+02 7.937709e+00 -8.660093e+00
    endloop
  endfacet
  facet normal -9.421036e-16 -9.961947e-01 8.715574e-02
    outer loop
      vertex   1.432433e+02 7.937709e+00 -8.660093e+00
      vertex   1.470000e+02 7.937709e+00 -8.660093e+00
      vertex   1.470000e+02 7.952902e+00 -8.486445e+00
    endloop
  endfacet
  facet normal 0.000000e+00 -9.961947e-01 8.715574e-02
    outer loop
      vertex   1.169465e+02 7.937709e+00 -8.660093e+00
      vertex   1.470000e+02 7.952902e+00 -8.486445e+00
      vertex   1.131898e+02 7.937709e+00 -8.660093e+00
    endloop
  endfacet
  facet normal 0.000000e+00 -9.961947e-01 8.715574e-02
    outer loop
      vertex   1.131898e+02 7.937709e+00 -8.660093e+00
      vertex   1.470000e+02 7.952902e+00 -8.486445e+00
      vertex   7.562282e+01 7.952902e+00 -8.486445e+00
    endloop
  endfacet
  facet normal 0.000000e+00 -9.961947e-01 8.715574e-02
    outer loop
      vertex   1.131898e+02 7.937709e+00 -8.660093e+00
      vertex   7.562282e+01 7.952902e+00 -8.486445e+00
      vertex   1.094331e+02 7.937709e+00 -8.660093e+00
    endloop
  endfacet
  facet normal 0.000000e+00 -9.961947e-01 8.715574e-02
    outer loop
      vertex   1.094331e+02 7.937709e+00 -8.660093e+00
      vertex   7.562282e+01 7.952902e+00 -8.486445e+00
      vertex   1.056764e+02 7.937709e+00 -8.660093e+00
    endloop
  endfacet
  facet normal 0.000000e+00 -9.659258e-01 2.588190e-01
    outer loop
      vertex   1.094331e+02 7.937709e+00 -8.660093e+00
      vertex   1.056764e+02 7.937709e+00 -8.660093e+00
      vertex   1.094331e+02 7.892594e+00 -8.828465e+00
    endloop
  endfacet
  facet normal 0.000000e+00 -9.659258e-01 2.588190e-01
    outer loop
      vertex   1.094331e+02 7.892594e+00 -8.828465e+00
      vertex   1.056764e+02 7.937709e+00 -8.660093e+00
      vertex   1.056764e+02 7.892594e+00 -8.828465e+00
    endloop
  endfacet
  facet normal 0.000000e+00 -9.063078e-01 4.226183e-01
    outer loop
      vertex   1.094331e+02 7.892594e+00 -8.828465e+00
      vertex   1.056764e+02 7.892594e+00 -8.828465e+00
      vertex   1.094331e+02 7.818927e+00 -8.986445e+00
    endloop
  endfacet
  facet normal 0.000000e+00 -9.063078e-01 4.226183e-01
    outer loop
      vertex   1.094331e+02 7.818927e+00 -8.986445e+00
      vertex   1.056764e+02 7.892594e+00 -8.828465e+00
      vertex   1.056764e+02 7.818927e+00 -8.986445e+00
    endloop
  endfacet
  facet normal 0.000000e+00 -8.191520e-01 5.735764e-01
    outer loop
      vertex   1.094331e+02 7.818927e+00 -8.986445e+00
      vertex   1.056764e+02 7.818927e+00 -8.986445e+00
      vertex   1.094331e+02 7.718946e+00 -9.129232e+00
    endloop
  endfacet
  facet normal 0.000000e+00 -8.191520e-01 5.735764e-01
    outer loop
      vertex   1.094331e+02 7.718946e+00 -9.129232e+00
      vertex   1.056764e+02 7.818927e+00 -8.986445e+00
      vertex   1.056764e+02 7.718946e+00 -9.129232e+00
    endloop
  endfacet
  facet normal 0.000000e+00 -7.071068e-01 7.071068e-01
    outer loop
      vertex   1.094331e+02 7.718946e+00 -9.129232e+00
      vertex   1.056764e+02 7.718946e+00 -9.129232e+00
      vertex   1.094331e+02 7.595689e+00 -9.252489e+00
    endloop
  endfacet
  facet normal 0.000000e+00 -7.071068e-01 7.071068e-01
    outer loop
      vertex   1.094331e+02 7.595689e+00 -9.252489e+00
      vertex   1.056764e+02 7.718946e+00 -9.129232e+00
      vertex   1.056764e+02 7.595689e+00 -9.252489e+00
    endloop
  endfacet
  facet normal 0.000000e+00 -5.735764e-01 8.191520e-01
    outer loop
      vertex   1.094331e+02 7.595689e+00 -9.252489e+00
      vertex   1.056764e+02 7.595689e+00 -9.252489e+00
      vertex   1.094331e+02 7.452902e+00 -9.352470e+00
    endloop
  endfacet
  facet normal -1.356081e-16 -5.735764e-01 8.191520e-01
    outer loop
      vertex   1.094331e+02 7.452902e+00 -9.352470e+00
      vertex   1.056764e+02 7.595689e+00 -9.252489e+00
      vertex   1.056764e+02 7.452902e+00 -9.352470e+00
    endloop
  endfacet
  facet normal -9.991776e-17 -4.226183e-01 9.063078e-01
    outer loop
      vertex   1.094331e+02 7.452902e+00 -9.352470e+00
      vertex   1.056764e+02 7.452902e+00 -9.352470e+00
      vertex   1.094331e+02 7.294922e+00 -9.426137e+00
    endloop
  endfacet
  facet normal 0.000000e+00 -9.659258e-01 2.588190e-01
    outer loop
      vertex   8.689290e+01 7.892594e+00 -8.828465e+00
      vertex   8.313621e+01 7.937709e+00 -8.660093e+00
      vertex   8.313621e+01 7.892594e+00 -8.828465e+00
    endloop
  endfacet
  facet normal 0.000000e+00 -9.659258e-01 2.588190e-01
    outer loop
      vertex   8.313621e+01 7.892594e+00 -8.828465e+00
      vertex   8.313621e+01 7.937709e+00 -8.660093e+00
      vertex   7.937951e+01 7.937709e+00 -8.660093e+00
    endloop
  endfacet
  facet normal 0.000000e+00 -9.961947e-01 8.715574e-02
    outer loop
      vertex   8.689290e+01 7.937709e+00 -8.660093e+00
      vertex   9.064960e+01 7.937709e+00 -8.660093e+00
      vertex   7.562282e+01 7.952902e+00 -8.486445e+00
    endloop
  endfacet
  facet normal 0.000000e+00 -9.961947e-01 8.715574e-02
    outer loop
      vertex   7.562282e+01 7.952902e+00 -8.486445e+00
      vertex   9.064960e+01 7.937709e+00 -8.660093e+00
      vertex   9.440629e+01 7.937709e+00 -8.660093e+00
    endloop
  endfacet
  facet normal 0.000000e+00 -9.961947e-01 8.715574e-02
    outer loop
      vertex   7.562282e+01 7.952902e+00 -8.486445e+00
      vertex   9.440629e+01 7.937709e+00 -8.660093e+00
      vertex   9.816298e+01 7.937709e+00 -8.660093e+00
    endloop
  endfacet
  facet normal 0.000000e+00 -9.659258e-01 2.588190e-01
    outer loop
      vertex   9.816298e+01 7.937709e+00 -8.660093e+00
      vertex   9.440629e+01 7.937709e+00 -8.660093e+00
      vertex   9.816298e+01 7.892594e+00 -8.828465e+00
    endloop
  endfacet
  facet normal 0.000000e+00 -9.659258e-01 2.588190e-01
    outer loop
      vertex   9.816298e+01 7.937709e+00 -8.660093e+00
      vertex   9.816298e+01 7.892594e+00 -8.828465e+00
      vertex   1.019197e+02 7.892594e+00 -8.828465e+00
    endloop
  endfacet
  facet normal 0.000000e+00 -9.063078e-01 4.226183e-01
    outer loop
      vertex   1.019197e+02 7.892594e+00 -8.828465e+00
      vertex   9.816298e+01 7.892594e+00 -8.828465e+00
      vertex   1.019197e+02 7.818927e+00 -8.986445e+00
    endloop
  endfacet
  facet normal 1.986826e-16 -9.063078e-01 4.226183e-01
    outer loop
      vertex   1.019197e+02 7.892594e+00 -8.828465e+00
      vertex   1.019197e+02 7.818927e+00 -8.986445e+00
      vertex   1.056764e+02 7.818927e+00 -8.986445e+00
    endloop
  endfacet
  facet normal 2.712163e-16 -8.191520e-01 5.735764e-01
    outer loop
      vertex   1.056764e+02 7.818927e+00 -8.986445e+00
      vertex   1.019197e+02 7.818927e+00 -8.986445e+00
      vertex   1.056764e+02 7.718946e+00 -9.129232e+00
    endloop
  endfacet
  facet normal 0.000000e+00 -9.659258e-01 2.588190e-01
    outer loop
      vertex   8.689290e+01 7.937709e+00 -8.660093e+00
      vertex   9.064960e+01 7.892594e+00 -8.828465e+00
      vertex   9.064960e+01 7.937709e+00 -8.660093e+00
    endloop
  endfacet
  facet normal 0.000000e+00 -9.659258e-01 2.588190e-01
    outer loop
      vertex   9.064960e+01 7.937709e+00 -8.660093e+00
      vertex   9.064960e+01 7.892594e+00 -8.828465e+00
      vertex   9.440629e+01 7.892594e+00 -8.828465e+00
    endloop
  endfacet
  facet normal 0.000000e+00 -9.659258e-01 2.588190e-01
    outer loop
      vertex   9.064960e+01 7.937709e+00 -8.660093e+00
      vertex   9.440629e+01 7.892594e+00 -8.828465e+00
      vertex   9.440629e+01 7.937709e+00 -8.660093e+00
    endloop
  endfacet
  facet normal 0.000000e+00 -9.659258e-01 2.588190e-01
    outer loop
      vertex   9.440629e+01 7.937709e+00 -8.660093e+00
      vertex   9.440629e+01 7.892594e+00 -8.828465e+00
      vertex   9.816298e+01 7.892594e+00 -8.828465e+00
    endloop
  endfacet
  facet normal 0.000000e+00 -9.961947e-01 8.715574e-02
    outer loop
      vertex   1.056764e+02 7.937709e+00 -8.660093e+00
      vertex   7.562282e+01 7.952902e+00 -8.486445e+00
      vertex   1.019197e+02 7.937709e+00 -8.660093e+00
    endloop
  endfacet
  facet normal 0.000000e+00 -9.961947e-01 8.715574e-02
    outer loop
      vertex   1.019197e+02 7.937709e+00 -8.660093e+00
      vertex   7.562282e+01 7.952902e+00 -8.486445e+00
      vertex   9.816298e+01 7.937709e+00 -8.660093e+00
    endloop
  endfacet
  facet normal 0.000000e+00 -9.659258e-01 2.588190e-01
    outer loop
      vertex   1.019197e+02 7.937709e+00 -8.660093e+00
      vertex   9.816298e+01 7.937709e+00 -8.660093e+00
      vertex   1.019197e+02 7.892594e+00 -8.828465e+00
    endloop
  endfacet
  facet normal 0.000000e+00 -9.659258e-01 2.588190e-01
    outer loop
      vertex   1.056764e+02 7.892594e+00 -8.828465e+00
      vertex   1.056764e+02 7.937709e+00 -8.660093e+00
      vertex   1.019197e+02 7.937709e+00 -8.660093e+00
    endloop
  endfacet
  facet normal 0.000000e+00 -9.659258e-01 2.588190e-01
    outer loop
      vertex   1.056764e+02 7.892594e+00 -8.828465e+00
      vertex   1.019197e+02 7.937709e+00 -8.660093e+00
      vertex   1.019197e+02 7.892594e+00 -8.828465e+00
    endloop
  endfacet
  facet normal 0.000000e+00 -9.659258e-01 2.588190e-01
    outer loop
      vertex   1.169465e+02 7.892594e+00 -8.828465e+00
      vertex   1.169465e+02 7.937709e+00 -8.660093e+00
      vertex   1.131898e+02 7.937709e+00 -8.660093e+00
    endloop
  endfacet
  facet normal 0.000000e+00 -9.659258e-01 2.588190e-01
    outer loop
      vertex   1.131898e+02 7.937709e+00 -8.660093e+00
      vertex   1.094331e+02 7.937709e+00 -8.660093e+00
      vertex   1.131898e+02 7.892594e+00 -8.828465e+00
    endloop
  endfacet
  facet normal 0.000000e+00 -9.659258e-01 2.588190e-01
    outer loop
      vertex   1.131898e+02 7.892594e+00 -8.828465e+00
      vertex   1.094331e+02 7.937709e+00 -8.660093e+00
      vertex   1.094331e+02 7.892594e+00 -8.828465e+00
    endloop
  endfacet
  facet normal 0.000000e+00 -9.063078e-01 4.226183e-01
    outer loop
      vertex   1.131898e+02 7.892594e+00 -8.828465e+00
      vertex   1.094331e+02 7.892594e+00 -8.828465e+00
      vertex   1.131898e+02 7.818927e+00 -8.986445e+00
    endloop
  endfacet
  facet normal 0.000000e+00 -9.063078e-01 4.226183e-01
    outer loop
      vertex   1.131898e+02 7.818927e+00 -8.986445e+00
      vertex   1.094331e+02 7.892594e+00 -8.828465e+00
      vertex   1.094331e+02 7.818927e+00 -8.986445e+00
    endloop
  endfacet
  facet normal 0.000000e+00 -8.191520e-01 5.735764e-01
    outer loop
      vertex   1.131898e+02 7.818927e+00 -8.986445e+00
      vertex   1.094331e+02 7.818927e+00 -8.986445e+00
      vertex   1.131898e+02 7.718946e+00 -9.129232e+00
    endloop
  endfacet
  facet normal 0.000000e+00 -8.191520e-01 5.735764e-01
    outer loop
      vertex   1.131898e+02 7.718946e+00 -9.129232e+00
      vertex   1.094331e+02 7.818927e+00 -8.986445e+00
      vertex   1.094331e+02 7.718946e+00 -9.129232e+00
    endloop
  endfacet
  facet normal 0.000000e+00 -7.071068e-01 7.071068e-01
    outer loop
      vertex   1.131898e+02 7.718946e+00 -9.129232e+00
      vertex   1.094331e+02 7.718946e+00 -9.129232e+00
      vertex   1.131898e+02 7.595689e+00 -9.252489e+00
    endloop
  endfacet
  facet normal 0.000000e+00 -7.071068e-01 7.071068e-01
    outer loop
      vertex   1.131898e+02 7.595689e+00 -9.252489e+00
      vertex   1.094331e+02 7.718946e+00 -9.129232e+00
      vertex   1.094331e+02 7.595689e+00 -9.252489e+00
    endloop
  endfacet
  facet normal 0.000000e+00 -5.735764e-01 8.191520e-01
    outer loop
      vertex   1.131898e+02 7.595689e+00 -9.252489e+00
      vertex   1.094331e+02 7.595689e+00 -9.252489e+00
      vertex   1.131898e+02 7.452902e+00 -9.352470e+00
    endloop
  endfacet
  facet normal 0.000000e+00 -5.735764e-01 8.191520e-01
    outer loop
      vertex   1.131898e+02 7.452902e+00 -9.352470e+00
      vertex   1.094331e+02 7.595689e+00 -9.252489e+00
      vertex   1.094331e+02 7.452902e+00 -9.352470e+00
    endloop
  endfacet
  facet normal 0.000000e+00 -4.226183e-01 9.063078e-01
    outer loop
      vertex   1.131898e+02 7.452902e+00 -9.352470e+00
      vertex   1.094331e+02 7.452902e+00 -9.352470e+00
      vertex   1.131898e+02 7.294922e+00 -9.426137e+00
    endloop
  endfacet
  facet normal 0.000000e+00 -4.226183e-01 9.063078e-01
    outer loop
      vertex   1.131898e+02 7.294922e+00 -9.426137e+00
      vertex   1.094331e+02 7.452902e+00 -9.352470e+00
      vertex   1.094331e+02 7.294922e+00 -9.426137e+00
    endloop
  endfacet
  facet normal 0.000000e+00 -2.588190e-01 9.659258e-01
    outer loop
      vertex   1.131898e+02 7.294922e+00 -9.426137e+00
      vertex   1.094331e+02 7.294922e+00 -9.426137e+00
      vertex   1.131898e+02 7.126550e+00 -9.471252e+00
    endloop
  endfacet
  facet normal 0.000000e+00 -9.659258e-01 2.588190e-01
    outer loop
      vertex   1.244598e+02 7.937709e+00 -8.660093e+00
      vertex   1.207031e+02 7.937709e+00 -8.660093e+00
      vertex   1.244598e+02 7.892594e+00 -8.828465e+00
    endloop
  endfacet
  facet normal 0.000000e+00 -9.659258e-01 2.588190e-01
    outer loop
      vertex   1.244598e+02 7.892594e+00 -8.828465e+00
      vertex   1.207031e+02 7.937709e+00 -8.660093e+00
      vertex   1.207031e+02 7.892594e+00 -8.828465e+00
    endloop
  endfacet
  facet normal 0.000000e+00 -9.063078e-01 4.226183e-01
    outer loop
      vertex   1.244598e+02 7.892594e+00 -8.828465e+00
      vertex   1.207031e+02 7.892594e+00 -8.828465e+00
      vertex   1.244598e+02 7.818927e+00 -8.986445e+00
    endloop
  endfacet
  facet normal 0.000000e+00 -9.063078e-01 4.226183e-01
    outer loop
      vertex   1.244598e+02 7.818927e+00 -8.986445e+00
      vertex   1.207031e+02 7.892594e+00 -8.828465e+00
      vertex   1.207031e+02 7.818927e+00 -8.986445e+00
    endloop
  endfacet
  facet normal 0.000000e+00 -8.191520e-01 5.735764e-01
    outer loop
      vertex   1.244598e+02 7.818927e+00 -8.986445e+00
      vertex   1.207031e+02 7.818927e+00 -8.986445e+00
      vertex   1.244598e+02 7.718946e+00 -9.129232e+00
    endloop
  endfacet
  facet normal 0.000000e+00 -9.063078e-01 4.226183e-01
    outer loop
      vertex   8.313621e+01 7.818927e+00 -8.986445e+00
      vertex   7.937951e+01 7.892594e+00 -8.828465e+00
      vertex   7.937951e+01 7.818927e+00 -8.986445e+00
    endloop
  endfacet
  facet normal 0.000000e+00 -9.063078e-01 4.226183e-01
    outer loop
      vertex   9.064960e+01 7.818927e+00 -8.986445e+00
      vertex   8.689290e+01 7.892594e+00 -8.828465e+00
      vertex   8.689290e+01 7.818927e+00 -8.986445e+00
    endloop
  endfacet
  facet normal 0.000000e+00 -9.063078e-01 4.226183e-01
    outer loop
      vertex   8.689290e+01 7.818927e+00 -8.986445e+00
      vertex   8.689290e+01 7.892594e+00 -8.828465e+00
      vertex   8.313621e+01 7.892594e+00 -8.828465e+00
    endloop
  endfacet
  facet normal 0.000000e+00 -9.063078e-01 4.226183e-01
    outer loop
      vertex   9.064960e+01 7.892594e+00 -8.828465e+00
      vertex   9.440629e+01 7.818927e+00 -8.986445e+00
      vertex   9.440629e+01 7.892594e+00 -8.828465e+00
    endloop
  endfacet
  facet normal 0.000000e+00 -9.063078e-01 4.226183e-01
    outer loop
      vertex   9.440629e+01 7.892594e+00 -8.828465e+00
      vertex   9.440629e+01 7.818927e+00 -8.986445e+00
      vertex   9.816298e+01 7.818927e+00 -8.986445e+00
    endloop
  endfacet
  facet normal 0.000000e+00 -9.063078e-01 4.226183e-01
    outer loop
      vertex   9.440629e+01 7.892594e+00 -8.828465e+00
      vertex   9.816298e+01 7.818927e+00 -8.986445e+00
      vertex   9.816298e+01 7.892594e+00 -8.828465e+00
    endloop
  endfacet
  facet normal 0.000000e+00 -9.063078e-01 4.226183e-01
    outer loop
      vertex   9.816298e+01 7.892594e+00 -8.828465e+00
      vertex   9.816298e+01 7.818927e+00 -8.986445e+00
      vertex   1.019197e+02 7.818927e+00 -8.986445e+00
    endloop
  endfacet
  facet normal 0.000000e+00 -9.063078e-01 4.226183e-01
    outer loop
      vertex   1.056764e+02 7.818927e+00 -8.986445e+00
      vertex   1.056764e+02 7.892594e+00 -8.828465e+00
      vertex   1.019197e+02 7.892594e+00 -8.828465e+00
    endloop
  endfacet
  facet normal 0.000000e+00 -9.063078e-01 4.226183e-01
    outer loop
      vertex   1.169465e+02 7.818927e+00 -8.986445e+00
      vertex   1.169465e+02 7.892594e+00 -8.828465e+00
      vertex   1.131898e+02 7.892594e+00 -8.828465e+00
    endloop
  endfacet
  facet normal 0.000000e+00 -9.659258e-01 2.588190e-01
    outer loop
      vertex   1.131898e+02 7.892594e+00 -8.828465e+00
      vertex   1.169465e+02 7.892594e+00 -8.828465e+00
      vertex   1.131898e+02 7.937709e+00 -8.660093e+00
    endloop
  endfacet
  facet normal 0.000000e+00 -9.063078e-01 4.226183e-01
    outer loop
      vertex   1.169465e+02 7.818927e+00 -8.986445e+00
      vertex   1.131898e+02 7.892594e+00 -8.828465e+00
      vertex   1.131898e+02 7.818927e+00 -8.986445e+00
    endloop
  endfacet
  facet normal 0.000000e+00 -9.659258e-01 2.588190e-01
    outer loop
      vertex   1.244598e+02 7.937709e+00 -8.660093e+00
      vertex   1.244598e+02 7.892594e+00 -8.828465e+00
      vertex   1.282165e+02 7.892594e+00 -8.828465e+00
    endloop
  endfacet
  facet normal 0.000000e+00 -9.063078e-01 4.226183e-01
    outer loop
      vertex   1.282165e+02 7.892594e+00 -8.828465e+00
      vertex   1.244598e+02 7.892594e+00 -8.828465e+00
      vertex   1.282165e+02 7.818927e+00 -8.986445e+00
    endloop
  endfacet
  facet normal 0.000000e+00 -9.063078e-01 4.226183e-01
    outer loop
      vertex   1.282165e+02 7.892594e+00 -8.828465e+00
      vertex   1.282165e+02 7.818927e+00 -8.986445e+00
      vertex   1.319732e+02 7.818927e+00 -8.986445e+00
    endloop
  endfacet
  facet normal 0.000000e+00 -8.191520e-01 5.735764e-01
    outer loop
      vertex   1.319732e+02 7.818927e+00 -8.986445e+00
      vertex   1.282165e+02 7.818927e+00 -8.986445e+00
      vertex   1.319732e+02 7.718946e+00 -9.129232e+00
    endloop
  endfacet
  facet normal 0.000000e+00 -8.191520e-01 5.735764e-01
    outer loop
      vertex   1.319732e+02 7.818927e+00 -8.986445e+00
      vertex   1.319732e+02 7.718946e+00 -9.129232e+00
      vertex   1.357299e+02 7.718946e+00 -9.129232e+00
    endloop
  endfacet
  facet normal 0.000000e+00 -7.071068e-01 7.071068e-01
    outer loop
      vertex   1.357299e+02 7.718946e+00 -9.129232e+00
      vertex   1.319732e+02 7.718946e+00 -9.129232e+00
      vertex   1.357299e+02 7.595689e+00 -9.252489e+00
    endloop
  endfacet
  facet normal 0.000000e+00 -7.071068e-01 7.071068e-01
    outer loop
      vertex   1.357299e+02 7.718946e+00 -9.129232e+00
      vertex   1.357299e+02 7.595689e+00 -9.252489e+00
      vertex   1.394866e+02 7.595689e+00 -9.252489e+00
    endloop
  endfacet
  facet normal 0.000000e+00 -5.735764e-01 8.191520e-01
    outer loop
      vertex   1.394866e+02 7.595689e+00 -9.252489e+00
      vertex   1.357299e+02 7.595689e+00 -9.252489e+00
      vertex   1.394866e+02 7.452902e+00 -9.352470e+00
    endloop
  endfacet
  facet normal 0.000000e+00 -5.735764e-01 8.191520e-01
    outer loop
      vertex   1.394866e+02 7.595689e+00 -9.252489e+00
      vertex   1.394866e+02 7.452902e+00 -9.352470e+00
      vertex   1.432433e+02 7.452902e+00 -9.352470e+00
    endloop
  endfacet
  facet normal 0.000000e+00 -4.226183e-01 9.063078e-01
    outer loop
      vertex   1.432433e+02 7.452902e+00 -9.352470e+00
      vertex   1.394866e+02 7.452902e+00 -9.352470e+00
      vertex   1.432433e+02 7.294922e+00 -9.426137e+00
    endloop
  endfacet
  facet normal 0.000000e+00 -9.063078e-01 4.226183e-01
    outer loop
      vertex   1.282165e+02 7.818927e+00 -8.986445e+00
      vertex   1.244598e+02 7.892594e+00 -8.828465e+00
      vertex   1.244598e+02 7.818927e+00 -8.986445e+00
    endloop
  endfacet
  facet normal 0.000000e+00 -8.191520e-01 5.735764e-01
    outer loop
      vertex   8.313621e+01 7.818927e+00 -8.986445e+00
      vertex   7.937951e+01 7.818927e+00 -8.986445e+00
      vertex   8.313621e+01 7.718946e+00 -9.129232e+00
    endloop
  endfacet
  facet normal 0.000000e+00 -8.191520e-01 5.735764e-01
    outer loop
      vertex   8.313621e+01 7.718946e+00 -9.129232e+00
      vertex   7.937951e+01 7.818927e+00 -8.986445e+00
      vertex   7.937951e+01 7.718946e+00 -9.129232e+00
    endloop
  endfacet
  facet normal 0.000000e+00 -7.071068e-01 7.071068e-01
    outer loop
      vertex   8.313621e+01 7.718946e+00 -9.129232e+00
      vertex   7.937951e+01 7.718946e+00 -9.129232e+00
      vertex   8.313621e+01 7.595689e+00 -9.252489e+00
    endloop
  endfacet
  facet normal 0.000000e+00 -7.071068e-01 7.071068e-01
    outer loop
      vertex   8.313621e+01 7.595689e+00 -9.252489e+00
      vertex   7.937951e+01 7.718946e+00 -9.129232e+00
      vertex   7.937951e+01 7.595689e+00 -9.252489e+00
    endloop
  endfacet
  facet normal 0.000000e+00 -5.735764e-01 8.191520e-01
    outer loop
      vertex   8.313621e+01 7.595689e+00 -9.252489e+00
      vertex   7.937951e+01 7.595689e+00 -9.252489e+00
      vertex   8.313621e+01 7.452902e+00 -9.352470e+00
    endloop
  endfacet
  facet normal 0.000000e+00 -5.735764e-01 8.191520e-01
    outer loop
      vertex   8.313621e+01 7.452902e+00 -9.352470e+00
      vertex   7.937951e+01 7.595689e+00 -9.252489e+00
      vertex   7.937951e+01 7.452902e+00 -9.352470e+00
    endloop
  endfacet
  facet normal 0.000000e+00 -4.226183e-01 9.063078e-01
    outer loop
      vertex   8.313621e+01 7.452902e+00 -9.352470e+00
      vertex   7.937951e+01 7.452902e+00 -9.352470e+00
      vertex   8.313621e+01 7.294922e+00 -9.426137e+00
    endloop
  endfacet
  facet normal 4.285487e-16 -4.226183e-01 9.063078e-01
    outer loop
      vertex   8.313621e+01 7.294922e+00 -9.426137e+00
      vertex   7.937951e+01 7.452902e+00 -9.352470e+00
      vertex   7.937951e+01 7.294922e+00 -9.426137e+00
    endloop
  endfacet
  facet normal 4.567391e-16 -2.588190e-01 9.659258e-01
    outer loop
      vertex   8.313621e+01 7.294922e+00 -9.426137e+00
      vertex   7.937951e+01 7.294922e+00 -9.426137e+00
      vertex   8.313621e+01 7.126550e+00 -9.471252e+00
    endloop
  endfacet
  facet normal -6.119144e-17 -2.588190e-01 9.659258e-01
    outer loop
      vertex   8.313621e+01 7.126550e+00 -9.471252e+00
      vertex   7.937951e+01 7.294922e+00 -9.426137e+00
      vertex   7.937951e+01 7.126550e+00 -9.471252e+00
    endloop
  endfacet
  facet normal -2.060585e-17 -8.715574e-02 9.961947e-01
    outer loop
      vertex   8.313621e+01 7.126550e+00 -9.471252e+00
      vertex   7.937951e+01 7.126550e+00 -9.471252e+00
      vertex   7.562282e+01 6.952902e+00 -9.486445e+00
    endloop
  endfacet
  facet normal -3.873370e-16 -8.191520e-01 5.735764e-01
    outer loop
      vertex   9.440629e+01 7.718946e+00 -9.129232e+00
      vertex   9.064960e+01 7.818927e+00 -8.986445e+00
      vertex   9.064960e+01 7.718946e+00 -9.129232e+00
    endloop
  endfacet
  facet normal 0.000000e+00 -8.191520e-01 5.735764e-01
    outer loop
      vertex   9.064960e+01 7.718946e+00 -9.129232e+00
      vertex   9.064960e+01 7.818927e+00 -8.986445e+00
      vertex   8.689290e+01 7.818927e+00 -8.986445e+00
    endloop
  endfacet
  facet normal 0.000000e+00 -8.191520e-01 5.735764e-01
    outer loop
      vertex   9.440629e+01 7.818927e+00 -8.986445e+00
      vertex   9.816298e+01 7.718946e+00 -9.129232e+00
      vertex   9.816298e+01 7.818927e+00 -8.986445e+00
    endloop
  endfacet
  facet normal 0.000000e+00 -8.191520e-01 5.735764e-01
    outer loop
      vertex   9.816298e+01 7.818927e+00 -8.986445e+00
      vertex   9.816298e+01 7.718946e+00 -9.129232e+00
      vertex   1.019197e+02 7.718946e+00 -9.129232e+00
    endloop
  endfacet
  facet normal 0.000000e+00 -8.191520e-01 5.735764e-01
    outer loop
      vertex   9.816298e+01 7.818927e+00 -8.986445e+00
      vertex   1.019197e+02 7.718946e+00 -9.129232e+00
      vertex   1.019197e+02 7.818927e+00 -8.986445e+00
    endloop
  endfacet
  facet normal 0.000000e+00 -8.191520e-01 5.735764e-01
    outer loop
      vertex   1.019197e+02 7.818927e+00 -8.986445e+00
      vertex   1.019197e+02 7.718946e+00 -9.129232e+00
      vertex   1.056764e+02 7.718946e+00 -9.129232e+00
    endloop
  endfacet
  facet normal 0.000000e+00 -8.191520e-01 5.735764e-01
    outer loop
      vertex   1.169465e+02 7.718946e+00 -9.129232e+00
      vertex   1.169465e+02 7.818927e+00 -8.986445e+00
      vertex   1.131898e+02 7.818927e+00 -8.986445e+00
    endloop
  endfacet
  facet normal 0.000000e+00 -8.191520e-01 5.735764e-01
    outer loop
      vertex   1.169465e+02 7.718946e+00 -9.129232e+00
      vertex   1.131898e+02 7.818927e+00 -8.986445e+00
      vertex   1.131898e+02 7.718946e+00 -9.129232e+00
    endloop
  endfacet
  facet normal 0.000000e+00 -8.191520e-01 5.735764e-01
    outer loop
      vertex   1.282165e+02 7.818927e+00 -8.986445e+00
      vertex   1.244598e+02 7.818927e+00 -8.986445e+00
      vertex   1.282165e+02 7.718946e+00 -9.129232e+00
    endloop
  endfacet
  facet normal 0.000000e+00 -8.191520e-01 5.735764e-01
    outer loop
      vertex   1.282165e+02 7.718946e+00 -9.129232e+00
      vertex   1.244598e+02 7.818927e+00 -8.986445e+00
      vertex   1.244598e+02 7.718946e+00 -9.129232e+00
    endloop
  endfacet
  facet normal 0.000000e+00 -7.071068e-01 7.071068e-01
    outer loop
      vertex   1.282165e+02 7.718946e+00 -9.129232e+00
      vertex   1.244598e+02 7.718946e+00 -9.129232e+00
      vertex   1.282165e+02 7.595689e+00 -9.252489e+00
    endloop
  endfacet
  facet normal 0.000000e+00 -8.191520e-01 5.735764e-01
    outer loop
      vertex   8.313621e+01 7.818927e+00 -8.986445e+00
      vertex   8.313621e+01 7.718946e+00 -9.129232e+00
      vertex   8.689290e+01 7.718946e+00 -9.129232e+00
    endloop
  endfacet
  facet normal 0.000000e+00 -7.071068e-01 7.071068e-01
    outer loop
      vertex   8.689290e+01 7.718946e+00 -9.129232e+00
      vertex   8.313621e+01 7.718946e+00 -9.129232e+00
      vertex   8.689290e+01 7.595689e+00 -9.252489e+00
    endloop
  endfacet
  facet normal 0.000000e+00 -7.071068e-01 7.071068e-01
    outer loop
      vertex   8.689290e+01 7.718946e+00 -9.129232e+00
      vertex   8.689290e+01 7.595689e+00 -9.252489e+00
      vertex   9.064960e+01 7.595689e+00 -9.252489e+00
    endloop
  endfacet
  facet normal 0.000000e+00 -5.735764e-01 8.191520e-01
    outer loop
      vertex   9.064960e+01 7.595689e+00 -9.252489e+00
      vertex   8.689290e+01 7.595689e+00 -9.252489e+00
      vertex   9.064960e+01 7.452902e+00 -9.352470e+00
    endloop
  endfacet
  facet normal 0.000000e+00 -5.735764e-01 8.191520e-01
    outer loop
      vertex   9.064960e+01 7.595689e+00 -9.252489e+00
      vertex   9.064960e+01 7.452902e+00 -9.352470e+00
      vertex   9.440629e+01 7.452902e+00 -9.352470e+00
    endloop
  endfacet
  facet normal 0.000000e+00 -4.226183e-01 9.063078e-01
    outer loop
      vertex   9.440629e+01 7.452902e+00 -9.352470e+00
      vertex   9.064960e+01 7.452902e+00 -9.352470e+00
      vertex   9.440629e+01 7.294922e+00 -9.426137e+00
    endloop
  endfacet
  facet normal 0.000000e+00 -4.226183e-01 9.063078e-01
    outer loop
      vertex   9.440629e+01 7.452902e+00 -9.352470e+00
      vertex   9.440629e+01 7.294922e+00 -9.426137e+00
      vertex   9.816298e+01 7.294922e+00 -9.426137e+00
    endloop
  endfacet
  facet normal 0.000000e+00 -2.588190e-01 9.659258e-01
    outer loop
      vertex   9.816298e+01 7.294922e+00 -9.426137e+00
      vertex   9.440629e+01 7.294922e+00 -9.426137e+00
      vertex   9.816298e+01 7.126550e+00 -9.471252e+00
    endloop
  endfacet
  facet normal 0.000000e+00 -2.588190e-01 9.659258e-01
    outer loop
      vertex   9.816298e+01 7.294922e+00 -9.426137e+00
      vertex   9.816298e+01 7.126550e+00 -9.471252e+00
      vertex   1.019197e+02 7.126550e+00 -9.471252e+00
    endloop
  endfacet
  facet normal 0.000000e+00 -8.715574e-02 9.961947e-01
    outer loop
      vertex   1.019197e+02 7.126550e+00 -9.471252e+00
      vertex   9.816298e+01 7.126550e+00 -9.471252e+00
      vertex   7.562282e+01 6.952902e+00 -9.486445e+00
    endloop
  endfacet
  facet normal 0.000000e+00 -7.071068e-01 7.071068e-01
    outer loop
      vertex   8.689290e+01 7.595689e+00 -9.252489e+00
      vertex   8.313621e+01 7.718946e+00 -9.129232e+00
      vertex   8.313621e+01 7.595689e+00 -9.252489e+00
    endloop
  endfacet
  facet normal -3.343562e-16 -7.071068e-01 7.071068e-01
    outer loop
      vertex   9.816298e+01 7.595689e+00 -9.252489e+00
      vertex   9.440629e+01 7.718946e+00 -9.129232e+00
      vertex   9.440629e+01 7.595689e+00 -9.252489e+00
    endloop
  endfacet
  facet normal -3.337867e-16 -7.071068e-01 7.071068e-01
    outer loop
      vertex   9.440629e+01 7.595689e+00 -9.252489e+00
      vertex   9.440629e+01 7.718946e+00 -9.129232e+00
      vertex   9.064960e+01 7.718946e+00 -9.129232e+00
    endloop
  endfacet
  facet normal 0.000000e+00 -7.071068e-01 7.071068e-01
    outer loop
      vertex   1.056764e+02 7.595689e+00 -9.252489e+00
      vertex   1.056764e+02 7.718946e+00 -9.129232e+00
      vertex   1.019197e+02 7.718946e+00 -9.129232e+00
    endloop
  endfacet
  facet normal 0.000000e+00 -7.071068e-01 7.071068e-01
    outer loop
      vertex   1.056764e+02 7.595689e+00 -9.252489e+00
      vertex   1.019197e+02 7.718946e+00 -9.129232e+00
      vertex   1.019197e+02 7.595689e+00 -9.252489e+00
    endloop
  endfacet
  facet normal 0.000000e+00 -7.071068e-01 7.071068e-01
    outer loop
      vertex   1.019197e+02 7.595689e+00 -9.252489e+00
      vertex   1.019197e+02 7.718946e+00 -9.129232e+00
      vertex   9.816298e+01 7.718946e+00 -9.129232e+00
    endloop
  endfacet
  facet normal 0.000000e+00 -7.071068e-01 7.071068e-01
    outer loop
      vertex   1.169465e+02 7.595689e+00 -9.252489e+00
      vertex   1.169465e+02 7.718946e+00 -9.129232e+00
      vertex   1.131898e+02 7.718946e+00 -9.129232e+00
    endloop
  endfacet
  facet normal 0.000000e+00 -7.071068e-01 7.071068e-01
    outer loop
      vertex   1.169465e+02 7.595689e+00 -9.252489e+00
      vertex   1.131898e+02 7.718946e+00 -9.129232e+00
      vertex   1.131898e+02 7.595689e+00 -9.252489e+00
    endloop
  endfacet
  facet normal 0.000000e+00 -7.071068e-01 7.071068e-01
    outer loop
      vertex   1.244598e+02 7.595689e+00 -9.252489e+00
      vertex   1.207031e+02 7.718946e+00 -9.129232e+00
      vertex   1.207031e+02 7.595689e+00 -9.252489e+00
    endloop
  endfacet
  facet normal 7.682392e-17 -8.191520e-01 5.735764e-01
    outer loop
      vertex   1.282165e+02 7.818927e+00 -8.986445e+00
      vertex   1.282165e+02 7.718946e+00 -9.129232e+00
      vertex   1.319732e+02 7.718946e+00 -9.129232e+00
    endloop
  endfacet
  facet normal 1.671781e-16 -7.071068e-01 7.071068e-01
    outer loop
      vertex   1.319732e+02 7.718946e+00 -9.129232e+00
      vertex   1.282165e+02 7.718946e+00 -9.129232e+00
      vertex   1.319732e+02 7.595689e+00 -9.252489e+00
    endloop
  endfacet
  facet normal 0.000000e+00 -7.071068e-01 7.071068e-01
    outer loop
      vertex   1.319732e+02 7.718946e+00 -9.129232e+00
      vertex   1.319732e+02 7.595689e+00 -9.252489e+00
      vertex   1.357299e+02 7.595689e+00 -9.252489e+00
    endloop
  endfacet
  facet normal 0.000000e+00 -5.735764e-01 8.191520e-01
    outer loop
      vertex   1.357299e+02 7.595689e+00 -9.252489e+00
      vertex   1.319732e+02 7.595689e+00 -9.252489e+00
      vertex   1.357299e+02 7.452902e+00 -9.352470e+00
    endloop
  endfacet
  facet normal 0.000000e+00 -5.735764e-01 8.191520e-01
    outer loop
      vertex   1.357299e+02 7.595689e+00 -9.252489e+00
      vertex   1.357299e+02 7.452902e+00 -9.352470e+00
      vertex   1.394866e+02 7.452902e+00 -9.352470e+00
    endloop
  endfacet
  facet normal 0.000000e+00 -4.226183e-01 9.063078e-01
    outer loop
      vertex   1.394866e+02 7.452902e+00 -9.352470e+00
      vertex   1.357299e+02 7.452902e+00 -9.352470e+00
      vertex   1.394866e+02 7.294922e+00 -9.426137e+00
    endloop
  endfacet
  facet normal -1.986826e-16 -4.226183e-01 9.063078e-01
    outer loop
      vertex   1.394866e+02 7.452902e+00 -9.352470e+00
      vertex   1.394866e+02 7.294922e+00 -9.426137e+00
      vertex   1.432433e+02 7.294922e+00 -9.426137e+00
    endloop
  endfacet
  facet normal -1.223829e-16 -2.588190e-01 9.659258e-01
    outer loop
      vertex   1.432433e+02 7.294922e+00 -9.426137e+00
      vertex   1.394866e+02 7.294922e+00 -9.426137e+00
      vertex   1.432433e+02 7.126550e+00 -9.471252e+00
    endloop
  endfacet
  facet normal -1.671781e-16 -7.071068e-01 7.071068e-01
    outer loop
      vertex   1.319732e+02 7.595689e+00 -9.252489e+00
      vertex   1.282165e+02 7.718946e+00 -9.129232e+00
      vertex   1.282165e+02 7.595689e+00 -9.252489e+00
    endloop
  endfacet
  facet normal 0.000000e+00 -5.735764e-01 8.191520e-01
    outer loop
      vertex   8.689290e+01 7.595689e+00 -9.252489e+00
      vertex   8.313621e+01 7.595689e+00 -9.252489e+00
      vertex   8.689290e+01 7.452902e+00 -9.352470e+00
    endloop
  endfacet
  facet normal -1.356081e-16 -5.735764e-01 8.191520e-01
    outer loop
      vertex   8.689290e+01 7.452902e+00 -9.352470e+00
      vertex   8.313621e+01 7.595689e+00 -9.252489e+00
      vertex   8.313621e+01 7.452902e+00 -9.352470e+00
    endloop
  endfacet
  facet normal -9.991776e-17 -4.226183e-01 9.063078e-01
    outer loop
      vertex   8.689290e+01 7.452902e+00 -9.352470e+00
      vertex   8.313621e+01 7.452902e+00 -9.352470e+00
      vertex   8.689290e+01 7.294922e+00 -9.426137e+00
    endloop
  endfacet
  facet normal 0.000000e+00 -4.226183e-01 9.063078e-01
    outer loop
      vertex   8.689290e+01 7.294922e+00 -9.426137e+00
      vertex   8.313621e+01 7.452902e+00 -9.352470e+00
      vertex   8.313621e+01 7.294922e+00 -9.426137e+00
    endloop
  endfacet
  facet normal 0.000000e+00 -2.588190e-01 9.659258e-01
    outer loop
      vertex   8.689290e+01 7.294922e+00 -9.426137e+00
      vertex   8.313621e+01 7.294922e+00 -9.426137e+00
      vertex   8.689290e+01 7.126550e+00 -9.471252e+00
    endloop
  endfacet
  facet normal 0.000000e+00 -2.588190e-01 9.659258e-01
    outer loop
      vertex   8.689290e+01 7.126550e+00 -9.471252e+00
      vertex   8.313621e+01 7.294922e+00 -9.426137e+00
      vertex   8.313621e+01 7.126550e+00 -9.471252e+00
    endloop
  endfacet
  facet normal 0.000000e+00 -8.715574e-02 9.961947e-01
    outer loop
      vertex   8.689290e+01 7.126550e+00 -9.471252e+00
      vertex   8.313621e+01 7.126550e+00 -9.471252e+00
      vertex   7.562282e+01 6.952902e+00 -9.486445e+00
    endloop
  endfacet
  facet normal 0.000000e+00 -5.735764e-01 8.191520e-01
    outer loop
      vertex   1.019197e+02 7.452902e+00 -9.352470e+00
      vertex   9.816298e+01 7.595689e+00 -9.252489e+00
      vertex   9.816298e+01 7.452902e+00 -9.352470e+00
    endloop
  endfacet
  facet normal -2.702083e-16 -5.735764e-01 8.191520e-01
    outer loop
      vertex   9.816298e+01 7.452902e+00 -9.352470e+00
      vertex   9.816298e+01 7.595689e+00 -9.252489e+00
      vertex   9.440629e+01 7.595689e+00 -9.252489e+00
    endloop
  endfacet
  facet normal 0.000000e+00 -5.735764e-01 8.191520e-01
    outer loop
      vertex   1.056764e+02 7.452902e+00 -9.352470e+00
      vertex   1.056764e+02 7.595689e+00 -9.252489e+00
      vertex   1.019197e+02 7.595689e+00 -9.252489e+00
    endloop
  endfacet
  facet normal 0.000000e+00 -5.735764e-01 8.191520e-01
    outer loop
      vertex   1.169465e+02 7.452902e+00 -9.352470e+00
      vertex   1.169465e+02 7.595689e+00 -9.252489e+00
      vertex   1.131898e+02 7.595689e+00 -9.252489e+00
    endloop
  endfacet
  facet normal 0.000000e+00 -5.735764e-01 8.191520e-01
    outer loop
      vertex   1.169465e+02 7.452902e+00 -9.352470e+00
      vertex   1.131898e+02 7.595689e+00 -9.252489e+00
      vertex   1.131898e+02 7.452902e+00 -9.352470e+00
    endloop
  endfacet
  facet normal 0.000000e+00 -5.735764e-01 8.191520e-01
    outer loop
      vertex   1.244598e+02 7.595689e+00 -9.252489e+00
      vertex   1.207031e+02 7.595689e+00 -9.252489e+00
      vertex   1.244598e+02 7.452902e+00 -9.352470e+00
    endloop
  endfacet
  facet normal 0.000000e+00 -5.735764e-01 8.191520e-01
    outer loop
      vertex   1.244598e+02 7.452902e+00 -9.352470e+00
      vertex   1.207031e+02 7.595689e+00 -9.252489e+00
      vertex   1.207031e+02 7.452902e+00 -9.352470e+00
    endloop
  endfacet
  facet normal 0.000000e+00 -4.226183e-01 9.063078e-01
    outer loop
      vertex   1.244598e+02 7.452902e+00 -9.352470e+00
      vertex   1.207031e+02 7.452902e+00 -9.352470e+00
      vertex   1.244598e+02 7.294922e+00 -9.426137e+00
    endloop
  endfacet
  facet normal 0.000000e+00 -4.226183e-01 9.063078e-01
    outer loop
      vertex   1.244598e+02 7.294922e+00 -9.426137e+00
      vertex   1.207031e+02 7.452902e+00 -9.352470e+00
      vertex   1.207031e+02 7.294922e+00 -9.426137e+00
    endloop
  endfacet
  facet normal 0.000000e+00 -2.588190e-01 9.659258e-01
    outer loop
      vertex   1.244598e+02 7.294922e+00 -9.426137e+00
      vertex   1.207031e+02 7.294922e+00 -9.426137e+00
      vertex   1.244598e+02 7.126550e+00 -9.471252e+00
    endloop
  endfacet
  facet normal -6.119144e-17 -2.588190e-01 9.659258e-01
    outer loop
      vertex   1.244598e+02 7.126550e+00 -9.471252e+00
      vertex   1.207031e+02 7.294922e+00 -9.426137e+00
      vertex   1.207031e+02 7.126550e+00 -9.471252e+00
    endloop
  endfacet
  facet normal -2.060585e-17 -8.715574e-02 9.961947e-01
    outer loop
      vertex   1.244598e+02 7.126550e+00 -9.471252e+00
      vertex   1.207031e+02 7.126550e+00 -9.471252e+00
      vertex   1.470000e+02 6.952902e+00 -9.486445e+00
    endloop
  endfacet
  facet normal 0.000000e+00 -5.735764e-01 8.191520e-01
    outer loop
      vertex   1.357299e+02 7.452902e+00 -9.352470e+00
      vertex   1.319732e+02 7.595689e+00 -9.252489e+00
      vertex   1.319732e+02 7.452902e+00 -9.352470e+00
    endloop
  endfacet
  facet normal -1.351041e-16 -5.735764e-01 8.191520e-01
    outer loop
      vertex   1.319732e+02 7.452902e+00 -9.352470e+00
      vertex   1.319732e+02 7.595689e+00 -9.252489e+00
      vertex   1.282165e+02 7.595689e+00 -9.252489e+00
    endloop
  endfacet
  facet normal 0.000000e+00 -5.735764e-01 8.191520e-01
    outer loop
      vertex   8.689290e+01 7.595689e+00 -9.252489e+00
      vertex   8.689290e+01 7.452902e+00 -9.352470e+00
      vertex   9.064960e+01 7.452902e+00 -9.352470e+00
    endloop
  endfacet
  facet normal 0.000000e+00 -4.226183e-01 9.063078e-01
    outer loop
      vertex   9.064960e+01 7.452902e+00 -9.352470e+00
      vertex   8.689290e+01 7.452902e+00 -9.352470e+00
      vertex   9.064960e+01 7.294922e+00 -9.426137e+00
    endloop
  endfacet
  facet normal 0.000000e+00 -4.226183e-01 9.063078e-01
    outer loop
      vertex   9.064960e+01 7.452902e+00 -9.352470e+00
      vertex   9.064960e+01 7.294922e+00 -9.426137e+00
      vertex   9.440629e+01 7.294922e+00 -9.426137e+00
    endloop
  endfacet
  facet normal 0.000000e+00 -2.588190e-01 9.659258e-01
    outer loop
      vertex   9.440629e+01 7.294922e+00 -9.426137e+00
      vertex   9.064960e+01 7.294922e+00 -9.426137e+00
      vertex   9.440629e+01 7.126550e+00 -9.471252e+00
    endloop
  endfacet
  facet normal 0.000000e+00 -2.588190e-01 9.659258e-01
    outer loop
      vertex   9.440629e+01 7.294922e+00 -9.426137e+00
      vertex   9.440629e+01 7.126550e+00 -9.471252e+00
      vertex   9.816298e+01 7.126550e+00 -9.471252e+00
    endloop
  endfacet
  facet normal 0.000000e+00 -8.715574e-02 9.961947e-01
    outer loop
      vertex   9.816298e+01 7.126550e+00 -9.471252e+00
      vertex   9.440629e+01 7.126550e+00 -9.471252e+00
      vertex   7.562282e+01 6.952902e+00 -9.486445e+00
    endloop
  endfacet
  facet normal 0.000000e+00 -4.226183e-01 9.063078e-01
    outer loop
      vertex   9.064960e+01 7.294922e+00 -9.426137e+00
      vertex   8.689290e+01 7.452902e+00 -9.352470e+00
      vertex   8.689290e+01 7.294922e+00 -9.426137e+00
    endloop
  endfacet
  facet normal -9.991776e-17 -4.226183e-01 9.063078e-01
    outer loop
      vertex   1.056764e+02 7.294922e+00 -9.426137e+00
      vertex   1.019197e+02 7.452902e+00 -9.352470e+00
      vertex   1.019197e+02 7.294922e+00 -9.426137e+00
    endloop
  endfacet
  facet normal 0.000000e+00 -4.226183e-01 9.063078e-01
    outer loop
      vertex   1.019197e+02 7.294922e+00 -9.426137e+00
      vertex   1.019197e+02 7.452902e+00 -9.352470e+00
      vertex   9.816298e+01 7.452902e+00 -9.352470e+00
    endloop
  endfacet
  facet normal 0.000000e+00 -4.226183e-01 9.063078e-01
    outer loop
      vertex   1.169465e+02 7.294922e+00 -9.426137e+00
      vertex   1.169465e+02 7.452902e+00 -9.352470e+00
      vertex   1.131898e+02 7.452902e+00 -9.352470e+00
    endloop
  endfacet
  facet normal 0.000000e+00 -4.226183e-01 9.063078e-01
    outer loop
      vertex   1.169465e+02 7.294922e+00 -9.426137e+00
      vertex   1.131898e+02 7.452902e+00 -9.352470e+00
      vertex   1.131898e+02 7.294922e+00 -9.426137e+00
    endloop
  endfacet
  facet normal 3.867687e-16 -5.735764e-01 8.191520e-01
    outer loop
      vertex   1.244598e+02 7.595689e+00 -9.252489e+00
      vertex   1.244598e+02 7.452902e+00 -9.352470e+00
      vertex   1.282165e+02 7.452902e+00 -9.352470e+00
    endloop
  endfacet
  facet normal 4.285487e-16 -4.226183e-01 9.063078e-01
    outer loop
      vertex   1.282165e+02 7.452902e+00 -9.352470e+00
      vertex   1.244598e+02 7.452902e+00 -9.352470e+00
      vertex   1.282165e+02 7.294922e+00 -9.426137e+00
    endloop
  endfacet
  facet normal 4.265052e-16 -4.226183e-01 9.063078e-01
    outer loop
      vertex   1.282165e+02 7.452902e+00 -9.352470e+00
      vertex   1.282165e+02 7.294922e+00 -9.426137e+00
      vertex   1.319732e+02 7.294922e+00 -9.426137e+00
    endloop
  endfacet
  facet normal 4.567391e-16 -2.588190e-01 9.659258e-01
    outer loop
      vertex   1.319732e+02 7.294922e+00 -9.426137e+00
      vertex   1.282165e+02 7.294922e+00 -9.426137e+00
      vertex   1.319732e+02 7.126550e+00 -9.471252e+00
    endloop
  endfacet
  facet normal 0.000000e+00 -2.588190e-01 9.659258e-01
    outer loop
      vertex   1.319732e+02 7.294922e+00 -9.426137e+00
      vertex   1.319732e+02 7.126550e+00 -9.471252e+00
      vertex   1.357299e+02 7.126550e+00 -9.471252e+00
    endloop
  endfacet
  facet normal 0.000000e+00 -8.715574e-02 9.961947e-01
    outer loop
      vertex   1.357299e+02 7.126550e+00 -9.471252e+00
      vertex   1.319732e+02 7.126550e+00 -9.471252e+00
      vertex   1.470000e+02 6.952902e+00 -9.486445e+00
    endloop
  endfacet
  facet normal 0.000000e+00 -4.226183e-01 9.063078e-01
    outer loop
      vertex   1.282165e+02 7.294922e+00 -9.426137e+00
      vertex   1.244598e+02 7.452902e+00 -9.352470e+00
      vertex   1.244598e+02 7.294922e+00 -9.426137e+00
    endloop
  endfacet
  facet normal 0.000000e+00 -4.226183e-01 9.063078e-01
    outer loop
      vertex   1.394866e+02 7.294922e+00 -9.426137e+00
      vertex   1.357299e+02 7.452902e+00 -9.352470e+00
      vertex   1.357299e+02 7.294922e+00 -9.426137e+00
    endloop
  endfacet
  facet normal 0.000000e+00 -4.226183e-01 9.063078e-01
    outer loop
      vertex   1.357299e+02 7.294922e+00 -9.426137e+00
      vertex   1.357299e+02 7.452902e+00 -9.352470e+00
      vertex   1.319732e+02 7.452902e+00 -9.352470e+00
    endloop
  endfacet
  facet normal 0.000000e+00 -2.588190e-01 9.659258e-01
    outer loop
      vertex   9.064960e+01 7.294922e+00 -9.426137e+00
      vertex   8.689290e+01 7.294922e+00 -9.426137e+00
      vertex   9.064960e+01 7.126550e+00 -9.471252e+00
    endloop
  endfacet
  facet normal 0.000000e+00 -2.588190e-01 9.659258e-01
    outer loop
      vertex   9.064960e+01 7.126550e+00 -9.471252e+00
      vertex   8.689290e+01 7.294922e+00 -9.426137e+00
      vertex   8.689290e+01 7.126550e+00 -9.471252e+00
    endloop
  endfacet
  facet normal 0.000000e+00 -8.715574e-02 9.961947e-01
    outer loop
      vertex   9.064960e+01 7.126550e+00 -9.471252e+00
      vertex   8.689290e+01 7.126550e+00 -9.471252e+00
      vertex   7.562282e+01 6.952902e+00 -9.486445e+00
    endloop
  endfacet
  facet normal 0.000000e+00 -2.588190e-01 9.659258e-01
    outer loop
      vertex   1.094331e+02 7.126550e+00 -9.471252e+00
      vertex   1.056764e+02 7.294922e+00 -9.426137e+00
      vertex   1.056764e+02 7.126550e+00 -9.471252e+00
    endloop
  endfacet
  facet normal -6.092932e-17 -2.588190e-01 9.659258e-01
    outer loop
      vertex   1.056764e+02 7.126550e+00 -9.471252e+00
      vertex   1.056764e+02 7.294922e+00 -9.426137e+00
      vertex   1.019197e+02 7.294922e+00 -9.426137e+00
    endloop
  endfacet
  facet normal 0.000000e+00 -2.588190e-01 9.659258e-01
    outer loop
      vertex   1.169465e+02 7.126550e+00 -9.471252e+00
      vertex   1.169465e+02 7.294922e+00 -9.426137e+00
      vertex   1.131898e+02 7.294922e+00 -9.426137e+00
    endloop
  endfacet
  facet normal 0.000000e+00 -2.588190e-01 9.659258e-01
    outer loop
      vertex   1.169465e+02 7.126550e+00 -9.471252e+00
      vertex   1.131898e+02 7.294922e+00 -9.426137e+00
      vertex   1.131898e+02 7.126550e+00 -9.471252e+00
    endloop
  endfacet
  facet normal 0.000000e+00 -2.588190e-01 9.659258e-01
    outer loop
      vertex   1.282165e+02 7.294922e+00 -9.426137e+00
      vertex   1.244598e+02 7.294922e+00 -9.426137e+00
      vertex   1.282165e+02 7.126550e+00 -9.471252e+00
    endloop
  endfacet
  facet normal 0.000000e+00 -2.588190e-01 9.659258e-01
    outer loop
      vertex   1.282165e+02 7.126550e+00 -9.471252e+00
      vertex   1.244598e+02 7.294922e+00 -9.426137e+00
      vertex   1.244598e+02 7.126550e+00 -9.471252e+00
    endloop
  endfacet
  facet normal 0.000000e+00 -8.715574e-02 9.961947e-01
    outer loop
      vertex   1.282165e+02 7.126550e+00 -9.471252e+00
      vertex   1.244598e+02 7.126550e+00 -9.471252e+00
      vertex   1.470000e+02 6.952902e+00 -9.486445e+00
    endloop
  endfacet
  facet normal 0.000000e+00 -2.588190e-01 9.659258e-01
    outer loop
      vertex   1.432433e+02 7.126550e+00 -9.471252e+00
      vertex   1.394866e+02 7.294922e+00 -9.426137e+00
      vertex   1.394866e+02 7.126550e+00 -9.471252e+00
    endloop
  endfacet
  facet normal 0.000000e+00 -2.588190e-01 9.659258e-01
    outer loop
      vertex   1.394866e+02 7.126550e+00 -9.471252e+00
      vertex   1.394866e+02 7.294922e+00 -9.426137e+00
      vertex   1.357299e+02 7.294922e+00 -9.426137e+00
    endloop
  endfacet
  facet normal 0.000000e+00 -8.715574e-02 9.961947e-01
    outer loop
      vertex   7.562282e+01 6.952902e+00 -9.486445e+00
      vertex   9.440629e+01 7.126550e+00 -9.471252e+00
      vertex   9.064960e+01 7.126550e+00 -9.471252e+00
    endloop
  endfacet
  facet normal 0.000000e+00 -2.588190e-01 9.659258e-01
    outer loop
      vertex   9.064960e+01 7.126550e+00 -9.471252e+00
      vertex   9.440629e+01 7.126550e+00 -9.471252e+00
      vertex   9.064960e+01 7.294922e+00 -9.426137e+00
    endloop
  endfacet
  facet normal 0.000000e+00 -8.715574e-02 9.961947e-01
    outer loop
      vertex   1.470000e+02 6.952902e+00 -9.486445e+00
      vertex   1.319732e+02 7.126550e+00 -9.471252e+00
      vertex   1.282165e+02 7.126550e+00 -9.471252e+00
    endloop
  endfacet
  facet normal 0.000000e+00 -2.588190e-01 9.659258e-01
    outer loop
      vertex   1.282165e+02 7.126550e+00 -9.471252e+00
      vertex   1.319732e+02 7.126550e+00 -9.471252e+00
      vertex   1.282165e+02 7.294922e+00 -9.426137e+00
    endloop
  endfacet
  facet normal 1.049080e-02 -9.961399e-01 8.715095e-02
    outer loop
      vertex   1.470000e+02 7.952902e+00 -8.486445e+00
      vertex   1.470000e+02 7.937709e+00 -8.660093e+00
      vertex   1.470211e+02 7.953123e+00 -8.486445e+00
    endloop
  endfacet
  facet normal 3.147472e-02 -9.959189e-01 8.458634e-02
    outer loop
      vertex   1.470211e+02 7.953123e+00 -8.486445e+00
      vertex   1.470000e+02 7.937709e+00 -8.660093e+00
      vertex   1.470421e+02 7.953789e+00 -8.486445e+00
    endloop
  endfacet
  facet normal 5.246458e-02 -9.954570e-01 7.945327e-02
    outer loop
      vertex   1.470421e+02 7.953789e+00 -8.486445e+00
      vertex   1.470000e+02 7.937709e+00 -8.660093e+00
      vertex   1.470631e+02 7.954897e+00 -8.486445e+00
    endloop
  endfacet
  facet normal 3.146784e-02 -9.957013e-01 8.711258e-02
    outer loop
      vertex   1.470631e+02 7.954897e+00 -8.486445e+00
      vertex   1.470000e+02 7.937709e+00 -8.660093e+00
      vertex   1.470641e+02 7.939735e+00 -8.660093e+00
    endloop
  endfacet
  facet normal 3.051261e-02 -9.654761e-01 2.586985e-01
    outer loop
      vertex   1.470641e+02 7.939735e+00 -8.660093e+00
      vertex   1.470000e+02 7.937709e+00 -8.660093e+00
      vertex   1.470000e+02 7.892594e+00 -8.828465e+00
    endloop
  endfacet
  facet normal 3.051261e-02 -9.654761e-01 2.586985e-01
    outer loop
      vertex   1.470641e+02 7.939735e+00 -8.660093e+00
      vertex   1.470000e+02 7.892594e+00 -8.828465e+00
      vertex   1.470670e+02 7.894710e+00 -8.828465e+00
    endloop
  endfacet
  facet normal 2.863093e-02 -9.059362e-01 4.224450e-01
    outer loop
      vertex   1.470670e+02 7.894710e+00 -8.828465e+00
      vertex   1.470000e+02 7.892594e+00 -8.828465e+00
      vertex   1.470000e+02 7.818927e+00 -8.986445e+00
    endloop
  endfacet
  facet normal 2.863093e-02 -9.059362e-01 4.224450e-01
    outer loop
      vertex   1.470670e+02 7.894710e+00 -8.828465e+00
      vertex   1.470000e+02 7.818927e+00 -8.986445e+00
      vertex   1.470716e+02 7.821190e+00 -8.986445e+00
    endloop
  endfacet
  facet normal 2.587956e-02 -8.188777e-01 5.733843e-01
    outer loop
      vertex   1.470716e+02 7.821190e+00 -8.986445e+00
      vertex   1.470000e+02 7.818927e+00 -8.986445e+00
      vertex   1.470000e+02 7.718946e+00 -9.129232e+00
    endloop
  endfacet
  facet normal 2.587956e-02 -8.188777e-01 5.733843e-01
    outer loop
      vertex   1.470716e+02 7.821190e+00 -8.986445e+00
      vertex   1.470000e+02 7.718946e+00 -9.129232e+00
      vertex   1.470779e+02 7.721408e+00 -9.129232e+00
    endloop
  endfacet
  facet normal 2.234161e-02 -7.069303e-01 7.069303e-01
    outer loop
      vertex   1.470779e+02 7.721408e+00 -9.129232e+00
      vertex   1.470000e+02 7.718946e+00 -9.129232e+00
      vertex   1.470000e+02 7.595689e+00 -9.252489e+00
    endloop
  endfacet
  facet normal 2.234161e-02 -7.069303e-01 7.069303e-01
    outer loop
      vertex   1.470779e+02 7.721408e+00 -9.129232e+00
      vertex   1.470000e+02 7.595689e+00 -9.252489e+00
      vertex   1.470857e+02 7.598398e+00 -9.252489e+00
    endloop
  endfacet
  facet normal 1.812416e-02 -5.734822e-01 8.190175e-01
    outer loop
      vertex   1.470857e+02 7.598398e+00 -9.252489e+00
      vertex   1.470000e+02 7.595689e+00 -9.252489e+00
      vertex   1.470000e+02 7.452902e+00 -9.352470e+00
    endloop
  endfacet
  facet normal 1.812416e-02 -5.734822e-01 8.190175e-01
    outer loop
      vertex   1.470857e+02 7.598398e+00 -9.252489e+00
      vertex   1.470000e+02 7.452902e+00 -9.352470e+00
      vertex   1.470947e+02 7.455895e+00 -9.352470e+00
    endloop
  endfacet
  facet normal 1.335511e-02 -4.225806e-01 9.062270e-01
    outer loop
      vertex   1.470947e+02 7.455895e+00 -9.352470e+00
      vertex   1.470000e+02 7.452902e+00 -9.352470e+00
      vertex   1.470000e+02 7.294922e+00 -9.426137e+00
    endloop
  endfacet
  facet normal 1.335511e-02 -4.225806e-01 9.062270e-01
    outer loop
      vertex   1.470947e+02 7.455895e+00 -9.352470e+00
      vertex   1.470000e+02 7.294922e+00 -9.426137e+00
      vertex   1.471047e+02 7.298230e+00 -9.426137e+00
    endloop
  endfacet
  facet normal 8.179365e-03 -2.588104e-01 9.658935e-01
    outer loop
      vertex   1.471047e+02 7.298230e+00 -9.426137e+00
      vertex   1.470000e+02 7.294922e+00 -9.426137e+00
      vertex   1.470000e+02 7.126550e+00 -9.471252e+00
    endloop
  endfacet
  facet normal 8.179365e-03 -2.588104e-01 9.658935e-01
    outer loop
      vertex   1.471047e+02 7.298230e+00 -9.426137e+00
      vertex   1.470000e+02 7.126550e+00 -9.471252e+00
      vertex   1.471153e+02 7.130194e+00 -9.471252e+00
    endloop
  endfacet
  facet normal 2.740531e-03 -8.671554e-02 9.962293e-01
    outer loop
      vertex   1.471153e+02 7.130194e+00 -9.471252e+00
      vertex   1.470000e+02 7.126550e+00 -9.471252e+00
      vertex   1.470842e+02 6.954676e+00 -9.486445e+00
    endloop
  endfacet
  facet normal 4.587344e-03 -8.703974e-02 9.961943e-01
    outer loop
      vertex   1.471153e+02 7.130194e+00 -9.471252e+00
      vertex   1.470842e+02 6.954676e+00 -9.486445e+00
      vertex   1.471263e+02 6.956893e+00 -9.486445e+00
    endloop
  endfacet
  facet normal 9.178759e-04 -8.715571e-02 9.961943e-01
    outer loop
      vertex   1.470000e+02 6.952902e+00 -9.486445e+00
      vertex   1.470421e+02 6.953345e+00 -9.486445e+00
      vertex   1.470000e+02 7.126550e+00 -9.471252e+00
    endloop
  endfacet
  facet normal 2.740531e-03 -8.671554e-02 9.962293e-01
    outer loop
      vertex   1.470000e+02 7.126550e+00 -9.471252e+00
      vertex   1.470421e+02 6.953345e+00 -9.486445e+00
      vertex   1.470842e+02 6.954676e+00 -9.486445e+00
    endloop
  endfacet
  facet normal 7.862863e-01 -3.244472e-02 6.170099e-01
    outer loop
      vertex   1.480000e+02 8.454130e+00 -9.989448e+00
      vertex   1.479966e+02 8.355649e+00 -9.990301e+00
      vertex   1.480000e+02 8.253469e+00 -1.000000e+01
    endloop
  endfacet
  facet normal 8.695891e-01 -1.794872e-02 4.934497e-01
    outer loop
      vertex   1.480000e+02 8.253469e+00 -1.000000e+01
      vertex   1.479966e+02 8.355649e+00 -9.990301e+00
      vertex   1.479471e+02 8.143572e+00 -9.910735e+00
    endloop
  endfacet
  facet normal 8.702367e-01 -1.922819e-02 4.922584e-01
    outer loop
      vertex   1.480000e+02 8.253469e+00 -1.000000e+01
      vertex   1.479471e+02 8.143572e+00 -9.910735e+00
      vertex   1.479450e+02 8.009762e+00 -9.912327e+00
    endloop
  endfacet
  facet normal 8.115422e-01 -1.941806e-02 5.839710e-01
    outer loop
      vertex   1.479450e+02 8.009762e+00 -9.912327e+00
      vertex   1.479471e+02 8.143572e+00 -9.910735e+00
      vertex   1.478752e+02 7.920900e+00 -9.818187e+00
    endloop
  endfacet
  facet normal 8.135113e-01 -2.405947e-02 5.810513e-01
    outer loop
      vertex   1.479450e+02 8.009762e+00 -9.912327e+00
      vertex   1.478752e+02 7.920900e+00 -9.818187e+00
      vertex   1.478747e+02 7.784435e+00 -9.823252e+00
    endloop
  endfacet
  facet normal 7.403461e-01 -2.719871e-02 6.716754e-01
    outer loop
      vertex   1.478747e+02 7.784435e+00 -9.823252e+00
      vertex   1.478752e+02 7.920900e+00 -9.818187e+00
      vertex   1.477874e+02 7.716652e+00 -9.729713e+00
    endloop
  endfacet
  facet normal 7.410694e-01 -2.935781e-02 6.707863e-01
    outer loop
      vertex   1.478747e+02 7.784435e+00 -9.823252e+00
      vertex   1.477874e+02 7.716652e+00 -9.729713e+00
      vertex   1.477887e+02 7.576532e+00 -9.737343e+00
    endloop
  endfacet
  facet normal 6.527817e-01 -3.489227e-02 7.567421e-01
    outer loop
      vertex   1.477887e+02 7.576532e+00 -9.737343e+00
      vertex   1.477874e+02 7.716652e+00 -9.729713e+00
      vertex   1.476846e+02 7.532765e+00 -9.649516e+00
    endloop
  endfacet
  facet normal 6.531268e-01 -3.645987e-02 7.563703e-01
    outer loop
      vertex   1.477887e+02 7.576532e+00 -9.737343e+00
      vertex   1.476846e+02 7.532765e+00 -9.649516e+00
      vertex   1.476865e+02 7.388973e+00 -9.658074e+00
    endloop
  endfacet
  facet normal 5.470687e-01 -4.258872e-02 8.360036e-01
    outer loop
      vertex   1.476865e+02 7.388973e+00 -9.658074e+00
      vertex   1.476846e+02 7.532765e+00 -9.649516e+00
      vertex   1.475680e+02 7.372823e+00 -9.581357e+00
    endloop
  endfacet
  facet normal 5.472798e-01 -4.553072e-02 8.357103e-01
    outer loop
      vertex   1.476865e+02 7.388973e+00 -9.658074e+00
      vertex   1.475680e+02 7.372823e+00 -9.581357e+00
      vertex   1.475675e+02 7.225939e+00 -9.589057e+00
    endloop
  endfacet
  facet normal 4.364294e-01 -4.847078e-02 8.984320e-01
    outer loop
      vertex   1.475675e+02 7.225939e+00 -9.589057e+00
      vertex   1.475680e+02 7.372823e+00 -9.581357e+00
      vertex   1.474666e+02 7.265971e+00 -9.537859e+00
    endloop
  endfacet
  facet normal 4.405585e-01 -3.621806e-02 8.969930e-01
    outer loop
      vertex   1.475675e+02 7.225939e+00 -9.589057e+00
      vertex   1.474666e+02 7.265971e+00 -9.537859e+00
      vertex   1.475020e+02 7.155756e+00 -9.559697e+00
    endloop
  endfacet
  facet normal 3.858932e-01 -5.847187e-02 9.206886e-01
    outer loop
      vertex   1.475020e+02 7.155756e+00 -9.559697e+00
      vertex   1.474666e+02 7.265971e+00 -9.537859e+00
      vertex   1.474326e+02 7.094386e+00 -9.534506e+00
    endloop
  endfacet
  facet normal 3.208851e-01 -4.509576e-02 9.460439e-01
    outer loop
      vertex   1.474326e+02 7.094386e+00 -9.534506e+00
      vertex   1.474666e+02 7.265971e+00 -9.537859e+00
      vertex   1.473594e+02 7.180923e+00 -9.505577e+00
    endloop
  endfacet
  facet normal 3.071731e-01 -5.796803e-02 9.498865e-01
    outer loop
      vertex   1.474326e+02 7.094386e+00 -9.534506e+00
      vertex   1.473594e+02 7.180923e+00 -9.505577e+00
      vertex   1.473597e+02 7.042876e+00 -9.514072e+00
    endloop
  endfacet
  facet normal 2.376550e-01 -5.928731e-02 9.695386e-01
    outer loop
      vertex   1.473597e+02 7.042876e+00 -9.514072e+00
      vertex   1.473594e+02 7.180923e+00 -9.505577e+00
      vertex   1.473001e+02 7.145239e+00 -9.493205e+00
    endloop
  endfacet
  facet normal 2.286946e-01 -6.486997e-02 9.713345e-01
    outer loop
      vertex   1.473597e+02 7.042876e+00 -9.514072e+00
      vertex   1.473001e+02 7.145239e+00 -9.493205e+00
      vertex   1.472838e+02 7.002220e+00 -9.498936e+00
    endloop
  endfacet
  facet normal 1.704123e-01 -5.875061e-02 9.836198e-01
    outer loop
      vertex   1.472838e+02 7.002220e+00 -9.498936e+00
      vertex   1.473001e+02 7.145239e+00 -9.493205e+00
      vertex   1.472399e+02 7.117166e+00 -9.484459e+00
    endloop
  endfacet
  facet normal 1.435791e-01 -6.945737e-02 9.871984e-01
    outer loop
      vertex   1.472838e+02 7.002220e+00 -9.498936e+00
      vertex   1.472399e+02 7.117166e+00 -9.484459e+00
      vertex   1.472058e+02 6.973353e+00 -9.489611e+00
    endloop
  endfacet
  facet normal 1.025824e-01 -5.992873e-02 9.929176e-01
    outer loop
      vertex   1.472058e+02 6.973353e+00 -9.489611e+00
      vertex   1.472399e+02 7.117166e+00 -9.484459e+00
      vertex   1.471792e+02 7.097038e+00 -9.479402e+00
    endloop
  endfacet
  facet normal 5.430191e-02 -7.055338e-02 9.960289e-01
    outer loop
      vertex   1.472058e+02 6.973353e+00 -9.489611e+00
      vertex   1.471792e+02 7.097038e+00 -9.479402e+00
      vertex   1.471263e+02 6.956893e+00 -9.486445e+00
    endloop
  endfacet
  facet normal 8.428424e-02 -8.172467e-02 9.930847e-01
    outer loop
      vertex   1.471263e+02 6.956893e+00 -9.486445e+00
      vertex   1.471792e+02 7.097038e+00 -9.479402e+00
      vertex   1.471153e+02 7.130194e+00 -9.471252e+00
    endloop
  endfacet
  facet normal 2.176386e-02 -1.988978e-01 9.797785e-01
    outer loop
      vertex   1.471153e+02 7.130194e+00 -9.471252e+00
      vertex   1.471792e+02 7.097038e+00 -9.479402e+00
      vertex   1.471644e+02 7.221525e+00 -9.453801e+00
    endloop
  endfacet
  facet normal 1.238543e-01 -2.499884e-01 9.602947e-01
    outer loop
      vertex   1.471153e+02 7.130194e+00 -9.471252e+00
      vertex   1.471644e+02 7.221525e+00 -9.453801e+00
      vertex   1.471047e+02 7.298230e+00 -9.426137e+00
    endloop
  endfacet
  facet normal 4.984612e-02 -3.043042e-01 9.512698e-01
    outer loop
      vertex   1.471047e+02 7.298230e+00 -9.426137e+00
      vertex   1.471644e+02 7.221525e+00 -9.453801e+00
      vertex   1.471541e+02 7.314279e+00 -9.423591e+00
    endloop
  endfacet
  facet normal 8.029605e-02 -3.924504e-01 9.162615e-01
    outer loop
      vertex   1.471047e+02 7.298230e+00 -9.426137e+00
      vertex   1.471541e+02 7.314279e+00 -9.423591e+00
      vertex   1.471449e+02 7.403725e+00 -9.384471e+00
    endloop
  endfacet
  facet normal 1.531234e-01 -3.826829e-01 9.111021e-01
    outer loop
      vertex   1.471449e+02 7.403725e+00 -9.384471e+00
      vertex   1.471541e+02 7.314279e+00 -9.423591e+00
      vertex   1.471921e+02 7.417163e+00 -9.386762e+00
    endloop
  endfacet
  facet normal 1.765411e-01 -4.731315e-01 8.631221e-01
    outer loop
      vertex   1.471449e+02 7.403725e+00 -9.384471e+00
      vertex   1.471921e+02 7.417163e+00 -9.386762e+00
      vertex   1.471816e+02 7.500712e+00 -9.338825e+00
    endloop
  endfacet
  facet normal 2.517907e-01 -4.577341e-01 8.526904e-01
    outer loop
      vertex   1.471816e+02 7.500712e+00 -9.338825e+00
      vertex   1.471921e+02 7.417163e+00 -9.386762e+00
      vertex   1.472281e+02 7.517159e+00 -9.343735e+00
    endloop
  endfacet
  facet normal 2.751156e-01 -5.410159e-01 7.947410e-01
    outer loop
      vertex   1.471816e+02 7.500712e+00 -9.338825e+00
      vertex   1.472281e+02 7.517159e+00 -9.343735e+00
      vertex   1.472185e+02 7.593868e+00 -9.288163e+00
    endloop
  endfacet
  facet normal 3.488707e-01 -5.205309e-01 7.793182e-01
    outer loop
      vertex   1.472185e+02 7.593868e+00 -9.288163e+00
      vertex   1.472281e+02 7.517159e+00 -9.343735e+00
      vertex   1.472659e+02 7.612809e+00 -9.296734e+00
    endloop
  endfacet
  facet normal 3.668789e-01 -5.944516e-01 7.155608e-01
    outer loop
      vertex   1.472185e+02 7.593868e+00 -9.288163e+00
      vertex   1.472659e+02 7.612809e+00 -9.296734e+00
      vertex   1.472586e+02 7.682304e+00 -9.235261e+00
    endloop
  endfacet
  facet normal 4.712194e-01 -5.561180e-01 6.846058e-01
    outer loop
      vertex   1.472586e+02 7.682304e+00 -9.235261e+00
      vertex   1.472659e+02 7.612809e+00 -9.296734e+00
      vertex   1.473513e+02 7.725745e+00 -9.263836e+00
    endloop
  endfacet
  facet normal 4.814375e-01 -6.222079e-01 6.173129e-01
    outer loop
      vertex   1.472586e+02 7.682304e+00 -9.235261e+00
      vertex   1.473513e+02 7.725745e+00 -9.263836e+00
      vertex   1.473477e+02 7.786187e+00 -9.200045e+00
    endloop
  endfacet
  facet normal 5.998932e-01 -5.632201e-01 5.682529e-01
    outer loop
      vertex   1.473477e+02 7.786187e+00 -9.200045e+00
      vertex   1.473513e+02 7.725745e+00 -9.263836e+00
      vertex   1.474454e+02 7.842026e+00 -9.247906e+00
    endloop
  endfacet
  facet normal 6.010576e-01 -6.187483e-01 5.058461e-01
    outer loop
      vertex   1.473477e+02 7.786187e+00 -9.200045e+00
      vertex   1.474454e+02 7.842026e+00 -9.247906e+00
      vertex   1.474461e+02 7.894191e+00 -9.184955e+00
    endloop
  endfacet
  facet normal 7.102975e-01 -5.459721e-01 4.442881e-01
    outer loop
      vertex   1.474461e+02 7.894191e+00 -9.184955e+00
      vertex   1.474454e+02 7.842026e+00 -9.247906e+00
      vertex   1.475689e+02 7.981974e+00 -9.273329e+00
    endloop
  endfacet
  facet normal 7.051501e-01 -5.897376e-01 3.936659e-01
    outer loop
      vertex   1.474461e+02 7.894191e+00 -9.184955e+00
      vertex   1.475689e+02 7.981974e+00 -9.273329e+00
      vertex   1.475734e+02 8.026050e+00 -9.215302e+00
    endloop
  endfacet
  facet normal 7.989026e-01 -5.069911e-01 3.235964e-01
    outer loop
      vertex   1.475734e+02 8.026050e+00 -9.215302e+00
      vertex   1.475689e+02 7.981974e+00 -9.273329e+00
      vertex   1.476880e+02 8.132000e+00 -9.332208e+00
    endloop
  endfacet
  facet normal 7.902011e-01 -5.446721e-01 2.809172e-01
    outer loop
      vertex   1.475734e+02 8.026050e+00 -9.215302e+00
      vertex   1.476880e+02 8.132000e+00 -9.332208e+00
      vertex   1.476971e+02 8.179932e+00 -9.265079e+00
    endloop
  endfacet
  facet normal 8.613208e-01 -4.617285e-01 2.119747e-01
    outer loop
      vertex   1.476971e+02 8.179932e+00 -9.265079e+00
      vertex   1.476880e+02 8.132000e+00 -9.332208e+00
      vertex   1.477960e+02 8.299120e+00 -9.407196e+00
    endloop
  endfacet
  facet normal 8.544188e-01 -4.842795e-01 1.882603e-01
    outer loop
      vertex   1.476971e+02 8.179932e+00 -9.265079e+00
      vertex   1.477960e+02 8.299120e+00 -9.407196e+00
      vertex   1.478034e+02 8.329359e+00 -9.363207e+00
    endloop
  endfacet
  facet normal 9.063567e-01 -4.038521e-01 1.241817e-01
    outer loop
      vertex   1.478034e+02 8.329359e+00 -9.363207e+00
      vertex   1.477960e+02 8.299120e+00 -9.407196e+00
      vertex   1.478830e+02 8.459592e+00 -9.519997e+00
    endloop
  endfacet
  facet normal 9.055683e-01 -4.063714e-01 1.216893e-01
    outer loop
      vertex   1.478034e+02 8.329359e+00 -9.363207e+00
      vertex   1.478830e+02 8.459592e+00 -9.519997e+00
      vertex   1.478888e+02 8.483602e+00 -9.483456e+00
    endloop
  endfacet
  facet normal 9.419652e-01 -3.293147e-01 6.521756e-02
    outer loop
      vertex   1.478888e+02 8.483602e+00 -9.483456e+00
      vertex   1.478830e+02 8.459592e+00 -9.519997e+00
      vertex   1.479410e+02 8.605097e+00 -9.623792e+00
    endloop
  endfacet
  facet normal 9.434511e-01 -3.239466e-01 7.041756e-02
    outer loop
      vertex   1.478888e+02 8.483602e+00 -9.483456e+00
      vertex   1.479410e+02 8.605097e+00 -9.623792e+00
      vertex   1.479449e+02 8.623120e+00 -9.593185e+00
    endloop
  endfacet
  facet normal 9.650991e-01 -2.601508e-01 3.008936e-02
    outer loop
      vertex   1.479449e+02 8.623120e+00 -9.593185e+00
      vertex   1.479410e+02 8.605097e+00 -9.623792e+00
      vertex   1.479673e+02 8.697122e+00 -9.672581e+00
    endloop
  endfacet
  facet normal 9.566607e-01 -2.912022e-01 -1.235233e-03
    outer loop
      vertex   1.479449e+02 8.623120e+00 -9.593185e+00
      vertex   1.479673e+02 8.697122e+00 -9.672581e+00
      vertex   1.479574e+02 8.664058e+00 -9.591287e+00
    endloop
  endfacet
  facet normal 9.774012e-01 -2.084838e-01 3.494900e-02
    outer loop
      vertex   1.479574e+02 8.664058e+00 -9.591287e+00
      vertex   1.479673e+02 8.697122e+00 -9.672581e+00
      vertex   1.479799e+02 8.753604e+00 -9.687710e+00
    endloop
  endfacet
  facet normal 9.756706e-01 -2.191505e-01 -6.315004e-03
    outer loop
      vertex   1.479799e+02 8.753604e+00 -9.687710e+00
      vertex   1.479673e+02 8.697122e+00 -9.672581e+00
      vertex   1.479846e+02 8.776126e+00 -9.740930e+00
    endloop
  endfacet
  facet normal 9.871258e-01 -1.586520e-01 2.030257e-02
    outer loop
      vertex   1.479799e+02 8.753604e+00 -9.687710e+00
      vertex   1.479846e+02 8.776126e+00 -9.740930e+00
      vertex   1.479884e+02 8.801130e+00 -9.727732e+00
    endloop
  endfacet
  facet normal 9.899517e-01 -1.406495e-01 -1.460620e-02
    outer loop
      vertex   1.479884e+02 8.801130e+00 -9.727732e+00
      vertex   1.479846e+02 8.776126e+00 -9.740930e+00
      vertex   1.479962e+02 8.862496e+00 -9.790788e+00
    endloop
  endfacet
  facet normal 9.915791e-01 -1.294545e-01 -3.510386e-03
    outer loop
      vertex   1.479884e+02 8.801130e+00 -9.727732e+00
      vertex   1.479962e+02 8.862496e+00 -9.790788e+00
      vertex   1.479947e+02 8.850353e+00 -9.759242e+00
    endloop
  endfacet
  facet normal 9.963979e-01 -8.357392e-02 1.437459e-02
    outer loop
      vertex   1.479947e+02 8.850353e+00 -9.759242e+00
      vertex   1.479962e+02 8.862496e+00 -9.790788e+00
      vertex   1.479970e+02 8.875530e+00 -9.771041e+00
    endloop
  endfacet
  facet normal 9.977689e-01 -6.668730e-02 3.172522e-03
    outer loop
      vertex   1.479970e+02 8.875530e+00 -9.771041e+00
      vertex   1.479962e+02 8.862496e+00 -9.790788e+00
      vertex   1.479992e+02 8.907322e+00 -9.804672e+00
    endloop
  endfacet
  facet normal 9.980186e-01 -6.251345e-02 7.134664e-03
    outer loop
      vertex   1.479970e+02 8.875530e+00 -9.771041e+00
      vertex   1.479992e+02 8.907322e+00 -9.804672e+00
      vertex   1.479987e+02 8.901044e+00 -9.779795e+00
    endloop
  endfacet
  facet normal 9.992475e-01 -3.625240e-02 1.378969e-02
    outer loop
      vertex   1.479987e+02 8.901044e+00 -9.779795e+00
      vertex   1.479992e+02 8.907322e+00 -9.804672e+00
      vertex   1.479997e+02 8.926869e+00 -9.785198e+00
    endloop
  endfacet
  facet normal 9.998591e-01 -1.497777e-02 -7.577999e-03
    outer loop
      vertex   1.479997e+02 8.926869e+00 -9.785198e+00
      vertex   1.479992e+02 8.907322e+00 -9.804672e+00
      vertex   1.480000e+02 8.951248e+00 -9.788658e+00
    endloop
  endfacet
  facet normal 9.998513e-01 -1.216774e-02 1.222164e-02
    outer loop
      vertex   1.479997e+02 8.926869e+00 -9.785198e+00
      vertex   1.480000e+02 8.951248e+00 -9.788658e+00
      vertex   1.480000e+02 8.952902e+00 -9.787012e+00
    endloop
  endfacet
  facet normal 9.288590e-01 -6.914937e-02 3.639221e-01
    outer loop
      vertex   1.480000e+02 8.652243e+00 -9.951805e+00
      vertex   1.479911e+02 8.542138e+00 -9.950056e+00
      vertex   1.480000e+02 8.454130e+00 -9.989448e+00
    endloop
  endfacet
  facet normal 9.293513e-01 -6.858418e-02 3.627704e-01
    outer loop
      vertex   1.480000e+02 8.454130e+00 -9.989448e+00
      vertex   1.479911e+02 8.542138e+00 -9.950056e+00
      vertex   1.479721e+02 8.403188e+00 -9.927683e+00
    endloop
  endfacet
  facet normal 9.262647e-01 -5.462035e-02 3.728946e-01
    outer loop
      vertex   1.480000e+02 8.454130e+00 -9.989448e+00
      vertex   1.479721e+02 8.403188e+00 -9.927683e+00
      vertex   1.479820e+02 8.382604e+00 -9.955181e+00
    endloop
  endfacet
  facet normal 9.165600e-01 -8.355086e-02 3.910716e-01
    outer loop
      vertex   1.479820e+02 8.382604e+00 -9.955181e+00
      vertex   1.479721e+02 8.403188e+00 -9.927683e+00
      vertex   1.479280e+02 8.181176e+00 -9.871579e+00
    endloop
  endfacet
  facet normal 8.815756e-01 -4.131159e-02 4.702316e-01
    outer loop
      vertex   1.479820e+02 8.382604e+00 -9.955181e+00
      vertex   1.479280e+02 8.181176e+00 -9.871579e+00
      vertex   1.479471e+02 8.143572e+00 -9.910735e+00
    endloop
  endfacet
  facet normal 8.660886e-01 -7.428986e-02 4.943395e-01
    outer loop
      vertex   1.479471e+02 8.143572e+00 -9.910735e+00
      vertex   1.479280e+02 8.181176e+00 -9.871579e+00
      vertex   1.478752e+02 7.920900e+00 -9.818187e+00
    endloop
  endfacet
  facet normal 9.686359e-01 -8.042104e-02 2.351105e-01
    outer loop
      vertex   1.480000e+02 8.747596e+00 -9.919189e+00
      vertex   1.479967e+02 8.700861e+00 -9.921551e+00
      vertex   1.480000e+02 8.652243e+00 -9.951805e+00
    endloop
  endfacet
  facet normal 9.656352e-01 -8.677183e-02 2.449883e-01
    outer loop
      vertex   1.480000e+02 8.652243e+00 -9.951805e+00
      vertex   1.479967e+02 8.700861e+00 -9.921551e+00
      vertex   1.479845e+02 8.557765e+00 -9.924050e+00
    endloop
  endfacet
  facet normal 9.549696e-01 -7.246590e-02 2.877181e-01
    outer loop
      vertex   1.480000e+02 8.652243e+00 -9.951805e+00
      vertex   1.479845e+02 8.557765e+00 -9.924050e+00
      vertex   1.479911e+02 8.542138e+00 -9.950056e+00
    endloop
  endfacet
  facet normal 9.494158e-01 -9.442025e-02 2.994905e-01
    outer loop
      vertex   1.479911e+02 8.542138e+00 -9.950056e+00
      vertex   1.479845e+02 8.557765e+00 -9.924050e+00
      vertex   1.479635e+02 8.423676e+00 -9.899719e+00
    endloop
  endfacet
  facet normal 9.363101e-01 -7.262457e-02 3.435828e-01
    outer loop
      vertex   1.479911e+02 8.542138e+00 -9.950056e+00
      vertex   1.479635e+02 8.423676e+00 -9.899719e+00
      vertex   1.479721e+02 8.403188e+00 -9.927683e+00
    endloop
  endfacet
  facet normal 9.246795e-01 -1.072347e-01 3.653334e-01
    outer loop
      vertex   1.479721e+02 8.403188e+00 -9.927683e+00
      vertex   1.479635e+02 8.423676e+00 -9.899719e+00
      vertex   1.479153e+02 8.209834e+00 -9.840529e+00
    endloop
  endfacet
  facet normal 8.992929e-01 -6.983927e-02 4.317346e-01
    outer loop
      vertex   1.479721e+02 8.403188e+00 -9.927683e+00
      vertex   1.479153e+02 8.209834e+00 -9.840529e+00
      vertex   1.479280e+02 8.181176e+00 -9.871579e+00
    endloop
  endfacet
  facet normal 8.788551e-01 -1.132478e-01 4.634530e-01
    outer loop
      vertex   1.479280e+02 8.181176e+00 -9.871579e+00
      vertex   1.479153e+02 8.209834e+00 -9.840529e+00
      vertex   1.478502e+02 7.970923e+00 -9.775527e+00
    endloop
  endfacet
  facet normal 8.321304e-01 -5.561683e-02 5.517841e-01
    outer loop
      vertex   1.479280e+02 8.181176e+00 -9.871579e+00
      vertex   1.478502e+02 7.970923e+00 -9.775527e+00
      vertex   1.478752e+02 7.920900e+00 -9.818187e+00
    endloop
  endfacet
  facet normal 8.071672e-01 -9.444627e-02 5.827187e-01
    outer loop
      vertex   1.478752e+02 7.920900e+00 -9.818187e+00
      vertex   1.478502e+02 7.970923e+00 -9.775527e+00
      vertex   1.477874e+02 7.716652e+00 -9.729713e+00
    endloop
  endfacet
  facet normal 9.814474e-01 -8.382445e-02 1.724366e-01
    outer loop
      vertex   1.480000e+02 8.834036e+00 -9.877169e+00
      vertex   1.479896e+02 8.721909e+00 -9.872593e+00
      vertex   1.480000e+02 8.747596e+00 -9.919189e+00
    endloop
  endfacet
  facet normal 9.814944e-01 -9.335612e-02 1.671923e-01
    outer loop
      vertex   1.480000e+02 8.747596e+00 -9.919189e+00
      vertex   1.479896e+02 8.721909e+00 -9.872593e+00
      vertex   1.479928e+02 8.711418e+00 -9.897137e+00
    endloop
  endfacet
  facet normal 9.786031e-01 -7.884869e-02 1.900499e-01
    outer loop
      vertex   1.480000e+02 8.747596e+00 -9.919189e+00
      vertex   1.479928e+02 8.711418e+00 -9.897137e+00
      vertex   1.479967e+02 8.700861e+00 -9.921551e+00
    endloop
  endfacet
  facet normal 9.736107e-01 -1.071545e-01 2.014949e-01
    outer loop
      vertex   1.479967e+02 8.700861e+00 -9.921551e+00
      vertex   1.479928e+02 8.711418e+00 -9.897137e+00
      vertex   1.479739e+02 8.588748e+00 -9.871256e+00
    endloop
  endfacet
  facet normal 9.687555e-01 -9.350982e-02 2.297145e-01
    outer loop
      vertex   1.479967e+02 8.700861e+00 -9.921551e+00
      vertex   1.479739e+02 8.588748e+00 -9.871256e+00
      vertex   1.479787e+02 8.573307e+00 -9.897775e+00
    endloop
  endfacet
  facet normal 9.598291e-01 -1.293709e-01 2.489805e-01
    outer loop
      vertex   1.479787e+02 8.573307e+00 -9.897775e+00
      vertex   1.479739e+02 8.588748e+00 -9.871256e+00
      vertex   1.479497e+02 8.464262e+00 -9.842534e+00
    endloop
  endfacet
  facet normal 9.524670e-01 -1.095345e-01 2.842689e-01
    outer loop
      vertex   1.479787e+02 8.573307e+00 -9.897775e+00
      vertex   1.479497e+02 8.464262e+00 -9.842534e+00
      vertex   1.479560e+02 8.444042e+00 -9.871324e+00
    endloop
  endfacet
  facet normal 9.375886e-01 -1.536066e-01 3.119816e-01
    outer loop
      vertex   1.479560e+02 8.444042e+00 -9.871324e+00
      vertex   1.479497e+02 8.464262e+00 -9.842534e+00
      vertex   1.478952e+02 8.266489e+00 -9.775978e+00
    endloop
  endfacet
  facet normal 9.236108e-01 -1.210343e-01 3.637223e-01
    outer loop
      vertex   1.479560e+02 8.444042e+00 -9.871324e+00
      vertex   1.478952e+02 8.266489e+00 -9.775978e+00
      vertex   1.479043e+02 8.238291e+00 -9.808642e+00
    endloop
  endfacet
  facet normal 8.975072e-01 -1.763936e-01 4.041857e-01
    outer loop
      vertex   1.479043e+02 8.238291e+00 -9.808642e+00
      vertex   1.478952e+02 8.266489e+00 -9.775978e+00
      vertex   1.478200e+02 8.046556e+00 -9.704984e+00
    endloop
  endfacet
  facet normal 8.724650e-01 -1.290795e-01 4.713208e-01
    outer loop
      vertex   1.479043e+02 8.238291e+00 -9.808642e+00
      vertex   1.478200e+02 8.046556e+00 -9.704984e+00
      vertex   1.478339e+02 8.008940e+00 -9.740997e+00
    endloop
  endfacet
  facet normal 8.361069e-01 -1.855148e-01 5.162456e-01
    outer loop
      vertex   1.478339e+02 8.008940e+00 -9.740997e+00
      vertex   1.478200e+02 8.046556e+00 -9.704984e+00
      vertex   1.477365e+02 7.827567e+00 -9.648566e+00
    endloop
  endfacet
  facet normal 7.952423e-01 -1.242595e-01 5.934216e-01
    outer loop
      vertex   1.478339e+02 8.008940e+00 -9.740997e+00
      vertex   1.477365e+02 7.827567e+00 -9.648566e+00
      vertex   1.477566e+02 7.779763e+00 -9.685451e+00
    endloop
  endfacet
  facet normal 7.504096e-01 -1.766404e-01 6.369330e-01
    outer loop
      vertex   1.477566e+02 7.779763e+00 -9.685451e+00
      vertex   1.477365e+02 7.827567e+00 -9.648566e+00
      vertex   1.476491e+02 7.609707e+00 -9.605978e+00
    endloop
  endfacet
  facet normal 6.838842e-01 -9.414106e-02 7.234914e-01
    outer loop
      vertex   1.477566e+02 7.779763e+00 -9.685451e+00
      vertex   1.476491e+02 7.609707e+00 -9.605978e+00
      vertex   1.476846e+02 7.532765e+00 -9.649516e+00
    endloop
  endfacet
  facet normal 6.341606e-01 -1.381499e-01 7.607595e-01
    outer loop
      vertex   1.476846e+02 7.532765e+00 -9.649516e+00
      vertex   1.476491e+02 7.609707e+00 -9.605978e+00
      vertex   1.475680e+02 7.372823e+00 -9.581357e+00
    endloop
  endfacet
  facet normal 9.913606e-01 -7.272774e-02 1.091547e-01
    outer loop
      vertex   1.480000e+02 8.901205e+00 -9.832415e+00
      vertex   1.479991e+02 8.846865e+00 -9.860030e+00
      vertex   1.480000e+02 8.834036e+00 -9.877169e+00
    endloop
  endfacet
  facet normal 9.892510e-01 -8.551860e-02 1.186129e-01
    outer loop
      vertex   1.480000e+02 8.834036e+00 -9.877169e+00
      vertex   1.479991e+02 8.846865e+00 -9.860030e+00
      vertex   1.479850e+02 8.745789e+00 -9.815624e+00
    endloop
  endfacet
  facet normal 9.898928e-01 -9.477188e-02 1.055014e-01
    outer loop
      vertex   1.480000e+02 8.834036e+00 -9.877169e+00
      vertex   1.479850e+02 8.745789e+00 -9.815624e+00
      vertex   1.479871e+02 8.732324e+00 -9.847936e+00
    endloop
  endfacet
  facet normal 9.811707e-01 -1.461125e-01 1.263136e-01
    outer loop
      vertex   1.479871e+02 8.732324e+00 -9.847936e+00
      vertex   1.479850e+02 8.745789e+00 -9.815624e+00
      vertex   1.479652e+02 8.634323e+00 -9.790494e+00
    endloop
  endfacet
  facet normal 9.800886e-01 -1.340468e-01 1.464845e-01
    outer loop
      vertex   1.479871e+02 8.732324e+00 -9.847936e+00
      vertex   1.479652e+02 8.634323e+00 -9.790494e+00
      vertex   1.479671e+02 8.619271e+00 -9.817590e+00
    endloop
  endfacet
  facet normal 9.686934e-01 -1.798769e-01 1.711063e-01
    outer loop
      vertex   1.479671e+02 8.619271e+00 -9.817590e+00
      vertex   1.479652e+02 8.634323e+00 -9.790494e+00
      vertex   1.479382e+02 8.523778e+00 -9.754170e+00
    endloop
  endfacet
  facet normal 9.672044e-01 -1.645710e-01 1.934734e-01
    outer loop
      vertex   1.479671e+02 8.619271e+00 -9.817590e+00
      vertex   1.479382e+02 8.523778e+00 -9.754170e+00
      vertex   1.479408e+02 8.504155e+00 -9.783919e+00
    endloop
  endfacet
  facet normal 9.485050e-01 -2.196958e-01 2.281929e-01
    outer loop
      vertex   1.479408e+02 8.504155e+00 -9.783919e+00
      vertex   1.479382e+02 8.523778e+00 -9.754170e+00
      vertex   1.478784e+02 8.348990e+00 -9.673967e+00
    endloop
  endfacet
  facet normal 9.457659e-01 -1.975701e-01 2.578622e-01
    outer loop
      vertex   1.479408e+02 8.504155e+00 -9.783919e+00
      vertex   1.478784e+02 8.348990e+00 -9.673967e+00
      vertex   1.478822e+02 8.321892e+00 -9.708573e+00
    endloop
  endfacet
  facet normal 9.133015e-01 -2.663138e-01 3.081515e-01
    outer loop
      vertex   1.478822e+02 8.321892e+00 -9.708573e+00
      vertex   1.478784e+02 8.348990e+00 -9.673967e+00
      vertex   1.477935e+02 8.155899e+00 -9.589077e+00
    endloop
  endfacet
  facet normal 9.071127e-01 -2.320666e-01 3.511292e-01
    outer loop
      vertex   1.478822e+02 8.321892e+00 -9.708573e+00
      vertex   1.477935e+02 8.155899e+00 -9.589077e+00
      vertex   1.477998e+02 8.120141e+00 -9.628913e+00
    endloop
  endfacet
  facet normal 8.610064e-01 -3.035733e-01 4.080579e-01
    outer loop
      vertex   1.477998e+02 8.120141e+00 -9.628913e+00
      vertex   1.477935e+02 8.155899e+00 -9.589077e+00
      vertex   1.476957e+02 7.965964e+00 -9.524055e+00
    endloop
  endfacet
  facet normal 8.476211e-01 -2.559597e-01 4.647829e-01
    outer loop
      vertex   1.477998e+02 8.120141e+00 -9.628913e+00
      vertex   1.476957e+02 7.965964e+00 -9.524055e+00
      vertex   1.477060e+02 7.920859e+00 -9.567714e+00
    endloop
  endfacet
  facet normal 7.884416e-01 -3.250718e-01 5.221955e-01
    outer loop
      vertex   1.477060e+02 7.920859e+00 -9.567714e+00
      vertex   1.476957e+02 7.965964e+00 -9.524055e+00
      vertex   1.475912e+02 7.780177e+00 -9.481927e+00
    endloop
  endfacet
  facet normal 7.634066e-01 -2.634429e-01 5.897527e-01
    outer loop
      vertex   1.477060e+02 7.920859e+00 -9.567714e+00
      vertex   1.475912e+02 7.780177e+00 -9.481927e+00
      vertex   1.476067e+02 7.724696e+00 -9.526773e+00
    endloop
  endfacet
  facet normal 6.872502e-01 -3.307801e-01 6.467393e-01
    outer loop
      vertex   1.476067e+02 7.724696e+00 -9.526773e+00
      vertex   1.475912e+02 7.780177e+00 -9.481927e+00
      vertex   1.474855e+02 7.599813e+00 -9.461859e+00
    endloop
  endfacet
  facet normal 6.470240e-01 -2.542741e-01 7.188217e-01
    outer loop
      vertex   1.476067e+02 7.724696e+00 -9.526773e+00
      vertex   1.474855e+02 7.599813e+00 -9.461859e+00
      vertex   1.475060e+02 7.532839e+00 -9.504012e+00
    endloop
  endfacet
  facet normal 5.640147e-01 -3.091954e-01 7.656929e-01
    outer loop
      vertex   1.475060e+02 7.532839e+00 -9.504012e+00
      vertex   1.474855e+02 7.599813e+00 -9.461859e+00
      vertex   1.474069e+02 7.445642e+00 -9.466214e+00
    endloop
  endfacet
  facet normal 5.130845e-01 -2.240431e-01 8.285825e-01
    outer loop
      vertex   1.475060e+02 7.532839e+00 -9.504012e+00
      vertex   1.474069e+02 7.445642e+00 -9.466214e+00
      vertex   1.474305e+02 7.368683e+00 -9.501637e+00
    endloop
  endfacet
  facet normal 4.284612e-01 -2.660645e-01 8.634991e-01
    outer loop
      vertex   1.474305e+02 7.368683e+00 -9.501637e+00
      vertex   1.474069e+02 7.445642e+00 -9.466214e+00
      vertex   1.473285e+02 7.293994e+00 -9.474034e+00
    endloop
  endfacet
  facet normal 3.632937e-01 -1.567728e-01 9.183899e-01
    outer loop
      vertex   1.474305e+02 7.368683e+00 -9.501637e+00
      vertex   1.473285e+02 7.293994e+00 -9.474034e+00
      vertex   1.473594e+02 7.180923e+00 -9.505577e+00
    endloop
  endfacet
  facet normal 3.023558e-01 -1.784577e-01 9.363407e-01
    outer loop
      vertex   1.473594e+02 7.180923e+00 -9.505577e+00
      vertex   1.473285e+02 7.293994e+00 -9.474034e+00
      vertex   1.473001e+02 7.145239e+00 -9.493205e+00
    endloop
  endfacet
  facet normal 9.973446e-01 -4.793723e-02 5.482408e-02
    outer loop
      vertex   1.480000e+02 8.951248e+00 -9.788658e+00
      vertex   1.479999e+02 8.904709e+00 -9.827281e+00
      vertex   1.480000e+02 8.901205e+00 -9.832415e+00
    endloop
  endfacet
  facet normal 9.968845e-01 -5.309165e-02 5.833123e-02
    outer loop
      vertex   1.480000e+02 8.901205e+00 -9.832415e+00
      vertex   1.479999e+02 8.904709e+00 -9.827281e+00
      vertex   1.479966e+02 8.857327e+00 -9.813899e+00
    endloop
  endfacet
  facet normal 9.970351e-01 -5.501613e-02 5.379854e-02
    outer loop
      vertex   1.480000e+02 8.901205e+00 -9.832415e+00
      vertex   1.479966e+02 8.857327e+00 -9.813899e+00
      vertex   1.479975e+02 8.852116e+00 -9.836984e+00
    endloop
  endfacet
  facet normal 9.921481e-01 -1.066920e-01 6.526096e-02
    outer loop
      vertex   1.479975e+02 8.852116e+00 -9.836984e+00
      vertex   1.479966e+02 8.857327e+00 -9.813899e+00
      vertex   1.479842e+02 8.756003e+00 -9.790774e+00
    endloop
  endfacet
  facet normal 9.919544e-01 -1.019733e-01 7.501934e-02
    outer loop
      vertex   1.479975e+02 8.852116e+00 -9.836984e+00
      vertex   1.479842e+02 8.756003e+00 -9.790774e+00
      vertex   1.479850e+02 8.745789e+00 -9.815624e+00
    endloop
  endfacet
  facet normal 9.823051e-01 -1.594124e-01 9.830718e-02
    outer loop
      vertex   1.479850e+02 8.745789e+00 -9.815624e+00
      vertex   1.479842e+02 8.756003e+00 -9.790774e+00
      vertex   1.479640e+02 8.653721e+00 -9.754933e+00
    endloop
  endfacet
  facet normal 9.822369e-01 -1.490920e-01 1.139397e-01
    outer loop
      vertex   1.479850e+02 8.745789e+00 -9.815624e+00
      vertex   1.479640e+02 8.653721e+00 -9.754933e+00
      vertex   1.479652e+02 8.634323e+00 -9.790494e+00
    endloop
  endfacet
  facet normal 9.698502e-01 -1.989609e-01 1.407308e-01
    outer loop
      vertex   1.479652e+02 8.634323e+00 -9.790494e+00
      vertex   1.479640e+02 8.653721e+00 -9.754933e+00
      vertex   1.479368e+02 8.543153e+00 -9.724175e+00
    endloop
  endfacet
  facet normal 9.695733e-01 -1.828201e-01 1.628020e-01
    outer loop
      vertex   1.479652e+02 8.634323e+00 -9.790494e+00
      vertex   1.479368e+02 8.543153e+00 -9.724175e+00
      vertex   1.479382e+02 8.523778e+00 -9.754170e+00
    endloop
  endfacet
  facet normal 9.499138e-01 -2.407193e-01 1.992938e-01
    outer loop
      vertex   1.479382e+02 8.523778e+00 -9.754170e+00
      vertex   1.479368e+02 8.543153e+00 -9.724175e+00
      vertex   1.478765e+02 8.375616e+00 -9.638848e+00
    endloop
  endfacet
  facet normal 9.492600e-01 -2.228273e-01 2.219310e-01
    outer loop
      vertex   1.479382e+02 8.523778e+00 -9.754170e+00
      vertex   1.478765e+02 8.375616e+00 -9.638848e+00
      vertex   1.478784e+02 8.348990e+00 -9.673967e+00
    endloop
  endfacet
  facet normal 9.153037e-01 -2.947060e-01 2.745316e-01
    outer loop
      vertex   1.478784e+02 8.348990e+00 -9.673967e+00
      vertex   1.478765e+02 8.375616e+00 -9.638848e+00
      vertex   1.477898e+02 8.190832e+00 -9.548199e+00
    endloop
  endfacet
  facet normal 9.130376e-01 -2.655750e-01 3.095677e-01
    outer loop
      vertex   1.478784e+02 8.348990e+00 -9.673967e+00
      vertex   1.477898e+02 8.190832e+00 -9.548199e+00
      vertex   1.477935e+02 8.155899e+00 -9.589077e+00
    endloop
  endfacet
  facet normal 8.646829e-01 -3.405454e-01 3.692592e-01
    outer loop
      vertex   1.477935e+02 8.155899e+00 -9.589077e+00
      vertex   1.477898e+02 8.190832e+00 -9.548199e+00
      vertex   1.476887e+02 8.009805e+00 -9.478482e+00
    endloop
  endfacet
  facet normal 8.578201e-01 -2.983663e-01 4.184762e-01
    outer loop
      vertex   1.477935e+02 8.155899e+00 -9.589077e+00
      vertex   1.476887e+02 8.009805e+00 -9.478482e+00
      vertex   1.476957e+02 7.965964e+00 -9.524055e+00
    endloop
  endfacet
  facet normal 7.951446e-01 -3.715447e-01 4.792699e-01
    outer loop
      vertex   1.476957e+02 7.965964e+00 -9.524055e+00
      vertex   1.476887e+02 8.009805e+00 -9.478482e+00
      vertex   1.475796e+02 7.833914e+00 -9.433877e+00
    endloop
  endfacet
  facet normal 7.796051e-01 -3.158903e-01 5.407672e-01
    outer loop
      vertex   1.476957e+02 7.965964e+00 -9.524055e+00
      vertex   1.475796e+02 7.833914e+00 -9.433877e+00
      vertex   1.475912e+02 7.780177e+00 -9.481927e+00
    endloop
  endfacet
  facet normal 6.979523e-01 -3.880872e-01 6.018728e-01
    outer loop
      vertex   1.475912e+02 7.780177e+00 -9.481927e+00
      vertex   1.475796e+02 7.833914e+00 -9.433877e+00
      vertex   1.474691e+02 7.664634e+00 -9.414841e+00
    endloop
  endfacet
  facet normal 6.695175e-01 -3.176386e-01 6.714551e-01
    outer loop
      vertex   1.475912e+02 7.780177e+00 -9.481927e+00
      vertex   1.474691e+02 7.664634e+00 -9.414841e+00
      vertex   1.474855e+02 7.599813e+00 -9.461859e+00
    endloop
  endfacet
  facet normal 5.791096e-01 -3.775736e-01 7.225443e-01
    outer loop
      vertex   1.474855e+02 7.599813e+00 -9.461859e+00
      vertex   1.474691e+02 7.664634e+00 -9.414841e+00
      vertex   1.473870e+02 7.520406e+00 -9.424421e+00
    endloop
  endfacet
  facet normal 5.391662e-01 -2.971573e-01 7.880338e-01
    outer loop
      vertex   1.474855e+02 7.599813e+00 -9.461859e+00
      vertex   1.473870e+02 7.520406e+00 -9.424421e+00
      vertex   1.474069e+02 7.445642e+00 -9.466214e+00
    endloop
  endfacet
  facet normal 4.459627e-01 -3.434581e-01 8.265311e-01
    outer loop
      vertex   1.474069e+02 7.445642e+00 -9.466214e+00
      vertex   1.473870e+02 7.520406e+00 -9.424421e+00
      vertex   1.473081e+02 7.378483e+00 -9.440793e+00
    endloop
  endfacet
  facet normal 3.976046e-01 -2.510914e-01 8.825325e-01
    outer loop
      vertex   1.474069e+02 7.445642e+00 -9.466214e+00
      vertex   1.473081e+02 7.378483e+00 -9.440793e+00
      vertex   1.473285e+02 7.293994e+00 -9.474034e+00
    endloop
  endfacet
  facet normal 3.209082e-01 -2.785610e-01 9.052192e-01
    outer loop
      vertex   1.473285e+02 7.293994e+00 -9.474034e+00
      vertex   1.473081e+02 7.378483e+00 -9.440793e+00
      vertex   1.472735e+02 7.263050e+00 -9.464057e+00
    endloop
  endfacet
  facet normal 2.694672e-01 -1.735762e-01 9.472374e-01
    outer loop
      vertex   1.473285e+02 7.293994e+00 -9.474034e+00
      vertex   1.472735e+02 7.263050e+00 -9.464057e+00
      vertex   1.473001e+02 7.145239e+00 -9.493205e+00
    endloop
  endfacet
  facet normal 2.256891e-01 -1.857016e-01 9.563364e-01
    outer loop
      vertex   1.473001e+02 7.145239e+00 -9.493205e+00
      vertex   1.472735e+02 7.263050e+00 -9.464057e+00
      vertex   1.472399e+02 7.117166e+00 -9.484459e+00
    endloop
  endfacet
  facet normal 9.557001e-01 -2.924935e-01 3.293710e-02
    outer loop
      vertex   1.479574e+02 8.664058e+00 -9.591287e+00
      vertex   1.479280e+02 8.580254e+00 -9.482351e+00
      vertex   1.479449e+02 8.623120e+00 -9.593185e+00
    endloop
  endfacet
  facet normal 9.161741e-01 -4.005043e-01 -1.487805e-02
    outer loop
      vertex   1.479449e+02 8.623120e+00 -9.593185e+00
      vertex   1.479280e+02 8.580254e+00 -9.482351e+00
      vertex   1.478965e+02 8.506878e+00 -9.446772e+00
    endloop
  endfacet
  facet normal 9.350917e-01 -3.532242e-01 2.891792e-02
    outer loop
      vertex   1.479449e+02 8.623120e+00 -9.593185e+00
      vertex   1.478965e+02 8.506878e+00 -9.446772e+00
      vertex   1.478888e+02 8.483602e+00 -9.483456e+00
    endloop
  endfacet
  facet normal 8.991118e-01 -4.294302e-01 8.478063e-02
    outer loop
      vertex   1.478888e+02 8.483602e+00 -9.483456e+00
      vertex   1.478965e+02 8.506878e+00 -9.446772e+00
      vertex   1.478134e+02 8.358269e+00 -9.318830e+00
    endloop
  endfacet
  facet normal 8.973685e-01 -4.338563e-01 8.061266e-02
    outer loop
      vertex   1.478888e+02 8.483602e+00 -9.483456e+00
      vertex   1.478134e+02 8.358269e+00 -9.318830e+00
      vertex   1.478034e+02 8.329359e+00 -9.363207e+00
    endloop
  endfacet
  facet normal 8.461153e-01 -5.132200e-01 1.438545e-01
    outer loop
      vertex   1.478034e+02 8.329359e+00 -9.363207e+00
      vertex   1.478134e+02 8.358269e+00 -9.318830e+00
      vertex   1.477080e+02 8.214226e+00 -9.212608e+00
    endloop
  endfacet
  facet normal 8.499506e-01 -5.040734e-01 1.532776e-01
    outer loop
      vertex   1.478034e+02 8.329359e+00 -9.363207e+00
      vertex   1.477080e+02 8.214226e+00 -9.212608e+00
      vertex   1.476971e+02 8.179932e+00 -9.265079e+00
    endloop
  endfacet
  facet normal 7.806033e-01 -5.848581e-01 2.204528e-01
    outer loop
      vertex   1.476971e+02 8.179932e+00 -9.265079e+00
      vertex   1.477080e+02 8.214226e+00 -9.212608e+00
      vertex   1.475853e+02 8.078910e+00 -9.136979e+00
    endloop
  endfacet
  facet normal 7.921467e-01 -5.548899e-01 2.541668e-01
    outer loop
      vertex   1.476971e+02 8.179932e+00 -9.265079e+00
      vertex   1.475853e+02 8.078910e+00 -9.136979e+00
      vertex   1.475734e+02 8.026050e+00 -9.215302e+00
    endloop
  endfacet
  facet normal 6.960031e-01 -6.397472e-01 3.260417e-01
    outer loop
      vertex   1.475734e+02 8.026050e+00 -9.215302e+00
      vertex   1.475853e+02 8.078910e+00 -9.136979e+00
      vertex   1.474512e+02 7.942238e+00 -9.119015e+00
    endloop
  endfacet
  facet normal 7.079167e-01 -5.956604e-01 3.795294e-01
    outer loop
      vertex   1.475734e+02 8.026050e+00 -9.215302e+00
      vertex   1.474512e+02 7.942238e+00 -9.119015e+00
      vertex   1.474461e+02 7.894191e+00 -9.184955e+00
    endloop
  endfacet
  facet normal 5.968794e-01 -6.696246e-01 4.419704e-01
    outer loop
      vertex   1.474461e+02 7.894191e+00 -9.184955e+00
      vertex   1.474512e+02 7.942238e+00 -9.119015e+00
      vertex   1.473482e+02 7.841828e+00 -9.131944e+00
    endloop
  endfacet
  facet normal 6.029024e-01 -6.199212e-01 5.022015e-01
    outer loop
      vertex   1.474461e+02 7.894191e+00 -9.184955e+00
      vertex   1.473482e+02 7.841828e+00 -9.131944e+00
      vertex   1.473477e+02 7.786187e+00 -9.200045e+00
    endloop
  endfacet
  facet normal 4.811441e-01 -6.805401e-01 5.525988e-01
    outer loop
      vertex   1.473477e+02 7.786187e+00 -9.200045e+00
      vertex   1.473482e+02 7.841828e+00 -9.131944e+00
      vertex   1.472547e+02 7.746518e+00 -9.167989e+00
    endloop
  endfacet
  facet normal 4.791075e-01 -6.211745e-01 6.201598e-01
    outer loop
      vertex   1.473477e+02 7.786187e+00 -9.200045e+00
      vertex   1.472547e+02 7.746518e+00 -9.167989e+00
      vertex   1.472586e+02 7.682304e+00 -9.235261e+00
    endloop
  endfacet
  facet normal 3.703173e-01 -6.613312e-01 6.523083e-01
    outer loop
      vertex   1.472586e+02 7.682304e+00 -9.235261e+00
      vertex   1.472547e+02 7.746518e+00 -9.167989e+00
      vertex   1.472116e+02 7.665449e+00 -9.225699e+00
    endloop
  endfacet
  facet normal 3.597825e-01 -5.937362e-01 7.197457e-01
    outer loop
      vertex   1.472586e+02 7.682304e+00 -9.235261e+00
      vertex   1.472116e+02 7.665449e+00 -9.225699e+00
      vertex   1.472185e+02 7.593868e+00 -9.288163e+00
    endloop
  endfacet
  facet normal 2.812869e-01 -6.155656e-01 7.361771e-01
    outer loop
      vertex   1.472185e+02 7.593868e+00 -9.288163e+00
      vertex   1.472116e+02 7.665449e+00 -9.225699e+00
      vertex   1.471732e+02 7.579447e+00 -9.282949e+00
    endloop
  endfacet
  facet normal 2.642789e-01 -5.393414e-01 7.995421e-01
    outer loop
      vertex   1.472185e+02 7.593868e+00 -9.288163e+00
      vertex   1.471732e+02 7.579447e+00 -9.282949e+00
      vertex   1.471816e+02 7.500712e+00 -9.338825e+00
    endloop
  endfacet
  facet normal 1.842528e-01 -5.557455e-01 8.106774e-01
    outer loop
      vertex   1.471816e+02 7.500712e+00 -9.338825e+00
      vertex   1.471732e+02 7.579447e+00 -9.282949e+00
      vertex   1.471368e+02 7.488957e+00 -9.336697e+00
    endloop
  endfacet
  facet normal 1.645418e-01 -4.703986e-01 8.669782e-01
    outer loop
      vertex   1.471816e+02 7.500712e+00 -9.338825e+00
      vertex   1.471368e+02 7.488957e+00 -9.336697e+00
      vertex   1.471449e+02 7.403725e+00 -9.384471e+00
    endloop
  endfacet
  facet normal 5.329745e-02 -4.844168e-01 8.732123e-01
    outer loop
      vertex   1.471449e+02 7.403725e+00 -9.384471e+00
      vertex   1.471368e+02 7.488957e+00 -9.336697e+00
      vertex   1.470947e+02 7.455895e+00 -9.352470e+00
    endloop
  endfacet
  facet normal 1.464939e-01 -4.111222e-01 8.997322e-01
    outer loop
      vertex   1.471449e+02 7.403725e+00 -9.384471e+00
      vertex   1.470947e+02 7.455895e+00 -9.352470e+00
      vertex   1.471047e+02 7.298230e+00 -9.426137e+00
    endloop
  endfacet
  facet normal 9.285923e-01 -3.642808e-01 7.082261e-02
    outer loop
      vertex   1.479280e+02 8.580254e+00 -9.482351e+00
      vertex   1.478497e+02 8.425625e+00 -9.251466e+00
      vertex   1.478965e+02 8.506878e+00 -9.446772e+00
    endloop
  endfacet
  facet normal 8.604023e-01 -5.095807e-01 -5.956352e-03
    outer loop
      vertex   1.478965e+02 8.506878e+00 -9.446772e+00
      vertex   1.478497e+02 8.425625e+00 -9.251466e+00
      vertex   1.478259e+02 8.385766e+00 -9.274194e+00
    endloop
  endfacet
  facet normal 8.855993e-01 -4.629697e-01 3.705288e-02
    outer loop
      vertex   1.478965e+02 8.506878e+00 -9.446772e+00
      vertex   1.478259e+02 8.385766e+00 -9.274194e+00
      vertex   1.478134e+02 8.358269e+00 -9.318830e+00
    endloop
  endfacet
  facet normal 8.355845e-01 -5.404096e-01 9.877273e-02
    outer loop
      vertex   1.478134e+02 8.358269e+00 -9.318830e+00
      vertex   1.478259e+02 8.385766e+00 -9.274194e+00
      vertex   1.477222e+02 8.246257e+00 -9.159489e+00
    endloop
  endfacet
  facet normal 8.369307e-01 -5.378434e-01 1.013478e-01
    outer loop
      vertex   1.478134e+02 8.358269e+00 -9.318830e+00
      vertex   1.477222e+02 8.246257e+00 -9.159489e+00
      vertex   1.477080e+02 8.214226e+00 -9.212608e+00
    endloop
  endfacet
  facet normal 7.687312e-01 -6.172724e-01 1.674130e-01
    outer loop
      vertex   1.477080e+02 8.214226e+00 -9.212608e+00
      vertex   1.477222e+02 8.246257e+00 -9.159489e+00
      vertex   1.475989e+02 8.115618e+00 -9.075364e+00
    endloop
  endfacet
  facet normal 7.772148e-01 -6.012109e-01 1.856948e-01
    outer loop
      vertex   1.477080e+02 8.214226e+00 -9.212608e+00
      vertex   1.475989e+02 8.115618e+00 -9.075364e+00
      vertex   1.475853e+02 8.078910e+00 -9.136979e+00
    endloop
  endfacet
  facet normal 6.840825e-01 -6.832820e-01 2.552583e-01
    outer loop
      vertex   1.475853e+02 8.078910e+00 -9.136979e+00
      vertex   1.475989e+02 8.115618e+00 -9.075364e+00
      vertex   1.474644e+02 7.998161e+00 -9.029180e+00
    endloop
  endfacet
  facet normal 7.004101e-01 -6.474373e-01 3.004174e-01
    outer loop
      vertex   1.475853e+02 8.078910e+00 -9.136979e+00
      vertex   1.474644e+02 7.998161e+00 -9.029180e+00
      vertex   1.474512e+02 7.942238e+00 -9.119015e+00
    endloop
  endfacet
  facet normal 5.864412e-01 -7.233947e-01 3.643993e-01
    outer loop
      vertex   1.474512e+02 7.942238e+00 -9.119015e+00
      vertex   1.474644e+02 7.998161e+00 -9.029180e+00
      vertex   1.473528e+02 7.892190e+00 -9.060028e+00
    endloop
  endfacet
  facet normal 6.010020e-01 -6.725503e-01 4.318248e-01
    outer loop
      vertex   1.474512e+02 7.942238e+00 -9.119015e+00
      vertex   1.473528e+02 7.892190e+00 -9.060028e+00
      vertex   1.473482e+02 7.841828e+00 -9.131944e+00
    endloop
  endfacet
  facet normal 4.772337e-01 -7.341311e-01 4.830109e-01
    outer loop
      vertex   1.473482e+02 7.841828e+00 -9.131944e+00
      vertex   1.473528e+02 7.892190e+00 -9.060028e+00
      vertex   1.472544e+02 7.804878e+00 -9.095502e+00
    endloop
  endfacet
  facet normal 4.826096e-01 -6.811892e-01 5.505172e-01
    outer loop
      vertex   1.473482e+02 7.841828e+00 -9.131944e+00
      vertex   1.472544e+02 7.804878e+00 -9.095502e+00
      vertex   1.472547e+02 7.746518e+00 -9.167989e+00
    endloop
  endfacet
  facet normal 3.705430e-01 -7.226937e-01 5.834481e-01
    outer loop
      vertex   1.472547e+02 7.746518e+00 -9.167989e+00
      vertex   1.472544e+02 7.804878e+00 -9.095502e+00
      vertex   1.472077e+02 7.731288e+00 -9.156968e+00
    endloop
  endfacet
  facet normal 3.672031e-01 -6.610958e-01 6.543044e-01
    outer loop
      vertex   1.472547e+02 7.746518e+00 -9.167989e+00
      vertex   1.472077e+02 7.731288e+00 -9.156968e+00
      vertex   1.472116e+02 7.665449e+00 -9.225699e+00
    endloop
  endfacet
  facet normal 2.847522e-01 -6.840447e-01 6.715646e-01
    outer loop
      vertex   1.472116e+02 7.665449e+00 -9.225699e+00
      vertex   1.472077e+02 7.731288e+00 -9.156968e+00
      vertex   1.471670e+02 7.652706e+00 -9.219766e+00
    endloop
  endfacet
  facet normal 2.739866e-01 -6.146465e-01 7.396898e-01
    outer loop
      vertex   1.472116e+02 7.665449e+00 -9.225699e+00
      vertex   1.471670e+02 7.652706e+00 -9.219766e+00
      vertex   1.471732e+02 7.579447e+00 -9.282949e+00
    endloop
  endfacet
  facet normal 1.899157e-01 -6.319089e-01 7.514142e-01
    outer loop
      vertex   1.471732e+02 7.579447e+00 -9.282949e+00
      vertex   1.471670e+02 7.652706e+00 -9.219766e+00
      vertex   1.471300e+02 7.569147e+00 -9.280673e+00
    endloop
  endfacet
  facet normal 1.746427e-01 -5.538881e-01 8.140687e-01
    outer loop
      vertex   1.471732e+02 7.579447e+00 -9.282949e+00
      vertex   1.471300e+02 7.569147e+00 -9.280673e+00
      vertex   1.471368e+02 7.488957e+00 -9.336697e+00
    endloop
  endfacet
  facet normal 1.334506e-01 -5.599388e-01 8.177160e-01
    outer loop
      vertex   1.471368e+02 7.488957e+00 -9.336697e+00
      vertex   1.471300e+02 7.569147e+00 -9.280673e+00
      vertex   1.470947e+02 7.455895e+00 -9.352470e+00
    endloop
  endfacet
  facet normal 8.424844e-01 -5.355539e-01 5.832645e-02
    outer loop
      vertex   1.478497e+02 8.425625e+00 -9.251466e+00
      vertex   1.477452e+02 8.285959e+00 -9.023790e+00
      vertex   1.478259e+02 8.385766e+00 -9.274194e+00
    endloop
  endfacet
  facet normal 7.996165e-01 -6.002191e-01 1.872284e-02
    outer loop
      vertex   1.478259e+02 8.385766e+00 -9.274194e+00
      vertex   1.477452e+02 8.285959e+00 -9.023790e+00
      vertex   1.477395e+02 8.275893e+00 -9.105936e+00
    endloop
  endfacet
  facet normal 8.203148e-01 -5.697901e-01 4.922315e-02
    outer loop
      vertex   1.478259e+02 8.385766e+00 -9.274194e+00
      vertex   1.477395e+02 8.275893e+00 -9.105936e+00
      vertex   1.477222e+02 8.246257e+00 -9.159489e+00
    endloop
  endfacet
  facet normal 7.539899e-01 -6.470111e-01 1.134715e-01
    outer loop
      vertex   1.477222e+02 8.246257e+00 -9.159489e+00
      vertex   1.477395e+02 8.275893e+00 -9.105936e+00
      vertex   1.476165e+02 8.148825e+00 -9.012741e+00
    endloop
  endfacet
  facet normal 7.606526e-01 -6.370310e-01 1.248964e-01
    outer loop
      vertex   1.477222e+02 8.246257e+00 -9.159489e+00
      vertex   1.476165e+02 8.148825e+00 -9.012741e+00
      vertex   1.475989e+02 8.115618e+00 -9.075364e+00
    endloop
  endfacet
  facet normal 6.696241e-01 -7.172144e-01 1.928917e-01
    outer loop
      vertex   1.475989e+02 8.115618e+00 -9.075364e+00
      vertex   1.476165e+02 8.148825e+00 -9.012741e+00
      vertex   1.474794e+02 8.035527e+00 -8.958018e+00
    endloop
  endfacet
  facet normal 6.833352e-01 -6.956732e-01 2.215667e-01
    outer loop
      vertex   1.475989e+02 8.115618e+00 -9.075364e+00
      vertex   1.474794e+02 8.035527e+00 -8.958018e+00
      vertex   1.474644e+02 7.998161e+00 -9.029180e+00
    endloop
  endfacet
  facet normal 5.731903e-01 -7.689284e-01 2.831996e-01
    outer loop
      vertex   1.474644e+02 7.998161e+00 -9.029180e+00
      vertex   1.474794e+02 8.035527e+00 -8.958018e+00
      vertex   1.473653e+02 7.949256e+00 -8.961323e+00
    endloop
  endfacet
  facet normal 5.945116e-01 -7.262698e-01 3.450916e-01
    outer loop
      vertex   1.474644e+02 7.998161e+00 -9.029180e+00
      vertex   1.473653e+02 7.949256e+00 -8.961323e+00
      vertex   1.473528e+02 7.892190e+00 -9.060028e+00
    endloop
  endfacet
  facet normal 4.674648e-01 -7.895273e-01 3.976473e-01
    outer loop
      vertex   1.473528e+02 7.892190e+00 -9.060028e+00
      vertex   1.473653e+02 7.949256e+00 -8.961323e+00
      vertex   1.472577e+02 7.856813e+00 -9.018382e+00
    endloop
  endfacet
  facet normal 4.816855e-01 -7.361076e-01 4.755256e-01
    outer loop
      vertex   1.473528e+02 7.892190e+00 -9.060028e+00
      vertex   1.472577e+02 7.856813e+00 -9.018382e+00
      vertex   1.472544e+02 7.804878e+00 -9.095502e+00
    endloop
  endfacet
  facet normal 3.675809e-01 -7.784481e-01 5.088250e-01
    outer loop
      vertex   1.472544e+02 7.804878e+00 -9.095502e+00
      vertex   1.472577e+02 7.856813e+00 -9.018382e+00
      vertex   1.472067e+02 7.790770e+00 -9.082592e+00
    endloop
  endfacet
  facet normal 3.711750e-01 -7.227260e-01 5.830062e-01
    outer loop
      vertex   1.472544e+02 7.804878e+00 -9.095502e+00
      vertex   1.472067e+02 7.790770e+00 -9.082592e+00
      vertex   1.472077e+02 7.731288e+00 -9.156968e+00
    endloop
  endfacet
  facet normal 2.856108e-01 -7.465510e-01 6.009061e-01
    outer loop
      vertex   1.472077e+02 7.731288e+00 -9.156968e+00
      vertex   1.472067e+02 7.790770e+00 -9.082592e+00
      vertex   1.471630e+02 7.719839e+00 -9.149934e+00
    endloop
  endfacet
  facet normal 2.809368e-01 -6.836628e-01 6.735575e-01
    outer loop
      vertex   1.472077e+02 7.731288e+00 -9.156968e+00
      vertex   1.471630e+02 7.719839e+00 -9.149934e+00
      vertex   1.471670e+02 7.652706e+00 -9.219766e+00
    endloop
  endfacet
  facet normal 1.935935e-01 -7.016202e-01 6.857483e-01
    outer loop
      vertex   1.471670e+02 7.652706e+00 -9.219766e+00
      vertex   1.471630e+02 7.719839e+00 -9.149934e+00
      vertex   1.471244e+02 7.643610e+00 -9.217053e+00
    endloop
  endfacet
  facet normal 1.828115e-01 -6.307498e-01 7.541450e-01
    outer loop
      vertex   1.471670e+02 7.652706e+00 -9.219766e+00
      vertex   1.471244e+02 7.643610e+00 -9.217053e+00
      vertex   1.471300e+02 7.569147e+00 -9.280673e+00
    endloop
  endfacet
  facet normal 5.773010e-02 -6.460128e-01 7.611404e-01
    outer loop
      vertex   1.471300e+02 7.569147e+00 -9.280673e+00
      vertex   1.471244e+02 7.643610e+00 -9.217053e+00
      vertex   1.470857e+02 7.598398e+00 -9.252489e+00
    endloop
  endfacet
  facet normal 1.470310e-01 -5.618524e-01 8.140662e-01
    outer loop
      vertex   1.471300e+02 7.569147e+00 -9.280673e+00
      vertex   1.470857e+02 7.598398e+00 -9.252489e+00
      vertex   1.470947e+02 7.455895e+00 -9.352470e+00
    endloop
  endfacet
  facet normal 7.401605e-01 -6.716893e-01 3.155777e-02
    outer loop
      vertex   1.477452e+02 8.285959e+00 -9.023790e+00
      vertex   1.476827e+02 8.222145e+00 -8.916510e+00
      vertex   1.477395e+02 8.275893e+00 -9.105936e+00
    endloop
  endfacet
  facet normal 6.960990e-01 -7.179269e-01 5.214202e-03
    outer loop
      vertex   1.477395e+02 8.275893e+00 -9.105936e+00
      vertex   1.476827e+02 8.222145e+00 -8.916510e+00
      vertex   1.476378e+02 8.178349e+00 -8.949444e+00
    endloop
  endfacet
  facet normal 7.397876e-01 -6.698271e-01 6.360849e-02
    outer loop
      vertex   1.477395e+02 8.275893e+00 -9.105936e+00
      vertex   1.476378e+02 8.178349e+00 -8.949444e+00
      vertex   1.476165e+02 8.148825e+00 -9.012741e+00
    endloop
  endfacet
  facet normal 6.518582e-01 -7.472381e-01 1.292906e-01
    outer loop
      vertex   1.476165e+02 8.148825e+00 -9.012741e+00
      vertex   1.476378e+02 8.178349e+00 -8.949444e+00
      vertex   1.474984e+02 8.067881e+00 -8.885387e+00
    endloop
  endfacet
  facet normal 6.648382e-01 -7.314990e-01 1.513256e-01
    outer loop
      vertex   1.476165e+02 8.148825e+00 -9.012741e+00
      vertex   1.474984e+02 8.067881e+00 -8.885387e+00
      vertex   1.474794e+02 8.035527e+00 -8.958018e+00
    endloop
  endfacet
  facet normal 5.573145e-01 -8.029446e-01 2.113775e-01
    outer loop
      vertex   1.474794e+02 8.035527e+00 -8.958018e+00
      vertex   1.474984e+02 8.067881e+00 -8.885387e+00
      vertex   1.473795e+02 7.986018e+00 -8.882708e+00
    endloop
  endfacet
  facet normal 5.779945e-01 -7.743032e-01 2.576372e-01
    outer loop
      vertex   1.474794e+02 8.035527e+00 -8.958018e+00
      vertex   1.473795e+02 7.986018e+00 -8.882708e+00
      vertex   1.473653e+02 7.949256e+00 -8.961323e+00
    endloop
  endfacet
  facet normal 4.552836e-01 -8.352590e-01 3.083167e-01
    outer loop
      vertex   1.473653e+02 7.949256e+00 -8.961323e+00
      vertex   1.473795e+02 7.986018e+00 -8.882708e+00
      vertex   1.472672e+02 7.914089e+00 -8.911826e+00
    endloop
  endfacet
  facet normal 4.769884e-01 -7.912906e-01 3.825457e-01
    outer loop
      vertex   1.473653e+02 7.949256e+00 -8.961323e+00
      vertex   1.472672e+02 7.914089e+00 -8.911826e+00
      vertex   1.472577e+02 7.856813e+00 -9.018382e+00
    endloop
  endfacet
  facet normal 3.596131e-01 -8.349639e-01 4.165497e-01
    outer loop
      vertex   1.472577e+02 7.856813e+00 -9.018382e+00
      vertex   1.472672e+02 7.914089e+00 -8.911826e+00
      vertex   1.472087e+02 7.843281e+00 -9.003195e+00
    endloop
  endfacet
  facet normal 3.716606e-01 -7.785520e-01 5.056927e-01
    outer loop
      vertex   1.472577e+02 7.856813e+00 -9.018382e+00
      vertex   1.472087e+02 7.843281e+00 -9.003195e+00
      vertex   1.472067e+02 7.790770e+00 -9.082592e+00
    endloop
  endfacet
  facet normal 2.839118e-01 -8.029857e-01 5.240306e-01
    outer loop
      vertex   1.472067e+02 7.790770e+00 -9.082592e+00
      vertex   1.472087e+02 7.843281e+00 -9.003195e+00
      vertex   1.471611e+02 7.780197e+00 -9.074109e+00
    endloop
  endfacet
  facet normal 2.851672e-01 -7.465173e-01 6.011586e-01
    outer loop
      vertex   1.472067e+02 7.790770e+00 -9.082592e+00
      vertex   1.471611e+02 7.780197e+00 -9.074109e+00
      vertex   1.471630e+02 7.719839e+00 -9.149934e+00
    endloop
  endfacet
  facet normal 1.953791e-01 -7.649926e-01 6.136883e-01
    outer loop
      vertex   1.471630e+02 7.719839e+00 -9.149934e+00
      vertex   1.471611e+02 7.780197e+00 -9.074109e+00
      vertex   1.471202e+02 7.711671e+00 -9.146518e+00
    endloop
  endfacet
  facet normal 1.890562e-01 -7.009991e-01 6.876467e-01
    outer loop
      vertex   1.471630e+02 7.719839e+00 -9.149934e+00
      vertex   1.471202e+02 7.711671e+00 -9.146518e+00
      vertex   1.471244e+02 7.643610e+00 -9.217053e+00
    endloop
  endfacet
  facet normal 1.194854e-01 -7.109030e-01 6.930658e-01
    outer loop
      vertex   1.471244e+02 7.643610e+00 -9.217053e+00
      vertex   1.471202e+02 7.711671e+00 -9.146518e+00
      vertex   1.470779e+02 7.721408e+00 -9.129232e+00
    endloop
  endfacet
  facet normal 1.664571e-01 -6.926625e-01 7.017911e-01
    outer loop
      vertex   1.471244e+02 7.643610e+00 -9.217053e+00
      vertex   1.470779e+02 7.721408e+00 -9.129232e+00
      vertex   1.470857e+02 7.598398e+00 -9.252489e+00
    endloop
  endfacet
  facet normal 6.817593e-01 -7.304060e-01 4.136877e-02
    outer loop
      vertex   1.476827e+02 8.222145e+00 -8.916510e+00
      vertex   1.476132e+02 8.162965e+00 -8.816174e+00
      vertex   1.476378e+02 8.178349e+00 -8.949444e+00
    endloop
  endfacet
  facet normal 5.957803e-01 -8.029645e-01 1.714277e-02
    outer loop
      vertex   1.476378e+02 8.178349e+00 -8.949444e+00
      vertex   1.476132e+02 8.162965e+00 -8.816174e+00
      vertex   1.475215e+02 8.095000e+00 -8.811774e+00
    endloop
  endfacet
  facet normal 6.416294e-01 -7.628122e-01 8.018265e-02
    outer loop
      vertex   1.476378e+02 8.178349e+00 -8.949444e+00
      vertex   1.475215e+02 8.095000e+00 -8.811774e+00
      vertex   1.474984e+02 8.067881e+00 -8.885387e+00
    endloop
  endfacet
  facet normal 5.379289e-01 -8.316197e-01 1.379893e-01
    outer loop
      vertex   1.474984e+02 8.067881e+00 -8.885387e+00
      vertex   1.475215e+02 8.095000e+00 -8.811774e+00
      vertex   1.473976e+02 8.016459e+00 -8.802209e+00
    endloop
  endfacet
  facet normal 5.604259e-01 -8.085076e-01 1.795499e-01
    outer loop
      vertex   1.474984e+02 8.067881e+00 -8.885387e+00
      vertex   1.473976e+02 8.016459e+00 -8.802209e+00
      vertex   1.473795e+02 7.986018e+00 -8.882708e+00
    endloop
  endfacet
  facet normal 4.407185e-01 -8.679488e-01 2.289806e-01
    outer loop
      vertex   1.473795e+02 7.986018e+00 -8.882708e+00
      vertex   1.473976e+02 8.016459e+00 -8.802209e+00
      vertex   1.472785e+02 7.949574e+00 -8.826545e+00
    endloop
  endfacet
  facet normal 4.627387e-01 -8.385275e-01 2.876534e-01
    outer loop
      vertex   1.473795e+02 7.986018e+00 -8.882708e+00
      vertex   1.472785e+02 7.949574e+00 -8.826545e+00
      vertex   1.472672e+02 7.914089e+00 -8.911826e+00
    endloop
  endfacet
  facet normal 3.494900e-01 -8.805528e-01 3.201305e-01
    outer loop
      vertex   1.472672e+02 7.914089e+00 -8.911826e+00
      vertex   1.472785e+02 7.949574e+00 -8.826545e+00
      vertex   1.472157e+02 7.900430e+00 -8.893161e+00
    endloop
  endfacet
  facet normal 3.695585e-01 -8.341041e-01 4.095081e-01
    outer loop
      vertex   1.472672e+02 7.914089e+00 -8.911826e+00
      vertex   1.472157e+02 7.900430e+00 -8.893161e+00
      vertex   1.472087e+02 7.843281e+00 -9.003195e+00
    endloop
  endfacet
  facet normal 2.784113e-01 -8.595451e-01 4.285667e-01
    outer loop
      vertex   1.472087e+02 7.843281e+00 -9.003195e+00
      vertex   1.472157e+02 7.900430e+00 -8.893161e+00
      vertex   1.471615e+02 7.833132e+00 -8.992948e+00
    endloop
  endfacet
  facet normal 2.866499e-01 -8.031268e-01 5.223209e-01
    outer loop
      vertex   1.472087e+02 7.843281e+00 -9.003195e+00
      vertex   1.471615e+02 7.833132e+00 -8.992948e+00
      vertex   1.471611e+02 7.780197e+00 -9.074109e+00
    endloop
  endfacet
  facet normal 1.953399e-01 -8.219243e-01 5.350540e-01
    outer loop
      vertex   1.471611e+02 7.780197e+00 -9.074109e+00
      vertex   1.471615e+02 7.833132e+00 -8.992948e+00
      vertex   1.471174e+02 7.772654e+00 -9.069746e+00
    endloop
  endfacet
  facet normal 1.934142e-01 -7.647703e-01 6.145871e-01
    outer loop
      vertex   1.471611e+02 7.780197e+00 -9.074109e+00
      vertex   1.471174e+02 7.772654e+00 -9.069746e+00
      vertex   1.471202e+02 7.711671e+00 -9.146518e+00
    endloop
  endfacet
  facet normal 7.465534e-02 -7.795047e-01 6.219317e-01
    outer loop
      vertex   1.471202e+02 7.711671e+00 -9.146518e+00
      vertex   1.471174e+02 7.772654e+00 -9.069746e+00
      vertex   1.470779e+02 7.721408e+00 -9.129232e+00
    endloop
  endfacet
  facet normal 5.959428e-01 -8.026012e-01 2.614327e-02
    outer loop
      vertex   1.476132e+02 8.162965e+00 -8.816174e+00
      vertex   1.475366e+02 8.109055e+00 -8.724799e+00
      vertex   1.475215e+02 8.095000e+00 -8.811774e+00
    endloop
  endfacet
  facet normal 5.274128e-01 -8.483926e-01 4.545121e-02
    outer loop
      vertex   1.475215e+02 8.095000e+00 -8.811774e+00
      vertex   1.475366e+02 8.109055e+00 -8.724799e+00
      vertex   1.474530e+02 8.061415e+00 -8.644737e+00
    endloop
  endfacet
  facet normal 4.899931e-01 -8.713530e-01 2.550758e-02
    outer loop
      vertex   1.475215e+02 8.095000e+00 -8.811774e+00
      vertex   1.474530e+02 8.061415e+00 -8.644737e+00
      vertex   1.474195e+02 8.040333e+00 -8.720447e+00
    endloop
  endfacet
  facet normal 4.407858e-01 -8.959763e-01 5.416897e-02
    outer loop
      vertex   1.474195e+02 8.040333e+00 -8.720447e+00
      vertex   1.474530e+02 8.061415e+00 -8.644737e+00
      vertex   1.473629e+02 8.021088e+00 -8.578438e+00
    endloop
  endfacet
  facet normal 3.813106e-01 -9.240622e-01 2.666976e-02
    outer loop
      vertex   1.474195e+02 8.040333e+00 -8.720447e+00
      vertex   1.473629e+02 8.021088e+00 -8.578438e+00
      vertex   1.473109e+02 7.997550e+00 -8.649846e+00
    endloop
  endfacet
  facet normal 3.424686e-01 -9.376460e-01 5.945785e-02
    outer loop
      vertex   1.473109e+02 7.997550e+00 -8.649846e+00
      vertex   1.473629e+02 8.021088e+00 -8.578438e+00
      vertex   1.472670e+02 7.989204e+00 -8.528448e+00
    endloop
  endfacet
  facet normal 2.988389e-01 -9.533526e-01 4.259158e-02
    outer loop
      vertex   1.473109e+02 7.997550e+00 -8.649846e+00
      vertex   1.472670e+02 7.989204e+00 -8.528448e+00
      vertex   1.472502e+02 7.979778e+00 -8.621723e+00
    endloop
  endfacet
  facet normal 2.594192e-01 -9.644277e-01 5.080212e-02
    outer loop
      vertex   1.472502e+02 7.979778e+00 -8.621723e+00
      vertex   1.472670e+02 7.989204e+00 -8.528448e+00
      vertex   1.472172e+02 7.976773e+00 -8.510319e+00
    endloop
  endfacet
  facet normal 2.330822e-01 -9.715142e-01 4.281233e-02
    outer loop
      vertex   1.472502e+02 7.979778e+00 -8.621723e+00
      vertex   1.472172e+02 7.976773e+00 -8.510319e+00
      vertex   1.471887e+02 7.965920e+00 -8.601327e+00
    endloop
  endfacet
  facet normal 2.047108e-01 -9.774185e-01 5.240704e-02
    outer loop
      vertex   1.471887e+02 7.965920e+00 -8.601327e+00
      vertex   1.472172e+02 7.976773e+00 -8.510319e+00
      vertex   1.471665e+02 7.966856e+00 -8.497152e+00
    endloop
  endfacet
  facet normal 1.659907e-01 -9.851351e-01 4.422473e-02
    outer loop
      vertex   1.471887e+02 7.965920e+00 -8.601327e+00
      vertex   1.471665e+02 7.966856e+00 -8.497152e+00
      vertex   1.471263e+02 7.955963e+00 -8.588969e+00
    endloop
  endfacet
  facet normal 1.485206e-01 -9.875330e-01 5.215503e-02
    outer loop
      vertex   1.471263e+02 7.955963e+00 -8.588969e+00
      vertex   1.471665e+02 7.966856e+00 -8.497152e+00
      vertex   1.471150e+02 7.959543e+00 -8.489146e+00
    endloop
  endfacet
  facet normal 9.146868e-02 -9.947458e-01 4.598185e-02
    outer loop
      vertex   1.471263e+02 7.955963e+00 -8.588969e+00
      vertex   1.471150e+02 7.959543e+00 -8.489146e+00
      vertex   1.470631e+02 7.954897e+00 -8.486445e+00
    endloop
  endfacet
  facet normal 1.575029e-01 -9.836998e-01 8.676095e-02
    outer loop
      vertex   1.470631e+02 7.954897e+00 -8.486445e+00
      vertex   1.470641e+02 7.939735e+00 -8.660093e+00
      vertex   1.471263e+02 7.955963e+00 -8.588969e+00
    endloop
  endfacet
  facet normal 8.432714e-02 -9.849287e-01 1.510114e-01
    outer loop
      vertex   1.471263e+02 7.955963e+00 -8.588969e+00
      vertex   1.470641e+02 7.939735e+00 -8.660093e+00
      vertex   1.471216e+02 7.940723e+00 -8.685758e+00
    endloop
  endfacet
  facet normal 1.837562e-01 -9.723332e-01 1.442281e-01
    outer loop
      vertex   1.471263e+02 7.955963e+00 -8.588969e+00
      vertex   1.471216e+02 7.940723e+00 -8.685758e+00
      vertex   1.471887e+02 7.965920e+00 -8.601327e+00
    endloop
  endfacet
  facet normal 1.764968e-01 -9.727848e-01 1.501285e-01
    outer loop
      vertex   1.471887e+02 7.965920e+00 -8.601327e+00
      vertex   1.471216e+02 7.940723e+00 -8.685758e+00
      vertex   1.471789e+02 7.949474e+00 -8.696356e+00
    endloop
  endfacet
  facet normal 2.611258e-01 -9.553357e-01 1.383725e-01
    outer loop
      vertex   1.471887e+02 7.965920e+00 -8.601327e+00
      vertex   1.471789e+02 7.949474e+00 -8.696356e+00
      vertex   1.472502e+02 7.979778e+00 -8.621723e+00
    endloop
  endfacet
  facet normal 2.506351e-01 -9.565628e-01 1.488951e-01
    outer loop
      vertex   1.472502e+02 7.979778e+00 -8.621723e+00
      vertex   1.471789e+02 7.949474e+00 -8.696356e+00
      vertex   1.472360e+02 7.961670e+00 -8.714149e+00
    endloop
  endfacet
  facet normal 3.341593e-01 -9.332975e-01 1.315039e-01
    outer loop
      vertex   1.472502e+02 7.979778e+00 -8.621723e+00
      vertex   1.472360e+02 7.961670e+00 -8.714149e+00
      vertex   1.473109e+02 7.997550e+00 -8.649846e+00
    endloop
  endfacet
  facet normal 3.223550e-01 -9.352392e-01 1.463380e-01
    outer loop
      vertex   1.473109e+02 7.997550e+00 -8.649846e+00
      vertex   1.472360e+02 7.961670e+00 -8.714149e+00
      vertex   1.472931e+02 7.977479e+00 -8.738965e+00
    endloop
  endfacet
  facet normal 4.285342e-01 -8.960061e-01 1.163248e-01
    outer loop
      vertex   1.473109e+02 7.997550e+00 -8.649846e+00
      vertex   1.472931e+02 7.977479e+00 -8.738965e+00
      vertex   1.474195e+02 8.040333e+00 -8.720447e+00
    endloop
  endfacet
  facet normal 4.229502e-01 -8.940297e-01 1.477295e-01
    outer loop
      vertex   1.474195e+02 8.040333e+00 -8.720447e+00
      vertex   1.472931e+02 7.977479e+00 -8.738965e+00
      vertex   1.473976e+02 8.016459e+00 -8.802209e+00
    endloop
  endfacet
  facet normal 5.382855e-01 -8.367952e-01 1.001124e-01
    outer loop
      vertex   1.474195e+02 8.040333e+00 -8.720447e+00
      vertex   1.473976e+02 8.016459e+00 -8.802209e+00
      vertex   1.475215e+02 8.095000e+00 -8.811774e+00
    endloop
  endfacet
  facet normal 1.253399e-01 -9.616926e-01 2.437974e-01
    outer loop
      vertex   1.471216e+02 7.940723e+00 -8.685758e+00
      vertex   1.470641e+02 7.939735e+00 -8.660093e+00
      vertex   1.471183e+02 7.916226e+00 -8.780690e+00
    endloop
  endfacet
  facet normal 1.597058e-01 -9.529775e-01 2.575421e-01
    outer loop
      vertex   1.471183e+02 7.916226e+00 -8.780690e+00
      vertex   1.470641e+02 7.939735e+00 -8.660093e+00
      vertex   1.470670e+02 7.894710e+00 -8.828465e+00
    endloop
  endfacet
  facet normal 7.723960e-02 -9.375321e-01 3.392161e-01
    outer loop
      vertex   1.471183e+02 7.916226e+00 -8.780690e+00
      vertex   1.470670e+02 7.894710e+00 -8.828465e+00
      vertex   1.471164e+02 7.882723e+00 -8.872851e+00
    endloop
  endfacet
  facet normal 1.608634e-01 -8.930030e-01 4.203197e-01
    outer loop
      vertex   1.471164e+02 7.882723e+00 -8.872851e+00
      vertex   1.470670e+02 7.894710e+00 -8.828465e+00
      vertex   1.470716e+02 7.821190e+00 -8.986445e+00
    endloop
  endfacet
  facet normal 1.038383e-01 -8.910995e-01 4.417683e-01
    outer loop
      vertex   1.471164e+02 7.882723e+00 -8.872851e+00
      vertex   1.470716e+02 7.821190e+00 -8.986445e+00
      vertex   1.471160e+02 7.825885e+00 -8.987416e+00
    endloop
  endfacet
  facet normal 1.000637e-01 -8.347707e-01 5.414289e-01
    outer loop
      vertex   1.471160e+02 7.825885e+00 -8.987416e+00
      vertex   1.470716e+02 7.821190e+00 -8.986445e+00
      vertex   1.471174e+02 7.772654e+00 -9.069746e+00
    endloop
  endfacet
  facet normal 1.958797e-01 -8.219728e-01 5.347821e-01
    outer loop
      vertex   1.471160e+02 7.825885e+00 -8.987416e+00
      vertex   1.471174e+02 7.772654e+00 -9.069746e+00
      vertex   1.471615e+02 7.833132e+00 -8.992948e+00
    endloop
  endfacet
  facet normal 1.841056e-01 -8.018379e-01 5.684726e-01
    outer loop
      vertex   1.470716e+02 7.821190e+00 -8.986445e+00
      vertex   1.470779e+02 7.721408e+00 -9.129232e+00
      vertex   1.471174e+02 7.772654e+00 -9.069746e+00
    endloop
  endfacet
  facet normal 9.128396e-01 -3.498756e-02 4.068165e-01
    outer loop
      vertex   1.479966e+02 8.355649e+00 -9.990301e+00
      vertex   1.480000e+02 8.454130e+00 -9.989448e+00
      vertex   1.479820e+02 8.382604e+00 -9.955181e+00
    endloop
  endfacet
  facet normal 9.468884e-01 -3.050881e-01 1.016054e-01
    outer loop
      vertex   1.478830e+02 8.459592e+00 -9.519997e+00
      vertex   1.478789e+02 8.434895e+00 -9.556325e+00
      vertex   1.479383e+02 8.586720e+00 -9.654322e+00
    endloop
  endfacet
  facet normal 9.489576e-01 -2.868800e-01 1.310695e-01
    outer loop
      vertex   1.479383e+02 8.586720e+00 -9.654322e+00
      vertex   1.478789e+02 8.434895e+00 -9.556325e+00
      vertex   1.479369e+02 8.568014e+00 -9.684735e+00
    endloop
  endfacet
  facet normal 9.701396e-01 -2.245392e-01 9.171329e-02
    outer loop
      vertex   1.479383e+02 8.586720e+00 -9.654322e+00
      vertex   1.479369e+02 8.568014e+00 -9.684735e+00
      vertex   1.479642e+02 8.668384e+00 -9.727553e+00
    endloop
  endfacet
  facet normal 9.700247e-01 -2.168269e-01 1.097183e-01
    outer loop
      vertex   1.479642e+02 8.668384e+00 -9.727553e+00
      vertex   1.479369e+02 8.568014e+00 -9.684735e+00
      vertex   1.479640e+02 8.653721e+00 -9.754933e+00
    endloop
  endfacet
  facet normal 9.828399e-01 -1.652316e-01 8.200134e-02
    outer loop
      vertex   1.479642e+02 8.668384e+00 -9.727553e+00
      vertex   1.479640e+02 8.653721e+00 -9.754933e+00
      vertex   1.479842e+02 8.756003e+00 -9.790774e+00
    endloop
  endfacet
  facet normal 9.504614e-01 -2.759617e-01 1.430672e-01
    outer loop
      vertex   1.478789e+02 8.434895e+00 -9.556325e+00
      vertex   1.478763e+02 8.401717e+00 -9.603284e+00
      vertex   1.479369e+02 8.568014e+00 -9.684735e+00
    endloop
  endfacet
  facet normal 9.499870e-01 -2.647025e-01 1.657024e-01
    outer loop
      vertex   1.479369e+02 8.568014e+00 -9.684735e+00
      vertex   1.478763e+02 8.401717e+00 -9.603284e+00
      vertex   1.479368e+02 8.543153e+00 -9.724175e+00
    endloop
  endfacet
  facet normal 9.709111e-01 -2.030867e-01 1.268361e-01
    outer loop
      vertex   1.479369e+02 8.568014e+00 -9.684735e+00
      vertex   1.479368e+02 8.543153e+00 -9.724175e+00
      vertex   1.479640e+02 8.653721e+00 -9.754933e+00
    endloop
  endfacet
  facet normal 9.104455e-01 -3.822164e-01 1.581128e-01
    outer loop
      vertex   1.478830e+02 8.459592e+00 -9.519997e+00
      vertex   1.477960e+02 8.299120e+00 -9.407196e+00
      vertex   1.478789e+02 8.434895e+00 -9.556325e+00
    endloop
  endfacet
  facet normal 9.137922e-01 -3.671889e-01 1.736551e-01
    outer loop
      vertex   1.478789e+02 8.434895e+00 -9.556325e+00
      vertex   1.477960e+02 8.299120e+00 -9.407196e+00
      vertex   1.477902e+02 8.257810e+00 -9.463793e+00
    endloop
  endfacet
  facet normal 9.138290e-01 -3.535135e-01 1.998619e-01
    outer loop
      vertex   1.478789e+02 8.434895e+00 -9.556325e+00
      vertex   1.477902e+02 8.257810e+00 -9.463793e+00
      vertex   1.478763e+02 8.401717e+00 -9.603284e+00
    endloop
  endfacet
  facet normal 9.164583e-01 -3.312390e-01 2.244660e-01
    outer loop
      vertex   1.478763e+02 8.401717e+00 -9.603284e+00
      vertex   1.477902e+02 8.257810e+00 -9.463793e+00
      vertex   1.477887e+02 8.224836e+00 -9.506398e+00
    endloop
  endfacet
  facet normal 9.156855e-01 -3.222943e-01 2.400967e-01
    outer loop
      vertex   1.478763e+02 8.401717e+00 -9.603284e+00
      vertex   1.477887e+02 8.224836e+00 -9.506398e+00
      vertex   1.478765e+02 8.375616e+00 -9.638848e+00
    endloop
  endfacet
  facet normal 9.161576e-01 -2.986303e-01 2.673486e-01
    outer loop
      vertex   1.478765e+02 8.375616e+00 -9.638848e+00
      vertex   1.477887e+02 8.224836e+00 -9.506398e+00
      vertex   1.477898e+02 8.190832e+00 -9.548199e+00
    endloop
  endfacet
  facet normal 9.508054e-01 -2.479704e-01 1.856874e-01
    outer loop
      vertex   1.478763e+02 8.401717e+00 -9.603284e+00
      vertex   1.478765e+02 8.375616e+00 -9.638848e+00
      vertex   1.479368e+02 8.543153e+00 -9.724175e+00
    endloop
  endfacet
  facet normal 9.403305e-01 -1.721894e-01 2.934782e-01
    outer loop
      vertex   1.478822e+02 8.321892e+00 -9.708573e+00
      vertex   1.478878e+02 8.294373e+00 -9.742599e+00
      vertex   1.479447e+02 8.484307e+00 -9.813387e+00
    endloop
  endfacet
  facet normal 9.423491e-01 -1.761291e-01 2.845291e-01
    outer loop
      vertex   1.479447e+02 8.484307e+00 -9.813387e+00
      vertex   1.478878e+02 8.294373e+00 -9.742599e+00
      vertex   1.479497e+02 8.464262e+00 -9.842534e+00
    endloop
  endfacet
  facet normal 9.586500e-01 -1.279347e-01 2.542103e-01
    outer loop
      vertex   1.479447e+02 8.484307e+00 -9.813387e+00
      vertex   1.479497e+02 8.464262e+00 -9.842534e+00
      vertex   1.479739e+02 8.588748e+00 -9.871256e+00
    endloop
  endfacet
  facet normal 9.329488e-01 -1.466756e-01 3.287746e-01
    outer loop
      vertex   1.479497e+02 8.464262e+00 -9.842534e+00
      vertex   1.478878e+02 8.294373e+00 -9.742599e+00
      vertex   1.478952e+02 8.266489e+00 -9.775978e+00
    endloop
  endfacet
  facet normal 9.044177e-01 -2.071475e-01 3.729860e-01
    outer loop
      vertex   1.478952e+02 8.266489e+00 -9.775978e+00
      vertex   1.478878e+02 8.294373e+00 -9.742599e+00
      vertex   1.478086e+02 8.083659e+00 -9.667588e+00
    endloop
  endfacet
  facet normal 8.867848e-01 -1.636747e-01 4.322306e-01
    outer loop
      vertex   1.478952e+02 8.266489e+00 -9.775978e+00
      vertex   1.478086e+02 8.083659e+00 -9.667588e+00
      vertex   1.478200e+02 8.046556e+00 -9.704984e+00
    endloop
  endfacet
  facet normal 8.467018e-01 -2.258737e-01 4.817439e-01
    outer loop
      vertex   1.478200e+02 8.046556e+00 -9.704984e+00
      vertex   1.478086e+02 8.083659e+00 -9.667588e+00
      vertex   1.477197e+02 7.874664e+00 -9.609272e+00
    endloop
  endfacet
  facet normal 8.161394e-01 -1.685060e-01 5.527406e-01
    outer loop
      vertex   1.478200e+02 8.046556e+00 -9.704984e+00
      vertex   1.477197e+02 7.874664e+00 -9.609272e+00
      vertex   1.477365e+02 7.827567e+00 -9.648566e+00
    endloop
  endfacet
  facet normal 7.659597e-01 -2.271241e-01 6.014320e-01
    outer loop
      vertex   1.477365e+02 7.827567e+00 -9.648566e+00
      vertex   1.477197e+02 7.874664e+00 -9.609272e+00
      vertex   1.476261e+02 7.667768e+00 -9.568188e+00
    endloop
  endfacet
  facet normal 7.184477e-01 -1.558038e-01 6.779071e-01
    outer loop
      vertex   1.477365e+02 7.827567e+00 -9.648566e+00
      vertex   1.476261e+02 7.667768e+00 -9.568188e+00
      vertex   1.476491e+02 7.609707e+00 -9.605978e+00
    endloop
  endfacet
  facet normal 6.556948e-01 -2.112935e-01 7.248582e-01
    outer loop
      vertex   1.476491e+02 7.609707e+00 -9.605978e+00
      vertex   1.476261e+02 7.667768e+00 -9.568188e+00
      vertex   1.475305e+02 7.464178e+00 -9.541065e+00
    endloop
  endfacet
  facet normal 5.822650e-01 -1.158059e-01 8.047089e-01
    outer loop
      vertex   1.476491e+02 7.609707e+00 -9.605978e+00
      vertex   1.475305e+02 7.464178e+00 -9.541065e+00
      vertex   1.475680e+02 7.372823e+00 -9.581357e+00
    endloop
  endfacet
  facet normal 5.228388e-01 -1.549911e-01 8.382227e-01
    outer loop
      vertex   1.475680e+02 7.372823e+00 -9.581357e+00
      vertex   1.475305e+02 7.464178e+00 -9.541065e+00
      vertex   1.474666e+02 7.265971e+00 -9.537859e+00
    endloop
  endfacet
  facet normal 8.983702e-01 -1.980942e-01 3.920327e-01
    outer loop
      vertex   1.478086e+02 8.083659e+00 -9.667588e+00
      vertex   1.478878e+02 8.294373e+00 -9.742599e+00
      vertex   1.477998e+02 8.120141e+00 -9.628913e+00
    endloop
  endfacet
  facet normal 9.096768e-01 -2.371266e-01 3.409679e-01
    outer loop
      vertex   1.477998e+02 8.120141e+00 -9.628913e+00
      vertex   1.478878e+02 8.294373e+00 -9.742599e+00
      vertex   1.478822e+02 8.321892e+00 -9.708573e+00
    endloop
  endfacet
  facet normal 9.316936e-01 -1.306095e-01 3.389517e-01
    outer loop
      vertex   1.479560e+02 8.444042e+00 -9.871324e+00
      vertex   1.479043e+02 8.238291e+00 -9.808642e+00
      vertex   1.479635e+02 8.423676e+00 -9.899719e+00
    endloop
  endfacet
  facet normal 9.123740e-01 -9.539585e-02 3.980871e-01
    outer loop
      vertex   1.479635e+02 8.423676e+00 -9.899719e+00
      vertex   1.479043e+02 8.238291e+00 -9.808642e+00
      vertex   1.479153e+02 8.209834e+00 -9.840529e+00
    endloop
  endfacet
  facet normal 8.555180e-01 -9.447806e-02 5.090804e-01
    outer loop
      vertex   1.478502e+02 7.970923e+00 -9.775527e+00
      vertex   1.479153e+02 8.209834e+00 -9.840529e+00
      vertex   1.478339e+02 8.008940e+00 -9.740997e+00
    endloop
  endfacet
  facet normal 8.889768e-01 -1.450505e-01 4.343739e-01
    outer loop
      vertex   1.478339e+02 8.008940e+00 -9.740997e+00
      vertex   1.479153e+02 8.209834e+00 -9.840529e+00
      vertex   1.479043e+02 8.238291e+00 -9.808642e+00
    endloop
  endfacet
  facet normal 9.063327e-01 -5.444545e-02 4.190426e-01
    outer loop
      vertex   1.479966e+02 8.355649e+00 -9.990301e+00
      vertex   1.479820e+02 8.382604e+00 -9.955181e+00
      vertex   1.479471e+02 8.143572e+00 -9.910735e+00
    endloop
  endfacet
  facet normal 9.550754e-01 -1.120178e-01 2.743774e-01
    outer loop
      vertex   1.479787e+02 8.573307e+00 -9.897775e+00
      vertex   1.479560e+02 8.444042e+00 -9.871324e+00
      vertex   1.479845e+02 8.557765e+00 -9.924050e+00
    endloop
  endfacet
  facet normal 9.450101e-01 -9.107839e-02 3.141030e-01
    outer loop
      vertex   1.479845e+02 8.557765e+00 -9.924050e+00
      vertex   1.479560e+02 8.444042e+00 -9.871324e+00
      vertex   1.479635e+02 8.423676e+00 -9.899719e+00
    endloop
  endfacet
  facet normal 9.459850e-01 -1.981617e-01 2.566015e-01
    outer loop
      vertex   1.478822e+02 8.321892e+00 -9.708573e+00
      vertex   1.479447e+02 8.484307e+00 -9.813387e+00
      vertex   1.479408e+02 8.504155e+00 -9.783919e+00
    endloop
  endfacet
  facet normal 9.635621e-01 -1.462781e-01 2.239439e-01
    outer loop
      vertex   1.479408e+02 8.504155e+00 -9.783919e+00
      vertex   1.479447e+02 8.484307e+00 -9.813387e+00
      vertex   1.479701e+02 8.604075e+00 -9.844519e+00
    endloop
  endfacet
  facet normal 9.666355e-01 -1.633074e-01 1.973488e-01
    outer loop
      vertex   1.479408e+02 8.504155e+00 -9.783919e+00
      vertex   1.479701e+02 8.604075e+00 -9.844519e+00
      vertex   1.479671e+02 8.619271e+00 -9.817590e+00
    endloop
  endfacet
  facet normal 9.772788e-01 -1.205182e-01 1.743605e-01
    outer loop
      vertex   1.479671e+02 8.619271e+00 -9.817590e+00
      vertex   1.479701e+02 8.604075e+00 -9.844519e+00
      vertex   1.479896e+02 8.721909e+00 -9.872593e+00
    endloop
  endfacet
  facet normal 9.792395e-01 -1.318997e-01 1.539236e-01
    outer loop
      vertex   1.479671e+02 8.619271e+00 -9.817590e+00
      vertex   1.479896e+02 8.721909e+00 -9.872593e+00
      vertex   1.479871e+02 8.732324e+00 -9.847936e+00
    endloop
  endfacet
  facet normal 9.870822e-01 -8.586292e-02 1.352635e-01
    outer loop
      vertex   1.479871e+02 8.732324e+00 -9.847936e+00
      vertex   1.479896e+02 8.721909e+00 -9.872593e+00
      vertex   1.480000e+02 8.834036e+00 -9.877169e+00
    endloop
  endfacet
  facet normal 9.636812e-01 -1.464694e-01 2.233053e-01
    outer loop
      vertex   1.479701e+02 8.604075e+00 -9.844519e+00
      vertex   1.479447e+02 8.484307e+00 -9.813387e+00
      vertex   1.479739e+02 8.588748e+00 -9.871256e+00
    endloop
  endfacet
  facet normal 9.467456e-01 -3.057615e-01 1.009092e-01
    outer loop
      vertex   1.478830e+02 8.459592e+00 -9.519997e+00
      vertex   1.479383e+02 8.586720e+00 -9.654322e+00
      vertex   1.479410e+02 8.605097e+00 -9.623792e+00
    endloop
  endfacet
  facet normal 9.682621e-01 -2.424074e-01 6.088573e-02
    outer loop
      vertex   1.479410e+02 8.605097e+00 -9.623792e+00
      vertex   1.479383e+02 8.586720e+00 -9.654322e+00
      vertex   1.479653e+02 8.682856e+00 -9.700094e+00
    endloop
  endfacet
  facet normal 9.673565e-01 -2.472250e-01 5.568815e-02
    outer loop
      vertex   1.479410e+02 8.605097e+00 -9.623792e+00
      vertex   1.479653e+02 8.682856e+00 -9.700094e+00
      vertex   1.479673e+02 8.697122e+00 -9.672581e+00
    endloop
  endfacet
  facet normal 9.810011e-01 -1.922319e-01 2.614982e-02
    outer loop
      vertex   1.479673e+02 8.697122e+00 -9.672581e+00
      vertex   1.479653e+02 8.682856e+00 -9.700094e+00
      vertex   1.479846e+02 8.776126e+00 -9.740930e+00
    endloop
  endfacet
  facet normal 9.691329e-01 -2.322224e-01 8.279034e-02
    outer loop
      vertex   1.479653e+02 8.682856e+00 -9.700094e+00
      vertex   1.479383e+02 8.586720e+00 -9.654322e+00
      vertex   1.479642e+02 8.668384e+00 -9.727553e+00
    endloop
  endfacet
  facet normal 9.614931e-01 -8.669413e-02 2.607972e-01
    outer loop
      vertex   1.479967e+02 8.700861e+00 -9.921551e+00
      vertex   1.479787e+02 8.573307e+00 -9.897775e+00
      vertex   1.479845e+02 8.557765e+00 -9.924050e+00
    endloop
  endfacet
  facet normal 9.767696e-01 -1.196138e-01 1.778023e-01
    outer loop
      vertex   1.479896e+02 8.721909e+00 -9.872593e+00
      vertex   1.479701e+02 8.604075e+00 -9.844519e+00
      vertex   1.479928e+02 8.711418e+00 -9.897137e+00
    endloop
  endfacet
  facet normal 9.735002e-01 -1.070087e-01 2.021052e-01
    outer loop
      vertex   1.479928e+02 8.711418e+00 -9.897137e+00
      vertex   1.479701e+02 8.604075e+00 -9.844519e+00
      vertex   1.479739e+02 8.588748e+00 -9.871256e+00
    endloop
  endfacet
  facet normal 9.824119e-01 -1.787311e-01 5.405651e-02
    outer loop
      vertex   1.479653e+02 8.682856e+00 -9.700094e+00
      vertex   1.479642e+02 8.668384e+00 -9.727553e+00
      vertex   1.479840e+02 8.766118e+00 -9.765870e+00
    endloop
  endfacet
  facet normal 9.825004e-01 -1.709339e-01 7.399090e-02
    outer loop
      vertex   1.479840e+02 8.766118e+00 -9.765870e+00
      vertex   1.479642e+02 8.668384e+00 -9.727553e+00
      vertex   1.479842e+02 8.756003e+00 -9.790774e+00
    endloop
  endfacet
  facet normal 9.926607e-01 -1.103660e-01 4.943811e-02
    outer loop
      vertex   1.479840e+02 8.766118e+00 -9.765870e+00
      vertex   1.479842e+02 8.756003e+00 -9.790774e+00
      vertex   1.479966e+02 8.857327e+00 -9.813899e+00
    endloop
  endfacet
  facet normal 9.926316e-01 -1.187973e-01 2.386853e-02
    outer loop
      vertex   1.479962e+02 8.862496e+00 -9.790788e+00
      vertex   1.479846e+02 8.776126e+00 -9.740930e+00
      vertex   1.479840e+02 8.766118e+00 -9.765870e+00
    endloop
  endfacet
  facet normal 9.820131e-01 -1.821916e-01 4.956227e-02
    outer loop
      vertex   1.479840e+02 8.766118e+00 -9.765870e+00
      vertex   1.479846e+02 8.776126e+00 -9.740930e+00
      vertex   1.479653e+02 8.682856e+00 -9.700094e+00
    endloop
  endfacet
  facet normal 9.925727e-01 -1.139395e-01 4.262882e-02
    outer loop
      vertex   1.479962e+02 8.862496e+00 -9.790788e+00
      vertex   1.479840e+02 8.766118e+00 -9.765870e+00
      vertex   1.479966e+02 8.857327e+00 -9.813899e+00
    endloop
  endfacet
  facet normal 9.952684e-01 -5.722861e-02 7.852207e-02
    outer loop
      vertex   1.480000e+02 8.901205e+00 -9.832415e+00
      vertex   1.479975e+02 8.852116e+00 -9.836984e+00
      vertex   1.479991e+02 8.846865e+00 -9.860030e+00
    endloop
  endfacet
  facet normal 9.911724e-01 -9.930565e-02 8.783940e-02
    outer loop
      vertex   1.479991e+02 8.846865e+00 -9.860030e+00
      vertex   1.479975e+02 8.852116e+00 -9.836984e+00
      vertex   1.479850e+02 8.745789e+00 -9.815624e+00
    endloop
  endfacet
  facet normal 9.978401e-01 -5.829697e-02 3.027587e-02
    outer loop
      vertex   1.479992e+02 8.907322e+00 -9.804672e+00
      vertex   1.479962e+02 8.862496e+00 -9.790788e+00
      vertex   1.479966e+02 8.857327e+00 -9.813899e+00
    endloop
  endfacet
  facet normal 9.990192e-01 -2.969889e-02 3.284246e-02
    outer loop
      vertex   1.480000e+02 8.951248e+00 -9.788658e+00
      vertex   1.479992e+02 8.907322e+00 -9.804672e+00
      vertex   1.479999e+02 8.904709e+00 -9.827281e+00
    endloop
  endfacet
  facet normal 9.975776e-01 -5.938211e-02 3.623112e-02
    outer loop
      vertex   1.479999e+02 8.904709e+00 -9.827281e+00
      vertex   1.479992e+02 8.907322e+00 -9.804672e+00
      vertex   1.479966e+02 8.857327e+00 -9.813899e+00
    endloop
  endfacet
  facet normal 8.608263e-01 -4.492675e-01 2.390329e-01
    outer loop
      vertex   1.477960e+02 8.299120e+00 -9.407196e+00
      vertex   1.476880e+02 8.132000e+00 -9.332208e+00
      vertex   1.477902e+02 8.257810e+00 -9.463793e+00
    endloop
  endfacet
  facet normal 8.662049e-01 -4.191972e-01 2.719609e-01
    outer loop
      vertex   1.477902e+02 8.257810e+00 -9.463793e+00
      vertex   1.476880e+02 8.132000e+00 -9.332208e+00
      vertex   1.476848e+02 8.092997e+00 -9.382367e+00
    endloop
  endfacet
  facet normal 8.651588e-01 -4.107204e-01 2.877655e-01
    outer loop
      vertex   1.477902e+02 8.257810e+00 -9.463793e+00
      vertex   1.476848e+02 8.092997e+00 -9.382367e+00
      vertex   1.477887e+02 8.224836e+00 -9.506398e+00
    endloop
  endfacet
  facet normal 8.671116e-01 -3.799782e-01 3.220778e-01
    outer loop
      vertex   1.477887e+02 8.224836e+00 -9.506398e+00
      vertex   1.476848e+02 8.092997e+00 -9.382367e+00
      vertex   1.476851e+02 8.052207e+00 -9.431189e+00
    endloop
  endfacet
  facet normal 8.660685e-01 -3.762636e-01 3.291673e-01
    outer loop
      vertex   1.477887e+02 8.224836e+00 -9.506398e+00
      vertex   1.476851e+02 8.052207e+00 -9.431189e+00
      vertex   1.477898e+02 8.190832e+00 -9.548199e+00
    endloop
  endfacet
  facet normal 8.643087e-01 -3.397010e-01 3.709094e-01
    outer loop
      vertex   1.477898e+02 8.190832e+00 -9.548199e+00
      vertex   1.476851e+02 8.052207e+00 -9.431189e+00
      vertex   1.476887e+02 8.009805e+00 -9.478482e+00
    endloop
  endfacet
  facet normal 8.336631e-01 -2.125109e-01 5.097498e-01
    outer loop
      vertex   1.477197e+02 7.874664e+00 -9.609272e+00
      vertex   1.478086e+02 8.083659e+00 -9.667588e+00
      vertex   1.477060e+02 7.920859e+00 -9.567714e+00
    endloop
  endfacet
  facet normal 8.550224e-01 -2.653420e-01 4.455674e-01
    outer loop
      vertex   1.477060e+02 7.920859e+00 -9.567714e+00
      vertex   1.478086e+02 8.083659e+00 -9.667588e+00
      vertex   1.477998e+02 8.120141e+00 -9.628913e+00
    endloop
  endfacet
  facet normal 7.660075e-01 -7.422021e-02 6.385326e-01
    outer loop
      vertex   1.477874e+02 7.716652e+00 -9.729713e+00
      vertex   1.478502e+02 7.970923e+00 -9.775527e+00
      vertex   1.477566e+02 7.779763e+00 -9.685451e+00
    endloop
  endfacet
  facet normal 8.232979e-01 -1.445065e-01 5.489067e-01
    outer loop
      vertex   1.477566e+02 7.779763e+00 -9.685451e+00
      vertex   1.478502e+02 7.970923e+00 -9.775527e+00
      vertex   1.478339e+02 8.008940e+00 -9.740997e+00
    endloop
  endfacet
  facet normal 7.972018e-01 -4.996622e-01 3.388318e-01
    outer loop
      vertex   1.476848e+02 8.092997e+00 -9.382367e+00
      vertex   1.476880e+02 8.132000e+00 -9.332208e+00
      vertex   1.475689e+02 7.981974e+00 -9.273329e+00
    endloop
  endfacet
  facet normal 7.995202e-01 -4.588372e-01 3.876029e-01
    outer loop
      vertex   1.476851e+02 8.052207e+00 -9.431189e+00
      vertex   1.476848e+02 8.092997e+00 -9.382367e+00
      vertex   1.475685e+02 7.935081e+00 -9.329291e+00
    endloop
  endfacet
  facet normal 8.008444e-01 -4.620220e-01 3.810302e-01
    outer loop
      vertex   1.475685e+02 7.935081e+00 -9.329291e+00
      vertex   1.476848e+02 8.092997e+00 -9.382367e+00
      vertex   1.475689e+02 7.981974e+00 -9.273329e+00
    endloop
  endfacet
  facet normal 7.086317e-01 -5.434681e-01 4.499817e-01
    outer loop
      vertex   1.475685e+02 7.935081e+00 -9.329291e+00
      vertex   1.475689e+02 7.981974e+00 -9.273329e+00
      vertex   1.474454e+02 7.842026e+00 -9.247906e+00
    endloop
  endfacet
  facet normal 7.988297e-01 -4.161277e-01 4.344063e-01
    outer loop
      vertex   1.476887e+02 8.009805e+00 -9.478482e+00
      vertex   1.476851e+02 8.052207e+00 -9.431189e+00
      vertex   1.475721e+02 7.885639e+00 -9.382903e+00
    endloop
  endfacet
  facet normal 7.982647e-01 -4.151822e-01 4.363454e-01
    outer loop
      vertex   1.475721e+02 7.885639e+00 -9.382903e+00
      vertex   1.476851e+02 8.052207e+00 -9.431189e+00
      vertex   1.475685e+02 7.935081e+00 -9.329291e+00
    endloop
  endfacet
  facet normal 7.085887e-01 -4.944313e-01 5.034281e-01
    outer loop
      vertex   1.475721e+02 7.885639e+00 -9.382903e+00
      vertex   1.475685e+02 7.935081e+00 -9.329291e+00
      vertex   1.474490e+02 7.786124e+00 -9.307470e+00
    endloop
  endfacet
  facet normal 7.076493e-01 -4.933266e-01 5.058274e-01
    outer loop
      vertex   1.474490e+02 7.786124e+00 -9.307470e+00
      vertex   1.475685e+02 7.935081e+00 -9.329291e+00
      vertex   1.474454e+02 7.842026e+00 -9.247906e+00
    endloop
  endfacet
  facet normal 6.013827e-01 -5.640906e-01 5.658097e-01
    outer loop
      vertex   1.474490e+02 7.786124e+00 -9.307470e+00
      vertex   1.474454e+02 7.842026e+00 -9.247906e+00
      vertex   1.473513e+02 7.725745e+00 -9.263836e+00
    endloop
  endfacet
  facet normal 7.911986e-01 -3.664811e-01 4.895879e-01
    outer loop
      vertex   1.476887e+02 8.009805e+00 -9.478482e+00
      vertex   1.475721e+02 7.885639e+00 -9.382903e+00
      vertex   1.475796e+02 7.833914e+00 -9.433877e+00
    endloop
  endfacet
  facet normal 7.050412e-01 -4.426481e-01 5.540574e-01
    outer loop
      vertex   1.475796e+02 7.833914e+00 -9.433877e+00
      vertex   1.475721e+02 7.885639e+00 -9.382903e+00
      vertex   1.474569e+02 7.726866e+00 -9.363248e+00
    endloop
  endfacet
  facet normal 6.873408e-01 -3.791747e-01 6.195072e-01
    outer loop
      vertex   1.475796e+02 7.833914e+00 -9.433877e+00
      vertex   1.474569e+02 7.726866e+00 -9.363248e+00
      vertex   1.474691e+02 7.664634e+00 -9.414841e+00
    endloop
  endfacet
  facet normal 5.904828e-01 -4.435104e-01 6.742615e-01
    outer loop
      vertex   1.474691e+02 7.664634e+00 -9.414841e+00
      vertex   1.474569e+02 7.726866e+00 -9.363248e+00
      vertex   1.473711e+02 7.592372e+00 -9.376511e+00
    endloop
  endfacet
  facet normal 5.613924e-01 -3.687080e-01 7.408732e-01
    outer loop
      vertex   1.474691e+02 7.664634e+00 -9.414841e+00
      vertex   1.473711e+02 7.592372e+00 -9.376511e+00
      vertex   1.473870e+02 7.520406e+00 -9.424421e+00
    endloop
  endfacet
  facet normal 4.602679e-01 -4.189788e-01 7.826942e-01
    outer loop
      vertex   1.473870e+02 7.520406e+00 -9.424421e+00
      vertex   1.473711e+02 7.592372e+00 -9.376511e+00
      vertex   1.472907e+02 7.460267e+00 -9.399969e+00
    endloop
  endfacet
  facet normal 4.214045e-01 -3.318091e-01 8.439911e-01
    outer loop
      vertex   1.473870e+02 7.520406e+00 -9.424421e+00
      vertex   1.472907e+02 7.460267e+00 -9.399969e+00
      vertex   1.473081e+02 7.378483e+00 -9.440793e+00
    endloop
  endfacet
  facet normal 3.368089e-01 -3.622950e-01 8.690812e-01
    outer loop
      vertex   1.473081e+02 7.378483e+00 -9.440793e+00
      vertex   1.472907e+02 7.460267e+00 -9.399969e+00
      vertex   1.472558e+02 7.350974e+00 -9.432006e+00
    endloop
  endfacet
  facet normal 2.977364e-01 -2.735164e-01 9.146266e-01
    outer loop
      vertex   1.473081e+02 7.378483e+00 -9.440793e+00
      vertex   1.472558e+02 7.350974e+00 -9.432006e+00
      vertex   1.472735e+02 7.263050e+00 -9.464057e+00
    endloop
  endfacet
  facet normal 2.411892e-01 -2.891805e-01 9.263922e-01
    outer loop
      vertex   1.472735e+02 7.263050e+00 -9.464057e+00
      vertex   1.472558e+02 7.350974e+00 -9.432006e+00
      vertex   1.472188e+02 7.238857e+00 -9.457360e+00
    endloop
  endfacet
  facet normal 1.975849e-01 -1.802434e-01 9.635728e-01
    outer loop
      vertex   1.472735e+02 7.263050e+00 -9.464057e+00
      vertex   1.472188e+02 7.238857e+00 -9.457360e+00
      vertex   1.472399e+02 7.117166e+00 -9.484459e+00
    endloop
  endfacet
  facet normal 1.442539e-01 -1.911425e-01 9.709044e-01
    outer loop
      vertex   1.472399e+02 7.117166e+00 -9.484459e+00
      vertex   1.472188e+02 7.238857e+00 -9.457360e+00
      vertex   1.471792e+02 7.097038e+00 -9.479402e+00
    endloop
  endfacet
  facet normal 7.000168e-01 -4.377455e-01 5.642299e-01
    outer loop
      vertex   1.474569e+02 7.726866e+00 -9.363248e+00
      vertex   1.475721e+02 7.885639e+00 -9.382903e+00
      vertex   1.474490e+02 7.786124e+00 -9.307470e+00
    endloop
  endfacet
  facet normal 7.786752e-01 -2.767364e-01 5.631003e-01
    outer loop
      vertex   1.477197e+02 7.874664e+00 -9.609272e+00
      vertex   1.477060e+02 7.920859e+00 -9.567714e+00
      vertex   1.476067e+02 7.724696e+00 -9.526773e+00
    endloop
  endfacet
  facet normal 7.429175e-01 -2.099102e-01 6.356188e-01
    outer loop
      vertex   1.477197e+02 7.874664e+00 -9.609272e+00
      vertex   1.476067e+02 7.724696e+00 -9.526773e+00
      vertex   1.476261e+02 7.667768e+00 -9.568188e+00
    endloop
  endfacet
  facet normal 6.731076e-01 -2.716367e-01 6.878515e-01
    outer loop
      vertex   1.476261e+02 7.667768e+00 -9.568188e+00
      vertex   1.476067e+02 7.724696e+00 -9.526773e+00
      vertex   1.475060e+02 7.532839e+00 -9.504012e+00
    endloop
  endfacet
  facet normal 6.203085e-01 -1.898598e-01 7.610326e-01
    outer loop
      vertex   1.476261e+02 7.667768e+00 -9.568188e+00
      vertex   1.475060e+02 7.532839e+00 -9.504012e+00
      vertex   1.475305e+02 7.464178e+00 -9.541065e+00
    endloop
  endfacet
  facet normal 5.454473e-01 -2.392971e-01 8.032584e-01
    outer loop
      vertex   1.475305e+02 7.464178e+00 -9.541065e+00
      vertex   1.475060e+02 7.532839e+00 -9.504012e+00
      vertex   1.474305e+02 7.368683e+00 -9.501637e+00
    endloop
  endfacet
  facet normal 4.756537e-01 -1.392895e-01 8.685344e-01
    outer loop
      vertex   1.475305e+02 7.464178e+00 -9.541065e+00
      vertex   1.474305e+02 7.368683e+00 -9.501637e+00
      vertex   1.474666e+02 7.265971e+00 -9.537859e+00
    endloop
  endfacet
  facet normal 4.075981e-01 -1.730844e-01 8.966078e-01
    outer loop
      vertex   1.474666e+02 7.265971e+00 -9.537859e+00
      vertex   1.474305e+02 7.368683e+00 -9.501637e+00
      vertex   1.473594e+02 7.180923e+00 -9.505577e+00
    endloop
  endfacet
  facet normal 7.309307e-01 -1.152553e-01 6.726488e-01
    outer loop
      vertex   1.477874e+02 7.716652e+00 -9.729713e+00
      vertex   1.477566e+02 7.779763e+00 -9.685451e+00
      vertex   1.476846e+02 7.532765e+00 -9.649516e+00
    endloop
  endfacet
  facet normal 5.978756e-01 -5.056940e-01 6.219473e-01
    outer loop
      vertex   1.474569e+02 7.726866e+00 -9.363248e+00
      vertex   1.474490e+02 7.786124e+00 -9.307470e+00
      vertex   1.473592e+02 7.660980e+00 -9.322822e+00
    endloop
  endfacet
  facet normal 5.920205e-01 -5.024882e-01 6.300931e-01
    outer loop
      vertex   1.473592e+02 7.660980e+00 -9.322822e+00
      vertex   1.474490e+02 7.786124e+00 -9.307470e+00
      vertex   1.473513e+02 7.725745e+00 -9.263836e+00
    endloop
  endfacet
  facet normal 4.781108e-01 -5.592000e-01 6.772780e-01
    outer loop
      vertex   1.473592e+02 7.660980e+00 -9.322822e+00
      vertex   1.473513e+02 7.725745e+00 -9.263836e+00
      vertex   1.472659e+02 7.612809e+00 -9.296734e+00
    endloop
  endfacet
  facet normal 4.476920e-01 -8.708678e-01 2.028819e-01
    outer loop
      vertex   1.472785e+02 7.949574e+00 -8.826545e+00
      vertex   1.473976e+02 8.016459e+00 -8.802209e+00
      vertex   1.472931e+02 7.977479e+00 -8.738965e+00
    endloop
  endfacet
  facet normal 5.792201e-01 -4.376473e-01 6.877274e-01
    outer loop
      vertex   1.474569e+02 7.726866e+00 -9.363248e+00
      vertex   1.473592e+02 7.660980e+00 -9.322822e+00
      vertex   1.473711e+02 7.592372e+00 -9.376511e+00
    endloop
  endfacet
  facet normal 4.710894e-01 -4.914487e-01 7.324978e-01
    outer loop
      vertex   1.473711e+02 7.592372e+00 -9.376511e+00
      vertex   1.473592e+02 7.660980e+00 -9.322822e+00
      vertex   1.472766e+02 7.538603e+00 -9.351825e+00
    endloop
  endfacet
  facet normal 4.420289e-01 -4.105212e-01 7.975480e-01
    outer loop
      vertex   1.473711e+02 7.592372e+00 -9.376511e+00
      vertex   1.472766e+02 7.538603e+00 -9.351825e+00
      vertex   1.472907e+02 7.460267e+00 -9.399969e+00
    endloop
  endfacet
  facet normal 3.499913e-01 -4.439101e-01 8.248939e-01
    outer loop
      vertex   1.472907e+02 7.460267e+00 -9.399969e+00
      vertex   1.472766e+02 7.538603e+00 -9.351825e+00
      vertex   1.472406e+02 7.435947e+00 -9.391812e+00
    endloop
  endfacet
  facet normal 3.172111e-01 -3.586312e-01 8.779298e-01
    outer loop
      vertex   1.472907e+02 7.460267e+00 -9.399969e+00
      vertex   1.472406e+02 7.435947e+00 -9.391812e+00
      vertex   1.472558e+02 7.350974e+00 -9.432006e+00
    endloop
  endfacet
  facet normal 2.547369e-01 -3.759424e-01 8.909413e-01
    outer loop
      vertex   1.472558e+02 7.350974e+00 -9.432006e+00
      vertex   1.472406e+02 7.435947e+00 -9.391812e+00
      vertex   1.472045e+02 7.329589e+00 -9.426359e+00
    endloop
  endfacet
  facet normal 2.210537e-01 -2.840195e-01 9.329888e-01
    outer loop
      vertex   1.472558e+02 7.350974e+00 -9.432006e+00
      vertex   1.472045e+02 7.329589e+00 -9.426359e+00
      vertex   1.472188e+02 7.238857e+00 -9.457360e+00
    endloop
  endfacet
  facet normal 1.563255e-01 -2.972486e-01 9.419159e-01
    outer loop
      vertex   1.472188e+02 7.238857e+00 -9.457360e+00
      vertex   1.472045e+02 7.329589e+00 -9.426359e+00
      vertex   1.471644e+02 7.221525e+00 -9.453801e+00
    endloop
  endfacet
  facet normal 1.229786e-01 -1.858221e-01 9.748571e-01
    outer loop
      vertex   1.472188e+02 7.238857e+00 -9.457360e+00
      vertex   1.471644e+02 7.221525e+00 -9.453801e+00
      vertex   1.471792e+02 7.097038e+00 -9.479402e+00
    endloop
  endfacet
  facet normal 4.588848e-01 -4.859057e-01 7.438551e-01
    outer loop
      vertex   1.472766e+02 7.538603e+00 -9.351825e+00
      vertex   1.473592e+02 7.660980e+00 -9.322822e+00
      vertex   1.472659e+02 7.612809e+00 -9.296734e+00
    endloop
  endfacet
  facet normal 3.373096e-01 -9.117691e-01 2.343062e-01
    outer loop
      vertex   1.472785e+02 7.949574e+00 -8.826545e+00
      vertex   1.472931e+02 7.977479e+00 -8.738965e+00
      vertex   1.472244e+02 7.935136e+00 -8.804904e+00
    endloop
  endfacet
  facet normal 3.484276e-01 -9.106621e-01 2.220196e-01
    outer loop
      vertex   1.472244e+02 7.935136e+00 -8.804904e+00
      vertex   1.472931e+02 7.977479e+00 -8.738965e+00
      vertex   1.472360e+02 7.961670e+00 -8.714149e+00
    endloop
  endfacet
  facet normal 2.619428e-01 -9.347541e-01 2.400431e-01
    outer loop
      vertex   1.472244e+02 7.935136e+00 -8.804904e+00
      vertex   1.472360e+02 7.961670e+00 -8.714149e+00
      vertex   1.471711e+02 7.924119e+00 -8.789606e+00
    endloop
  endfacet
  facet normal 2.715777e-01 -9.341667e-01 2.314696e-01
    outer loop
      vertex   1.471711e+02 7.924119e+00 -8.789606e+00
      vertex   1.472360e+02 7.961670e+00 -8.714149e+00
      vertex   1.471789e+02 7.949474e+00 -8.696356e+00
    endloop
  endfacet
  facet normal 1.834574e-01 -9.523351e-01 2.437239e-01
    outer loop
      vertex   1.471711e+02 7.924119e+00 -8.789606e+00
      vertex   1.471789e+02 7.949474e+00 -8.696356e+00
      vertex   1.471183e+02 7.916226e+00 -8.780690e+00
    endloop
  endfacet
  facet normal 1.898328e-01 -9.522542e-01 2.391141e-01
    outer loop
      vertex   1.471183e+02 7.916226e+00 -8.780690e+00
      vertex   1.471789e+02 7.949474e+00 -8.696356e+00
      vertex   1.471216e+02 7.940723e+00 -8.685758e+00
    endloop
  endfacet
  facet normal 3.344287e-01 -4.414698e-01 8.326235e-01
    outer loop
      vertex   1.472406e+02 7.435947e+00 -9.391812e+00
      vertex   1.472766e+02 7.538603e+00 -9.351825e+00
      vertex   1.472281e+02 7.517159e+00 -9.343735e+00
    endloop
  endfacet
  facet normal 3.601383e-01 -5.219708e-01 7.732056e-01
    outer loop
      vertex   1.472281e+02 7.517159e+00 -9.343735e+00
      vertex   1.472766e+02 7.538603e+00 -9.351825e+00
      vertex   1.472659e+02 7.612809e+00 -9.296734e+00
    endloop
  endfacet
  facet normal 2.792928e-01 -9.044902e-01 3.223243e-01
    outer loop
      vertex   1.471711e+02 7.924119e+00 -8.789606e+00
      vertex   1.471655e+02 7.890106e+00 -8.880197e+00
      vertex   1.472244e+02 7.935136e+00 -8.804904e+00
    endloop
  endfacet
  facet normal 2.710094e-01 -9.046431e-01 3.288993e-01
    outer loop
      vertex   1.472244e+02 7.935136e+00 -8.804904e+00
      vertex   1.471655e+02 7.890106e+00 -8.880197e+00
      vertex   1.472157e+02 7.900430e+00 -8.893161e+00
    endloop
  endfacet
  facet normal 3.593314e-01 -8.800473e-01 3.104798e-01
    outer loop
      vertex   1.472244e+02 7.935136e+00 -8.804904e+00
      vertex   1.472157e+02 7.900430e+00 -8.893161e+00
      vertex   1.472785e+02 7.949574e+00 -8.826545e+00
    endloop
  endfacet
  facet normal 1.930013e-01 -8.784612e-01 4.371000e-01
    outer loop
      vertex   1.471160e+02 7.825885e+00 -8.987416e+00
      vertex   1.471615e+02 7.833132e+00 -8.992948e+00
      vertex   1.471655e+02 7.890106e+00 -8.880197e+00
    endloop
  endfacet
  facet normal 2.862455e-01 -8.591973e-01 4.240796e-01
    outer loop
      vertex   1.471655e+02 7.890106e+00 -8.880197e+00
      vertex   1.471615e+02 7.833132e+00 -8.992948e+00
      vertex   1.472157e+02 7.900430e+00 -8.893161e+00
    endloop
  endfacet
  facet normal 1.939490e-01 -9.232669e-01 3.316053e-01
    outer loop
      vertex   1.471183e+02 7.916226e+00 -8.780690e+00
      vertex   1.471164e+02 7.882723e+00 -8.872851e+00
      vertex   1.471711e+02 7.924119e+00 -8.789606e+00
    endloop
  endfacet
  facet normal 1.888115e-01 -9.231360e-01 3.349180e-01
    outer loop
      vertex   1.471711e+02 7.924119e+00 -8.789606e+00
      vertex   1.471164e+02 7.882723e+00 -8.872851e+00
      vertex   1.471655e+02 7.890106e+00 -8.880197e+00
    endloop
  endfacet
  facet normal 1.971002e-01 -8.784837e-01 4.352217e-01
    outer loop
      vertex   1.471164e+02 7.882723e+00 -8.872851e+00
      vertex   1.471160e+02 7.825885e+00 -8.987416e+00
      vertex   1.471655e+02 7.890106e+00 -8.880197e+00
    endloop
  endfacet
  facet normal 2.661429e-01 -4.604083e-01 8.468720e-01
    outer loop
      vertex   1.472406e+02 7.435947e+00 -9.391812e+00
      vertex   1.472281e+02 7.517159e+00 -9.343735e+00
      vertex   1.471921e+02 7.417163e+00 -9.386762e+00
    endloop
  endfacet
  facet normal 2.372329e-01 -3.720835e-01 8.973708e-01
    outer loop
      vertex   1.472406e+02 7.435947e+00 -9.391812e+00
      vertex   1.471921e+02 7.417163e+00 -9.386762e+00
      vertex   1.472045e+02 7.329589e+00 -9.426359e+00
    endloop
  endfacet
  facet normal 1.671445e-01 -3.864107e-01 9.070554e-01
    outer loop
      vertex   1.472045e+02 7.329589e+00 -9.426359e+00
      vertex   1.471921e+02 7.417163e+00 -9.386762e+00
      vertex   1.471541e+02 7.314279e+00 -9.423591e+00
    endloop
  endfacet
  facet normal 1.407451e-01 -2.924648e-01 9.458621e-01
    outer loop
      vertex   1.472045e+02 7.329589e+00 -9.426359e+00
      vertex   1.471541e+02 7.314279e+00 -9.423591e+00
      vertex   1.471644e+02 7.221525e+00 -9.453801e+00
    endloop
  endfacet
  facet normal 1.292443e-01 -4.891635e-15 -9.916128e-01
    outer loop
      vertex   1.472249e+02 6.978403e+00 -7.500067e+00
      vertex   1.472962e+02 7.006743e+00 -7.490778e+00
      vertex   1.472249e+02 5.775107e+00 -7.500067e+00
    endloop
  endfacet
  facet normal 1.516341e-01 -1.319599e-03 -9.884358e-01
    outer loop
      vertex   1.472249e+02 5.775107e+00 -7.500067e+00
      vertex   1.472962e+02 7.006743e+00 -7.490778e+00
      vertex   1.473433e+02 5.656748e+00 -7.481752e+00
    endloop
  endfacet
  facet normal 1.994628e-01 4.057008e-04 -9.799053e-01
    outer loop
      vertex   1.473433e+02 5.656748e+00 -7.481752e+00
      vertex   1.472962e+02 7.006743e+00 -7.490778e+00
      vertex   1.473655e+02 7.044904e+00 -7.476654e+00
    endloop
  endfacet
  facet normal 2.679841e-01 -7.515551e-04 -9.634231e-01
    outer loop
      vertex   1.473433e+02 5.656748e+00 -7.481752e+00
      vertex   1.473655e+02 7.044904e+00 -7.476654e+00
      vertex   1.474323e+02 7.092165e+00 -7.458095e+00
    endloop
  endfacet
  facet normal 2.692009e-01 -8.326567e-04 -9.630837e-01
    outer loop
      vertex   1.473433e+02 5.656748e+00 -7.481752e+00
      vertex   1.474323e+02 7.092165e+00 -7.458095e+00
      vertex   1.474586e+02 5.541428e+00 -7.449418e+00
    endloop
  endfacet
  facet normal 3.327375e-01 3.550483e-04 -9.430194e-01
    outer loop
      vertex   1.474586e+02 5.541428e+00 -7.449418e+00
      vertex   1.474323e+02 7.092165e+00 -7.458095e+00
      vertex   1.474963e+02 7.147766e+00 -7.435516e+00
    endloop
  endfacet
  facet normal 3.823203e-01 -9.725282e-04 -9.240293e-01
    outer loop
      vertex   1.474586e+02 5.541428e+00 -7.449418e+00
      vertex   1.474963e+02 7.147766e+00 -7.435516e+00
      vertex   1.475692e+02 5.430800e+00 -7.403528e+00
    endloop
  endfacet
  facet normal 4.237856e-01 1.129385e-03 -9.057618e-01
    outer loop
      vertex   1.475692e+02 5.430800e+00 -7.403528e+00
      vertex   1.474963e+02 7.147766e+00 -7.435516e+00
      vertex   1.476144e+02 7.280803e+00 -7.380093e+00
    endloop
  endfacet
  facet normal 4.901314e-01 -9.222176e-04 -8.716481e-01
    outer loop
      vertex   1.475692e+02 5.430800e+00 -7.403528e+00
      vertex   1.476144e+02 7.280803e+00 -7.380093e+00
      vertex   1.476735e+02 5.326451e+00 -7.344743e+00
    endloop
  endfacet
  facet normal 5.350879e-01 9.250743e-04 -8.447959e-01
    outer loop
      vertex   1.476735e+02 5.326451e+00 -7.344743e+00
      vertex   1.476144e+02 7.280803e+00 -7.380093e+00
      vertex   1.477187e+02 7.438139e+00 -7.313834e+00
    endloop
  endfacet
  facet normal 5.909350e-01 -8.262363e-04 -8.067188e-01
    outer loop
      vertex   1.476735e+02 5.326451e+00 -7.344743e+00
      vertex   1.477187e+02 7.438139e+00 -7.313834e+00
      vertex   1.477701e+02 5.229880e+00 -7.273903e+00
    endloop
  endfacet
  facet normal 6.326918e-01 7.305265e-04 -7.744033e-01
    outer loop
      vertex   1.477701e+02 5.229880e+00 -7.273903e+00
      vertex   1.477187e+02 7.438139e+00 -7.313834e+00
      vertex   1.478091e+02 7.615025e+00 -7.239842e+00
    endloop
  endfacet
  facet normal 6.832419e-01 -7.260578e-04 -7.301918e-01
    outer loop
      vertex   1.477701e+02 5.229880e+00 -7.273903e+00
      vertex   1.478091e+02 7.615025e+00 -7.239842e+00
      vertex   1.478575e+02 5.142469e+00 -7.192026e+00
    endloop
  endfacet
  facet normal 7.164316e-01 5.537816e-04 -6.976571e-01
    outer loop
      vertex   1.478575e+02 5.142469e+00 -7.192026e+00
      vertex   1.478091e+02 7.615025e+00 -7.239842e+00
      vertex   1.478858e+02 7.808448e+00 -7.160864e+00
    endloop
  endfacet
  facet normal 7.657284e-01 -6.062018e-04 -6.431638e-01
    outer loop
      vertex   1.478575e+02 5.142469e+00 -7.192026e+00
      vertex   1.478858e+02 7.808448e+00 -7.160864e+00
      vertex   1.479345e+02 5.065475e+00 -7.100287e+00
    endloop
  endfacet
  facet normal 7.869750e-01 3.492478e-04 -6.169848e-01
    outer loop
      vertex   1.479345e+02 5.065475e+00 -7.100287e+00
      vertex   1.478858e+02 7.808448e+00 -7.160864e+00
      vertex   1.479493e+02 8.016183e+00 -7.079724e+00
    endloop
  endfacet
  facet normal 8.372247e-01 -3.916668e-04 -5.468589e-01
    outer loop
      vertex   1.479345e+02 5.065475e+00 -7.100287e+00
      vertex   1.479493e+02 8.016183e+00 -7.079724e+00
      vertex   1.480000e+02 5.000000e+00 -7.000000e+00
    endloop
  endfacet
  facet normal 8.439984e-01 -1.638965e-14 -5.363457e-01
    outer loop
      vertex   1.480000e+02 5.000000e+00 -7.000000e+00
      vertex   1.479493e+02 8.016183e+00 -7.079724e+00
      vertex   1.480000e+02 8.239864e+00 -7.000000e+00
    endloop
  endfacet
  facet normal 9.471822e-02 -1.600905e-15 -9.955041e-01
    outer loop
      vertex   1.472249e+02 5.775107e+00 -7.500067e+00
      vertex   1.472224e+02 5.777675e+00 -7.500305e+00
      vertex   1.472249e+02 6.978403e+00 -7.500067e+00
    endloop
  endfacet
  facet normal 9.998427e-02 -1.105846e-05 -9.949890e-01
    outer loop
      vertex   1.472249e+02 6.978403e+00 -7.500067e+00
      vertex   1.472224e+02 5.777675e+00 -7.500305e+00
      vertex   1.472145e+02 5.786872e+00 -7.501101e+00
    endloop
  endfacet
  facet normal 9.990890e-02 -1.039278e-05 -9.949966e-01
    outer loop
      vertex   1.472249e+02 6.978403e+00 -7.500067e+00
      vertex   1.472145e+02 5.786872e+00 -7.501101e+00
      vertex   1.472120e+02 6.978403e+00 -7.501360e+00
    endloop
  endfacet
  facet normal 1.076599e-01 5.759517e-06 -9.941878e-01
    outer loop
      vertex   1.472120e+02 6.978403e+00 -7.501360e+00
      vertex   1.472145e+02 5.786872e+00 -7.501101e+00
      vertex   1.472073e+02 5.796979e+00 -7.501876e+00
    endloop
  endfacet
  facet normal 1.127758e-01 -1.486825e-05 -9.936205e-01
    outer loop
      vertex   1.472120e+02 6.978403e+00 -7.501360e+00
      vertex   1.472073e+02 5.796979e+00 -7.501876e+00
      vertex   1.471992e+02 6.978403e+00 -7.502819e+00
    endloop
  endfacet
  facet normal 1.141891e-01 -4.988351e-06 -9.934590e-01
    outer loop
      vertex   1.471992e+02 6.978403e+00 -7.502819e+00
      vertex   1.472073e+02 5.796979e+00 -7.501876e+00
      vertex   1.472010e+02 5.807920e+00 -7.502602e+00
    endloop
  endfacet
  facet normal 1.197456e-01 3.847581e-06 -9.928046e-01
    outer loop
      vertex   1.471992e+02 6.978403e+00 -7.502819e+00
      vertex   1.472010e+02 5.807920e+00 -7.502602e+00
      vertex   1.471957e+02 5.819528e+00 -7.503241e+00
    endloop
  endfacet
  facet normal 1.241181e-01 -9.415669e-06 -9.922674e-01
    outer loop
      vertex   1.471957e+02 5.819528e+00 -7.503241e+00
      vertex   1.471916e+02 5.831626e+00 -7.503758e+00
      vertex   1.471992e+02 6.978403e+00 -7.502819e+00
    endloop
  endfacet
  facet normal 1.256238e-01 -1.954017e-05 -9.920779e-01
    outer loop
      vertex   1.471992e+02 6.978403e+00 -7.502819e+00
      vertex   1.471916e+02 5.831626e+00 -7.503758e+00
      vertex   1.471863e+02 6.978403e+00 -7.504445e+00
    endloop
  endfacet
  facet normal 1.277889e-01 -9.472468e-06 -9.918014e-01
    outer loop
      vertex   1.471863e+02 6.978403e+00 -7.504445e+00
      vertex   1.471916e+02 5.831626e+00 -7.503758e+00
      vertex   1.471886e+02 5.843995e+00 -7.504135e+00
    endloop
  endfacet
  facet normal 1.323439e-01 -1.802722e-15 -9.912039e-01
    outer loop
      vertex   1.471863e+02 6.978403e+00 -7.504445e+00
      vertex   1.471886e+02 5.843995e+00 -7.504135e+00
      vertex   1.471863e+02 5.868576e+00 -7.504445e+00
    endloop
  endfacet
  facet normal 1.297812e-01 -2.459691e-04 -9.915426e-01
    outer loop
      vertex   1.471863e+02 5.868576e+00 -7.504445e+00
      vertex   1.471886e+02 5.843995e+00 -7.504135e+00
      vertex   1.471869e+02 5.856392e+00 -7.504366e+00
    endloop
  endfacet
  facet normal 1.256174e-01 -1.009338e-02 -9.920274e-01
    outer loop
      vertex   1.471863e+02 6.978403e+00 -7.504445e+00
      vertex   1.471880e+02 6.999485e+00 -7.504445e+00
      vertex   1.471992e+02 6.978403e+00 -7.502819e+00
    endloop
  endfacet
  facet normal 1.127595e-01 -1.700149e-02 -9.934768e-01
    outer loop
      vertex   1.471992e+02 6.978403e+00 -7.502819e+00
      vertex   1.471880e+02 6.999485e+00 -7.504445e+00
      vertex   1.472120e+02 6.978403e+00 -7.501360e+00
    endloop
  endfacet
  facet normal 1.129266e-01 -1.680902e-02 -9.934611e-01
    outer loop
      vertex   1.472120e+02 6.978403e+00 -7.501360e+00
      vertex   1.471880e+02 6.999485e+00 -7.504445e+00
      vertex   1.472207e+02 7.004762e+00 -7.500817e+00
    endloop
  endfacet
  facet normal 9.990111e-02 -1.248207e-02 -9.949191e-01
    outer loop
      vertex   1.472120e+02 6.978403e+00 -7.501360e+00
      vertex   1.472207e+02 7.004762e+00 -7.500817e+00
      vertex   1.472249e+02 6.978403e+00 -7.500067e+00
    endloop
  endfacet
  facet normal 1.147034e-01 -2.813475e-02 -9.930013e-01
    outer loop
      vertex   1.471880e+02 6.999485e+00 -7.504445e+00
      vertex   1.471931e+02 7.020027e+00 -7.504445e+00
      vertex   1.472207e+02 7.004762e+00 -7.500817e+00
    endloop
  endfacet
  facet normal 1.093041e-01 -3.798478e-02 -9.932823e-01
    outer loop
      vertex   1.472207e+02 7.004762e+00 -7.500817e+00
      vertex   1.471931e+02 7.020027e+00 -7.504445e+00
      vertex   1.472166e+02 7.031104e+00 -7.502277e+00
    endloop
  endfacet
  facet normal 1.140916e-01 -4.835684e-02 -9.922927e-01
    outer loop
      vertex   1.472166e+02 7.031104e+00 -7.502277e+00
      vertex   1.471931e+02 7.020027e+00 -7.504445e+00
      vertex   1.472013e+02 7.039501e+00 -7.504445e+00
    endloop
  endfacet
  facet normal 1.045581e-01 -6.573419e-02 -9.923440e-01
    outer loop
      vertex   1.472166e+02 7.031104e+00 -7.502277e+00
      vertex   1.472013e+02 7.039501e+00 -7.504445e+00
      vertex   1.472126e+02 7.057407e+00 -7.504445e+00
    endloop
  endfacet
  facet normal 1.381842e-01 -6.026167e-02 -9.885715e-01
    outer loop
      vertex   1.472166e+02 7.031104e+00 -7.502277e+00
      vertex   1.472126e+02 7.057407e+00 -7.504445e+00
      vertex   1.472920e+02 7.108195e+00 -7.496442e+00
    endloop
  endfacet
  facet normal 1.761460e-01 -1.214573e-01 -9.768422e-01
    outer loop
      vertex   1.472920e+02 7.108195e+00 -7.496442e+00
      vertex   1.472126e+02 7.057407e+00 -7.504445e+00
      vertex   1.472907e+02 7.170733e+00 -7.504445e+00
    endloop
  endfacet
  facet normal 2.656771e-01 -1.171075e-01 -9.569229e-01
    outer loop
      vertex   1.472920e+02 7.108195e+00 -7.496442e+00
      vertex   1.472907e+02 7.170733e+00 -7.504445e+00
      vertex   1.473722e+02 7.155696e+00 -7.479968e+00
    endloop
  endfacet
  facet normal 2.588355e-01 -1.498226e-01 -9.542313e-01
    outer loop
      vertex   1.473722e+02 7.155696e+00 -7.479968e+00
      vertex   1.472907e+02 7.170733e+00 -7.504445e+00
      vertex   1.473471e+02 7.242699e+00 -7.500444e+00
    endloop
  endfacet
  facet normal 3.740523e-01 -1.087259e-01 -9.210123e-01
    outer loop
      vertex   1.473722e+02 7.155696e+00 -7.479968e+00
      vertex   1.473471e+02 7.242699e+00 -7.500444e+00
      vertex   1.474807e+02 7.243858e+00 -7.446333e+00
    endloop
  endfacet
  facet normal 3.724579e-01 -1.475460e-01 -9.162452e-01
    outer loop
      vertex   1.474807e+02 7.243858e+00 -7.446333e+00
      vertex   1.473471e+02 7.242699e+00 -7.500444e+00
      vertex   1.474514e+02 7.322789e+00 -7.470959e+00
    endloop
  endfacet
  facet normal 4.827380e-01 -9.243865e-02 -8.708726e-01
    outer loop
      vertex   1.474807e+02 7.243858e+00 -7.446333e+00
      vertex   1.474514e+02 7.322789e+00 -7.470959e+00
      vertex   1.475824e+02 7.354056e+00 -7.401633e+00
    endloop
  endfacet
  facet normal 4.883991e-01 -1.358997e-01 -8.619730e-01
    outer loop
      vertex   1.475824e+02 7.354056e+00 -7.401633e+00
      vertex   1.474514e+02 7.322789e+00 -7.470959e+00
      vertex   1.475519e+02 7.424163e+00 -7.429973e+00
    endloop
  endfacet
  facet normal 5.698494e-01 -8.251361e-02 -8.175960e-01
    outer loop
      vertex   1.475824e+02 7.354056e+00 -7.401633e+00
      vertex   1.475519e+02 7.424163e+00 -7.429973e+00
      vertex   1.476554e+02 7.451998e+00 -7.360633e+00
    endloop
  endfacet
  facet normal 5.745935e-01 -1.201433e-01 -8.095726e-01
    outer loop
      vertex   1.476554e+02 7.451998e+00 -7.360633e+00
      vertex   1.475519e+02 7.424163e+00 -7.429973e+00
      vertex   1.476256e+02 7.515190e+00 -7.391179e+00
    endloop
  endfacet
  facet normal 6.351576e-01 -7.195640e-02 -7.690235e-01
    outer loop
      vertex   1.476554e+02 7.451998e+00 -7.360633e+00
      vertex   1.476256e+02 7.515190e+00 -7.391179e+00
      vertex   1.477231e+02 7.559613e+00 -7.314818e+00
    endloop
  endfacet
  facet normal 6.432650e-01 -1.089512e-01 -7.578521e-01
    outer loop
      vertex   1.477231e+02 7.559613e+00 -7.314818e+00
      vertex   1.476256e+02 7.515190e+00 -7.391179e+00
      vertex   1.476950e+02 7.616035e+00 -7.346799e+00
    endloop
  endfacet
  facet normal 6.918074e-01 -6.292482e-02 -7.193351e-01
    outer loop
      vertex   1.477231e+02 7.559613e+00 -7.314818e+00
      vertex   1.476950e+02 7.616035e+00 -7.346799e+00
      vertex   1.477822e+02 7.669870e+00 -7.267630e+00
    endloop
  endfacet
  facet normal 7.013410e-01 -9.787007e-02 -7.060752e-01
    outer loop
      vertex   1.477822e+02 7.669870e+00 -7.267630e+00
      vertex   1.476950e+02 7.616035e+00 -7.346799e+00
      vertex   1.477563e+02 7.720044e+00 -7.300262e+00
    endloop
  endfacet
  facet normal 7.403040e-01 -5.437844e-02 -6.700694e-01
    outer loop
      vertex   1.477822e+02 7.669870e+00 -7.267630e+00
      vertex   1.477563e+02 7.720044e+00 -7.300262e+00
      vertex   1.478361e+02 7.787218e+00 -7.217624e+00
    endloop
  endfacet
  facet normal 7.516566e-01 -8.805151e-02 -6.536507e-01
    outer loop
      vertex   1.478361e+02 7.787218e+00 -7.217624e+00
      vertex   1.477563e+02 7.720044e+00 -7.300262e+00
      vertex   1.478129e+02 7.831349e+00 -7.250238e+00
    endloop
  endfacet
  facet normal 7.838550e-01 -4.571401e-02 -6.192589e-01
    outer loop
      vertex   1.478361e+02 7.787218e+00 -7.217624e+00
      vertex   1.478129e+02 7.831349e+00 -7.250238e+00
      vertex   1.478846e+02 7.910730e+00 -7.165261e+00
    endloop
  endfacet
  facet normal 7.960643e-01 -7.706202e-02 -6.002859e-01
    outer loop
      vertex   1.478846e+02 7.910730e+00 -7.165261e+00
      vertex   1.478129e+02 7.831349e+00 -7.250238e+00
      vertex   1.478643e+02 7.949046e+00 -7.197206e+00
    endloop
  endfacet
  facet normal 8.216994e-01 -3.710302e-02 -5.687122e-01
    outer loop
      vertex   1.478846e+02 7.910730e+00 -7.165261e+00
      vertex   1.478643e+02 7.949046e+00 -7.197206e+00
      vertex   1.479279e+02 8.040106e+00 -7.111232e+00
    endloop
  endfacet
  facet normal 8.342237e-01 -6.590467e-02 -5.474737e-01
    outer loop
      vertex   1.479279e+02 8.040106e+00 -7.111232e+00
      vertex   1.478643e+02 7.949046e+00 -7.197206e+00
      vertex   1.479103e+02 8.072800e+00 -7.141940e+00
    endloop
  endfacet
  facet normal 8.571807e-01 -2.261476e-02 -5.145191e-01
    outer loop
      vertex   1.479279e+02 8.040106e+00 -7.111232e+00
      vertex   1.479103e+02 8.072800e+00 -7.141940e+00
      vertex   1.479903e+02 8.285035e+00 -7.017938e+00
    endloop
  endfacet
  facet normal 8.829148e-01 -6.092142e-02 -4.655642e-01
    outer loop
      vertex   1.479903e+02 8.285035e+00 -7.017938e+00
      vertex   1.479103e+02 8.072800e+00 -7.141940e+00
      vertex   1.479774e+02 8.308069e+00 -7.045580e+00
    endloop
  endfacet
  facet normal 8.933857e-01 -3.394773e-02 -4.480061e-01
    outer loop
      vertex   1.479903e+02 8.285035e+00 -7.017938e+00
      vertex   1.479774e+02 8.308069e+00 -7.045580e+00
      vertex   1.480000e+02 8.442858e+00 -7.010632e+00
    endloop
  endfacet
  facet normal 9.176871e-01 -5.206519e-02 -3.938778e-01
    outer loop
      vertex   1.480000e+02 8.442858e+00 -7.010632e+00
      vertex   1.479774e+02 8.308069e+00 -7.045580e+00
      vertex   1.479973e+02 8.471593e+00 -7.020821e+00
    endloop
  endfacet
  facet normal 8.640237e-01 -9.296927e-02 -4.947926e-01
    outer loop
      vertex   1.480000e+02 8.442858e+00 -7.010632e+00
      vertex   1.479973e+02 8.471593e+00 -7.020821e+00
      vertex   1.480000e+02 8.641801e+00 -7.048013e+00
    endloop
  endfacet
  facet normal 9.316794e-01 -7.190180e-02 -3.560949e-01
    outer loop
      vertex   1.480000e+02 8.641801e+00 -7.048013e+00
      vertex   1.479973e+02 8.471593e+00 -7.020821e+00
      vertex   1.479885e+02 8.489010e+00 -7.047298e+00
    endloop
  endfacet
  facet normal 9.465248e-01 -7.282542e-02 -3.143044e-01
    outer loop
      vertex   1.480000e+02 8.641801e+00 -7.048013e+00
      vertex   1.479885e+02 8.489010e+00 -7.047298e+00
      vertex   1.479785e+02 8.511792e+00 -7.082661e+00
    endloop
  endfacet
  facet normal 9.382105e-01 -1.019377e-01 -3.307111e-01
    outer loop
      vertex   1.479785e+02 8.511792e+00 -7.082661e+00
      vertex   1.479885e+02 8.489010e+00 -7.047298e+00
      vertex   1.479438e+02 8.383757e+00 -7.141519e+00
    endloop
  endfacet
  facet normal 9.440493e-01 -1.131345e-01 -3.097928e-01
    outer loop
      vertex   1.479785e+02 8.511792e+00 -7.082661e+00
      vertex   1.479438e+02 8.383757e+00 -7.141519e+00
      vertex   1.479367e+02 8.406260e+00 -7.171600e+00
    endloop
  endfacet
  facet normal 9.228854e-01 -1.685705e-01 -3.462174e-01
    outer loop
      vertex   1.479367e+02 8.406260e+00 -7.171600e+00
      vertex   1.479438e+02 8.383757e+00 -7.141519e+00
      vertex   1.478576e+02 8.211178e+00 -7.287273e+00
    endloop
  endfacet
  facet normal 9.274285e-01 -1.819491e-01 -3.267583e-01
    outer loop
      vertex   1.479367e+02 8.406260e+00 -7.171600e+00
      vertex   1.478576e+02 8.211178e+00 -7.287273e+00
      vertex   1.478510e+02 8.242207e+00 -7.323496e+00
    endloop
  endfacet
  facet normal 8.973511e-01 -2.396075e-01 -3.706067e-01
    outer loop
      vertex   1.478510e+02 8.242207e+00 -7.323496e+00
      vertex   1.478576e+02 8.211178e+00 -7.287273e+00
      vertex   1.477970e+02 8.146298e+00 -7.392236e+00
    endloop
  endfacet
  facet normal 9.031591e-01 -2.682947e-01 -3.351442e-01
    outer loop
      vertex   1.478510e+02 8.242207e+00 -7.323496e+00
      vertex   1.477970e+02 8.146298e+00 -7.392236e+00
      vertex   1.477923e+02 8.181381e+00 -7.432868e+00
    endloop
  endfacet
  facet normal 8.744419e-01 -3.131156e-01 -3.705535e-01
    outer loop
      vertex   1.477923e+02 8.181381e+00 -7.432868e+00
      vertex   1.477970e+02 8.146298e+00 -7.392236e+00
      vertex   1.477328e+02 8.096504e+00 -7.501587e+00
    endloop
  endfacet
  facet normal 8.779254e-01 -3.599287e-01 -3.157504e-01
    outer loop
      vertex   1.477923e+02 8.181381e+00 -7.432868e+00
      vertex   1.477328e+02 8.096504e+00 -7.501587e+00
      vertex   1.477589e+02 8.162764e+00 -7.504445e+00
    endloop
  endfacet
  facet normal 8.566182e-01 -3.540902e-01 -3.752671e-01
    outer loop
      vertex   1.477589e+02 8.162764e+00 -7.504445e+00
      vertex   1.477328e+02 8.096504e+00 -7.501587e+00
      vertex   1.477297e+02 8.092146e+00 -7.504445e+00
    endloop
  endfacet
  facet normal 8.537681e-01 -3.390986e-01 -3.950850e-01
    outer loop
      vertex   1.477297e+02 8.092146e+00 -7.504445e+00
      vertex   1.477328e+02 8.096504e+00 -7.501587e+00
      vertex   1.477375e+02 8.056913e+00 -7.457326e+00
    endloop
  endfacet
  facet normal 8.448687e-01 -3.517526e-01 -4.030720e-01
    outer loop
      vertex   1.477297e+02 8.092146e+00 -7.504445e+00
      vertex   1.477375e+02 8.056913e+00 -7.457326e+00
      vertex   1.476835e+02 7.981152e+00 -7.504445e+00
    endloop
  endfacet
  facet normal 8.350483e-01 -3.148135e-01 -4.512059e-01
    outer loop
      vertex   1.476835e+02 7.981152e+00 -7.504445e+00
      vertex   1.477375e+02 8.056913e+00 -7.457326e+00
      vertex   1.477453e+02 8.016212e+00 -7.414526e+00
    endloop
  endfacet
  facet normal 8.352254e-01 -3.133444e-01 -4.519003e-01
    outer loop
      vertex   1.476835e+02 7.981152e+00 -7.504445e+00
      vertex   1.477453e+02 8.016212e+00 -7.414526e+00
      vertex   1.476817e+02 7.928975e+00 -7.471730e+00
    endloop
  endfacet
  facet normal 8.235509e-01 -2.762961e-01 -4.954033e-01
    outer loop
      vertex   1.476817e+02 7.928975e+00 -7.471730e+00
      vertex   1.477453e+02 8.016212e+00 -7.414526e+00
      vertex   1.477561e+02 7.974541e+00 -7.373347e+00
    endloop
  endfacet
  facet normal 8.239887e-01 -2.626235e-01 -5.020672e-01
    outer loop
      vertex   1.476817e+02 7.928975e+00 -7.471730e+00
      vertex   1.477561e+02 7.974541e+00 -7.373347e+00
      vertex   1.476934e+02 7.882150e+00 -7.427929e+00
    endloop
  endfacet
  facet normal 8.083784e-01 -2.280196e-01 -5.427075e-01
    outer loop
      vertex   1.476934e+02 7.882150e+00 -7.427929e+00
      vertex   1.477561e+02 7.974541e+00 -7.373347e+00
      vertex   1.477748e+02 7.918517e+00 -7.321921e+00
    endloop
  endfacet
  facet normal 8.089036e-01 -2.062097e-01 -5.505930e-01
    outer loop
      vertex   1.476934e+02 7.882150e+00 -7.427929e+00
      vertex   1.477748e+02 7.918517e+00 -7.321921e+00
      vertex   1.477141e+02 7.818902e+00 -7.373905e+00
    endloop
  endfacet
  facet normal 7.909969e-01 -1.769828e-01 -5.856628e-01
    outer loop
      vertex   1.477141e+02 7.818902e+00 -7.373905e+00
      vertex   1.477748e+02 7.918517e+00 -7.321921e+00
      vertex   1.477924e+02 7.875167e+00 -7.285045e+00
    endloop
  endfacet
  facet normal 7.869504e-01 -1.517656e-01 -5.980605e-01
    outer loop
      vertex   1.477141e+02 7.818902e+00 -7.373905e+00
      vertex   1.477924e+02 7.875167e+00 -7.285045e+00
      vertex   1.477336e+02 7.769792e+00 -7.335738e+00
    endloop
  endfacet
  facet normal 7.726374e-01 -1.328357e-01 -6.207948e-01
    outer loop
      vertex   1.477336e+02 7.769792e+00 -7.335738e+00
      vertex   1.477924e+02 7.875167e+00 -7.285045e+00
      vertex   1.478129e+02 7.831349e+00 -7.250238e+00
    endloop
  endfacet
  facet normal 7.653161e-01 -1.032272e-01 -6.353231e-01
    outer loop
      vertex   1.477336e+02 7.769792e+00 -7.335738e+00
      vertex   1.478129e+02 7.831349e+00 -7.250238e+00
      vertex   1.477563e+02 7.720044e+00 -7.300262e+00
    endloop
  endfacet
  facet normal 2.795811e-01 -1.665644e-01 -9.455637e-01
    outer loop
      vertex   1.472907e+02 7.170733e+00 -7.504445e+00
      vertex   1.473662e+02 7.297442e+00 -7.504445e+00
      vertex   1.473471e+02 7.242699e+00 -7.500444e+00
    endloop
  endfacet
  facet normal 4.108798e-01 -2.081009e-01 -8.876214e-01
    outer loop
      vertex   1.473471e+02 7.242699e+00 -7.500444e+00
      vertex   1.473662e+02 7.297442e+00 -7.504445e+00
      vertex   1.474514e+02 7.322789e+00 -7.470959e+00
    endloop
  endfacet
  facet normal 4.127746e-01 -2.191531e-01 -8.840753e-01
    outer loop
      vertex   1.474514e+02 7.322789e+00 -7.470959e+00
      vertex   1.473662e+02 7.297442e+00 -7.504445e+00
      vertex   1.474255e+02 7.400509e+00 -7.502327e+00
    endloop
  endfacet
  facet normal 3.843210e-01 -2.024520e-01 -9.007278e-01
    outer loop
      vertex   1.474255e+02 7.400509e+00 -7.502327e+00
      vertex   1.473662e+02 7.297442e+00 -7.504445e+00
      vertex   1.474411e+02 7.439687e+00 -7.504445e+00
    endloop
  endfacet
  facet normal 5.156411e-01 -2.505938e-01 -8.193394e-01
    outer loop
      vertex   1.474255e+02 7.400509e+00 -7.502327e+00
      vertex   1.474411e+02 7.439687e+00 -7.504445e+00
      vertex   1.475519e+02 7.424163e+00 -7.429973e+00
    endloop
  endfacet
  facet normal 5.274611e-01 -1.985007e-01 -8.260643e-01
    outer loop
      vertex   1.475519e+02 7.424163e+00 -7.429973e+00
      vertex   1.474411e+02 7.439687e+00 -7.504445e+00
      vertex   1.475250e+02 7.493339e+00 -7.463759e+00
    endloop
  endfacet
  facet normal 5.998379e-01 -1.507118e-01 -7.857993e-01
    outer loop
      vertex   1.475519e+02 7.424163e+00 -7.429973e+00
      vertex   1.475250e+02 7.493339e+00 -7.463759e+00
      vertex   1.476256e+02 7.515190e+00 -7.391179e+00
    endloop
  endfacet
  facet normal 6.011703e-01 -1.836088e-01 -7.777417e-01
    outer loop
      vertex   1.476256e+02 7.515190e+00 -7.391179e+00
      vertex   1.475250e+02 7.493339e+00 -7.463759e+00
      vertex   1.475994e+02 7.577648e+00 -7.426204e+00
    endloop
  endfacet
  facet normal 6.643614e-01 -1.333334e-01 -7.354224e-01
    outer loop
      vertex   1.476256e+02 7.515190e+00 -7.391179e+00
      vertex   1.475994e+02 7.577648e+00 -7.426204e+00
      vertex   1.476950e+02 7.616035e+00 -7.346799e+00
    endloop
  endfacet
  facet normal 6.686229e-01 -1.657051e-01 -7.249036e-01
    outer loop
      vertex   1.476950e+02 7.616035e+00 -7.346799e+00
      vertex   1.475994e+02 7.577648e+00 -7.426204e+00
      vertex   1.476702e+02 7.671894e+00 -7.382373e+00
    endloop
  endfacet
  facet normal 7.190993e-01 -1.178482e-01 -6.848415e-01
    outer loop
      vertex   1.476950e+02 7.616035e+00 -7.346799e+00
      vertex   1.476702e+02 7.671894e+00 -7.382373e+00
      vertex   1.477563e+02 7.720044e+00 -7.300262e+00
    endloop
  endfacet
  facet normal 7.247619e-01 -1.484955e-01 -6.728070e-01
    outer loop
      vertex   1.477563e+02 7.720044e+00 -7.300262e+00
      vertex   1.476702e+02 7.671894e+00 -7.382373e+00
      vertex   1.477336e+02 7.769792e+00 -7.335738e+00
    endloop
  endfacet
  facet normal 5.529695e-01 -2.660619e-01 -7.895795e-01
    outer loop
      vertex   1.475250e+02 7.493339e+00 -7.463759e+00
      vertex   1.474411e+02 7.439687e+00 -7.504445e+00
      vertex   1.475020e+02 7.561124e+00 -7.502760e+00
    endloop
  endfacet
  facet normal 5.040656e-01 -2.410108e-01 -8.293562e-01
    outer loop
      vertex   1.475020e+02 7.561124e+00 -7.502760e+00
      vertex   1.474411e+02 7.439687e+00 -7.504445e+00
      vertex   1.475176e+02 7.599619e+00 -7.504445e+00
    endloop
  endfacet
  facet normal 6.540747e-01 -2.960965e-01 -6.960697e-01
    outer loop
      vertex   1.475020e+02 7.561124e+00 -7.502760e+00
      vertex   1.475176e+02 7.599619e+00 -7.504445e+00
      vertex   1.475769e+02 7.639009e+00 -7.465498e+00
    endloop
  endfacet
  facet normal 6.528212e-01 -2.908796e-01 -6.994381e-01
    outer loop
      vertex   1.475769e+02 7.639009e+00 -7.465498e+00
      vertex   1.475176e+02 7.599619e+00 -7.504445e+00
      vertex   1.475977e+02 7.779390e+00 -7.504445e+00
    endloop
  endfacet
  facet normal 7.410764e-01 -2.793139e-01 -6.105649e-01
    outer loop
      vertex   1.475769e+02 7.639009e+00 -7.465498e+00
      vertex   1.475977e+02 7.779390e+00 -7.504445e+00
      vertex   1.476267e+02 7.797498e+00 -7.477510e+00
    endloop
  endfacet
  facet normal 7.414205e-01 -2.830558e-01 -6.084201e-01
    outer loop
      vertex   1.476267e+02 7.797498e+00 -7.477510e+00
      vertex   1.475977e+02 7.779390e+00 -7.504445e+00
      vertex   1.476817e+02 7.928975e+00 -7.471730e+00
    endloop
  endfacet
  facet normal 7.863698e-01 -3.049675e-01 -5.372312e-01
    outer loop
      vertex   1.476267e+02 7.797498e+00 -7.477510e+00
      vertex   1.476817e+02 7.928975e+00 -7.471730e+00
      vertex   1.476934e+02 7.882150e+00 -7.427929e+00
    endloop
  endfacet
  facet normal 7.988986e-01 -3.398464e-01 -4.962514e-01
    outer loop
      vertex   1.475977e+02 7.779390e+00 -7.504445e+00
      vertex   1.476835e+02 7.981152e+00 -7.504445e+00
      vertex   1.476817e+02 7.928975e+00 -7.471730e+00
    endloop
  endfacet
  facet normal 8.831265e-01 -3.398566e-01 -3.233963e-01
    outer loop
      vertex   1.477923e+02 8.181381e+00 -7.432868e+00
      vertex   1.477589e+02 8.162764e+00 -7.504445e+00
      vertex   1.477902e+02 8.215569e+00 -7.474463e+00
    endloop
  endfacet
  facet normal 8.869131e-01 -3.648743e-01 -2.832877e-01
    outer loop
      vertex   1.477902e+02 8.215569e+00 -7.474463e+00
      vertex   1.477589e+02 8.162764e+00 -7.504445e+00
      vertex   1.477930e+02 8.245508e+00 -7.504445e+00
    endloop
  endfacet
  facet normal 9.064856e-01 -3.373130e-01 -2.539762e-01
    outer loop
      vertex   1.477902e+02 8.215569e+00 -7.474463e+00
      vertex   1.477930e+02 8.245508e+00 -7.504445e+00
      vertex   1.478440e+02 8.302562e+00 -7.398192e+00
    endloop
  endfacet
  facet normal 9.078623e-01 -3.300804e-01 -2.585206e-01
    outer loop
      vertex   1.478440e+02 8.302562e+00 -7.398192e+00
      vertex   1.477930e+02 8.245508e+00 -7.504445e+00
      vertex   1.478437e+02 8.331746e+00 -7.436492e+00
    endloop
  endfacet
  facet normal 9.385871e-01 -2.709183e-01 -2.136762e-01
    outer loop
      vertex   1.478440e+02 8.302562e+00 -7.398192e+00
      vertex   1.478437e+02 8.331746e+00 -7.436492e+00
      vertex   1.479235e+02 8.472374e+00 -7.264356e+00
    endloop
  endfacet
  facet normal 9.395704e-01 -2.590604e-01 -2.238194e-01
    outer loop
      vertex   1.479235e+02 8.472374e+00 -7.264356e+00
      vertex   1.478437e+02 8.331746e+00 -7.436492e+00
      vertex   1.479218e+02 8.493838e+00 -7.295961e+00
    endloop
  endfacet
  facet normal 9.628356e-01 -1.980899e-01 -1.835974e-01
    outer loop
      vertex   1.479235e+02 8.472374e+00 -7.264356e+00
      vertex   1.479218e+02 8.493838e+00 -7.295961e+00
      vertex   1.479591e+02 8.579856e+00 -7.193419e+00
    endloop
  endfacet
  facet normal 9.630741e-01 -1.917255e-01 -1.890229e-01
    outer loop
      vertex   1.479591e+02 8.579856e+00 -7.193419e+00
      vertex   1.479218e+02 8.493838e+00 -7.295961e+00
      vertex   1.479569e+02 8.596483e+00 -7.221698e+00
    endloop
  endfacet
  facet normal 9.759823e-01 -1.450074e-01 -1.625772e-01
    outer loop
      vertex   1.479591e+02 8.579856e+00 -7.193419e+00
      vertex   1.479569e+02 8.596483e+00 -7.221698e+00
      vertex   1.479868e+02 8.695628e+00 -7.130530e+00
    endloop
  endfacet
  facet normal 9.757975e-01 -1.399059e-01 -1.680644e-01
    outer loop
      vertex   1.479868e+02 8.695628e+00 -7.130530e+00
      vertex   1.479569e+02 8.596483e+00 -7.221698e+00
      vertex   1.479840e+02 8.707075e+00 -7.155971e+00
    endloop
  endfacet
  facet normal 9.801112e-01 -1.187403e-01 -1.590053e-01
    outer loop
      vertex   1.479868e+02 8.695628e+00 -7.130530e+00
      vertex   1.479840e+02 8.707075e+00 -7.155971e+00
      vertex   1.480000e+02 8.737249e+00 -7.080048e+00
    endloop
  endfacet
  facet normal 9.773728e-01 -1.548779e-01 -1.440671e-01
    outer loop
      vertex   1.480000e+02 8.737249e+00 -7.080048e+00
      vertex   1.479840e+02 8.707075e+00 -7.155971e+00
      vertex   1.479821e+02 8.718427e+00 -7.181525e+00
    endloop
  endfacet
  facet normal 9.840474e-01 -7.926885e-02 -1.592709e-01
    outer loop
      vertex   1.480000e+02 8.737249e+00 -7.080048e+00
      vertex   1.479821e+02 8.718427e+00 -7.181525e+00
      vertex   1.479994e+02 8.832443e+00 -7.131030e+00
    endloop
  endfacet
  facet normal 9.895896e-01 -1.090628e-01 -9.390282e-02
    outer loop
      vertex   1.479994e+02 8.832443e+00 -7.131030e+00
      vertex   1.479821e+02 8.718427e+00 -7.181525e+00
      vertex   1.479809e+02 8.729675e+00 -7.207173e+00
    endloop
  endfacet
  facet normal 9.893587e-01 -1.009954e-01 -1.047348e-01
    outer loop
      vertex   1.479994e+02 8.832443e+00 -7.131030e+00
      vertex   1.479809e+02 8.729675e+00 -7.207173e+00
      vertex   1.479975e+02 8.838240e+00 -7.154576e+00
    endloop
  endfacet
  facet normal 9.905682e-01 -1.191009e-01 -6.774648e-02
    outer loop
      vertex   1.479975e+02 8.838240e+00 -7.154576e+00
      vertex   1.479809e+02 8.729675e+00 -7.207173e+00
      vertex   1.479804e+02 8.740810e+00 -7.232895e+00
    endloop
  endfacet
  facet normal 9.907953e-01 -1.080938e-01 -8.148890e-02
    outer loop
      vertex   1.479975e+02 8.838240e+00 -7.154576e+00
      vertex   1.479804e+02 8.740810e+00 -7.232895e+00
      vertex   1.479962e+02 8.843994e+00 -7.178173e+00
    endloop
  endfacet
  facet normal 9.906272e-01 -1.312833e-01 -3.771448e-02
    outer loop
      vertex   1.479962e+02 8.843994e+00 -7.178173e+00
      vertex   1.479804e+02 8.740810e+00 -7.232895e+00
      vertex   1.479811e+02 8.755265e+00 -7.266794e+00
    endloop
  endfacet
  facet normal 9.918844e-01 -1.149929e-01 -5.423938e-02
    outer loop
      vertex   1.479962e+02 8.843994e+00 -7.178173e+00
      vertex   1.479811e+02 8.755265e+00 -7.266794e+00
      vertex   1.479954e+02 8.851488e+00 -7.209253e+00
    endloop
  endfacet
  facet normal 9.877164e-01 -1.555690e-01 1.465076e-02
    outer loop
      vertex   1.479954e+02 8.851488e+00 -7.209253e+00
      vertex   1.479811e+02 8.755265e+00 -7.266794e+00
      vertex   1.479891e+02 8.805444e+00 -7.272399e+00
    endloop
  endfacet
  facet normal 9.933973e-01 -1.135206e-01 -1.657780e-02
    outer loop
      vertex   1.479954e+02 8.851488e+00 -7.209253e+00
      vertex   1.479891e+02 8.805444e+00 -7.272399e+00
      vertex   1.479950e+02 8.853344e+00 -7.243092e+00
    endloop
  endfacet
  facet normal 9.067436e-01 -3.596364e-01 -2.201765e-01
    outer loop
      vertex   1.478437e+02 8.331746e+00 -7.436492e+00
      vertex   1.477930e+02 8.245508e+00 -7.504445e+00
      vertex   1.478455e+02 8.360175e+00 -7.475311e+00
    endloop
  endfacet
  facet normal 9.105620e-01 -3.710167e-01 -1.822729e-01
    outer loop
      vertex   1.478455e+02 8.360175e+00 -7.475311e+00
      vertex   1.477930e+02 8.245508e+00 -7.504445e+00
      vertex   1.478664e+02 8.425779e+00 -7.504445e+00
    endloop
  endfacet
  facet normal 9.305001e-01 -3.476524e-01 -1.153576e-01
    outer loop
      vertex   1.478455e+02 8.360175e+00 -7.475311e+00
      vertex   1.478664e+02 8.425779e+00 -7.504445e+00
      vertex   1.479216e+02 8.514961e+00 -7.327832e+00
    endloop
  endfacet
  facet normal 9.458771e-01 -2.874959e-01 -1.505414e-01
    outer loop
      vertex   1.479216e+02 8.514961e+00 -7.327832e+00
      vertex   1.478664e+02 8.425779e+00 -7.504445e+00
      vertex   1.479228e+02 8.535712e+00 -7.359923e+00
    endloop
  endfacet
  facet normal 9.633974e-01 -2.400994e-01 -1.192381e-01
    outer loop
      vertex   1.479216e+02 8.514961e+00 -7.327832e+00
      vertex   1.479228e+02 8.535712e+00 -7.359923e+00
      vertex   1.479557e+02 8.612917e+00 -7.250151e+00
    endloop
  endfacet
  facet normal 9.657464e-01 -2.237249e-01 -1.314572e-01
    outer loop
      vertex   1.479557e+02 8.612917e+00 -7.250151e+00
      vertex   1.479228e+02 8.535712e+00 -7.359923e+00
      vertex   1.479555e+02 8.629141e+00 -7.278749e+00
    endloop
  endfacet
  facet normal 9.786737e-01 -1.766652e-01 -1.048202e-01
    outer loop
      vertex   1.479557e+02 8.612917e+00 -7.250151e+00
      vertex   1.479555e+02 8.629141e+00 -7.278749e+00
      vertex   1.479821e+02 8.718427e+00 -7.181525e+00
    endloop
  endfacet
  facet normal 9.795689e-01 -1.633859e-01 -1.172597e-01
    outer loop
      vertex   1.479821e+02 8.718427e+00 -7.181525e+00
      vertex   1.479555e+02 8.629141e+00 -7.278749e+00
      vertex   1.479809e+02 8.729675e+00 -7.207173e+00
    endloop
  endfacet
  facet normal 9.251228e-01 -3.714470e-01 -7.858101e-02
    outer loop
      vertex   1.478664e+02 8.425779e+00 -7.504445e+00
      vertex   1.479012e+02 8.512508e+00 -7.504445e+00
      vertex   1.479228e+02 8.535712e+00 -7.359923e+00
    endloop
  endfacet
  facet normal 9.556240e-01 -2.777462e-01 -9.818212e-02
    outer loop
      vertex   1.479228e+02 8.535712e+00 -7.359923e+00
      vertex   1.479012e+02 8.512508e+00 -7.504445e+00
      vertex   1.479254e+02 8.556061e+00 -7.392186e+00
    endloop
  endfacet
  facet normal 9.614565e-01 -2.608185e-01 -8.703550e-02
    outer loop
      vertex   1.479228e+02 8.535712e+00 -7.359923e+00
      vertex   1.479254e+02 8.556061e+00 -7.392186e+00
      vertex   1.479555e+02 8.629141e+00 -7.278749e+00
    endloop
  endfacet
  facet normal 9.656411e-01 -2.389166e-01 -1.022556e-01
    outer loop
      vertex   1.479555e+02 8.629141e+00 -7.278749e+00
      vertex   1.479254e+02 8.556061e+00 -7.392186e+00
      vertex   1.479564e+02 8.645138e+00 -7.307460e+00
    endloop
  endfacet
  facet normal 9.783566e-01 -1.924742e-01 -7.597370e-02
    outer loop
      vertex   1.479555e+02 8.629141e+00 -7.278749e+00
      vertex   1.479564e+02 8.645138e+00 -7.307460e+00
      vertex   1.479809e+02 8.729675e+00 -7.207173e+00
    endloop
  endfacet
  facet normal 9.803813e-01 -1.745433e-01 -9.158163e-02
    outer loop
      vertex   1.479809e+02 8.729675e+00 -7.207173e+00
      vertex   1.479564e+02 8.645138e+00 -7.307460e+00
      vertex   1.479804e+02 8.740810e+00 -7.232895e+00
    endloop
  endfacet
  facet normal 9.424183e-01 -3.254963e-01 -7.681078e-02
    outer loop
      vertex   1.479254e+02 8.556061e+00 -7.392186e+00
      vertex   1.479012e+02 8.512508e+00 -7.504445e+00
      vertex   1.479310e+02 8.582155e+00 -7.434791e+00
    endloop
  endfacet
  facet normal 9.297526e-01 -3.669656e-01 -2.993916e-02
    outer loop
      vertex   1.479310e+02 8.582155e+00 -7.434791e+00
      vertex   1.479012e+02 8.512508e+00 -7.504445e+00
      vertex   1.479317e+02 8.589768e+00 -7.504445e+00
    endloop
  endfacet
  facet normal 9.545026e-01 -2.973853e-01 -2.206366e-02
    outer loop
      vertex   1.479310e+02 8.582155e+00 -7.434791e+00
      vertex   1.479317e+02 8.589768e+00 -7.504445e+00
      vertex   1.479596e+02 8.671634e+00 -7.400757e+00
    endloop
  endfacet
  facet normal 9.547131e-01 -2.965152e-01 -2.452873e-02
    outer loop
      vertex   1.479310e+02 8.582155e+00 -7.434791e+00
      vertex   1.479596e+02 8.671634e+00 -7.400757e+00
      vertex   1.479593e+02 8.665795e+00 -7.345331e+00
    endloop
  endfacet
  facet normal 9.750440e-01 -2.213997e-01 -1.647347e-02
    outer loop
      vertex   1.479593e+02 8.665795e+00 -7.345331e+00
      vertex   1.479596e+02 8.671634e+00 -7.400757e+00
      vertex   1.479811e+02 8.759177e+00 -7.309793e+00
    endloop
  endfacet
  facet normal 9.752919e-01 -2.199805e-01 -2.035471e-02
    outer loop
      vertex   1.479593e+02 8.665795e+00 -7.345331e+00
      vertex   1.479811e+02 8.759177e+00 -7.309793e+00
      vertex   1.479811e+02 8.755265e+00 -7.266794e+00
    endloop
  endfacet
  facet normal 9.872038e-01 -1.587764e-01 -1.479102e-02
    outer loop
      vertex   1.479811e+02 8.755265e+00 -7.266794e+00
      vertex   1.479811e+02 8.759177e+00 -7.309793e+00
      vertex   1.479891e+02 8.805444e+00 -7.272399e+00
    endloop
  endfacet
  facet normal 9.966075e-01 -8.095490e-02 -1.482495e-02
    outer loop
      vertex   1.479950e+02 8.853344e+00 -7.243092e+00
      vertex   1.479972e+02 8.877827e+00 -7.232165e+00
      vertex   1.479954e+02 8.851488e+00 -7.209253e+00
    endloop
  endfacet
  facet normal 9.972910e-01 -7.331280e-02 -5.986036e-03
    outer loop
      vertex   1.479954e+02 8.851488e+00 -7.209253e+00
      vertex   1.479972e+02 8.877827e+00 -7.232165e+00
      vertex   1.479992e+02 8.901753e+00 -7.193029e+00
    endloop
  endfacet
  facet normal 9.972101e-01 -6.165847e-02 -4.207371e-02
    outer loop
      vertex   1.479954e+02 8.851488e+00 -7.209253e+00
      vertex   1.479992e+02 8.901753e+00 -7.193029e+00
      vertex   1.480000e+02 8.900496e+00 -7.171385e+00
    endloop
  endfacet
  facet normal 9.985357e-01 -3.572854e-02 -4.061842e-02
    outer loop
      vertex   1.480000e+02 8.900496e+00 -7.171385e+00
      vertex   1.479992e+02 8.901753e+00 -7.193029e+00
      vertex   1.480000e+02 8.952902e+00 -7.217482e+00
    endloop
  endfacet
  facet normal 9.998913e-01 -1.306280e-02 6.838140e-03
    outer loop
      vertex   1.480000e+02 8.952902e+00 -7.217482e+00
      vertex   1.479992e+02 8.901753e+00 -7.193029e+00
      vertex   1.479997e+02 8.927697e+00 -7.219146e+00
    endloop
  endfacet
  facet normal 9.992816e-01 -3.487162e-02 -1.483847e-02
    outer loop
      vertex   1.479997e+02 8.927697e+00 -7.219146e+00
      vertex   1.479992e+02 8.901753e+00 -7.193029e+00
      vertex   1.479987e+02 8.902622e+00 -7.224092e+00
    endloop
  endfacet
  facet normal 9.982036e-01 -5.788143e-02 -1.546683e-02
    outer loop
      vertex   1.479987e+02 8.902622e+00 -7.224092e+00
      vertex   1.479992e+02 8.901753e+00 -7.193029e+00
      vertex   1.479972e+02 8.877827e+00 -7.232165e+00
    endloop
  endfacet
  facet normal 9.889552e-01 -8.177836e-02 -1.236121e-01
    outer loop
      vertex   1.480000e+02 8.827626e+00 -7.123177e+00
      vertex   1.479994e+02 8.832443e+00 -7.131030e+00
      vertex   1.480000e+02 8.900496e+00 -7.171385e+00
    endloop
  endfacet
  facet normal 9.931818e-01 -6.564132e-02 -9.633837e-02
    outer loop
      vertex   1.480000e+02 8.900496e+00 -7.171385e+00
      vertex   1.479994e+02 8.832443e+00 -7.131030e+00
      vertex   1.479975e+02 8.838240e+00 -7.154576e+00
    endloop
  endfacet
  facet normal 9.958489e-01 -5.855251e-02 -6.968959e-02
    outer loop
      vertex   1.480000e+02 8.900496e+00 -7.171385e+00
      vertex   1.479975e+02 8.838240e+00 -7.154576e+00
      vertex   1.479962e+02 8.843994e+00 -7.178173e+00
    endloop
  endfacet
  facet normal 9.932987e-01 -4.977611e-02 -1.043075e-01
    outer loop
      vertex   1.480000e+02 8.827626e+00 -7.123177e+00
      vertex   1.480000e+02 8.737249e+00 -7.080048e+00
      vertex   1.479994e+02 8.832443e+00 -7.131030e+00
    endloop
  endfacet
  facet normal 8.517630e-01 -1.667074e-01 -4.966976e-01
    outer loop
      vertex   1.480000e+02 8.641801e+00 -7.048013e+00
      vertex   1.479996e+02 8.660805e+00 -7.055090e+00
      vertex   1.480000e+02 8.737249e+00 -7.080048e+00
    endloop
  endfacet
  facet normal 9.689412e-01 -8.140261e-02 -2.335094e-01
    outer loop
      vertex   1.480000e+02 8.737249e+00 -7.080048e+00
      vertex   1.479996e+02 8.660805e+00 -7.055090e+00
      vertex   1.479946e+02 8.672484e+00 -7.080070e+00
    endloop
  endfacet
  facet normal 9.755982e-01 -8.197244e-02 -2.036877e-01
    outer loop
      vertex   1.480000e+02 8.737249e+00 -7.080048e+00
      vertex   1.479946e+02 8.672484e+00 -7.080070e+00
      vertex   1.479903e+02 8.684094e+00 -7.105223e+00
    endloop
  endfacet
  facet normal 9.691548e-01 -1.151408e-01 -2.179025e-01
    outer loop
      vertex   1.479903e+02 8.684094e+00 -7.105223e+00
      vertex   1.479946e+02 8.672484e+00 -7.080070e+00
      vertex   1.479624e+02 8.563055e+00 -7.165346e+00
    endloop
  endfacet
  facet normal 9.729833e-01 -1.292266e-01 -1.913215e-01
    outer loop
      vertex   1.479903e+02 8.684094e+00 -7.105223e+00
      vertex   1.479624e+02 8.563055e+00 -7.165346e+00
      vertex   1.479591e+02 8.579856e+00 -7.193419e+00
    endloop
  endfacet
  facet normal 9.602939e-01 -1.750364e-01 -2.172505e-01
    outer loop
      vertex   1.479591e+02 8.579856e+00 -7.193419e+00
      vertex   1.479624e+02 8.563055e+00 -7.165346e+00
      vertex   1.479235e+02 8.472374e+00 -7.264356e+00
    endloop
  endfacet
  facet normal 8.494327e-01 -2.760139e-02 -5.269747e-01
    outer loop
      vertex   1.480000e+02 8.442858e+00 -7.010632e+00
      vertex   1.480000e+02 8.239864e+00 -7.000000e+00
      vertex   1.479903e+02 8.285035e+00 -7.017938e+00
    endloop
  endfacet
  facet normal 8.632696e-01 -1.571592e-02 -5.044983e-01
    outer loop
      vertex   1.479903e+02 8.285035e+00 -7.017938e+00
      vertex   1.480000e+02 8.239864e+00 -7.000000e+00
      vertex   1.479493e+02 8.016183e+00 -7.079724e+00
    endloop
  endfacet
  facet normal 8.275125e-01 2.823423e-03 -5.614403e-01
    outer loop
      vertex   1.479903e+02 8.285035e+00 -7.017938e+00
      vertex   1.479493e+02 8.016183e+00 -7.079724e+00
      vertex   1.479279e+02 8.040106e+00 -7.111232e+00
    endloop
  endfacet
  facet normal 8.173033e-01 -2.506481e-02 -5.756623e-01
    outer loop
      vertex   1.479279e+02 8.040106e+00 -7.111232e+00
      vertex   1.479493e+02 8.016183e+00 -7.079724e+00
      vertex   1.478858e+02 7.808448e+00 -7.160864e+00
    endloop
  endfacet
  facet normal 7.997093e-01 -1.662224e-02 -6.001573e-01
    outer loop
      vertex   1.479279e+02 8.040106e+00 -7.111232e+00
      vertex   1.478858e+02 7.808448e+00 -7.160864e+00
      vertex   1.478846e+02 7.910730e+00 -7.165261e+00
    endloop
  endfacet
  facet normal 7.555109e-01 -1.948046e-02 -6.548464e-01
    outer loop
      vertex   1.478846e+02 7.910730e+00 -7.165261e+00
      vertex   1.478858e+02 7.808448e+00 -7.160864e+00
      vertex   1.478361e+02 7.787218e+00 -7.217624e+00
    endloop
  endfacet
  facet normal 7.580270e-01 -3.488553e-02 -6.512895e-01
    outer loop
      vertex   1.478858e+02 7.808448e+00 -7.160864e+00
      vertex   1.478091e+02 7.615025e+00 -7.239842e+00
      vertex   1.478361e+02 7.787218e+00 -7.217624e+00
    endloop
  endfacet
  facet normal 7.008650e-01 -1.794674e-02 -7.130681e-01
    outer loop
      vertex   1.478361e+02 7.787218e+00 -7.217624e+00
      vertex   1.478091e+02 7.615025e+00 -7.239842e+00
      vertex   1.477822e+02 7.669870e+00 -7.267630e+00
    endloop
  endfacet
  facet normal 6.728149e-01 -4.455685e-02 -7.384679e-01
    outer loop
      vertex   1.477822e+02 7.669870e+00 -7.267630e+00
      vertex   1.478091e+02 7.615025e+00 -7.239842e+00
      vertex   1.477231e+02 7.559613e+00 -7.314818e+00
    endloop
  endfacet
  facet normal 6.679999e-01 -3.021360e-02 -7.435478e-01
    outer loop
      vertex   1.477231e+02 7.559613e+00 -7.314818e+00
      vertex   1.478091e+02 7.615025e+00 -7.239842e+00
      vertex   1.477187e+02 7.438139e+00 -7.313834e+00
    endloop
  endfacet
  facet normal 5.905182e-01 -2.791715e-02 -8.065413e-01
    outer loop
      vertex   1.477231e+02 7.559613e+00 -7.314818e+00
      vertex   1.477187e+02 7.438139e+00 -7.313834e+00
      vertex   1.476554e+02 7.451998e+00 -7.360633e+00
    endloop
  endfacet
  facet normal 5.870373e-01 -4.898908e-02 -8.080763e-01
    outer loop
      vertex   1.476554e+02 7.451998e+00 -7.360633e+00
      vertex   1.477187e+02 7.438139e+00 -7.313834e+00
      vertex   1.476144e+02 7.280803e+00 -7.380093e+00
    endloop
  endfacet
  facet normal 5.163677e-01 -2.659065e-02 -8.559541e-01
    outer loop
      vertex   1.476554e+02 7.451998e+00 -7.360633e+00
      vertex   1.476144e+02 7.280803e+00 -7.380093e+00
      vertex   1.475824e+02 7.354056e+00 -7.401633e+00
    endloop
  endfacet
  facet normal 4.568180e-01 -6.179886e-02 -8.874110e-01
    outer loop
      vertex   1.475824e+02 7.354056e+00 -7.401633e+00
      vertex   1.476144e+02 7.280803e+00 -7.380093e+00
      vertex   1.474807e+02 7.243858e+00 -7.446333e+00
    endloop
  endfacet
  facet normal 4.499424e-01 -2.756037e-02 -8.926322e-01
    outer loop
      vertex   1.476144e+02 7.280803e+00 -7.380093e+00
      vertex   1.474963e+02 7.147766e+00 -7.435516e+00
      vertex   1.474807e+02 7.243858e+00 -7.446333e+00
    endloop
  endfacet
  facet normal 3.672834e-01 -4.505391e-02 -9.290173e-01
    outer loop
      vertex   1.474807e+02 7.243858e+00 -7.446333e+00
      vertex   1.474963e+02 7.147766e+00 -7.435516e+00
      vertex   1.474323e+02 7.092165e+00 -7.458095e+00
    endloop
  endfacet
  facet normal 3.163169e-01 -2.731416e-02 -9.482603e-01
    outer loop
      vertex   1.474807e+02 7.243858e+00 -7.446333e+00
      vertex   1.474323e+02 7.092165e+00 -7.458095e+00
      vertex   1.473722e+02 7.155696e+00 -7.479968e+00
    endloop
  endfacet
  facet normal 2.977202e-01 -4.670898e-02 -9.535098e-01
    outer loop
      vertex   1.473722e+02 7.155696e+00 -7.479968e+00
      vertex   1.474323e+02 7.092165e+00 -7.458095e+00
      vertex   1.473655e+02 7.044904e+00 -7.476654e+00
    endloop
  endfacet
  facet normal 2.251264e-01 -4.286706e-02 -9.733861e-01
    outer loop
      vertex   1.473722e+02 7.155696e+00 -7.479968e+00
      vertex   1.473655e+02 7.044904e+00 -7.476654e+00
      vertex   1.472920e+02 7.108195e+00 -7.496442e+00
    endloop
  endfacet
  facet normal 2.232704e-01 -4.512433e-02 -9.737115e-01
    outer loop
      vertex   1.472920e+02 7.108195e+00 -7.496442e+00
      vertex   1.473655e+02 7.044904e+00 -7.476654e+00
      vertex   1.472962e+02 7.006743e+00 -7.490778e+00
    endloop
  endfacet
  facet normal 1.330199e-01 -4.976218e-02 -9.898633e-01
    outer loop
      vertex   1.472920e+02 7.108195e+00 -7.496442e+00
      vertex   1.472962e+02 7.006743e+00 -7.490778e+00
      vertex   1.472207e+02 7.004762e+00 -7.500817e+00
    endloop
  endfacet
  facet normal 1.320842e-01 -7.273455e-03 -9.912118e-01
    outer loop
      vertex   1.472207e+02 7.004762e+00 -7.500817e+00
      vertex   1.472962e+02 7.006743e+00 -7.490778e+00
      vertex   1.472249e+02 6.978403e+00 -7.500067e+00
    endloop
  endfacet
  facet normal 1.148041e-01 -3.709407e-02 -9.926953e-01
    outer loop
      vertex   1.472207e+02 7.004762e+00 -7.500817e+00
      vertex   1.472166e+02 7.031104e+00 -7.502277e+00
      vertex   1.472920e+02 7.108195e+00 -7.496442e+00
    endloop
  endfacet
  facet normal 5.130580e-01 -1.685785e-01 -8.416370e-01
    outer loop
      vertex   1.475519e+02 7.424163e+00 -7.429973e+00
      vertex   1.474514e+02 7.322789e+00 -7.470959e+00
      vertex   1.474255e+02 7.400509e+00 -7.502327e+00
    endloop
  endfacet
  facet normal 6.256538e-01 -2.179876e-01 -7.490252e-01
    outer loop
      vertex   1.475994e+02 7.577648e+00 -7.426204e+00
      vertex   1.475250e+02 7.493339e+00 -7.463759e+00
      vertex   1.475020e+02 7.561124e+00 -7.502760e+00
    endloop
  endfacet
  facet normal 6.895289e-01 -1.940414e-01 -6.977806e-01
    outer loop
      vertex   1.476702e+02 7.671894e+00 -7.382373e+00
      vertex   1.475994e+02 7.577648e+00 -7.426204e+00
      vertex   1.475769e+02 7.639009e+00 -7.465498e+00
    endloop
  endfacet
  facet normal 6.243946e-01 -2.458592e-01 -7.414072e-01
    outer loop
      vertex   1.475769e+02 7.639009e+00 -7.465498e+00
      vertex   1.475994e+02 7.577648e+00 -7.426204e+00
      vertex   1.475020e+02 7.561124e+00 -7.502760e+00
    endloop
  endfacet
  facet normal 6.907700e-01 -2.214878e-01 -6.883168e-01
    outer loop
      vertex   1.476702e+02 7.671894e+00 -7.382373e+00
      vertex   1.475769e+02 7.639009e+00 -7.465498e+00
      vertex   1.476490e+02 7.726910e+00 -7.421360e+00
    endloop
  endfacet
  facet normal 7.229569e-01 -2.753654e-01 -6.336460e-01
    outer loop
      vertex   1.476490e+02 7.726910e+00 -7.421360e+00
      vertex   1.475769e+02 7.639009e+00 -7.465498e+00
      vertex   1.476267e+02 7.797498e+00 -7.477510e+00
    endloop
  endfacet
  facet normal 7.666496e-01 -2.333245e-01 -5.981706e-01
    outer loop
      vertex   1.476490e+02 7.726910e+00 -7.421360e+00
      vertex   1.476267e+02 7.797498e+00 -7.477510e+00
      vertex   1.477141e+02 7.818902e+00 -7.373905e+00
    endloop
  endfacet
  facet normal 7.644895e-01 -2.558234e-01 -5.917011e-01
    outer loop
      vertex   1.477141e+02 7.818902e+00 -7.373905e+00
      vertex   1.476267e+02 7.797498e+00 -7.477510e+00
      vertex   1.476934e+02 7.882150e+00 -7.427929e+00
    endloop
  endfacet
  facet normal 7.426521e-01 -1.723029e-01 -6.471318e-01
    outer loop
      vertex   1.477336e+02 7.769792e+00 -7.335738e+00
      vertex   1.476702e+02 7.671894e+00 -7.382373e+00
      vertex   1.476490e+02 7.726910e+00 -7.421360e+00
    endloop
  endfacet
  facet normal 7.452250e-01 -1.983406e-01 -6.366323e-01
    outer loop
      vertex   1.477336e+02 7.769792e+00 -7.335738e+00
      vertex   1.476490e+02 7.726910e+00 -7.421360e+00
      vertex   1.477141e+02 7.818902e+00 -7.373905e+00
    endloop
  endfacet
  facet normal 8.747671e-01 -3.106291e-01 -3.718765e-01
    outer loop
      vertex   1.477328e+02 8.096504e+00 -7.501587e+00
      vertex   1.477970e+02 8.146298e+00 -7.392236e+00
      vertex   1.477375e+02 8.056913e+00 -7.457326e+00
    endloop
  endfacet
  facet normal 8.683128e-01 -2.780049e-01 -4.107873e-01
    outer loop
      vertex   1.477375e+02 8.056913e+00 -7.457326e+00
      vertex   1.477970e+02 8.146298e+00 -7.392236e+00
      vertex   1.478042e+02 8.110423e+00 -7.352688e+00
    endloop
  endfacet
  facet normal 8.687419e-01 -2.702995e-01 -4.150009e-01
    outer loop
      vertex   1.477375e+02 8.056913e+00 -7.457326e+00
      vertex   1.478042e+02 8.110423e+00 -7.352688e+00
      vertex   1.477453e+02 8.016212e+00 -7.414526e+00
    endloop
  endfacet
  facet normal 8.597489e-01 -2.418118e-01 -4.498432e-01
    outer loop
      vertex   1.477453e+02 8.016212e+00 -7.414526e+00
      vertex   1.478042e+02 8.110423e+00 -7.352688e+00
      vertex   1.478140e+02 8.073856e+00 -7.314341e+00
    endloop
  endfacet
  facet normal 8.594711e-01 -2.290431e-01 -4.569997e-01
    outer loop
      vertex   1.477453e+02 8.016212e+00 -7.414526e+00
      vertex   1.478140e+02 8.073856e+00 -7.314341e+00
      vertex   1.477561e+02 7.974541e+00 -7.373347e+00
    endloop
  endfacet
  facet normal 8.463103e-01 -1.994233e-01 -4.939527e-01
    outer loop
      vertex   1.477561e+02 7.974541e+00 -7.373347e+00
      vertex   1.478140e+02 8.073856e+00 -7.314341e+00
      vertex   1.478307e+02 8.024899e+00 -7.265941e+00
    endloop
  endfacet
  facet normal 8.455528e-01 -1.791059e-01 -5.029528e-01
    outer loop
      vertex   1.477561e+02 7.974541e+00 -7.373347e+00
      vertex   1.478307e+02 8.024899e+00 -7.265941e+00
      vertex   1.477748e+02 7.918517e+00 -7.321921e+00
    endloop
  endfacet
  facet normal 8.308135e-01 -1.547086e-01 -5.346159e-01
    outer loop
      vertex   1.477748e+02 7.918517e+00 -7.321921e+00
      vertex   1.478307e+02 8.024899e+00 -7.265941e+00
      vertex   1.478463e+02 7.987139e+00 -7.230799e+00
    endloop
  endfacet
  facet normal 8.258369e-01 -1.311710e-01 -5.484411e-01
    outer loop
      vertex   1.477748e+02 7.918517e+00 -7.321921e+00
      vertex   1.478463e+02 7.987139e+00 -7.230799e+00
      vertex   1.477924e+02 7.875167e+00 -7.285045e+00
    endloop
  endfacet
  facet normal 8.145745e-01 -1.161303e-01 -5.683151e-01
    outer loop
      vertex   1.477924e+02 7.875167e+00 -7.285045e+00
      vertex   1.478463e+02 7.987139e+00 -7.230799e+00
      vertex   1.478643e+02 7.949046e+00 -7.197206e+00
    endloop
  endfacet
  facet normal 8.063353e-01 -8.852542e-02 -5.847963e-01
    outer loop
      vertex   1.477924e+02 7.875167e+00 -7.285045e+00
      vertex   1.478643e+02 7.949046e+00 -7.197206e+00
      vertex   1.478129e+02 7.831349e+00 -7.250238e+00
    endloop
  endfacet
  facet normal 9.061876e-01 -3.033940e-01 -2.945780e-01
    outer loop
      vertex   1.477923e+02 8.181381e+00 -7.432868e+00
      vertex   1.477902e+02 8.215569e+00 -7.474463e+00
      vertex   1.478464e+02 8.272691e+00 -7.360498e+00
    endloop
  endfacet
  facet normal 9.066506e-01 -3.002244e-01 -2.963949e-01
    outer loop
      vertex   1.478464e+02 8.272691e+00 -7.360498e+00
      vertex   1.477902e+02 8.215569e+00 -7.474463e+00
      vertex   1.478440e+02 8.302562e+00 -7.398192e+00
    endloop
  endfacet
  facet normal 9.371925e-01 -2.414203e-01 -2.517668e-01
    outer loop
      vertex   1.478464e+02 8.272691e+00 -7.360498e+00
      vertex   1.478440e+02 8.302562e+00 -7.398192e+00
      vertex   1.479265e+02 8.450601e+00 -7.233064e+00
    endloop
  endfacet
  facet normal 9.372379e-01 -2.374258e-01 -2.553706e-01
    outer loop
      vertex   1.479265e+02 8.450601e+00 -7.233064e+00
      vertex   1.478440e+02 8.302562e+00 -7.398192e+00
      vertex   1.479235e+02 8.472374e+00 -7.264356e+00
    endloop
  endfacet
  facet normal 9.603345e-01 -1.769495e-01 -2.155144e-01
    outer loop
      vertex   1.479265e+02 8.450601e+00 -7.233064e+00
      vertex   1.479235e+02 8.472374e+00 -7.264356e+00
      vertex   1.479624e+02 8.563055e+00 -7.165346e+00
    endloop
  endfacet
  facet normal 8.973868e-01 -2.326320e-01 -3.749390e-01
    outer loop
      vertex   1.477970e+02 8.146298e+00 -7.392236e+00
      vertex   1.478576e+02 8.211178e+00 -7.287273e+00
      vertex   1.478042e+02 8.110423e+00 -7.352688e+00
    endloop
  endfacet
  facet normal 8.896781e-01 -2.081178e-01 -4.063986e-01
    outer loop
      vertex   1.478042e+02 8.110423e+00 -7.352688e+00
      vertex   1.478576e+02 8.211178e+00 -7.287273e+00
      vertex   1.478664e+02 8.179677e+00 -7.251917e+00
    endloop
  endfacet
  facet normal 8.888607e-01 -1.963896e-01 -4.139539e-01
    outer loop
      vertex   1.478042e+02 8.110423e+00 -7.352688e+00
      vertex   1.478664e+02 8.179677e+00 -7.251917e+00
      vertex   1.478140e+02 8.073856e+00 -7.314341e+00
    endloop
  endfacet
  facet normal 8.779146e-01 -1.714232e-01 -4.470795e-01
    outer loop
      vertex   1.478140e+02 8.073856e+00 -7.314341e+00
      vertex   1.478664e+02 8.179677e+00 -7.251917e+00
      vertex   1.478811e+02 8.137658e+00 -7.206888e+00
    endloop
  endfacet
  facet normal 8.762043e-01 -1.527710e-01 -4.570853e-01
    outer loop
      vertex   1.478140e+02 8.073856e+00 -7.314341e+00
      vertex   1.478811e+02 8.137658e+00 -7.206888e+00
      vertex   1.478307e+02 8.024899e+00 -7.265941e+00
    endloop
  endfacet
  facet normal 8.643247e-01 -1.327892e-01 -4.850875e-01
    outer loop
      vertex   1.478307e+02 8.024899e+00 -7.265941e+00
      vertex   1.478811e+02 8.137658e+00 -7.206888e+00
      vertex   1.478947e+02 8.105343e+00 -7.173850e+00
    endloop
  endfacet
  facet normal 8.587724e-01 -1.111087e-01 -5.001648e-01
    outer loop
      vertex   1.478307e+02 8.024899e+00 -7.265941e+00
      vertex   1.478947e+02 8.105343e+00 -7.173850e+00
      vertex   1.478463e+02 7.987139e+00 -7.230799e+00
    endloop
  endfacet
  facet normal 8.502270e-01 -9.953252e-02 -5.169210e-01
    outer loop
      vertex   1.478463e+02 7.987139e+00 -7.230799e+00
      vertex   1.478947e+02 8.105343e+00 -7.173850e+00
      vertex   1.479103e+02 8.072800e+00 -7.141940e+00
    endloop
  endfacet
  facet normal 8.415124e-01 -7.413010e-02 -5.351276e-01
    outer loop
      vertex   1.478463e+02 7.987139e+00 -7.230799e+00
      vertex   1.479103e+02 8.072800e+00 -7.141940e+00
      vertex   1.478643e+02 7.949046e+00 -7.197206e+00
    endloop
  endfacet
  facet normal 9.376263e-01 -3.002579e-01 -1.752200e-01
    outer loop
      vertex   1.479218e+02 8.493838e+00 -7.295961e+00
      vertex   1.478437e+02 8.331746e+00 -7.436492e+00
      vertex   1.478455e+02 8.360175e+00 -7.475311e+00
    endloop
  endfacet
  facet normal 9.030040e-01 -2.703105e-01 -3.339400e-01
    outer loop
      vertex   1.477923e+02 8.181381e+00 -7.432868e+00
      vertex   1.478464e+02 8.272691e+00 -7.360498e+00
      vertex   1.478510e+02 8.242207e+00 -7.323496e+00
    endloop
  endfacet
  facet normal 9.334694e-01 -2.117696e-01 -2.894625e-01
    outer loop
      vertex   1.478510e+02 8.242207e+00 -7.323496e+00
      vertex   1.478464e+02 8.272691e+00 -7.360498e+00
      vertex   1.479309e+02 8.428553e+00 -7.202130e+00
    endloop
  endfacet
  facet normal 9.289048e-01 -1.921661e-01 -3.165565e-01
    outer loop
      vertex   1.478510e+02 8.242207e+00 -7.323496e+00
      vertex   1.479309e+02 8.428553e+00 -7.202130e+00
      vertex   1.479367e+02 8.406260e+00 -7.171600e+00
    endloop
  endfacet
  facet normal 9.509400e-01 -1.344816e-01 -2.786175e-01
    outer loop
      vertex   1.479367e+02 8.406260e+00 -7.171600e+00
      vertex   1.479309e+02 8.428553e+00 -7.202130e+00
      vertex   1.479721e+02 8.529005e+00 -7.109936e+00
    endloop
  endfacet
  facet normal 9.461597e-01 -1.225606e-01 -2.996008e-01
    outer loop
      vertex   1.479367e+02 8.406260e+00 -7.171600e+00
      vertex   1.479721e+02 8.529005e+00 -7.109936e+00
      vertex   1.479785e+02 8.511792e+00 -7.082661e+00
    endloop
  endfacet
  facet normal 9.569343e-01 -8.409497e-02 -2.778573e-01
    outer loop
      vertex   1.479785e+02 8.511792e+00 -7.082661e+00
      vertex   1.479721e+02 8.529005e+00 -7.109936e+00
      vertex   1.479996e+02 8.660805e+00 -7.055090e+00
    endloop
  endfacet
  facet normal 9.564214e-01 -8.367322e-02 -2.797442e-01
    outer loop
      vertex   1.479785e+02 8.511792e+00 -7.082661e+00
      vertex   1.479996e+02 8.660805e+00 -7.055090e+00
      vertex   1.480000e+02 8.641801e+00 -7.048013e+00
    endloop
  endfacet
  facet normal 9.336849e-01 -2.151221e-01 -2.862779e-01
    outer loop
      vertex   1.479309e+02 8.428553e+00 -7.202130e+00
      vertex   1.478464e+02 8.272691e+00 -7.360498e+00
      vertex   1.479265e+02 8.450601e+00 -7.233064e+00
    endloop
  endfacet
  facet normal 9.190623e-01 -1.519415e-01 -3.636457e-01
    outer loop
      vertex   1.478576e+02 8.211178e+00 -7.287273e+00
      vertex   1.479438e+02 8.383757e+00 -7.141519e+00
      vertex   1.478664e+02 8.179677e+00 -7.251917e+00
    endloop
  endfacet
  facet normal 9.141025e-01 -1.411458e-01 -3.801243e-01
    outer loop
      vertex   1.478664e+02 8.179677e+00 -7.251917e+00
      vertex   1.479438e+02 8.383757e+00 -7.141519e+00
      vertex   1.479554e+02 8.353901e+00 -7.102727e+00
    endloop
  endfacet
  facet normal 9.069060e-01 -1.161693e-01 -4.050016e-01
    outer loop
      vertex   1.478664e+02 8.179677e+00 -7.251917e+00
      vertex   1.479554e+02 8.353901e+00 -7.102727e+00
      vertex   1.478811e+02 8.137658e+00 -7.206888e+00
    endloop
  endfacet
  facet normal 9.042366e-01 -1.118185e-01 -4.121321e-01
    outer loop
      vertex   1.478811e+02 8.137658e+00 -7.206888e+00
      vertex   1.479554e+02 8.353901e+00 -7.102727e+00
      vertex   1.479657e+02 8.331035e+00 -7.073857e+00
    endloop
  endfacet
  facet normal 8.909340e-01 -8.227920e-02 -4.466170e-01
    outer loop
      vertex   1.478811e+02 8.137658e+00 -7.206888e+00
      vertex   1.479657e+02 8.331035e+00 -7.073857e+00
      vertex   1.478947e+02 8.105343e+00 -7.173850e+00
    endloop
  endfacet
  facet normal 8.941855e-01 -8.656653e-02 -4.392478e-01
    outer loop
      vertex   1.478947e+02 8.105343e+00 -7.173850e+00
      vertex   1.479657e+02 8.331035e+00 -7.073857e+00
      vertex   1.479774e+02 8.308069e+00 -7.045580e+00
    endloop
  endfacet
  facet normal 8.751479e-01 -5.238112e-02 -4.810119e-01
    outer loop
      vertex   1.478947e+02 8.105343e+00 -7.173850e+00
      vertex   1.479774e+02 8.308069e+00 -7.045580e+00
      vertex   1.479103e+02 8.072800e+00 -7.141940e+00
    endloop
  endfacet
  facet normal 9.571019e-01 -2.853498e-01 -5.031280e-02
    outer loop
      vertex   1.479564e+02 8.645138e+00 -7.307460e+00
      vertex   1.479254e+02 8.556061e+00 -7.392186e+00
      vertex   1.479310e+02 8.582155e+00 -7.434791e+00
    endloop
  endfacet
  facet normal 9.638591e-01 -2.191722e-01 -1.514567e-01
    outer loop
      vertex   1.479569e+02 8.596483e+00 -7.221698e+00
      vertex   1.479218e+02 8.493838e+00 -7.295961e+00
      vertex   1.479216e+02 8.514961e+00 -7.327832e+00
    endloop
  endfacet
  facet normal 9.406824e-01 -2.799971e-01 -1.916201e-01
    outer loop
      vertex   1.479216e+02 8.514961e+00 -7.327832e+00
      vertex   1.479218e+02 8.493838e+00 -7.295961e+00
      vertex   1.478455e+02 8.360175e+00 -7.475311e+00
    endloop
  endfacet
  facet normal 9.648925e-01 -2.079793e-01 -1.603968e-01
    outer loop
      vertex   1.479569e+02 8.596483e+00 -7.221698e+00
      vertex   1.479216e+02 8.514961e+00 -7.327832e+00
      vertex   1.479557e+02 8.612917e+00 -7.250151e+00
    endloop
  endfacet
  facet normal 9.563678e-01 -1.557501e-01 -2.471894e-01
    outer loop
      vertex   1.479309e+02 8.428553e+00 -7.202130e+00
      vertex   1.479265e+02 8.450601e+00 -7.233064e+00
      vertex   1.479667e+02 8.546099e+00 -7.137508e+00
    endloop
  endfacet
  facet normal 9.565515e-01 -1.579356e-01 -2.450827e-01
    outer loop
      vertex   1.479667e+02 8.546099e+00 -7.137508e+00
      vertex   1.479265e+02 8.450601e+00 -7.233064e+00
      vertex   1.479624e+02 8.563055e+00 -7.165346e+00
    endloop
  endfacet
  facet normal 9.688926e-01 -1.134854e-01 -2.199279e-01
    outer loop
      vertex   1.479667e+02 8.546099e+00 -7.137508e+00
      vertex   1.479624e+02 8.563055e+00 -7.165346e+00
      vertex   1.479946e+02 8.672484e+00 -7.080070e+00
    endloop
  endfacet
  facet normal 9.345147e-01 -8.759992e-02 -3.449763e-01
    outer loop
      vertex   1.479438e+02 8.383757e+00 -7.141519e+00
      vertex   1.479885e+02 8.489010e+00 -7.047298e+00
      vertex   1.479554e+02 8.353901e+00 -7.102727e+00
    endloop
  endfacet
  facet normal 9.292982e-01 -7.991947e-02 -3.605798e-01
    outer loop
      vertex   1.479554e+02 8.353901e+00 -7.102727e+00
      vertex   1.479885e+02 8.489010e+00 -7.047298e+00
      vertex   1.479973e+02 8.471593e+00 -7.020821e+00
    endloop
  endfacet
  facet normal 9.225745e-01 -6.363851e-02 -3.805344e-01
    outer loop
      vertex   1.479554e+02 8.353901e+00 -7.102727e+00
      vertex   1.479973e+02 8.471593e+00 -7.020821e+00
      vertex   1.479657e+02 8.331035e+00 -7.073857e+00
    endloop
  endfacet
  facet normal 9.090088e-01 -4.796094e-02 -4.140081e-01
    outer loop
      vertex   1.479657e+02 8.331035e+00 -7.073857e+00
      vertex   1.479973e+02 8.471593e+00 -7.020821e+00
      vertex   1.479774e+02 8.308069e+00 -7.045580e+00
    endloop
  endfacet
  facet normal 9.764504e-01 -2.114107e-01 -4.301288e-02
    outer loop
      vertex   1.479804e+02 8.740810e+00 -7.232895e+00
      vertex   1.479564e+02 8.645138e+00 -7.307460e+00
      vertex   1.479593e+02 8.665795e+00 -7.345331e+00
    endloop
  endfacet
  facet normal 9.648002e-01 -2.542428e-01 -6.723935e-02
    outer loop
      vertex   1.479593e+02 8.665795e+00 -7.345331e+00
      vertex   1.479564e+02 8.645138e+00 -7.307460e+00
      vertex   1.479310e+02 8.582155e+00 -7.434791e+00
    endloop
  endfacet
  facet normal 9.807302e-01 -1.855830e-01 -6.105132e-02
    outer loop
      vertex   1.479811e+02 8.755265e+00 -7.266794e+00
      vertex   1.479804e+02 8.740810e+00 -7.232895e+00
      vertex   1.479593e+02 8.665795e+00 -7.345331e+00
    endloop
  endfacet
  facet normal 9.778822e-01 -1.608357e-01 -1.337099e-01
    outer loop
      vertex   1.479840e+02 8.707075e+00 -7.155971e+00
      vertex   1.479569e+02 8.596483e+00 -7.221698e+00
      vertex   1.479557e+02 8.612917e+00 -7.250151e+00
    endloop
  endfacet
  facet normal 9.780423e-01 -1.518279e-01 -1.427638e-01
    outer loop
      vertex   1.479840e+02 8.707075e+00 -7.155971e+00
      vertex   1.479557e+02 8.612917e+00 -7.250151e+00
      vertex   1.479821e+02 8.718427e+00 -7.181525e+00
    endloop
  endfacet
  facet normal 9.728356e-01 -1.276695e-01 -1.931095e-01
    outer loop
      vertex   1.479903e+02 8.684094e+00 -7.105223e+00
      vertex   1.479591e+02 8.579856e+00 -7.193419e+00
      vertex   1.479868e+02 8.695628e+00 -7.130530e+00
    endloop
  endfacet
  facet normal 9.637131e-01 -9.777199e-02 -2.483903e-01
    outer loop
      vertex   1.479996e+02 8.660805e+00 -7.055090e+00
      vertex   1.479721e+02 8.529005e+00 -7.109936e+00
      vertex   1.479667e+02 8.546099e+00 -7.137508e+00
    endloop
  endfacet
  facet normal 9.518426e-01 -1.404390e-01 -2.725300e-01
    outer loop
      vertex   1.479667e+02 8.546099e+00 -7.137508e+00
      vertex   1.479721e+02 8.529005e+00 -7.109936e+00
      vertex   1.479309e+02 8.428553e+00 -7.202130e+00
    endloop
  endfacet
  facet normal 9.647511e-01 -1.023369e-01 -2.424511e-01
    outer loop
      vertex   1.479996e+02 8.660805e+00 -7.055090e+00
      vertex   1.479667e+02 8.546099e+00 -7.137508e+00
      vertex   1.479946e+02 8.672484e+00 -7.080070e+00
    endloop
  endfacet
  facet normal 9.793345e-01 -9.441664e-02 -1.788560e-01
    outer loop
      vertex   1.480000e+02 8.737249e+00 -7.080048e+00
      vertex   1.479903e+02 8.684094e+00 -7.105223e+00
      vertex   1.479868e+02 8.695628e+00 -7.130530e+00
    endloop
  endfacet
  facet normal 9.972074e-01 -6.201726e-02 -4.160905e-02
    outer loop
      vertex   1.480000e+02 8.900496e+00 -7.171385e+00
      vertex   1.479962e+02 8.843994e+00 -7.178173e+00
      vertex   1.479954e+02 8.851488e+00 -7.209253e+00
    endloop
  endfacet
  facet normal -1.000000e+00 -0.000000e+00 -0.000000e+00
    outer loop
      vertex   7.562282e+01 5.491312e+01 -9.873453e+00
      vertex   7.562282e+01 5.499674e+01 -1.000000e+01
      vertex   7.562282e+01 5.287019e+01 -9.471252e+00
    endloop
  endfacet
  facet normal -1.000000e+00 0.000000e+00 -0.000000e+00
    outer loop
      vertex   7.562282e+01 5.287019e+01 -9.471252e+00
      vertex   7.562282e+01 5.499674e+01 -1.000000e+01
      vertex   7.562282e+01 5.000000e+00 -1.000000e+01
    endloop
  endfacet
  facet normal -1.000000e+00 -0.000000e+00 0.000000e+00
    outer loop
      vertex   7.562282e+01 5.287019e+01 -9.471252e+00
      vertex   7.562282e+01 5.000000e+00 -1.000000e+01
      vertex   7.562282e+01 7.126550e+00 -9.471252e+00
    endloop
  endfacet
  facet normal -1.000000e+00 0.000000e+00 0.000000e+00
    outer loop
      vertex   7.562282e+01 7.126550e+00 -9.471252e+00
      vertex   7.562282e+01 5.000000e+00 -1.000000e+01
      vertex   7.562282e+01 5.083622e+00 -9.873453e+00
    endloop
  endfacet
  facet normal -1.000000e+00 0.000000e+00 0.000000e+00
    outer loop
      vertex   7.562282e+01 7.126550e+00 -9.471252e+00
      vertex   7.562282e+01 5.083622e+00 -9.873453e+00
      vertex   7.562282e+01 6.952902e+00 -9.486445e+00
    endloop
  endfacet
  facet normal -1.000000e+00 0.000000e+00 0.000000e+00
    outer loop
      vertex   7.562282e+01 6.952902e+00 -9.486445e+00
      vertex   7.562282e+01 5.083622e+00 -9.873453e+00
      vertex   7.562282e+01 5.185422e+00 -9.761009e+00
    endloop
  endfacet
  facet normal -1.000000e+00 0.000000e+00 0.000000e+00
    outer loop
      vertex   7.562282e+01 6.952902e+00 -9.486445e+00
      vertex   7.562282e+01 5.185422e+00 -9.761009e+00
      vertex   7.562282e+01 5.303057e+00 -9.665255e+00
    endloop
  endfacet
  facet normal -1.000000e+00 0.000000e+00 0.000000e+00
    outer loop
      vertex   7.562282e+01 5.303057e+00 -9.665255e+00
      vertex   7.562282e+01 5.433820e+00 -9.588394e+00
      vertex   7.562282e+01 6.952902e+00 -9.486445e+00
    endloop
  endfacet
  facet normal -1.000000e+00 0.000000e+00 0.000000e+00
    outer loop
      vertex   7.562282e+01 6.952902e+00 -9.486445e+00
      vertex   7.562282e+01 5.433820e+00 -9.588394e+00
      vertex   7.562282e+01 5.574705e+00 -9.532194e+00
    endloop
  endfacet
  facet normal -1.000000e+00 0.000000e+00 0.000000e+00
    outer loop
      vertex   7.562282e+01 6.952902e+00 -9.486445e+00
      vertex   7.562282e+01 5.574705e+00 -9.532194e+00
      vertex   7.562282e+01 5.722468e+00 -9.497948e+00
    endloop
  endfacet
  facet normal -1.000000e+00 0.000000e+00 0.000000e+00
    outer loop
      vertex   7.562282e+01 5.722468e+00 -9.497948e+00
      vertex   7.562282e+01 5.873711e+00 -9.486445e+00
      vertex   7.562282e+01 6.952902e+00 -9.486445e+00
    endloop
  endfacet
  facet normal -1.000000e+00 0.000000e+00 0.000000e+00
    outer loop
      vertex   7.562282e+01 5.287019e+01 -9.471252e+00
      vertex   7.562282e+01 7.126550e+00 -9.471252e+00
      vertex   7.562282e+01 5.270182e+01 -9.426137e+00
    endloop
  endfacet
  facet normal -1.000000e+00 -0.000000e+00 0.000000e+00
    outer loop
      vertex   7.562282e+01 5.270182e+01 -9.426137e+00
      vertex   7.562282e+01 7.126550e+00 -9.471252e+00
      vertex   7.562282e+01 7.294922e+00 -9.426137e+00
    endloop
  endfacet
  facet normal -1.000000e+00 0.000000e+00 0.000000e+00
    outer loop
      vertex   7.562282e+01 5.270182e+01 -9.426137e+00
      vertex   7.562282e+01 7.294922e+00 -9.426137e+00
      vertex   7.562282e+01 5.254384e+01 -9.352470e+00
    endloop
  endfacet
  facet normal -1.000000e+00 -0.000000e+00 0.000000e+00
    outer loop
      vertex   7.562282e+01 5.254384e+01 -9.352470e+00
      vertex   7.562282e+01 7.294922e+00 -9.426137e+00
      vertex   7.562282e+01 7.452902e+00 -9.352470e+00
    endloop
  endfacet
  facet normal -1.000000e+00 0.000000e+00 0.000000e+00
    outer loop
      vertex   7.562282e+01 5.254384e+01 -9.352470e+00
      vertex   7.562282e+01 7.452902e+00 -9.352470e+00
      vertex   7.562282e+01 5.240105e+01 -9.252489e+00
    endloop
  endfacet
  facet normal -1.000000e+00 -0.000000e+00 0.000000e+00
    outer loop
      vertex   7.562282e+01 5.240105e+01 -9.252489e+00
      vertex   7.562282e+01 7.452902e+00 -9.352470e+00
      vertex   7.562282e+01 7.595689e+00 -9.252489e+00
    endloop
  endfacet
  facet normal -1.000000e+00 0.000000e+00 0.000000e+00
    outer loop
      vertex   7.562282e+01 5.240105e+01 -9.252489e+00
      vertex   7.562282e+01 7.595689e+00 -9.252489e+00
      vertex   7.562282e+01 5.227780e+01 -9.129232e+00
    endloop
  endfacet
  facet normal -1.000000e+00 -0.000000e+00 0.000000e+00
    outer loop
      vertex   7.562282e+01 5.227780e+01 -9.129232e+00
      vertex   7.562282e+01 7.595689e+00 -9.252489e+00
      vertex   7.562282e+01 7.718946e+00 -9.129232e+00
    endloop
  endfacet
  facet normal -1.000000e+00 0.000000e+00 0.000000e+00
    outer loop
      vertex   7.562282e+01 5.227780e+01 -9.129232e+00
      vertex   7.562282e+01 7.718946e+00 -9.129232e+00
      vertex   7.562282e+01 5.217781e+01 -8.986445e+00
    endloop
  endfacet
  facet normal -1.000000e+00 -0.000000e+00 0.000000e+00
    outer loop
      vertex   7.562282e+01 5.217781e+01 -8.986445e+00
      vertex   7.562282e+01 7.718946e+00 -9.129232e+00
      vertex   7.562282e+01 7.818927e+00 -8.986445e+00
    endloop
  endfacet
  facet normal -1.000000e+00 0.000000e+00 0.000000e+00
    outer loop
      vertex   7.562282e+01 5.217781e+01 -8.986445e+00
      vertex   7.562282e+01 7.818927e+00 -8.986445e+00
      vertex   7.562282e+01 5.210415e+01 -8.828465e+00
    endloop
  endfacet
  facet normal -1.000000e+00 -0.000000e+00 0.000000e+00
    outer loop
      vertex   7.562282e+01 5.210415e+01 -8.828465e+00
      vertex   7.562282e+01 7.818927e+00 -8.986445e+00
      vertex   7.562282e+01 7.892594e+00 -8.828465e+00
    endloop
  endfacet
  facet normal -1.000000e+00 0.000000e+00 0.000000e+00
    outer loop
      vertex   7.562282e+01 5.210415e+01 -8.828465e+00
      vertex   7.562282e+01 7.892594e+00 -8.828465e+00
      vertex   7.562282e+01 5.205903e+01 -8.660093e+00
    endloop
  endfacet
  facet normal -1.000000e+00 -0.000000e+00 0.000000e+00
    outer loop
      vertex   7.562282e+01 5.205903e+01 -8.660093e+00
      vertex   7.562282e+01 7.892594e+00 -8.828465e+00
      vertex   7.562282e+01 7.937709e+00 -8.660093e+00
    endloop
  endfacet
  facet normal -1.000000e+00 0.000000e+00 0.000000e+00
    outer loop
      vertex   7.562282e+01 5.205903e+01 -8.660093e+00
      vertex   7.562282e+01 7.937709e+00 -8.660093e+00
      vertex   7.562282e+01 5.204384e+01 -8.486445e+00
    endloop
  endfacet
  facet normal -1.000000e+00 -0.000000e+00 0.000000e+00
    outer loop
      vertex   7.562282e+01 5.204384e+01 -8.486445e+00
      vertex   7.562282e+01 7.937709e+00 -8.660093e+00
      vertex   7.562282e+01 7.952902e+00 -8.486445e+00
    endloop
  endfacet
  facet normal -1.000000e+00 0.000000e+00 0.000000e+00
    outer loop
      vertex   7.562282e+01 5.204384e+01 -8.486445e+00
      vertex   7.562282e+01 7.952902e+00 -8.486445e+00
      vertex   7.562282e+01 5.204384e+01 -7.504445e+00
    endloop
  endfacet
  facet normal -1.000000e+00 -0.000000e+00 0.000000e+00
    outer loop
      vertex   7.562282e+01 5.204384e+01 -7.504445e+00
      vertex   7.562282e+01 7.952902e+00 -8.486445e+00
      vertex   7.562282e+01 7.952902e+00 -7.504445e+00
    endloop
  endfacet
  facet normal -1.000000e+00 0.000000e+00 0.000000e+00
    outer loop
      vertex   7.562282e+01 5.204384e+01 -7.504445e+00
      vertex   7.562282e+01 7.952902e+00 -7.504445e+00
      vertex   7.562282e+01 5.499674e+01 -7.000000e+00
    endloop
  endfacet
  facet normal -1.000000e+00 -0.000000e+00 0.000000e+00
    outer loop
      vertex   7.562282e+01 5.499674e+01 -7.000000e+00
      vertex   7.562282e+01 7.952902e+00 -7.504445e+00
      vertex   7.562282e+01 5.000000e+00 -7.000000e+00
    endloop
  endfacet
  facet normal -1.000000e+00 0.000000e+00 0.000000e+00
    outer loop
      vertex   7.562282e+01 5.000000e+00 -7.000000e+00
      vertex   7.562282e+01 7.952902e+00 -7.504445e+00
      vertex   7.562282e+01 5.084014e+00 -7.124494e+00
    endloop
  endfacet
  facet normal -1.000000e+00 0.000000e+00 0.000000e+00
    outer loop
      vertex   7.562282e+01 5.084014e+00 -7.124494e+00
      vertex   7.562282e+01 7.952902e+00 -7.504445e+00
      vertex   7.562282e+01 5.185725e+00 -7.235002e+00
    endloop
  endfacet
  facet normal -1.000000e+00 0.000000e+00 0.000000e+00
    outer loop
      vertex   7.562282e+01 5.185725e+00 -7.235002e+00
      vertex   7.562282e+01 7.952902e+00 -7.504445e+00
      vertex   7.562282e+01 5.302839e+00 -7.329030e+00
    endloop
  endfacet
  facet normal -1.000000e+00 0.000000e+00 0.000000e+00
    outer loop
      vertex   7.562282e+01 5.302839e+00 -7.329030e+00
      vertex   7.562282e+01 7.952902e+00 -7.504445e+00
      vertex   7.562282e+01 5.432715e+00 -7.404458e+00
    endloop
  endfacet
  facet normal -1.000000e+00 0.000000e+00 0.000000e+00
    outer loop
      vertex   7.562282e+01 5.432715e+00 -7.404458e+00
      vertex   7.562282e+01 7.952902e+00 -7.504445e+00
      vertex   7.562282e+01 5.572422e+00 -7.459585e+00
    endloop
  endfacet
  facet normal -1.000000e+00 0.000000e+00 0.000000e+00
    outer loop
      vertex   7.562282e+01 5.572422e+00 -7.459585e+00
      vertex   7.562282e+01 7.952902e+00 -7.504445e+00
      vertex   7.562282e+01 5.868576e+00 -7.504445e+00
    endloop
  endfacet
  facet normal -1.000000e+00 0.000000e+00 0.000000e+00
    outer loop
      vertex   7.562282e+01 5.572422e+00 -7.459585e+00
      vertex   7.562282e+01 5.868576e+00 -7.504445e+00
      vertex   7.562282e+01 5.718810e+00 -7.493166e+00
    endloop
  endfacet
  facet normal -1.000000e+00 0.000000e+00 0.000000e+00
    outer loop
      vertex   7.562282e+01 5.499674e+01 -7.000000e+00
      vertex   7.562282e+01 5.491273e+01 -7.124494e+00
      vertex   7.562282e+01 5.204384e+01 -7.504445e+00
    endloop
  endfacet
  facet normal -1.000000e+00 0.000000e+00 0.000000e+00
    outer loop
      vertex   7.562282e+01 5.204384e+01 -7.504445e+00
      vertex   7.562282e+01 5.491273e+01 -7.124494e+00
      vertex   7.562282e+01 5.481102e+01 -7.235002e+00
    endloop
  endfacet
  facet normal -1.000000e+00 0.000000e+00 0.000000e+00
    outer loop
      vertex   7.562282e+01 5.204384e+01 -7.504445e+00
      vertex   7.562282e+01 5.481102e+01 -7.235002e+00
      vertex   7.562282e+01 5.469390e+01 -7.329030e+00
    endloop
  endfacet
  facet normal -1.000000e+00 0.000000e+00 0.000000e+00
    outer loop
      vertex   7.562282e+01 5.469390e+01 -7.329030e+00
      vertex   7.562282e+01 5.456403e+01 -7.404458e+00
      vertex   7.562282e+01 5.204384e+01 -7.504445e+00
    endloop
  endfacet
  facet normal -1.000000e+00 0.000000e+00 0.000000e+00
    outer loop
      vertex   7.562282e+01 5.204384e+01 -7.504445e+00
      vertex   7.562282e+01 5.456403e+01 -7.404458e+00
      vertex   7.562282e+01 5.442432e+01 -7.459585e+00
    endloop
  endfacet
  facet normal -1.000000e+00 0.000000e+00 0.000000e+00
    outer loop
      vertex   7.562282e+01 5.204384e+01 -7.504445e+00
      vertex   7.562282e+01 5.442432e+01 -7.459585e+00
      vertex   7.562282e+01 5.412817e+01 -7.504445e+00
    endloop
  endfacet
  facet normal -1.000000e+00 0.000000e+00 0.000000e+00
    outer loop
      vertex   7.562282e+01 5.412817e+01 -7.504445e+00
      vertex   7.562282e+01 5.442432e+01 -7.459585e+00
      vertex   7.562282e+01 5.427793e+01 -7.493166e+00
    endloop
  endfacet
  facet normal -1.000000e+00 0.000000e+00 0.000000e+00
    outer loop
      vertex   7.562282e+01 5.287019e+01 -9.471252e+00
      vertex   7.562282e+01 5.304384e+01 -9.486445e+00
      vertex   7.562282e+01 5.491312e+01 -9.873453e+00
    endloop
  endfacet
  facet normal -1.000000e+00 0.000000e+00 0.000000e+00
    outer loop
      vertex   7.562282e+01 5.491312e+01 -9.873453e+00
      vertex   7.562282e+01 5.304384e+01 -9.486445e+00
      vertex   7.562282e+01 5.481132e+01 -9.761009e+00
    endloop
  endfacet
  facet normal -1.000000e+00 0.000000e+00 0.000000e+00
    outer loop
      vertex   7.562282e+01 5.481132e+01 -9.761009e+00
      vertex   7.562282e+01 5.304384e+01 -9.486445e+00
      vertex   7.562282e+01 5.469369e+01 -9.665255e+00
    endloop
  endfacet
  facet normal -1.000000e+00 0.000000e+00 0.000000e+00
    outer loop
      vertex   7.562282e+01 5.469369e+01 -9.665255e+00
      vertex   7.562282e+01 5.304384e+01 -9.486445e+00
      vertex   7.562282e+01 5.456292e+01 -9.588394e+00
    endloop
  endfacet
  facet normal -1.000000e+00 0.000000e+00 0.000000e+00
    outer loop
      vertex   7.562282e+01 5.456292e+01 -9.588394e+00
      vertex   7.562282e+01 5.304384e+01 -9.486445e+00
      vertex   7.562282e+01 5.442204e+01 -9.532194e+00
    endloop
  endfacet
  facet normal -1.000000e+00 0.000000e+00 0.000000e+00
    outer loop
      vertex   7.562282e+01 5.442204e+01 -9.532194e+00
      vertex   7.562282e+01 5.304384e+01 -9.486445e+00
      vertex   7.562282e+01 5.427427e+01 -9.497948e+00
    endloop
  endfacet
  facet normal -1.000000e+00 0.000000e+00 0.000000e+00
    outer loop
      vertex   7.562282e+01 5.427427e+01 -9.497948e+00
      vertex   7.562282e+01 5.304384e+01 -9.486445e+00
      vertex   7.562282e+01 5.412303e+01 -9.486445e+00
    endloop
  endfacet
  facet normal 0.000000e+00 -3.618656e-13 1.000000e+00
    outer loop
      vertex   1.480000e+02 5.499674e+01 -7.000000e+00
      vertex   7.562282e+01 5.499674e+01 -7.000000e+00
      vertex   1.480000e+02 5.175688e+01 -7.000000e+00
    endloop
  endfacet
  facet normal 1.619841e-14 0.000000e+00 1.000000e+00
    outer loop
      vertex   1.480000e+02 5.175688e+01 -7.000000e+00
      vertex   7.562282e+01 5.499674e+01 -7.000000e+00
      vertex   7.562282e+01 5.000000e+00 -7.000000e+00
    endloop
  endfacet
  facet normal 1.619841e-14 0.000000e+00 1.000000e+00
    outer loop
      vertex   1.480000e+02 5.175688e+01 -7.000000e+00
      vertex   7.562282e+01 5.000000e+00 -7.000000e+00
      vertex   1.480000e+02 8.239864e+00 -7.000000e+00
    endloop
  endfacet
  facet normal 0.000000e+00 3.618656e-13 1.000000e+00
    outer loop
      vertex   1.480000e+02 8.239864e+00 -7.000000e+00
      vertex   7.562282e+01 5.000000e+00 -7.000000e+00
      vertex   1.480000e+02 5.000000e+00 -7.000000e+00
    endloop
  endfacet
endsolid
