solid ASCII
  facet normal -0.000000e+00 -7.071068e-01 -7.071068e-01
    outer loop
      vertex   7.084315e+01 1.500000e+00 -1.080000e+02
      vertex   8.284271e-01 1.500000e+00 -1.080000e+02
      vertex   7.084315e+01 3.500000e+00 -1.100000e+02
    endloop
  endfacet
  facet normal -7.624560e-17 -7.071068e-01 -7.071068e-01
    outer loop
      vertex   7.084315e+01 3.500000e+00 -1.100000e+02
      vertex   8.284271e-01 1.500000e+00 -1.080000e+02
      vertex   8.284271e-01 3.500000e+00 -1.100000e+02
    endloop
  endfacet
  facet normal 4.751500e-01 -5.242472e-01 -7.066805e-01
    outer loop
      vertex   7.367157e+01 2.671573e+00 -1.080000e+02
      vertex   7.338072e+01 2.407958e+00 -1.080000e+02
      vertex   7.225736e+01 4.085786e+00 -1.100000e+02
    endloop
  endfacet
  facet normal 4.659785e-01 -5.313466e-01 -7.074849e-01
    outer loop
      vertex   7.225736e+01 4.085786e+00 -1.100000e+02
      vertex   7.338072e+01 2.407958e+00 -1.080000e+02
      vertex   7.206067e+01 3.913293e+00 -1.100000e+02
    endloop
  endfacet
  facet normal 4.217025e-01 -5.686000e-01 -7.063010e-01
    outer loop
      vertex   7.206067e+01 3.913293e+00 -1.100000e+02
      vertex   7.338072e+01 2.407958e+00 -1.080000e+02
      vertex   7.306543e+01 2.174122e+00 -1.080000e+02
    endloop
  endfacet
  facet normal 3.924271e-01 -5.873087e-01 -7.078626e-01
    outer loop
      vertex   7.206067e+01 3.913293e+00 -1.100000e+02
      vertex   7.306543e+01 2.174122e+00 -1.080000e+02
      vertex   7.184315e+01 3.767949e+00 -1.100000e+02
    endloop
  endfacet
  facet normal 3.639393e-01 -6.071961e-01 -7.063010e-01
    outer loop
      vertex   7.184315e+01 3.767949e+00 -1.100000e+02
      vertex   7.306543e+01 2.174122e+00 -1.080000e+02
      vertex   7.272873e+01 1.972315e+00 -1.080000e+02
    endloop
  endfacet
  facet normal 3.125780e-01 -6.338455e-01 -7.074849e-01
    outer loop
      vertex   7.184315e+01 3.767949e+00 -1.100000e+02
      vertex   7.272873e+01 1.972315e+00 -1.080000e+02
      vertex   7.160851e+01 3.652241e+00 -1.100000e+02
    endloop
  endfacet
  facet normal 3.025092e-01 -6.396021e-01 -7.066805e-01
    outer loop
      vertex   7.160851e+01 3.652241e+00 -1.100000e+02
      vertex   7.272873e+01 1.972315e+00 -1.080000e+02
      vertex   7.237388e+01 1.804482e+00 -1.080000e+02
    endloop
  endfacet
  facet normal 2.383606e-01 -6.661733e-01 -7.066805e-01
    outer loop
      vertex   7.160851e+01 3.652241e+00 -1.100000e+02
      vertex   7.237388e+01 1.804482e+00 -1.080000e+02
      vertex   7.200428e+01 1.672239e+00 -1.080000e+02
    endloop
  endfacet
  facet normal 2.271704e-01 -6.692225e-01 -7.074849e-01
    outer loop
      vertex   7.160851e+01 3.652241e+00 -1.100000e+02
      vertex   7.200428e+01 1.672239e+00 -1.080000e+02
      vertex   7.136078e+01 3.568148e+00 -1.100000e+02
    endloop
  endfacet
  facet normal 1.720085e-01 -6.866964e-01 -7.063010e-01
    outer loop
      vertex   7.136078e+01 3.568148e+00 -1.100000e+02
      vertex   7.200428e+01 1.672239e+00 -1.080000e+02
      vertex   7.162351e+01 1.576859e+00 -1.080000e+02
    endloop
  endfacet
  facet normal 1.378021e-01 -6.927779e-01 -7.078626e-01
    outer loop
      vertex   7.136078e+01 3.568148e+00 -1.100000e+02
      vertex   7.162351e+01 1.576859e+00 -1.080000e+02
      vertex   7.110420e+01 3.517110e+00 -1.100000e+02
    endloop
  endfacet
  facet normal 1.038722e-01 -7.002496e-01 -7.063010e-01
    outer loop
      vertex   7.110420e+01 3.517110e+00 -1.100000e+02
      vertex   7.162351e+01 1.576859e+00 -1.080000e+02
      vertex   7.123521e+01 1.519261e+00 -1.080000e+02
    endloop
  endfacet
  facet normal 4.622225e-02 -7.052153e-01 -7.074849e-01
    outer loop
      vertex   7.110420e+01 3.517110e+00 -1.100000e+02
      vertex   7.123521e+01 1.519261e+00 -1.080000e+02
      vertex   7.084315e+01 3.500000e+00 -1.100000e+02
    endloop
  endfacet
  facet normal 3.471699e-02 -7.066805e-01 -7.066805e-01
    outer loop
      vertex   7.084315e+01 3.500000e+00 -1.100000e+02
      vertex   7.123521e+01 1.519261e+00 -1.080000e+02
      vertex   7.084315e+01 1.500000e+00 -1.080000e+02
    endloop
  endfacet
  facet normal 5.000000e-01 -5.000000e-01 -7.071068e-01
    outer loop
      vertex   7.632843e+01 5.328427e+00 -1.080000e+02
      vertex   7.367157e+01 2.671573e+00 -1.080000e+02
      vertex   7.491421e+01 6.742641e+00 -1.100000e+02
    endloop
  endfacet
  facet normal 5.000000e-01 -5.000000e-01 -7.071068e-01
    outer loop
      vertex   7.491421e+01 6.742641e+00 -1.100000e+02
      vertex   7.367157e+01 2.671573e+00 -1.080000e+02
      vertex   7.225736e+01 4.085786e+00 -1.100000e+02
    endloop
  endfacet
  facet normal 7.066805e-01 -3.471699e-02 -7.066805e-01
    outer loop
      vertex   7.750000e+01 8.156854e+00 -1.080000e+02
      vertex   7.748074e+01 7.764786e+00 -1.080000e+02
      vertex   7.550000e+01 8.156854e+00 -1.100000e+02
    endloop
  endfacet
  facet normal 7.052153e-01 -4.622225e-02 -7.074849e-01
    outer loop
      vertex   7.550000e+01 8.156854e+00 -1.100000e+02
      vertex   7.748074e+01 7.764786e+00 -1.080000e+02
      vertex   7.548289e+01 7.895802e+00 -1.100000e+02
    endloop
  endfacet
  facet normal 7.002496e-01 -1.038722e-01 -7.063010e-01
    outer loop
      vertex   7.548289e+01 7.895802e+00 -1.100000e+02
      vertex   7.748074e+01 7.764786e+00 -1.080000e+02
      vertex   7.742314e+01 7.376493e+00 -1.080000e+02
    endloop
  endfacet
  facet normal 6.927779e-01 -1.378021e-01 -7.078626e-01
    outer loop
      vertex   7.548289e+01 7.895802e+00 -1.100000e+02
      vertex   7.742314e+01 7.376493e+00 -1.080000e+02
      vertex   7.543185e+01 7.639216e+00 -1.100000e+02
    endloop
  endfacet
  facet normal 6.866964e-01 -1.720085e-01 -7.063010e-01
    outer loop
      vertex   7.543185e+01 7.639216e+00 -1.100000e+02
      vertex   7.742314e+01 7.376493e+00 -1.080000e+02
      vertex   7.732776e+01 6.995716e+00 -1.080000e+02
    endloop
  endfacet
  facet normal 6.692225e-01 -2.271704e-01 -7.074849e-01
    outer loop
      vertex   7.543185e+01 7.639216e+00 -1.100000e+02
      vertex   7.732776e+01 6.995716e+00 -1.080000e+02
      vertex   7.534776e+01 7.391487e+00 -1.100000e+02
    endloop
  endfacet
  facet normal 6.661733e-01 -2.383606e-01 -7.066805e-01
    outer loop
      vertex   7.534776e+01 7.391487e+00 -1.100000e+02
      vertex   7.732776e+01 6.995716e+00 -1.080000e+02
      vertex   7.719552e+01 6.626121e+00 -1.080000e+02
    endloop
  endfacet
  facet normal 6.396021e-01 -3.025092e-01 -7.066805e-01
    outer loop
      vertex   7.534776e+01 7.391487e+00 -1.100000e+02
      vertex   7.719552e+01 6.626121e+00 -1.080000e+02
      vertex   7.702769e+01 6.271267e+00 -1.080000e+02
    endloop
  endfacet
  facet normal 6.338455e-01 -3.125780e-01 -7.074849e-01
    outer loop
      vertex   7.534776e+01 7.391487e+00 -1.100000e+02
      vertex   7.702769e+01 6.271267e+00 -1.080000e+02
      vertex   7.523205e+01 7.156854e+00 -1.100000e+02
    endloop
  endfacet
  facet normal 6.071961e-01 -3.639393e-01 -7.063010e-01
    outer loop
      vertex   7.523205e+01 7.156854e+00 -1.100000e+02
      vertex   7.702769e+01 6.271267e+00 -1.080000e+02
      vertex   7.682588e+01 5.934573e+00 -1.080000e+02
    endloop
  endfacet
  facet normal 5.873087e-01 -3.924271e-01 -7.078626e-01
    outer loop
      vertex   7.523205e+01 7.156854e+00 -1.100000e+02
      vertex   7.682588e+01 5.934573e+00 -1.080000e+02
      vertex   7.508671e+01 6.939331e+00 -1.100000e+02
    endloop
  endfacet
  facet normal 5.686000e-01 -4.217025e-01 -7.063010e-01
    outer loop
      vertex   7.508671e+01 6.939331e+00 -1.100000e+02
      vertex   7.682588e+01 5.934573e+00 -1.080000e+02
      vertex   7.659204e+01 5.619281e+00 -1.080000e+02
    endloop
  endfacet
  facet normal 5.313466e-01 -4.659785e-01 -7.074849e-01
    outer loop
      vertex   7.508671e+01 6.939331e+00 -1.100000e+02
      vertex   7.659204e+01 5.619281e+00 -1.080000e+02
      vertex   7.491421e+01 6.742641e+00 -1.100000e+02
    endloop
  endfacet
  facet normal 5.242472e-01 -4.751500e-01 -7.066805e-01
    outer loop
      vertex   7.491421e+01 6.742641e+00 -1.100000e+02
      vertex   7.659204e+01 5.619281e+00 -1.080000e+02
      vertex   7.632843e+01 5.328427e+00 -1.080000e+02
    endloop
  endfacet
  facet normal 7.071068e-01 0.000000e+00 -7.071068e-01
    outer loop
      vertex   7.550000e+01 5.484315e+01 -1.100000e+02
      vertex   7.750000e+01 5.484315e+01 -1.080000e+02
      vertex   7.550000e+01 8.156854e+00 -1.100000e+02
    endloop
  endfacet
  facet normal 7.071068e-01 0.000000e+00 -7.071068e-01
    outer loop
      vertex   7.550000e+01 8.156854e+00 -1.100000e+02
      vertex   7.750000e+01 5.484315e+01 -1.080000e+02
      vertex   7.750000e+01 8.156854e+00 -1.080000e+02
    endloop
  endfacet
  facet normal 5.242472e-01 4.751500e-01 -7.066805e-01
    outer loop
      vertex   7.632843e+01 5.767157e+01 -1.080000e+02
      vertex   7.659204e+01 5.738072e+01 -1.080000e+02
      vertex   7.491421e+01 5.625736e+01 -1.100000e+02
    endloop
  endfacet
  facet normal 5.313466e-01 4.659785e-01 -7.074849e-01
    outer loop
      vertex   7.491421e+01 5.625736e+01 -1.100000e+02
      vertex   7.659204e+01 5.738072e+01 -1.080000e+02
      vertex   7.508671e+01 5.606067e+01 -1.100000e+02
    endloop
  endfacet
  facet normal 5.686000e-01 4.217025e-01 -7.063010e-01
    outer loop
      vertex   7.508671e+01 5.606067e+01 -1.100000e+02
      vertex   7.659204e+01 5.738072e+01 -1.080000e+02
      vertex   7.682588e+01 5.706543e+01 -1.080000e+02
    endloop
  endfacet
  facet normal 5.873087e-01 3.924271e-01 -7.078626e-01
    outer loop
      vertex   7.508671e+01 5.606067e+01 -1.100000e+02
      vertex   7.682588e+01 5.706543e+01 -1.080000e+02
      vertex   7.523205e+01 5.584315e+01 -1.100000e+02
    endloop
  endfacet
  facet normal 6.071961e-01 3.639393e-01 -7.063010e-01
    outer loop
      vertex   7.523205e+01 5.584315e+01 -1.100000e+02
      vertex   7.682588e+01 5.706543e+01 -1.080000e+02
      vertex   7.702769e+01 5.672873e+01 -1.080000e+02
    endloop
  endfacet
  facet normal 6.338455e-01 3.125780e-01 -7.074849e-01
    outer loop
      vertex   7.523205e+01 5.584315e+01 -1.100000e+02
      vertex   7.702769e+01 5.672873e+01 -1.080000e+02
      vertex   7.534776e+01 5.560851e+01 -1.100000e+02
    endloop
  endfacet
  facet normal 6.396021e-01 3.025092e-01 -7.066805e-01
    outer loop
      vertex   7.534776e+01 5.560851e+01 -1.100000e+02
      vertex   7.702769e+01 5.672873e+01 -1.080000e+02
      vertex   7.719552e+01 5.637388e+01 -1.080000e+02
    endloop
  endfacet
  facet normal 6.661733e-01 2.383606e-01 -7.066805e-01
    outer loop
      vertex   7.534776e+01 5.560851e+01 -1.100000e+02
      vertex   7.719552e+01 5.637388e+01 -1.080000e+02
      vertex   7.732776e+01 5.600428e+01 -1.080000e+02
    endloop
  endfacet
  facet normal 6.692225e-01 2.271704e-01 -7.074849e-01
    outer loop
      vertex   7.534776e+01 5.560851e+01 -1.100000e+02
      vertex   7.732776e+01 5.600428e+01 -1.080000e+02
      vertex   7.543185e+01 5.536078e+01 -1.100000e+02
    endloop
  endfacet
  facet normal 6.866964e-01 1.720085e-01 -7.063010e-01
    outer loop
      vertex   7.543185e+01 5.536078e+01 -1.100000e+02
      vertex   7.732776e+01 5.600428e+01 -1.080000e+02
      vertex   7.742314e+01 5.562351e+01 -1.080000e+02
    endloop
  endfacet
  facet normal 6.927779e-01 1.378021e-01 -7.078626e-01
    outer loop
      vertex   7.543185e+01 5.536078e+01 -1.100000e+02
      vertex   7.742314e+01 5.562351e+01 -1.080000e+02
      vertex   7.548289e+01 5.510420e+01 -1.100000e+02
    endloop
  endfacet
  facet normal 7.002496e-01 1.038722e-01 -7.063010e-01
    outer loop
      vertex   7.548289e+01 5.510420e+01 -1.100000e+02
      vertex   7.742314e+01 5.562351e+01 -1.080000e+02
      vertex   7.748074e+01 5.523521e+01 -1.080000e+02
    endloop
  endfacet
  facet normal 7.052153e-01 4.622225e-02 -7.074849e-01
    outer loop
      vertex   7.548289e+01 5.510420e+01 -1.100000e+02
      vertex   7.748074e+01 5.523521e+01 -1.080000e+02
      vertex   7.550000e+01 5.484315e+01 -1.100000e+02
    endloop
  endfacet
  facet normal 7.066805e-01 3.471699e-02 -7.066805e-01
    outer loop
      vertex   7.550000e+01 5.484315e+01 -1.100000e+02
      vertex   7.748074e+01 5.523521e+01 -1.080000e+02
      vertex   7.750000e+01 5.484315e+01 -1.080000e+02
    endloop
  endfacet
  facet normal 5.000000e-01 5.000000e-01 -7.071068e-01
    outer loop
      vertex   7.225736e+01 5.891421e+01 -1.100000e+02
      vertex   7.367157e+01 6.032843e+01 -1.080000e+02
      vertex   7.491421e+01 5.625736e+01 -1.100000e+02
    endloop
  endfacet
  facet normal 5.000000e-01 5.000000e-01 -7.071068e-01
    outer loop
      vertex   7.491421e+01 5.625736e+01 -1.100000e+02
      vertex   7.367157e+01 6.032843e+01 -1.080000e+02
      vertex   7.632843e+01 5.767157e+01 -1.080000e+02
    endloop
  endfacet
  facet normal 3.471699e-02 7.066805e-01 -7.066805e-01
    outer loop
      vertex   7.084315e+01 6.150000e+01 -1.080000e+02
      vertex   7.123521e+01 6.148074e+01 -1.080000e+02
      vertex   7.084315e+01 5.950000e+01 -1.100000e+02
    endloop
  endfacet
  facet normal 4.622225e-02 7.052153e-01 -7.074849e-01
    outer loop
      vertex   7.084315e+01 5.950000e+01 -1.100000e+02
      vertex   7.123521e+01 6.148074e+01 -1.080000e+02
      vertex   7.110420e+01 5.948289e+01 -1.100000e+02
    endloop
  endfacet
  facet normal 1.038722e-01 7.002496e-01 -7.063010e-01
    outer loop
      vertex   7.110420e+01 5.948289e+01 -1.100000e+02
      vertex   7.123521e+01 6.148074e+01 -1.080000e+02
      vertex   7.162351e+01 6.142314e+01 -1.080000e+02
    endloop
  endfacet
  facet normal 1.378021e-01 6.927779e-01 -7.078626e-01
    outer loop
      vertex   7.110420e+01 5.948289e+01 -1.100000e+02
      vertex   7.162351e+01 6.142314e+01 -1.080000e+02
      vertex   7.136078e+01 5.943185e+01 -1.100000e+02
    endloop
  endfacet
  facet normal 1.720085e-01 6.866964e-01 -7.063010e-01
    outer loop
      vertex   7.136078e+01 5.943185e+01 -1.100000e+02
      vertex   7.162351e+01 6.142314e+01 -1.080000e+02
      vertex   7.200428e+01 6.132776e+01 -1.080000e+02
    endloop
  endfacet
  facet normal 2.271704e-01 6.692225e-01 -7.074849e-01
    outer loop
      vertex   7.136078e+01 5.943185e+01 -1.100000e+02
      vertex   7.200428e+01 6.132776e+01 -1.080000e+02
      vertex   7.160851e+01 5.934776e+01 -1.100000e+02
    endloop
  endfacet
  facet normal 2.383606e-01 6.661733e-01 -7.066805e-01
    outer loop
      vertex   7.160851e+01 5.934776e+01 -1.100000e+02
      vertex   7.200428e+01 6.132776e+01 -1.080000e+02
      vertex   7.237388e+01 6.119552e+01 -1.080000e+02
    endloop
  endfacet
  facet normal 3.025092e-01 6.396021e-01 -7.066805e-01
    outer loop
      vertex   7.160851e+01 5.934776e+01 -1.100000e+02
      vertex   7.237388e+01 6.119552e+01 -1.080000e+02
      vertex   7.272873e+01 6.102769e+01 -1.080000e+02
    endloop
  endfacet
  facet normal 3.125780e-01 6.338455e-01 -7.074849e-01
    outer loop
      vertex   7.160851e+01 5.934776e+01 -1.100000e+02
      vertex   7.272873e+01 6.102769e+01 -1.080000e+02
      vertex   7.184315e+01 5.923205e+01 -1.100000e+02
    endloop
  endfacet
  facet normal 3.639393e-01 6.071961e-01 -7.063010e-01
    outer loop
      vertex   7.184315e+01 5.923205e+01 -1.100000e+02
      vertex   7.272873e+01 6.102769e+01 -1.080000e+02
      vertex   7.306543e+01 6.082588e+01 -1.080000e+02
    endloop
  endfacet
  facet normal 3.924271e-01 5.873087e-01 -7.078626e-01
    outer loop
      vertex   7.184315e+01 5.923205e+01 -1.100000e+02
      vertex   7.306543e+01 6.082588e+01 -1.080000e+02
      vertex   7.206067e+01 5.908671e+01 -1.100000e+02
    endloop
  endfacet
  facet normal 4.217025e-01 5.686000e-01 -7.063010e-01
    outer loop
      vertex   7.206067e+01 5.908671e+01 -1.100000e+02
      vertex   7.306543e+01 6.082588e+01 -1.080000e+02
      vertex   7.338072e+01 6.059204e+01 -1.080000e+02
    endloop
  endfacet
  facet normal 4.659785e-01 5.313466e-01 -7.074849e-01
    outer loop
      vertex   7.206067e+01 5.908671e+01 -1.100000e+02
      vertex   7.338072e+01 6.059204e+01 -1.080000e+02
      vertex   7.225736e+01 5.891421e+01 -1.100000e+02
    endloop
  endfacet
  facet normal 4.751500e-01 5.242472e-01 -7.066805e-01
    outer loop
      vertex   7.225736e+01 5.891421e+01 -1.100000e+02
      vertex   7.338072e+01 6.059204e+01 -1.080000e+02
      vertex   7.367157e+01 6.032843e+01 -1.080000e+02
    endloop
  endfacet
  facet normal 0.000000e+00 7.071068e-01 -7.071068e-01
    outer loop
      vertex   7.084315e+01 5.950000e+01 -1.100000e+02
      vertex   8.284271e-01 5.950000e+01 -1.100000e+02
      vertex   7.084315e+01 6.150000e+01 -1.080000e+02
    endloop
  endfacet
  facet normal 0.000000e+00 7.071068e-01 -7.071068e-01
    outer loop
      vertex   7.084315e+01 6.150000e+01 -1.080000e+02
      vertex   8.284271e-01 5.950000e+01 -1.100000e+02
      vertex   8.284271e-01 6.150000e+01 -1.080000e+02
    endloop
  endfacet
  facet normal -5.000000e-01 5.000000e-01 -7.071068e-01
    outer loop
      vertex   -4.414214e+00 5.708579e+01 -1.080000e+02
      vertex   -5.857864e-01 6.091421e+01 -1.080000e+02
      vertex   -3.000000e+00 5.567157e+01 -1.100000e+02
    endloop
  endfacet
  facet normal -5.000000e-01 5.000000e-01 -7.071068e-01
    outer loop
      vertex   -3.000000e+00 5.567157e+01 -1.100000e+02
      vertex   -5.857864e-01 6.091421e+01 -1.080000e+02
      vertex   8.284271e-01 5.950000e+01 -1.100000e+02
    endloop
  endfacet
  facet normal -4.667273e-01 5.322005e-01 -7.063486e-01
    outer loop
      vertex   -5.857864e-01 6.091421e+01 -1.080000e+02
      vertex   -3.890957e-01 6.108671e+01 -1.080000e+02
      vertex   8.284271e-01 5.950000e+01 -1.100000e+02
    endloop
  endfacet
  facet normal -3.932683e-01 5.885675e-01 -7.063486e-01
    outer loop
      vertex   -3.890957e-01 6.108671e+01 -1.080000e+02
      vertex   -1.715729e-01 6.123205e+01 -1.080000e+02
      vertex   8.284271e-01 5.950000e+01 -1.100000e+02
    endloop
  endfacet
  facet normal -3.130803e-01 6.348641e-01 -7.063486e-01
    outer loop
      vertex   -1.715729e-01 6.123205e+01 -1.080000e+02
      vertex   6.306026e-02 6.134776e+01 -1.080000e+02
      vertex   8.284271e-01 5.950000e+01 -1.100000e+02
    endloop
  endfacet
  facet normal -2.275355e-01 6.702979e-01 -7.063486e-01
    outer loop
      vertex   6.306026e-02 6.134776e+01 -1.080000e+02
      vertex   3.107890e-01 6.143185e+01 -1.080000e+02
      vertex   8.284271e-01 5.950000e+01 -1.100000e+02
    endloop
  endfacet
  facet normal -1.380974e-01 6.942628e-01 -7.063486e-01
    outer loop
      vertex   3.107890e-01 6.143185e+01 -1.080000e+02
      vertex   5.673747e-01 6.148289e+01 -1.080000e+02
      vertex   8.284271e-01 5.950000e+01 -1.100000e+02
    endloop
  endfacet
  facet normal -4.629653e-02 7.063486e-01 -7.063486e-01
    outer loop
      vertex   5.673747e-01 6.148289e+01 -1.080000e+02
      vertex   8.284271e-01 6.150000e+01 -1.080000e+02
      vertex   8.284271e-01 5.950000e+01 -1.100000e+02
    endloop
  endfacet
  facet normal -7.071068e-01 -0.000000e+00 -7.071068e-01
    outer loop
      vertex   -5.000000e+00 5.567157e+01 -1.080000e+02
      vertex   -3.000000e+00 5.567157e+01 -1.100000e+02
      vertex   -5.000000e+00 7.328427e+00 -1.080000e+02
    endloop
  endfacet
  facet normal -7.071068e-01 2.078597e-16 -7.071068e-01
    outer loop
      vertex   -5.000000e+00 7.328427e+00 -1.080000e+02
      vertex   -3.000000e+00 5.567157e+01 -1.100000e+02
      vertex   -3.000000e+00 7.328427e+00 -1.100000e+02
    endloop
  endfacet
  facet normal -7.063486e-01 4.629653e-02 -7.063486e-01
    outer loop
      vertex   -5.000000e+00 5.567157e+01 -1.080000e+02
      vertex   -4.982890e+00 5.593263e+01 -1.080000e+02
      vertex   -3.000000e+00 5.567157e+01 -1.100000e+02
    endloop
  endfacet
  facet normal -6.942628e-01 1.380974e-01 -7.063486e-01
    outer loop
      vertex   -4.982890e+00 5.593263e+01 -1.080000e+02
      vertex   -4.931852e+00 5.618921e+01 -1.080000e+02
      vertex   -3.000000e+00 5.567157e+01 -1.100000e+02
    endloop
  endfacet
  facet normal -6.702979e-01 2.275355e-01 -7.063486e-01
    outer loop
      vertex   -4.931852e+00 5.618921e+01 -1.080000e+02
      vertex   -4.847759e+00 5.643694e+01 -1.080000e+02
      vertex   -3.000000e+00 5.567157e+01 -1.100000e+02
    endloop
  endfacet
  facet normal -6.348641e-01 3.130803e-01 -7.063486e-01
    outer loop
      vertex   -4.847759e+00 5.643694e+01 -1.080000e+02
      vertex   -4.732051e+00 5.667157e+01 -1.080000e+02
      vertex   -3.000000e+00 5.567157e+01 -1.100000e+02
    endloop
  endfacet
  facet normal -5.885675e-01 3.932683e-01 -7.063486e-01
    outer loop
      vertex   -4.732051e+00 5.667157e+01 -1.080000e+02
      vertex   -4.586707e+00 5.688910e+01 -1.080000e+02
      vertex   -3.000000e+00 5.567157e+01 -1.100000e+02
    endloop
  endfacet
  facet normal -5.322005e-01 4.667273e-01 -7.063486e-01
    outer loop
      vertex   -4.586707e+00 5.688910e+01 -1.080000e+02
      vertex   -4.414214e+00 5.708579e+01 -1.080000e+02
      vertex   -3.000000e+00 5.567157e+01 -1.100000e+02
    endloop
  endfacet
  facet normal -5.000000e-01 -5.000000e-01 -7.071068e-01
    outer loop
      vertex   8.284271e-01 3.500000e+00 -1.100000e+02
      vertex   -5.857864e-01 2.085786e+00 -1.080000e+02
      vertex   -3.000000e+00 7.328427e+00 -1.100000e+02
    endloop
  endfacet
  facet normal -5.000000e-01 -5.000000e-01 -7.071068e-01
    outer loop
      vertex   -3.000000e+00 7.328427e+00 -1.100000e+02
      vertex   -5.857864e-01 2.085786e+00 -1.080000e+02
      vertex   -4.414214e+00 5.914214e+00 -1.080000e+02
    endloop
  endfacet
  facet normal -5.322005e-01 -4.667273e-01 -7.063486e-01
    outer loop
      vertex   -4.414214e+00 5.914214e+00 -1.080000e+02
      vertex   -4.586707e+00 6.110904e+00 -1.080000e+02
      vertex   -3.000000e+00 7.328427e+00 -1.100000e+02
    endloop
  endfacet
  facet normal -5.885675e-01 -3.932683e-01 -7.063486e-01
    outer loop
      vertex   -4.586707e+00 6.110904e+00 -1.080000e+02
      vertex   -4.732051e+00 6.328427e+00 -1.080000e+02
      vertex   -3.000000e+00 7.328427e+00 -1.100000e+02
    endloop
  endfacet
  facet normal -6.348641e-01 -3.130803e-01 -7.063486e-01
    outer loop
      vertex   -4.732051e+00 6.328427e+00 -1.080000e+02
      vertex   -4.847759e+00 6.563060e+00 -1.080000e+02
      vertex   -3.000000e+00 7.328427e+00 -1.100000e+02
    endloop
  endfacet
  facet normal -6.702979e-01 -2.275355e-01 -7.063486e-01
    outer loop
      vertex   -4.847759e+00 6.563060e+00 -1.080000e+02
      vertex   -4.931852e+00 6.810789e+00 -1.080000e+02
      vertex   -3.000000e+00 7.328427e+00 -1.100000e+02
    endloop
  endfacet
  facet normal -6.942628e-01 -1.380974e-01 -7.063486e-01
    outer loop
      vertex   -4.931852e+00 6.810789e+00 -1.080000e+02
      vertex   -4.982890e+00 7.067375e+00 -1.080000e+02
      vertex   -3.000000e+00 7.328427e+00 -1.100000e+02
    endloop
  endfacet
  facet normal -7.063486e-01 -4.629653e-02 -7.063486e-01
    outer loop
      vertex   -4.982890e+00 7.067375e+00 -1.080000e+02
      vertex   -5.000000e+00 7.328427e+00 -1.080000e+02
      vertex   -3.000000e+00 7.328427e+00 -1.100000e+02
    endloop
  endfacet
  facet normal -4.629653e-02 -7.063486e-01 -7.063486e-01
    outer loop
      vertex   8.284271e-01 1.500000e+00 -1.080000e+02
      vertex   5.673747e-01 1.517110e+00 -1.080000e+02
      vertex   8.284271e-01 3.500000e+00 -1.100000e+02
    endloop
  endfacet
  facet normal -1.380974e-01 -6.942628e-01 -7.063486e-01
    outer loop
      vertex   5.673747e-01 1.517110e+00 -1.080000e+02
      vertex   3.107890e-01 1.568148e+00 -1.080000e+02
      vertex   8.284271e-01 3.500000e+00 -1.100000e+02
    endloop
  endfacet
  facet normal -2.275355e-01 -6.702979e-01 -7.063486e-01
    outer loop
      vertex   3.107890e-01 1.568148e+00 -1.080000e+02
      vertex   6.306026e-02 1.652241e+00 -1.080000e+02
      vertex   8.284271e-01 3.500000e+00 -1.100000e+02
    endloop
  endfacet
  facet normal -3.130803e-01 -6.348641e-01 -7.063486e-01
    outer loop
      vertex   6.306026e-02 1.652241e+00 -1.080000e+02
      vertex   -1.715729e-01 1.767949e+00 -1.080000e+02
      vertex   8.284271e-01 3.500000e+00 -1.100000e+02
    endloop
  endfacet
  facet normal -3.932683e-01 -5.885675e-01 -7.063486e-01
    outer loop
      vertex   -1.715729e-01 1.767949e+00 -1.080000e+02
      vertex   -3.890957e-01 1.913293e+00 -1.080000e+02
      vertex   8.284271e-01 3.500000e+00 -1.100000e+02
    endloop
  endfacet
  facet normal -4.667273e-01 -5.322005e-01 -7.063486e-01
    outer loop
      vertex   -3.890957e-01 1.913293e+00 -1.080000e+02
      vertex   -5.857864e-01 2.085786e+00 -1.080000e+02
      vertex   8.284271e-01 3.500000e+00 -1.100000e+02
    endloop
  endfacet
  facet normal 6.716144e-01 7.409008e-01 6.933473e-16
    outer loop
      vertex   7.367157e+01 6.032843e+01 -1.018273e+02
      vertex   7.367157e+01 6.032843e+01 -1.080000e+02
      vertex   7.338118e+01 6.059166e+01 -1.018095e+02
    endloop
  endfacet
  facet normal 6.715590e-01 7.409511e-01 -4.741349e-06
    outer loop
      vertex   7.338118e+01 6.059166e+01 -1.018095e+02
      vertex   7.367157e+01 6.032843e+01 -1.080000e+02
      vertex   7.338072e+01 6.059204e+01 -1.080000e+02
    endloop
  endfacet
  facet normal 5.958191e-01 8.031187e-01 4.740767e-06
    outer loop
      vertex   7.338118e+01 6.059166e+01 -1.018095e+02
      vertex   7.338072e+01 6.059204e+01 -1.080000e+02
      vertex   7.306592e+01 6.082555e+01 -1.017899e+02
    endloop
  endfacet
  facet normal 5.956993e-01 8.032075e-01 -4.675105e-06
    outer loop
      vertex   7.306592e+01 6.082555e+01 -1.017899e+02
      vertex   7.338072e+01 6.059204e+01 -1.080000e+02
      vertex   7.306543e+01 6.082588e+01 -1.080000e+02
    endloop
  endfacet
  facet normal 5.141805e-01 8.576820e-01 4.673690e-06
    outer loop
      vertex   7.306592e+01 6.082555e+01 -1.017899e+02
      vertex   7.306543e+01 6.082588e+01 -1.080000e+02
      vertex   7.272885e+01 6.102762e+01 -1.017689e+02
    endloop
  endfacet
  facet normal 5.141027e-01 8.577286e-01 -1.036170e-06
    outer loop
      vertex   7.272885e+01 6.102762e+01 -1.017689e+02
      vertex   7.306543e+01 6.082588e+01 -1.080000e+02
      vertex   7.272873e+01 6.102769e+01 -1.080000e+02
    endloop
  endfacet
  facet normal 4.276234e-01 9.039570e-01 1.071279e-06
    outer loop
      vertex   7.272885e+01 6.102762e+01 -1.017689e+02
      vertex   7.272873e+01 6.102769e+01 -1.080000e+02
      vertex   7.237432e+01 6.119534e+01 -1.017467e+02
    endloop
  endfacet
  facet normal 4.275551e-01 9.039893e-01 -3.663690e-06
    outer loop
      vertex   7.237432e+01 6.119534e+01 -1.017467e+02
      vertex   7.272873e+01 6.102769e+01 -1.080000e+02
      vertex   7.237388e+01 6.119552e+01 -1.080000e+02
    endloop
  endfacet
  facet normal 3.370340e-01 9.414925e-01 3.798994e-06
    outer loop
      vertex   7.237432e+01 6.119534e+01 -1.017467e+02
      vertex   7.237388e+01 6.119552e+01 -1.080000e+02
      vertex   7.200499e+01 6.132755e+01 -1.017234e+02
    endloop
  endfacet
  facet normal 3.368899e-01 9.415441e-01 -5.759003e-06
    outer loop
      vertex   7.200499e+01 6.132755e+01 -1.017234e+02
      vertex   7.237388e+01 6.119552e+01 -1.080000e+02
      vertex   7.200428e+01 6.132776e+01 -1.080000e+02
    endloop
  endfacet
  facet normal 2.431070e-01 9.699995e-01 5.786493e-06
    outer loop
      vertex   7.200499e+01 6.132755e+01 -1.017234e+02
      vertex   7.200428e+01 6.132776e+01 -1.080000e+02
      vertex   7.162380e+01 6.142308e+01 -1.016992e+02
    endloop
  endfacet
  facet normal 2.429802e-01 9.700313e-01 -2.351149e-06
    outer loop
      vertex   7.162380e+01 6.142308e+01 -1.016992e+02
      vertex   7.200428e+01 6.132776e+01 -1.080000e+02
      vertex   7.162351e+01 6.142314e+01 -1.080000e+02
    endloop
  endfacet
  facet normal 1.467990e-01 9.891663e-01 2.356334e-06
    outer loop
      vertex   7.162380e+01 6.142308e+01 -1.016992e+02
      vertex   7.162351e+01 6.142314e+01 -1.080000e+02
      vertex   7.123546e+01 6.148071e+01 -1.016744e+02
    endloop
  endfacet
  facet normal 1.467305e-01 9.891765e-01 -1.938688e-06
    outer loop
      vertex   7.123546e+01 6.148071e+01 -1.016744e+02
      vertex   7.162351e+01 6.142314e+01 -1.080000e+02
      vertex   7.123521e+01 6.148074e+01 -1.080000e+02
    endloop
  endfacet
  facet normal 4.909943e-02 9.987939e-01 1.964920e-06
    outer loop
      vertex   7.123546e+01 6.148071e+01 -1.016744e+02
      vertex   7.123521e+01 6.148074e+01 -1.080000e+02
      vertex   7.084315e+01 6.150000e+01 -1.016491e+02
    endloop
  endfacet
  facet normal 4.906767e-02 9.987955e-01 7.575837e-15
    outer loop
      vertex   7.084315e+01 6.150000e+01 -1.016491e+02
      vertex   7.123521e+01 6.148074e+01 -1.080000e+02
      vertex   7.084315e+01 6.150000e+01 -1.080000e+02
    endloop
  endfacet
  facet normal 0.000000e+00 1.000000e+00 -1.690587e-15
    outer loop
      vertex   8.284271e-01 6.150000e+01 -1.080000e+02
      vertex   4.627440e+01 6.150000e+01 -9.959413e+01
      vertex   7.084315e+01 6.150000e+01 -1.080000e+02
    endloop
  endfacet
  facet normal -7.434214e-15 1.000000e+00 -2.341937e-14
    outer loop
      vertex   7.084315e+01 6.150000e+01 -1.080000e+02
      vertex   4.627440e+01 6.150000e+01 -9.959413e+01
      vertex   4.776308e+01 6.150000e+01 -9.976330e+01
    endloop
  endfacet
  facet normal -3.964660e-16 1.000000e+00 -3.698900e-15
    outer loop
      vertex   7.084315e+01 6.150000e+01 -1.080000e+02
      vertex   4.776308e+01 6.150000e+01 -9.976330e+01
      vertex   4.928491e+01 6.150000e+01 -9.992641e+01
    endloop
  endfacet
  facet normal 0.000000e+00 1.000000e+00 0.000000e+00
    outer loop
      vertex   8.284271e-01 6.150000e+01 -7.169242e+01
      vertex   1.002418e+00 6.150000e+01 -7.203363e+01
      vertex   8.284271e-01 6.150000e+01 -1.080000e+02
    endloop
  endfacet
  facet normal 0.000000e+00 1.000000e+00 0.000000e+00
    outer loop
      vertex   8.284271e-01 6.150000e+01 -1.080000e+02
      vertex   1.002418e+00 6.150000e+01 -7.203363e+01
      vertex   1.185858e+00 6.150000e+01 -7.238839e+01
    endloop
  endfacet
  facet normal 0.000000e+00 1.000000e+00 0.000000e+00
    outer loop
      vertex   8.284271e-01 6.150000e+01 -1.080000e+02
      vertex   1.185858e+00 6.150000e+01 -7.238839e+01
      vertex   1.378800e+00 6.150000e+01 -7.275609e+01
    endloop
  endfacet
  facet normal 0.000000e+00 1.000000e+00 0.000000e+00
    outer loop
      vertex   1.378800e+00 6.150000e+01 -7.275609e+01
      vertex   1.581297e+00 6.150000e+01 -7.313614e+01
      vertex   8.284271e-01 6.150000e+01 -1.080000e+02
    endloop
  endfacet
  facet normal 0.000000e+00 1.000000e+00 0.000000e+00
    outer loop
      vertex   8.284271e-01 6.150000e+01 -1.080000e+02
      vertex   1.581297e+00 6.150000e+01 -7.313614e+01
      vertex   1.793402e+00 6.150000e+01 -7.352794e+01
    endloop
  endfacet
  facet normal 0.000000e+00 1.000000e+00 0.000000e+00
    outer loop
      vertex   8.284271e-01 6.150000e+01 -1.080000e+02
      vertex   1.793402e+00 6.150000e+01 -7.352794e+01
      vertex   2.015168e+00 6.150000e+01 -7.393089e+01
    endloop
  endfacet
  facet normal 0.000000e+00 1.000000e+00 0.000000e+00
    outer loop
      vertex   2.015168e+00 6.150000e+01 -7.393089e+01
      vertex   2.246649e+00 6.150000e+01 -7.434439e+01
      vertex   8.284271e-01 6.150000e+01 -1.080000e+02
    endloop
  endfacet
  facet normal 0.000000e+00 1.000000e+00 0.000000e+00
    outer loop
      vertex   8.284271e-01 6.150000e+01 -1.080000e+02
      vertex   2.246649e+00 6.150000e+01 -7.434439e+01
      vertex   2.487897e+00 6.150000e+01 -7.476784e+01
    endloop
  endfacet
  facet normal 2.605768e-14 1.000000e+00 -1.301207e-15
    outer loop
      vertex   8.284271e-01 6.150000e+01 -1.080000e+02
      vertex   2.487897e+00 6.150000e+01 -7.476784e+01
      vertex   2.738965e+00 6.150000e+01 -7.520065e+01
    endloop
  endfacet
  facet normal -2.445306e-14 1.000000e+00 1.641006e-15
    outer loop
      vertex   2.738965e+00 6.150000e+01 -7.520065e+01
      vertex   2.999906e+00 6.150000e+01 -7.564222e+01
      vertex   8.284271e-01 6.150000e+01 -1.080000e+02
    endloop
  endfacet
  facet normal 0.000000e+00 1.000000e+00 0.000000e+00
    outer loop
      vertex   8.284271e-01 6.150000e+01 -1.080000e+02
      vertex   2.999906e+00 6.150000e+01 -7.564222e+01
      vertex   3.270774e+00 6.150000e+01 -7.609193e+01
    endloop
  endfacet
  facet normal 0.000000e+00 1.000000e+00 0.000000e+00
    outer loop
      vertex   8.284271e-01 6.150000e+01 -1.080000e+02
      vertex   3.270774e+00 6.150000e+01 -7.609193e+01
      vertex   3.551622e+00 6.150000e+01 -7.654921e+01
    endloop
  endfacet
  facet normal -6.438488e-14 1.000000e+00 5.574822e-15
    outer loop
      vertex   3.551622e+00 6.150000e+01 -7.654921e+01
      vertex   3.842502e+00 6.150000e+01 -7.701344e+01
      vertex   8.284271e-01 6.150000e+01 -1.080000e+02
    endloop
  endfacet
  facet normal 6.054262e-14 1.000000e+00 -6.576925e-15
    outer loop
      vertex   8.284271e-01 6.150000e+01 -1.080000e+02
      vertex   3.842502e+00 6.150000e+01 -7.701344e+01
      vertex   4.143467e+00 6.150000e+01 -7.748403e+01
    endloop
  endfacet
  facet normal -5.874658e-14 1.000000e+00 6.381815e-15
    outer loop
      vertex   8.284271e-01 6.150000e+01 -1.080000e+02
      vertex   4.143467e+00 6.150000e+01 -7.748403e+01
      vertex   4.454571e+00 6.150000e+01 -7.796039e+01
    endloop
  endfacet
  facet normal 1.782654e-14 1.000000e+00 -2.861484e-15
    outer loop
      vertex   4.454571e+00 6.150000e+01 -7.796039e+01
      vertex   4.775867e+00 6.150000e+01 -7.844190e+01
      vertex   8.284271e-01 6.150000e+01 -1.080000e+02
    endloop
  endfacet
  facet normal -1.851188e-14 1.000000e+00 1.991456e-15
    outer loop
      vertex   8.284271e-01 6.150000e+01 -1.080000e+02
      vertex   4.775867e+00 6.150000e+01 -7.844190e+01
      vertex   5.107407e+00 6.150000e+01 -7.892797e+01
    endloop
  endfacet
  facet normal 5.062508e-14 1.000000e+00 -8.184499e-15
    outer loop
      vertex   8.284271e-01 6.150000e+01 -1.080000e+02
      vertex   5.107407e+00 6.150000e+01 -7.892797e+01
      vertex   5.449245e+00 6.150000e+01 -7.941801e+01
    endloop
  endfacet
  facet normal 8.122685e-15 1.000000e+00 -1.313185e-15
    outer loop
      vertex   5.449245e+00 6.150000e+01 -7.941801e+01
      vertex   6.164025e+00 6.150000e+01 -8.040758e+01
      vertex   8.284271e-01 6.150000e+01 -1.080000e+02
    endloop
  endfacet
  facet normal -2.217604e-14 1.000000e+00 4.545737e-15
    outer loop
      vertex   8.284271e-01 6.150000e+01 -1.080000e+02
      vertex   6.164025e+00 6.150000e+01 -8.040758e+01
      vertex   6.920633e+00 6.150000e+01 -8.140582e+01
    endloop
  endfacet
  facet normal -5.206869e-16 1.000000e+00 -4.150803e-16
    outer loop
      vertex   8.284271e-01 6.150000e+01 -1.080000e+02
      vertex   6.920633e+00 6.150000e+01 -8.140582e+01
      vertex   7.719492e+00 6.150000e+01 -8.240792e+01
    endloop
  endfacet
  facet normal -5.003455e-16 1.000000e+00 -4.205576e-16
    outer loop
      vertex   7.719492e+00 6.150000e+01 -8.240792e+01
      vertex   8.561027e+00 6.150000e+01 -8.340911e+01
      vertex   8.284271e-01 6.150000e+01 -1.080000e+02
    endloop
  endfacet
  facet normal -4.803509e-16 1.000000e+00 -4.268449e-16
    outer loop
      vertex   8.284271e-01 6.150000e+01 -1.080000e+02
      vertex   8.561027e+00 6.150000e+01 -8.340911e+01
      vertex   9.444436e+00 6.150000e+01 -8.440326e+01
    endloop
  endfacet
  facet normal -4.658163e-16 1.000000e+00 -4.321520e-16
    outer loop
      vertex   8.284271e-01 6.150000e+01 -1.080000e+02
      vertex   9.444436e+00 6.150000e+01 -8.440326e+01
      vertex   9.893287e+00 6.150000e+01 -8.488708e+01
    endloop
  endfacet
  facet normal -4.563476e-16 1.000000e+00 -4.358656e-16
    outer loop
      vertex   9.893287e+00 6.150000e+01 -8.488708e+01
      vertex   1.034327e+01 6.150000e+01 -8.535820e+01
      vertex   8.284271e-01 6.150000e+01 -1.080000e+02
    endloop
  endfacet
  facet normal 3.266113e-14 1.000000e+00 -1.435294e-14
    outer loop
      vertex   8.284271e-01 6.150000e+01 -1.080000e+02
      vertex   1.034327e+01 6.150000e+01 -8.535820e+01
      vertex   1.079436e+01 6.150000e+01 -8.581686e+01
    endloop
  endfacet
  facet normal -3.243746e-14 1.000000e+00 1.489307e-14
    outer loop
      vertex   8.284271e-01 6.150000e+01 -1.080000e+02
      vertex   1.079436e+01 6.150000e+01 -8.581686e+01
      vertex   1.124654e+01 6.150000e+01 -8.626329e+01
    endloop
  endfacet
  facet normal -1.117133e-14 1.000000e+00 4.700498e-15
    outer loop
      vertex   1.124654e+01 6.150000e+01 -8.626329e+01
      vertex   1.169980e+01 6.150000e+01 -8.669770e+01
      vertex   8.284271e-01 6.150000e+01 -1.080000e+02
    endloop
  endfacet
  facet normal -6.312120e-16 1.000000e+00 -6.785251e-16
    outer loop
      vertex   8.284271e-01 6.150000e+01 -1.080000e+02
      vertex   1.169980e+01 6.150000e+01 -8.669770e+01
      vertex   1.215410e+01 6.150000e+01 -8.712033e+01
    endloop
  endfacet
  facet normal 3.080638e-14 1.000000e+00 -1.773110e-14
    outer loop
      vertex   8.284271e-01 6.150000e+01 -1.080000e+02
      vertex   1.215410e+01 6.150000e+01 -8.712033e+01
      vertex   1.260945e+01 6.150000e+01 -8.753141e+01
    endloop
  endfacet
  facet normal -3.105345e-14 1.000000e+00 1.787330e-14
    outer loop
      vertex   1.260945e+01 6.150000e+01 -8.753141e+01
      vertex   1.306581e+01 6.150000e+01 -8.793115e+01
      vertex   8.284271e-01 6.150000e+01 -1.080000e+02
    endloop
  endfacet
  facet normal 4.549016e-15 1.000000e+00 -3.836011e-15
    outer loop
      vertex   8.284271e-01 6.150000e+01 -1.080000e+02
      vertex   1.306581e+01 6.150000e+01 -8.793115e+01
      vertex   1.398150e+01 6.150000e+01 -8.869755e+01
    endloop
  endfacet
  facet normal -5.406716e-15 1.000000e+00 2.948024e-15
    outer loop
      vertex   8.284271e-01 6.150000e+01 -1.080000e+02
      vertex   1.398150e+01 6.150000e+01 -8.869755e+01
      vertex   1.490103e+01 6.150000e+01 -8.942135e+01
    endloop
  endfacet
  facet normal -5.439890e-16 1.000000e+00 -7.353031e-16
    outer loop
      vertex   1.490103e+01 6.150000e+01 -8.942135e+01
      vertex   1.582425e+01 6.150000e+01 -9.010436e+01
      vertex   8.284271e-01 6.150000e+01 -1.080000e+02
    endloop
  endfacet
  facet normal 4.322242e-15 1.000000e+00 -4.813010e-15
    outer loop
      vertex   8.284271e-01 6.150000e+01 -1.080000e+02
      vertex   1.582425e+01 6.150000e+01 -9.010436e+01
      vertex   1.675101e+01 6.150000e+01 -9.074840e+01
    endloop
  endfacet
  facet normal -3.354501e-16 1.000000e+00 -5.141334e-16
    outer loop
      vertex   8.284271e-01 6.150000e+01 -1.080000e+02
      vertex   1.675101e+01 6.150000e+01 -9.074840e+01
      vertex   1.768115e+01 6.150000e+01 -9.135528e+01
    endloop
  endfacet
  facet normal -3.227136e-16 1.000000e+00 -5.270291e-16
    outer loop
      vertex   1.768115e+01 6.150000e+01 -9.135528e+01
      vertex   1.861453e+01 6.150000e+01 -9.192681e+01
      vertex   8.284271e-01 6.150000e+01 -1.080000e+02
    endloop
  endfacet
  facet normal -3.105264e-16 1.000000e+00 -5.405151e-16
    outer loop
      vertex   8.284271e-01 6.150000e+01 -1.080000e+02
      vertex   1.861453e+01 6.150000e+01 -9.192681e+01
      vertex   1.955099e+01 6.150000e+01 -9.246481e+01
    endloop
  endfacet
  facet normal -2.988740e-16 1.000000e+00 -5.545582e-16
    outer loop
      vertex   8.284271e-01 6.150000e+01 -1.080000e+02
      vertex   1.955099e+01 6.150000e+01 -9.246481e+01
      vertex   2.049038e+01 6.150000e+01 -9.297109e+01
    endloop
  endfacet
  facet normal 8.789798e-15 1.000000e+00 -1.244504e-14
    outer loop
      vertex   2.049038e+01 6.150000e+01 -9.297109e+01
      vertex   2.143262e+01 6.150000e+01 -9.344749e+01
      vertex   8.284271e-01 6.150000e+01 -1.080000e+02
    endloop
  endfacet
  facet normal -8.913872e-15 1.000000e+00 1.262071e-14
    outer loop
      vertex   8.284271e-01 6.150000e+01 -1.080000e+02
      vertex   2.143262e+01 6.150000e+01 -9.344749e+01
      vertex   2.238646e+01 6.150000e+01 -9.389979e+01
    endloop
  endfacet
  facet normal -2.666717e-16 1.000000e+00 -6.001284e-16
    outer loop
      vertex   8.284271e-01 6.150000e+01 -1.080000e+02
      vertex   2.238646e+01 6.150000e+01 -9.389979e+01
      vertex   2.335880e+01 6.150000e+01 -9.433185e+01
    endloop
  endfacet
  facet normal -2.565858e-16 1.000000e+00 -6.167539e-16
    outer loop
      vertex   2.335880e+01 6.150000e+01 -9.433185e+01
      vertex   2.435032e+01 6.150000e+01 -9.474435e+01
      vertex   8.284271e-01 6.150000e+01 -1.080000e+02
    endloop
  endfacet
  facet normal -2.467882e-16 1.000000e+00 -6.341395e-16
    outer loop
      vertex   8.284271e-01 6.150000e+01 -1.080000e+02
      vertex   2.435032e+01 6.150000e+01 -9.474435e+01
      vertex   2.536173e+01 6.150000e+01 -9.513796e+01
    endloop
  endfacet
  facet normal -2.372748e-16 1.000000e+00 -6.522855e-16
    outer loop
      vertex   8.284271e-01 6.150000e+01 -1.080000e+02
      vertex   2.536173e+01 6.150000e+01 -9.513796e+01
      vertex   2.639372e+01 6.150000e+01 -9.551336e+01
    endloop
  endfacet
  facet normal -4.206539e-15 1.000000e+00 7.474433e-15
    outer loop
      vertex   2.639372e+01 6.150000e+01 -9.551336e+01
      vertex   2.744699e+01 6.150000e+01 -9.587122e+01
      vertex   8.284271e-01 6.150000e+01 -1.080000e+02
    endloop
  endfacet
  facet normal 1.136033e-14 1.000000e+00 -2.668956e-14
    outer loop
      vertex   8.284271e-01 6.150000e+01 -1.080000e+02
      vertex   2.744699e+01 6.150000e+01 -9.587122e+01
      vertex   2.852224e+01 6.150000e+01 -9.621222e+01
    endloop
  endfacet
  facet normal -7.636018e-15 1.000000e+00 1.793980e-14
    outer loop
      vertex   8.284271e-01 6.150000e+01 -1.080000e+02
      vertex   2.852224e+01 6.150000e+01 -9.621222e+01
      vertex   2.962017e+01 6.150000e+01 -9.653703e+01
    endloop
  endfacet
  facet normal 7.284558e-15 1.000000e+00 -1.953647e-14
    outer loop
      vertex   2.962017e+01 6.150000e+01 -9.653703e+01
      vertex   3.074148e+01 6.150000e+01 -9.684633e+01
      vertex   8.284271e-01 6.150000e+01 -1.080000e+02
    endloop
  endfacet
  facet normal -7.343704e-15 1.000000e+00 1.969509e-14
    outer loop
      vertex   8.284271e-01 6.150000e+01 -1.080000e+02
      vertex   3.074148e+01 6.150000e+01 -9.684633e+01
      vertex   3.188686e+01 6.150000e+01 -9.714079e+01
    endloop
  endfacet
  facet normal -3.789449e-15 1.000000e+00 9.529562e-15
    outer loop
      vertex   8.284271e-01 6.150000e+01 -1.080000e+02
      vertex   3.188686e+01 6.150000e+01 -9.714079e+01
      vertex   3.305700e+01 6.150000e+01 -9.742110e+01
    endloop
  endfacet
  facet normal 1.034536e-14 1.000000e+00 -3.353209e-14
    outer loop
      vertex   3.305700e+01 6.150000e+01 -9.742110e+01
      vertex   3.425262e+01 6.150000e+01 -9.768793e+01
      vertex   8.284271e-01 6.150000e+01 -1.080000e+02
    endloop
  endfacet
  facet normal -1.042298e-14 1.000000e+00 3.378368e-14
    outer loop
      vertex   8.284271e-01 6.150000e+01 -1.080000e+02
      vertex   3.425262e+01 6.150000e+01 -9.768793e+01
      vertex   3.547441e+01 6.150000e+01 -9.794194e+01
    endloop
  endfacet
  facet normal 9.992865e-15 1.000000e+00 -3.654074e-14
    outer loop
      vertex   8.284271e-01 6.150000e+01 -1.080000e+02
      vertex   3.547441e+01 6.150000e+01 -9.794194e+01
      vertex   3.672305e+01 6.150000e+01 -9.818383e+01
    endloop
  endfacet
  facet normal -1.006043e-14 1.000000e+00 3.678782e-14
    outer loop
      vertex   3.672305e+01 6.150000e+01 -9.818383e+01
      vertex   3.799926e+01 6.150000e+01 -9.841426e+01
      vertex   8.284271e-01 6.150000e+01 -1.080000e+02
    endloop
  endfacet
  facet normal -2.265311e-16 1.000000e+00 -1.345325e-15
    outer loop
      vertex   8.284271e-01 6.150000e+01 -1.080000e+02
      vertex   3.799926e+01 6.150000e+01 -9.841426e+01
      vertex   3.930373e+01 6.150000e+01 -9.863391e+01
    endloop
  endfacet
  facet normal 3.020877e-15 1.000000e+00 -1.468548e-14
    outer loop
      vertex   8.284271e-01 6.150000e+01 -1.080000e+02
      vertex   3.930373e+01 6.150000e+01 -9.863391e+01
      vertex   4.063716e+01 6.150000e+01 -9.884346e+01
    endloop
  endfacet
  facet normal -1.390808e-16 1.000000e+00 -9.473256e-16
    outer loop
      vertex   4.063716e+01 6.150000e+01 -9.884346e+01
      vertex   4.200024e+01 6.150000e+01 -9.904358e+01
      vertex   8.284271e-01 6.150000e+01 -1.080000e+02
    endloop
  endfacet
  facet normal -1.335762e-16 1.000000e+00 -9.726299e-16
    outer loop
      vertex   8.284271e-01 6.150000e+01 -1.080000e+02
      vertex   4.200024e+01 6.150000e+01 -9.904358e+01
      vertex   4.339368e+01 6.150000e+01 -9.923495e+01
    endloop
  endfacet
  facet normal 6.011285e-15 1.000000e+00 -3.081359e-14
    outer loop
      vertex   8.284271e-01 6.150000e+01 -1.080000e+02
      vertex   4.339368e+01 6.150000e+01 -9.923495e+01
      vertex   4.481816e+01 6.150000e+01 -9.941824e+01
    endloop
  endfacet
  facet normal -6.027056e-15 1.000000e+00 3.089443e-14
    outer loop
      vertex   4.481816e+01 6.150000e+01 -9.941824e+01
      vertex   4.627440e+01 6.150000e+01 -9.959413e+01
      vertex   8.284271e-01 6.150000e+01 -1.080000e+02
    endloop
  endfacet
  facet normal -3.671197e-16 1.000000e+00 -3.620539e-15
    outer loop
      vertex   4.928491e+01 6.150000e+01 -9.992641e+01
      vertex   5.084058e+01 6.150000e+01 -1.000842e+02
      vertex   7.084315e+01 6.150000e+01 -1.080000e+02
    endloop
  endfacet
  facet normal 1.736992e-14 1.000000e+00 4.119923e-14
    outer loop
      vertex   7.084315e+01 6.150000e+01 -1.080000e+02
      vertex   5.084058e+01 6.150000e+01 -1.000842e+02
      vertex   5.243078e+01 6.150000e+01 -1.002372e+02
    endloop
  endfacet
  facet normal -1.679976e-14 1.000000e+00 -3.984690e-14
    outer loop
      vertex   7.084315e+01 6.150000e+01 -1.080000e+02
      vertex   5.243078e+01 6.150000e+01 -1.002372e+02
      vertex   5.405223e+01 6.150000e+01 -1.003859e+02
    endloop
  endfacet
  facet normal 5.059841e-15 1.000000e+00 8.358543e-15
    outer loop
      vertex   5.405223e+01 6.150000e+01 -1.003859e+02
      vertex   5.569440e+01 6.150000e+01 -1.005299e+02
      vertex   7.084315e+01 6.150000e+01 -1.080000e+02
    endloop
  endfacet
  facet normal 4.980145e-15 1.000000e+00 8.196927e-15
    outer loop
      vertex   7.084315e+01 6.150000e+01 -1.080000e+02
      vertex   5.569440e+01 6.150000e+01 -1.005299e+02
      vertex   5.899701e+01 6.150000e+01 -1.008027e+02
    endloop
  endfacet
  facet normal -1.493368e-14 1.000000e+00 -2.457966e-14
    outer loop
      vertex   7.084315e+01 6.150000e+01 -1.080000e+02
      vertex   5.899701e+01 6.150000e+01 -1.008027e+02
      vertex   6.063552e+01 6.150000e+01 -1.009310e+02
    endloop
  endfacet
  facet normal 4.682575e-15 1.000000e+00 3.746171e-15
    outer loop
      vertex   6.063552e+01 6.150000e+01 -1.009310e+02
      vertex   6.225089e+01 6.150000e+01 -1.010534e+02
      vertex   7.084315e+01 6.150000e+01 -1.080000e+02
    endloop
  endfacet
  facet normal -5.108780e-15 1.000000e+00 -8.364820e-15
    outer loop
      vertex   7.084315e+01 6.150000e+01 -1.080000e+02
      vertex   6.225089e+01 6.150000e+01 -1.010534e+02
      vertex   6.383215e+01 6.150000e+01 -1.011697e+02
    endloop
  endfacet
  facet normal 2.947993e-14 1.000000e+00 2.713913e-14
    outer loop
      vertex   7.084315e+01 6.150000e+01 -1.080000e+02
      vertex   6.383215e+01 6.150000e+01 -1.011697e+02
      vertex   6.460656e+01 6.150000e+01 -1.012255e+02
    endloop
  endfacet
  facet normal -1.996043e-14 1.000000e+00 -1.837552e-14
    outer loop
      vertex   6.460656e+01 6.150000e+01 -1.012255e+02
      vertex   6.536834e+01 6.150000e+01 -1.012796e+02
      vertex   7.084315e+01 6.150000e+01 -1.080000e+02
    endloop
  endfacet
  facet normal -1.572950e-16 1.000000e+00 -2.242734e-15
    outer loop
      vertex   7.084315e+01 6.150000e+01 -1.080000e+02
      vertex   6.536834e+01 6.150000e+01 -1.012796e+02
      vertex   6.611611e+01 6.150000e+01 -1.013321e+02
    endloop
  endfacet
  facet normal 2.025015e-14 1.000000e+00 1.222454e-14
    outer loop
      vertex   7.084315e+01 6.150000e+01 -1.080000e+02
      vertex   6.611611e+01 6.150000e+01 -1.013321e+02
      vertex   6.684850e+01 6.150000e+01 -1.013828e+02
    endloop
  endfacet
  facet normal -2.071331e-14 1.000000e+00 -1.250413e-14
    outer loop
      vertex   6.684850e+01 6.150000e+01 -1.013828e+02
      vertex   6.756414e+01 6.150000e+01 -1.014318e+02
      vertex   7.084315e+01 6.150000e+01 -1.080000e+02
    endloop
  endfacet
  facet normal 2.093402e-14 1.000000e+00 8.287165e-15
    outer loop
      vertex   7.084315e+01 6.150000e+01 -1.080000e+02
      vertex   6.756414e+01 6.150000e+01 -1.014318e+02
      vertex   6.826166e+01 6.150000e+01 -1.014790e+02
    endloop
  endfacet
  facet normal 0.000000e+00 1.000000e+00 0.000000e+00
    outer loop
      vertex   7.084315e+01 6.150000e+01 -1.080000e+02
      vertex   6.826166e+01 6.150000e+01 -1.014790e+02
      vertex   6.893969e+01 6.150000e+01 -1.015243e+02
    endloop
  endfacet
  facet normal -4.410678e-14 1.000000e+00 -1.296472e-14
    outer loop
      vertex   6.893969e+01 6.150000e+01 -1.015243e+02
      vertex   6.959686e+01 6.150000e+01 -1.015678e+02
      vertex   7.084315e+01 6.150000e+01 -1.080000e+02
    endloop
  endfacet
  facet normal 4.504511e-14 1.000000e+00 4.309155e-15
    outer loop
      vertex   7.084315e+01 6.150000e+01 -1.080000e+02
      vertex   6.959686e+01 6.150000e+01 -1.015678e+02
      vertex   7.023181e+01 6.150000e+01 -1.016094e+02
    endloop
  endfacet
  facet normal 0.000000e+00 1.000000e+00 0.000000e+00
    outer loop
      vertex   7.084315e+01 6.150000e+01 -1.080000e+02
      vertex   7.023181e+01 6.150000e+01 -1.016094e+02
      vertex   7.084315e+01 6.150000e+01 -1.016491e+02
    endloop
  endfacet
  facet normal -6.540313e-02 9.978589e-01 2.273904e-17
    outer loop
      vertex   5.673747e-01 6.148289e+01 -1.080000e+02
      vertex   5.673747e-01 6.148289e+01 -1.025714e+02
      vertex   8.284271e-01 6.150000e+01 -1.080000e+02
    endloop
  endfacet
  facet normal -6.540313e-02 9.978589e-01 2.931551e-17
    outer loop
      vertex   8.284271e-01 6.150000e+01 -1.080000e+02
      vertex   5.673747e-01 6.148289e+01 -1.025714e+02
      vertex   5.673747e-01 6.148289e+01 -9.714286e+01
    endloop
  endfacet
  facet normal -6.540313e-02 9.978589e-01 2.687255e-17
    outer loop
      vertex   8.284271e-01 6.150000e+01 -1.080000e+02
      vertex   5.673747e-01 6.148289e+01 -9.714286e+01
      vertex   5.673747e-01 6.148289e+01 -9.171429e+01
    endloop
  endfacet
  facet normal -1.950903e-01 9.807853e-01 7.979770e-17
    outer loop
      vertex   5.673747e-01 6.148289e+01 -9.171429e+01
      vertex   5.673747e-01 6.148289e+01 -9.714286e+01
      vertex   3.107890e-01 6.143185e+01 -9.171429e+01
    endloop
  endfacet
  facet normal -1.950903e-01 9.807853e-01 -2.506476e-15
    outer loop
      vertex   5.673747e-01 6.148289e+01 -9.171429e+01
      vertex   3.107890e-01 6.143185e+01 -9.171429e+01
      vertex   3.107890e-01 6.143185e+01 -8.628571e+01
    endloop
  endfacet
  facet normal -3.214395e-01 9.469301e-01 -2.376968e-15
    outer loop
      vertex   3.107890e-01 6.143185e+01 -8.628571e+01
      vertex   3.107890e-01 6.143185e+01 -9.171429e+01
      vertex   6.306026e-02 6.134776e+01 -8.628571e+01
    endloop
  endfacet
  facet normal -3.214395e-01 9.469301e-01 7.573173e-17
    outer loop
      vertex   3.107890e-01 6.143185e+01 -8.628571e+01
      vertex   6.306026e-02 6.134776e+01 -8.628571e+01
      vertex   6.306026e-02 6.134776e+01 -8.085714e+01
    endloop
  endfacet
  facet normal -4.422887e-01 8.968727e-01 1.017614e-16
    outer loop
      vertex   6.306026e-02 6.134776e+01 -8.085714e+01
      vertex   6.306026e-02 6.134776e+01 -8.628571e+01
      vertex   -1.715729e-01 6.123205e+01 -8.085714e+01
    endloop
  endfacet
  facet normal -4.422887e-01 8.968727e-01 6.840285e-17
    outer loop
      vertex   6.306026e-02 6.134776e+01 -8.085714e+01
      vertex   -1.715729e-01 6.123205e+01 -8.085714e+01
      vertex   -1.715729e-01 6.123205e+01 -7.542857e+01
    endloop
  endfacet
  facet normal -5.555702e-01 8.314696e-01 8.521674e-17
    outer loop
      vertex   -1.715729e-01 6.123205e+01 -7.542857e+01
      vertex   -1.715729e-01 6.123205e+01 -8.085714e+01
      vertex   -3.890957e-01 6.108671e+01 -7.542857e+01
    endloop
  endfacet
  facet normal -5.555702e-01 8.314695e-01 -4.556650e-04
    outer loop
      vertex   -1.715729e-01 6.123205e+01 -7.542857e+01
      vertex   -3.890957e-01 6.108671e+01 -7.542857e+01
      vertex   -2.110048e-01 6.120868e+01 -7.000000e+01
    endloop
  endfacet
  facet normal -5.697802e-01 8.217971e-01 2.278363e-04
    outer loop
      vertex   -2.110048e-01 6.120868e+01 -7.000000e+01
      vertex   -3.890957e-01 6.108671e+01 -7.542857e+01
      vertex   -4.071988e-01 6.107265e+01 -7.000000e+01
    endloop
  endfacet
  facet normal -6.636429e-01 7.480495e-01 -2.761334e-04
    outer loop
      vertex   -4.071988e-01 6.107265e+01 -7.000000e+01
      vertex   -3.890957e-01 6.108671e+01 -7.542857e+01
      vertex   -5.857864e-01 6.091421e+01 -7.000000e+01
    endloop
  endfacet
  facet normal -6.593458e-01 7.518398e-01 3.420143e-17
    outer loop
      vertex   -5.857864e-01 6.091421e+01 -7.000000e+01
      vertex   -3.890957e-01 6.108671e+01 -7.542857e+01
      vertex   -3.890957e-01 6.108671e+01 -8.085714e+01
    endloop
  endfacet
  facet normal -6.593458e-01 7.518398e-01 6.840285e-17
    outer loop
      vertex   -5.857864e-01 6.091421e+01 -7.000000e+01
      vertex   -3.890957e-01 6.108671e+01 -8.085714e+01
      vertex   -3.890957e-01 6.108671e+01 -8.628571e+01
    endloop
  endfacet
  facet normal -5.555702e-01 8.314696e-01 5.681116e-17
    outer loop
      vertex   -3.890957e-01 6.108671e+01 -8.628571e+01
      vertex   -3.890957e-01 6.108671e+01 -8.085714e+01
      vertex   -1.715729e-01 6.123205e+01 -8.628571e+01
    endloop
  endfacet
  facet normal -5.555702e-01 8.314696e-01 6.840285e-17
    outer loop
      vertex   -3.890957e-01 6.108671e+01 -8.628571e+01
      vertex   -1.715729e-01 6.123205e+01 -8.628571e+01
      vertex   -1.715729e-01 6.123205e+01 -9.171429e+01
    endloop
  endfacet
  facet normal -4.422887e-01 8.968727e-01 5.653411e-17
    outer loop
      vertex   -1.715729e-01 6.123205e+01 -9.171429e+01
      vertex   -1.715729e-01 6.123205e+01 -8.628571e+01
      vertex   6.306026e-02 6.134776e+01 -9.171429e+01
    endloop
  endfacet
  facet normal -4.422887e-01 8.968727e-01 9.038948e-17
    outer loop
      vertex   -1.715729e-01 6.123205e+01 -9.171429e+01
      vertex   6.306026e-02 6.134776e+01 -9.171429e+01
      vertex   6.306026e-02 6.134776e+01 -9.714286e+01
    endloop
  endfacet
  facet normal -3.214395e-01 9.469301e-01 6.573912e-17
    outer loop
      vertex   6.306026e-02 6.134776e+01 -9.714286e+01
      vertex   6.306026e-02 6.134776e+01 -9.171429e+01
      vertex   3.107890e-01 6.143185e+01 -9.714286e+01
    endloop
  endfacet
  facet normal -3.214395e-01 9.469301e-01 1.026043e-16
    outer loop
      vertex   6.306026e-02 6.134776e+01 -9.714286e+01
      vertex   3.107890e-01 6.143185e+01 -9.714286e+01
      vertex   3.107890e-01 6.143185e+01 -1.025714e+02
    endloop
  endfacet
  facet normal -1.950903e-01 9.807853e-01 6.184322e-17
    outer loop
      vertex   3.107890e-01 6.143185e+01 -1.025714e+02
      vertex   3.107890e-01 6.143185e+01 -9.714286e+01
      vertex   5.673747e-01 6.148289e+01 -1.025714e+02
    endloop
  endfacet
  facet normal -1.950903e-01 9.807853e-01 6.718137e-17
    outer loop
      vertex   3.107890e-01 6.143185e+01 -1.025714e+02
      vertex   5.673747e-01 6.148289e+01 -1.025714e+02
      vertex   5.673747e-01 6.148289e+01 -1.080000e+02
    endloop
  endfacet
  facet normal -1.950903e-01 9.807853e-01 3.786586e-17
    outer loop
      vertex   5.673747e-01 6.148289e+01 -1.080000e+02
      vertex   3.107890e-01 6.143185e+01 -1.080000e+02
      vertex   3.107890e-01 6.143185e+01 -1.025714e+02
    endloop
  endfacet
  facet normal -3.214395e-01 9.469301e-01 6.245216e-17
    outer loop
      vertex   3.107890e-01 6.143185e+01 -1.025714e+02
      vertex   3.107890e-01 6.143185e+01 -1.080000e+02
      vertex   6.306026e-02 6.134776e+01 -1.025714e+02
    endloop
  endfacet
  facet normal -3.214395e-01 9.469301e-01 6.595989e-17
    outer loop
      vertex   3.107890e-01 6.143185e+01 -1.025714e+02
      vertex   6.306026e-02 6.134776e+01 -1.025714e+02
      vertex   6.306026e-02 6.134776e+01 -9.714286e+01
    endloop
  endfacet
  facet normal -4.422887e-01 8.968727e-01 9.045457e-17
    outer loop
      vertex   6.306026e-02 6.134776e+01 -9.714286e+01
      vertex   6.306026e-02 6.134776e+01 -1.025714e+02
      vertex   -1.715729e-01 6.123205e+01 -9.714286e+01
    endloop
  endfacet
  facet normal -4.422887e-01 8.968727e-01 5.618806e-17
    outer loop
      vertex   6.306026e-02 6.134776e+01 -9.714286e+01
      vertex   -1.715729e-01 6.123205e+01 -9.714286e+01
      vertex   -1.715729e-01 6.123205e+01 -9.171429e+01
    endloop
  endfacet
  facet normal -5.555702e-01 8.314696e-01 7.101395e-17
    outer loop
      vertex   -1.715729e-01 6.123205e+01 -9.171429e+01
      vertex   -1.715729e-01 6.123205e+01 -9.714286e+01
      vertex   -3.890957e-01 6.108671e+01 -9.171429e+01
    endloop
  endfacet
  facet normal -5.555702e-01 8.314696e-01 4.397326e-17
    outer loop
      vertex   -1.715729e-01 6.123205e+01 -9.171429e+01
      vertex   -3.890957e-01 6.108671e+01 -9.171429e+01
      vertex   -3.890957e-01 6.108671e+01 -8.628571e+01
    endloop
  endfacet
  facet normal -6.593458e-01 7.518398e-01 5.393838e-17
    outer loop
      vertex   -3.890957e-01 6.108671e+01 -8.628571e+01
      vertex   -3.890957e-01 6.108671e+01 -9.171429e+01
      vertex   -5.857864e-01 6.091421e+01 -7.000000e+01
    endloop
  endfacet
  facet normal -3.214395e-01 9.469301e-01 7.573173e-17
    outer loop
      vertex   3.107890e-01 6.143185e+01 -1.080000e+02
      vertex   6.306026e-02 6.134776e+01 -1.080000e+02
      vertex   6.306026e-02 6.134776e+01 -1.025714e+02
    endloop
  endfacet
  facet normal -4.422887e-01 8.968727e-01 1.074148e-16
    outer loop
      vertex   6.306026e-02 6.134776e+01 -1.025714e+02
      vertex   6.306026e-02 6.134776e+01 -1.080000e+02
      vertex   -1.715729e-01 6.123205e+01 -1.025714e+02
    endloop
  endfacet
  facet normal -4.422887e-01 8.968727e-01 5.618806e-17
    outer loop
      vertex   6.306026e-02 6.134776e+01 -1.025714e+02
      vertex   -1.715729e-01 6.123205e+01 -1.025714e+02
      vertex   -1.715729e-01 6.123205e+01 -9.714286e+01
    endloop
  endfacet
  facet normal -5.555702e-01 8.314696e-01 7.101395e-17
    outer loop
      vertex   -1.715729e-01 6.123205e+01 -9.714286e+01
      vertex   -1.715729e-01 6.123205e+01 -1.025714e+02
      vertex   -3.890957e-01 6.108671e+01 -9.714286e+01
    endloop
  endfacet
  facet normal -5.555702e-01 8.314696e-01 5.374510e-17
    outer loop
      vertex   -1.715729e-01 6.123205e+01 -9.714286e+01
      vertex   -3.890957e-01 6.108671e+01 -9.714286e+01
      vertex   -3.890957e-01 6.108671e+01 -9.171429e+01
    endloop
  endfacet
  facet normal -6.593458e-01 7.518398e-01 6.742298e-17
    outer loop
      vertex   -3.890957e-01 6.108671e+01 -9.171429e+01
      vertex   -3.890957e-01 6.108671e+01 -9.714286e+01
      vertex   -5.857864e-01 6.091421e+01 -1.080000e+02
    endloop
  endfacet
  facet normal -6.593458e-01 7.518398e-01 -1.535574e-17
    outer loop
      vertex   -3.890957e-01 6.108671e+01 -9.171429e+01
      vertex   -5.857864e-01 6.091421e+01 -1.080000e+02
      vertex   -5.857864e-01 6.091421e+01 -7.000000e+01
    endloop
  endfacet
  facet normal -4.422887e-01 8.968727e-01 2.198663e-17
    outer loop
      vertex   6.306026e-02 6.134776e+01 -1.080000e+02
      vertex   -1.715729e-01 6.123205e+01 -1.080000e+02
      vertex   -1.715729e-01 6.123205e+01 -1.025714e+02
    endloop
  endfacet
  facet normal -5.555702e-01 8.314696e-01 3.124614e-17
    outer loop
      vertex   -1.715729e-01 6.123205e+01 -1.025714e+02
      vertex   -1.715729e-01 6.123205e+01 -1.080000e+02
      vertex   -3.890957e-01 6.108671e+01 -1.025714e+02
    endloop
  endfacet
  facet normal -5.555702e-01 8.314696e-01 3.908734e-17
    outer loop
      vertex   -1.715729e-01 6.123205e+01 -1.025714e+02
      vertex   -3.890957e-01 6.108671e+01 -1.025714e+02
      vertex   -3.890957e-01 6.108671e+01 -9.714286e+01
    endloop
  endfacet
  facet normal -6.593458e-01 7.518398e-01 4.719608e-17
    outer loop
      vertex   -3.890957e-01 6.108671e+01 -9.714286e+01
      vertex   -3.890957e-01 6.108671e+01 -1.025714e+02
      vertex   -5.857864e-01 6.091421e+01 -1.080000e+02
    endloop
  endfacet
  facet normal -5.555702e-01 8.314696e-01 -1.319198e-16
    outer loop
      vertex   -1.715729e-01 6.123205e+01 -1.080000e+02
      vertex   -3.890957e-01 6.108671e+01 -1.080000e+02
      vertex   -3.890957e-01 6.108671e+01 -1.025714e+02
    endloop
  endfacet
  facet normal -6.593458e-01 7.518398e-01 -1.550728e-16
    outer loop
      vertex   -3.890957e-01 6.108671e+01 -1.025714e+02
      vertex   -3.890957e-01 6.108671e+01 -1.080000e+02
      vertex   -5.857864e-01 6.091421e+01 -1.080000e+02
    endloop
  endfacet
  facet normal -4.677987e-01 8.838350e-01 4.073454e-04
    outer loop
      vertex   -2.110048e-01 6.120868e+01 -7.000000e+01
      vertex   1.101296e-14 6.132036e+01 -7.000000e+01
      vertex   -1.715729e-01 6.123205e+01 -7.542857e+01
    endloop
  endfacet
  facet normal -4.422886e-01 8.968726e-01 -6.110013e-04
    outer loop
      vertex   -1.715729e-01 6.123205e+01 -7.542857e+01
      vertex   1.101296e-14 6.132036e+01 -7.000000e+01
      vertex   6.306026e-02 6.134776e+01 -7.542857e+01
    endloop
  endfacet
  facet normal -4.422887e-01 8.968727e-01 9.038948e-17
    outer loop
      vertex   -1.715729e-01 6.123205e+01 -7.542857e+01
      vertex   6.306026e-02 6.134776e+01 -7.542857e+01
      vertex   6.306026e-02 6.134776e+01 -8.085714e+01
    endloop
  endfacet
  facet normal -3.214395e-01 9.469301e-01 6.573912e-17
    outer loop
      vertex   6.306026e-02 6.134776e+01 -8.085714e+01
      vertex   6.306026e-02 6.134776e+01 -7.542857e+01
      vertex   3.107890e-01 6.143185e+01 -8.085714e+01
    endloop
  endfacet
  facet normal -3.214395e-01 9.469301e-01 1.123761e-16
    outer loop
      vertex   6.306026e-02 6.134776e+01 -8.085714e+01
      vertex   3.107890e-01 6.143185e+01 -8.085714e+01
      vertex   3.107890e-01 6.143185e+01 -8.628571e+01
    endloop
  endfacet
  facet normal -1.950903e-01 9.807853e-01 6.782805e-17
    outer loop
      vertex   3.107890e-01 6.143185e+01 -8.628571e+01
      vertex   3.107890e-01 6.143185e+01 -8.085714e+01
      vertex   5.673747e-01 6.148289e+01 -8.628571e+01
    endloop
  endfacet
  facet normal -1.950903e-01 9.807853e-01 8.306061e-17
    outer loop
      vertex   3.107890e-01 6.143185e+01 -8.628571e+01
      vertex   5.673747e-01 6.148289e+01 -8.628571e+01
      vertex   5.673747e-01 6.148289e+01 -9.171429e+01
    endloop
  endfacet
  facet normal -6.540313e-02 9.978589e-01 2.808940e-17
    outer loop
      vertex   5.673747e-01 6.148289e+01 -9.171429e+01
      vertex   5.673747e-01 6.148289e+01 -8.628571e+01
      vertex   8.284271e-01 6.150000e+01 -1.080000e+02
    endloop
  endfacet
  facet normal -3.638350e-01 9.314633e-01 4.749338e-04
    outer loop
      vertex   1.101296e-14 6.132036e+01 -7.000000e+01
      vertex   2.003575e-01 6.139883e+01 -7.041998e+01
      vertex   6.306026e-02 6.134776e+01 -7.542857e+01
    endloop
  endfacet
  facet normal -3.214394e-01 9.469298e-01 -8.449506e-04
    outer loop
      vertex   6.306026e-02 6.134776e+01 -7.542857e+01
      vertex   2.003575e-01 6.139883e+01 -7.041998e+01
      vertex   3.107890e-01 6.143185e+01 -7.542857e+01
    endloop
  endfacet
  facet normal -3.214395e-01 9.469301e-01 1.074902e-16
    outer loop
      vertex   6.306026e-02 6.134776e+01 -7.542857e+01
      vertex   3.107890e-01 6.143185e+01 -7.542857e+01
      vertex   3.107890e-01 6.143185e+01 -8.085714e+01
    endloop
  endfacet
  facet normal -1.950903e-01 9.807853e-01 6.583311e-17
    outer loop
      vertex   3.107890e-01 6.143185e+01 -8.085714e+01
      vertex   3.107890e-01 6.143185e+01 -7.542857e+01
      vertex   5.673747e-01 6.148289e+01 -8.085714e+01
    endloop
  endfacet
  facet normal -1.950903e-01 9.807853e-01 8.306061e-17
    outer loop
      vertex   3.107890e-01 6.143185e+01 -8.085714e+01
      vertex   5.673747e-01 6.148289e+01 -8.085714e+01
      vertex   5.673747e-01 6.148289e+01 -8.628571e+01
    endloop
  endfacet
  facet normal -6.540313e-02 9.978589e-01 2.808940e-17
    outer loop
      vertex   5.673747e-01 6.148289e+01 -8.628571e+01
      vertex   5.673747e-01 6.148289e+01 -8.085714e+01
      vertex   8.284271e-01 6.150000e+01 -1.080000e+02
    endloop
  endfacet
  facet normal -2.617816e-01 9.651270e-01 5.903659e-04
    outer loop
      vertex   2.003575e-01 6.139883e+01 -7.041998e+01
      vertex   4.064122e-01 6.145498e+01 -7.084461e+01
      vertex   3.107890e-01 6.143185e+01 -7.542857e+01
    endloop
  endfacet
  facet normal -1.950902e-01 9.807849e-01 -8.798587e-04
    outer loop
      vertex   3.107890e-01 6.143185e+01 -7.542857e+01
      vertex   4.064122e-01 6.145498e+01 -7.084461e+01
      vertex   5.673747e-01 6.148289e+01 -7.542857e+01
    endloop
  endfacet
  facet normal -1.950903e-01 9.807853e-01 -1.199493e-15
    outer loop
      vertex   3.107890e-01 6.143185e+01 -7.542857e+01
      vertex   5.673747e-01 6.148289e+01 -7.542857e+01
      vertex   5.673747e-01 6.148289e+01 -8.085714e+01
    endloop
  endfacet
  facet normal -1.184188e-01 9.929637e-01 -1.248826e-15
    outer loop
      vertex   5.673747e-01 6.148289e+01 -8.085714e+01
      vertex   5.673747e-01 6.148289e+01 -7.542857e+01
      vertex   6.163657e-01 6.148873e+01 -7.127004e+01
    endloop
  endfacet
  facet normal -8.388401e-02 9.964755e-01 -1.786160e-04
    outer loop
      vertex   5.673747e-01 6.148289e+01 -8.085714e+01
      vertex   6.163657e-01 6.148873e+01 -7.127004e+01
      vertex   8.284271e-01 6.150000e+01 -1.080000e+02
    endloop
  endfacet
  facet normal -5.305936e-02 9.985914e-01 2.741964e-17
    outer loop
      vertex   8.284271e-01 6.150000e+01 -1.080000e+02
      vertex   6.163657e-01 6.148873e+01 -7.127004e+01
      vertex   8.284271e-01 6.150000e+01 -7.169242e+01
    endloop
  endfacet
  facet normal -1.577710e-01 9.874756e-01 4.713120e-04
    outer loop
      vertex   4.064122e-01 6.145498e+01 -7.084461e+01
      vertex   6.163657e-01 6.148873e+01 -7.127004e+01
      vertex   5.673747e-01 6.148289e+01 -7.542857e+01
    endloop
  endfacet
  facet normal -1.950903e-01 9.807853e-01 6.782805e-17
    outer loop
      vertex   3.107890e-01 6.143185e+01 -9.171429e+01
      vertex   5.673747e-01 6.148289e+01 -9.714286e+01
      vertex   3.107890e-01 6.143185e+01 -9.714286e+01
    endloop
  endfacet
  facet normal -1.950903e-01 9.807853e-01 8.672504e-17
    outer loop
      vertex   3.107890e-01 6.143185e+01 -9.714286e+01
      vertex   5.673747e-01 6.148289e+01 -9.714286e+01
      vertex   5.673747e-01 6.148289e+01 -1.025714e+02
    endloop
  endfacet
  facet normal -3.214395e-01 9.469301e-01 6.573912e-17
    outer loop
      vertex   6.306026e-02 6.134776e+01 -8.628571e+01
      vertex   3.107890e-01 6.143185e+01 -9.171429e+01
      vertex   6.306026e-02 6.134776e+01 -9.171429e+01
    endloop
  endfacet
  facet normal -3.214395e-01 9.469301e-01 1.123761e-16
    outer loop
      vertex   6.306026e-02 6.134776e+01 -9.171429e+01
      vertex   3.107890e-01 6.143185e+01 -9.171429e+01
      vertex   3.107890e-01 6.143185e+01 -9.714286e+01
    endloop
  endfacet
  facet normal -4.422887e-01 8.968727e-01 5.653411e-17
    outer loop
      vertex   -1.715729e-01 6.123205e+01 -8.085714e+01
      vertex   6.306026e-02 6.134776e+01 -8.628571e+01
      vertex   -1.715729e-01 6.123205e+01 -8.628571e+01
    endloop
  endfacet
  facet normal -4.422887e-01 8.968727e-01 9.038948e-17
    outer loop
      vertex   -1.715729e-01 6.123205e+01 -8.628571e+01
      vertex   6.306026e-02 6.134776e+01 -8.628571e+01
      vertex   6.306026e-02 6.134776e+01 -9.171429e+01
    endloop
  endfacet
  facet normal -5.555702e-01 8.314696e-01 2.840558e-17
    outer loop
      vertex   -3.890957e-01 6.108671e+01 -7.542857e+01
      vertex   -1.715729e-01 6.123205e+01 -8.085714e+01
      vertex   -3.890957e-01 6.108671e+01 -8.085714e+01
    endloop
  endfacet
  facet normal -5.555702e-01 8.314696e-01 6.840285e-17
    outer loop
      vertex   -3.890957e-01 6.108671e+01 -8.085714e+01
      vertex   -1.715729e-01 6.123205e+01 -8.085714e+01
      vertex   -1.715729e-01 6.123205e+01 -8.628571e+01
    endloop
  endfacet
  facet normal -7.071068e-01 7.071068e-01 -6.610916e-17
    outer loop
      vertex   -4.414214e+00 5.708579e+01 -1.080000e+02
      vertex   -4.414214e+00 5.708579e+01 -7.000000e+01
      vertex   -5.857864e-01 6.091421e+01 -1.080000e+02
    endloop
  endfacet
  facet normal -7.071068e-01 7.071068e-01 -1.652729e-17
    outer loop
      vertex   -5.857864e-01 6.091421e+01 -1.080000e+02
      vertex   -4.414214e+00 5.708579e+01 -7.000000e+01
      vertex   -5.857864e-01 6.091421e+01 -7.000000e+01
    endloop
  endfacet
  facet normal -7.518398e-01 6.593458e-01 0.000000e+00
    outer loop
      vertex   -4.586707e+00 5.688910e+01 -1.080000e+02
      vertex   -4.586707e+00 5.688910e+01 -1.025714e+02
      vertex   -4.414214e+00 5.708579e+01 -1.080000e+02
    endloop
  endfacet
  facet normal -7.518398e-01 6.593458e-01 0.000000e+00
    outer loop
      vertex   -4.414214e+00 5.708579e+01 -1.080000e+02
      vertex   -4.586707e+00 5.688910e+01 -1.025714e+02
      vertex   -4.586707e+00 5.688910e+01 -9.714286e+01
    endloop
  endfacet
  facet normal -7.518398e-01 6.593458e-01 0.000000e+00
    outer loop
      vertex   -4.414214e+00 5.708579e+01 -1.080000e+02
      vertex   -4.586707e+00 5.688910e+01 -9.714286e+01
      vertex   -4.586707e+00 5.688910e+01 -9.171429e+01
    endloop
  endfacet
  facet normal -8.314696e-01 5.555702e-01 0.000000e+00
    outer loop
      vertex   -4.586707e+00 5.688910e+01 -9.171429e+01
      vertex   -4.586707e+00 5.688910e+01 -9.714286e+01
      vertex   -4.732051e+00 5.667157e+01 -9.171429e+01
    endloop
  endfacet
  facet normal -8.314696e-01 5.555702e-01 0.000000e+00
    outer loop
      vertex   -4.586707e+00 5.688910e+01 -9.171429e+01
      vertex   -4.732051e+00 5.667157e+01 -9.171429e+01
      vertex   -4.732051e+00 5.667157e+01 -8.628571e+01
    endloop
  endfacet
  facet normal -8.968727e-01 4.422887e-01 0.000000e+00
    outer loop
      vertex   -4.732051e+00 5.667157e+01 -8.628571e+01
      vertex   -4.732051e+00 5.667157e+01 -9.171429e+01
      vertex   -4.847759e+00 5.643694e+01 -8.628571e+01
    endloop
  endfacet
  facet normal -8.968727e-01 4.422887e-01 0.000000e+00
    outer loop
      vertex   -4.732051e+00 5.667157e+01 -8.628571e+01
      vertex   -4.847759e+00 5.643694e+01 -8.628571e+01
      vertex   -4.847759e+00 5.643694e+01 -8.085714e+01
    endloop
  endfacet
  facet normal -9.469301e-01 3.214395e-01 0.000000e+00
    outer loop
      vertex   -4.847759e+00 5.643694e+01 -8.085714e+01
      vertex   -4.847759e+00 5.643694e+01 -8.628571e+01
      vertex   -4.931852e+00 5.618921e+01 -8.085714e+01
    endloop
  endfacet
  facet normal -9.469301e-01 3.214395e-01 0.000000e+00
    outer loop
      vertex   -4.847759e+00 5.643694e+01 -8.085714e+01
      vertex   -4.931852e+00 5.618921e+01 -8.085714e+01
      vertex   -4.931852e+00 5.618921e+01 -7.542857e+01
    endloop
  endfacet
  facet normal -9.807853e-01 1.950903e-01 0.000000e+00
    outer loop
      vertex   -4.931852e+00 5.618921e+01 -7.542857e+01
      vertex   -4.931852e+00 5.618921e+01 -8.085714e+01
      vertex   -4.982890e+00 5.593263e+01 -7.542857e+01
    endloop
  endfacet
  facet normal -9.807853e-01 1.950903e-01 -1.600138e-16
    outer loop
      vertex   -4.931852e+00 5.618921e+01 -7.542857e+01
      vertex   -4.982890e+00 5.593263e+01 -7.542857e+01
      vertex   -4.982890e+00 5.593263e+01 -7.000000e+01
    endloop
  endfacet
  facet normal -9.978589e-01 6.540313e-02 -1.632615e-16
    outer loop
      vertex   -4.982890e+00 5.593263e+01 -7.000000e+01
      vertex   -4.982890e+00 5.593263e+01 -7.542857e+01
      vertex   -5.000000e+00 5.567157e+01 -7.000000e+01
    endloop
  endfacet
  facet normal -9.978589e-01 6.540313e-02 0.000000e+00
    outer loop
      vertex   -5.000000e+00 5.567157e+01 -7.000000e+01
      vertex   -4.982890e+00 5.593263e+01 -7.542857e+01
      vertex   -4.982890e+00 5.593263e+01 -8.085714e+01
    endloop
  endfacet
  facet normal -9.978589e-01 6.540313e-02 0.000000e+00
    outer loop
      vertex   -5.000000e+00 5.567157e+01 -7.000000e+01
      vertex   -4.982890e+00 5.593263e+01 -8.085714e+01
      vertex   -4.982890e+00 5.593263e+01 -8.628571e+01
    endloop
  endfacet
  facet normal -9.807853e-01 1.950903e-01 0.000000e+00
    outer loop
      vertex   -4.982890e+00 5.593263e+01 -8.628571e+01
      vertex   -4.982890e+00 5.593263e+01 -8.085714e+01
      vertex   -4.931852e+00 5.618921e+01 -8.628571e+01
    endloop
  endfacet
  facet normal -9.807853e-01 1.950903e-01 0.000000e+00
    outer loop
      vertex   -4.982890e+00 5.593263e+01 -8.628571e+01
      vertex   -4.931852e+00 5.618921e+01 -8.628571e+01
      vertex   -4.931852e+00 5.618921e+01 -9.171429e+01
    endloop
  endfacet
  facet normal -9.469301e-01 3.214395e-01 0.000000e+00
    outer loop
      vertex   -4.931852e+00 5.618921e+01 -9.171429e+01
      vertex   -4.931852e+00 5.618921e+01 -8.628571e+01
      vertex   -4.847759e+00 5.643694e+01 -9.171429e+01
    endloop
  endfacet
  facet normal -9.469301e-01 3.214395e-01 0.000000e+00
    outer loop
      vertex   -4.931852e+00 5.618921e+01 -9.171429e+01
      vertex   -4.847759e+00 5.643694e+01 -9.171429e+01
      vertex   -4.847759e+00 5.643694e+01 -9.714286e+01
    endloop
  endfacet
  facet normal -8.968727e-01 4.422887e-01 0.000000e+00
    outer loop
      vertex   -4.847759e+00 5.643694e+01 -9.714286e+01
      vertex   -4.847759e+00 5.643694e+01 -9.171429e+01
      vertex   -4.732051e+00 5.667157e+01 -9.714286e+01
    endloop
  endfacet
  facet normal -8.968727e-01 4.422887e-01 0.000000e+00
    outer loop
      vertex   -4.847759e+00 5.643694e+01 -9.714286e+01
      vertex   -4.732051e+00 5.667157e+01 -9.714286e+01
      vertex   -4.732051e+00 5.667157e+01 -1.025714e+02
    endloop
  endfacet
  facet normal -8.314696e-01 5.555702e-01 0.000000e+00
    outer loop
      vertex   -4.732051e+00 5.667157e+01 -1.025714e+02
      vertex   -4.732051e+00 5.667157e+01 -9.714286e+01
      vertex   -4.586707e+00 5.688910e+01 -1.025714e+02
    endloop
  endfacet
  facet normal -8.314696e-01 5.555702e-01 0.000000e+00
    outer loop
      vertex   -4.732051e+00 5.667157e+01 -1.025714e+02
      vertex   -4.586707e+00 5.688910e+01 -1.025714e+02
      vertex   -4.586707e+00 5.688910e+01 -1.080000e+02
    endloop
  endfacet
  facet normal -8.314696e-01 5.555702e-01 4.055312e-16
    outer loop
      vertex   -4.586707e+00 5.688910e+01 -1.080000e+02
      vertex   -4.732051e+00 5.667157e+01 -1.080000e+02
      vertex   -4.732051e+00 5.667157e+01 -1.025714e+02
    endloop
  endfacet
  facet normal -8.968727e-01 4.422887e-01 4.402169e-16
    outer loop
      vertex   -4.732051e+00 5.667157e+01 -1.025714e+02
      vertex   -4.732051e+00 5.667157e+01 -1.080000e+02
      vertex   -4.847759e+00 5.643694e+01 -1.025714e+02
    endloop
  endfacet
  facet normal -8.968727e-01 4.422887e-01 0.000000e+00
    outer loop
      vertex   -4.732051e+00 5.667157e+01 -1.025714e+02
      vertex   -4.847759e+00 5.643694e+01 -1.025714e+02
      vertex   -4.847759e+00 5.643694e+01 -9.714286e+01
    endloop
  endfacet
  facet normal -9.469301e-01 3.214395e-01 0.000000e+00
    outer loop
      vertex   -4.847759e+00 5.643694e+01 -9.714286e+01
      vertex   -4.847759e+00 5.643694e+01 -1.025714e+02
      vertex   -4.931852e+00 5.618921e+01 -9.714286e+01
    endloop
  endfacet
  facet normal -9.469301e-01 3.214395e-01 0.000000e+00
    outer loop
      vertex   -4.847759e+00 5.643694e+01 -9.714286e+01
      vertex   -4.931852e+00 5.618921e+01 -9.714286e+01
      vertex   -4.931852e+00 5.618921e+01 -9.171429e+01
    endloop
  endfacet
  facet normal -9.807853e-01 1.950903e-01 0.000000e+00
    outer loop
      vertex   -4.931852e+00 5.618921e+01 -9.171429e+01
      vertex   -4.931852e+00 5.618921e+01 -9.714286e+01
      vertex   -4.982890e+00 5.593263e+01 -9.171429e+01
    endloop
  endfacet
  facet normal -9.807853e-01 1.950903e-01 0.000000e+00
    outer loop
      vertex   -4.931852e+00 5.618921e+01 -9.171429e+01
      vertex   -4.982890e+00 5.593263e+01 -9.171429e+01
      vertex   -4.982890e+00 5.593263e+01 -8.628571e+01
    endloop
  endfacet
  facet normal -9.978589e-01 6.540313e-02 0.000000e+00
    outer loop
      vertex   -4.982890e+00 5.593263e+01 -8.628571e+01
      vertex   -4.982890e+00 5.593263e+01 -9.171429e+01
      vertex   -5.000000e+00 5.567157e+01 -7.000000e+01
    endloop
  endfacet
  facet normal -8.968727e-01 4.422887e-01 0.000000e+00
    outer loop
      vertex   -4.732051e+00 5.667157e+01 -1.080000e+02
      vertex   -4.847759e+00 5.643694e+01 -1.080000e+02
      vertex   -4.847759e+00 5.643694e+01 -1.025714e+02
    endloop
  endfacet
  facet normal -9.469301e-01 3.214395e-01 0.000000e+00
    outer loop
      vertex   -4.847759e+00 5.643694e+01 -1.025714e+02
      vertex   -4.847759e+00 5.643694e+01 -1.080000e+02
      vertex   -4.931852e+00 5.618921e+01 -1.025714e+02
    endloop
  endfacet
  facet normal -9.469301e-01 3.214395e-01 0.000000e+00
    outer loop
      vertex   -4.847759e+00 5.643694e+01 -1.025714e+02
      vertex   -4.931852e+00 5.618921e+01 -1.025714e+02
      vertex   -4.931852e+00 5.618921e+01 -9.714286e+01
    endloop
  endfacet
  facet normal -9.807853e-01 1.950903e-01 0.000000e+00
    outer loop
      vertex   -4.931852e+00 5.618921e+01 -9.714286e+01
      vertex   -4.931852e+00 5.618921e+01 -1.025714e+02
      vertex   -4.982890e+00 5.593263e+01 -9.714286e+01
    endloop
  endfacet
  facet normal -9.807853e-01 1.950903e-01 0.000000e+00
    outer loop
      vertex   -4.931852e+00 5.618921e+01 -9.714286e+01
      vertex   -4.982890e+00 5.593263e+01 -9.714286e+01
      vertex   -4.982890e+00 5.593263e+01 -9.171429e+01
    endloop
  endfacet
  facet normal -9.978589e-01 6.540313e-02 0.000000e+00
    outer loop
      vertex   -4.982890e+00 5.593263e+01 -9.171429e+01
      vertex   -4.982890e+00 5.593263e+01 -9.714286e+01
      vertex   -5.000000e+00 5.567157e+01 -1.080000e+02
    endloop
  endfacet
  facet normal -9.978589e-01 6.540313e-02 0.000000e+00
    outer loop
      vertex   -4.982890e+00 5.593263e+01 -9.171429e+01
      vertex   -5.000000e+00 5.567157e+01 -1.080000e+02
      vertex   -5.000000e+00 5.567157e+01 -7.000000e+01
    endloop
  endfacet
  facet normal -9.469301e-01 3.214395e-01 0.000000e+00
    outer loop
      vertex   -4.847759e+00 5.643694e+01 -1.080000e+02
      vertex   -4.931852e+00 5.618921e+01 -1.080000e+02
      vertex   -4.931852e+00 5.618921e+01 -1.025714e+02
    endloop
  endfacet
  facet normal -9.807853e-01 1.950903e-01 0.000000e+00
    outer loop
      vertex   -4.931852e+00 5.618921e+01 -1.025714e+02
      vertex   -4.931852e+00 5.618921e+01 -1.080000e+02
      vertex   -4.982890e+00 5.593263e+01 -1.025714e+02
    endloop
  endfacet
  facet normal -9.807853e-01 1.950903e-01 0.000000e+00
    outer loop
      vertex   -4.931852e+00 5.618921e+01 -1.025714e+02
      vertex   -4.982890e+00 5.593263e+01 -1.025714e+02
      vertex   -4.982890e+00 5.593263e+01 -9.714286e+01
    endloop
  endfacet
  facet normal -9.978589e-01 6.540313e-02 0.000000e+00
    outer loop
      vertex   -4.982890e+00 5.593263e+01 -9.714286e+01
      vertex   -4.982890e+00 5.593263e+01 -1.025714e+02
      vertex   -5.000000e+00 5.567157e+01 -1.080000e+02
    endloop
  endfacet
  facet normal -9.807853e-01 1.950903e-01 1.600138e-16
    outer loop
      vertex   -4.931852e+00 5.618921e+01 -1.080000e+02
      vertex   -4.982890e+00 5.593263e+01 -1.080000e+02
      vertex   -4.982890e+00 5.593263e+01 -1.025714e+02
    endloop
  endfacet
  facet normal -9.978589e-01 6.540313e-02 1.632615e-16
    outer loop
      vertex   -4.982890e+00 5.593263e+01 -1.025714e+02
      vertex   -4.982890e+00 5.593263e+01 -1.080000e+02
      vertex   -5.000000e+00 5.567157e+01 -1.080000e+02
    endloop
  endfacet
  facet normal -9.807853e-01 1.950903e-01 0.000000e+00
    outer loop
      vertex   -4.982890e+00 5.593263e+01 -7.000000e+01
      vertex   -4.931852e+00 5.618921e+01 -7.000000e+01
      vertex   -4.931852e+00 5.618921e+01 -7.542857e+01
    endloop
  endfacet
  facet normal -9.469301e-01 3.214395e-01 0.000000e+00
    outer loop
      vertex   -4.931852e+00 5.618921e+01 -7.542857e+01
      vertex   -4.931852e+00 5.618921e+01 -7.000000e+01
      vertex   -4.847759e+00 5.643694e+01 -7.542857e+01
    endloop
  endfacet
  facet normal -9.469301e-01 3.214395e-01 0.000000e+00
    outer loop
      vertex   -4.931852e+00 5.618921e+01 -7.542857e+01
      vertex   -4.847759e+00 5.643694e+01 -7.542857e+01
      vertex   -4.847759e+00 5.643694e+01 -8.085714e+01
    endloop
  endfacet
  facet normal -8.968727e-01 4.422887e-01 0.000000e+00
    outer loop
      vertex   -4.847759e+00 5.643694e+01 -8.085714e+01
      vertex   -4.847759e+00 5.643694e+01 -7.542857e+01
      vertex   -4.732051e+00 5.667157e+01 -8.085714e+01
    endloop
  endfacet
  facet normal -8.968727e-01 4.422887e-01 0.000000e+00
    outer loop
      vertex   -4.847759e+00 5.643694e+01 -8.085714e+01
      vertex   -4.732051e+00 5.667157e+01 -8.085714e+01
      vertex   -4.732051e+00 5.667157e+01 -8.628571e+01
    endloop
  endfacet
  facet normal -8.314696e-01 5.555702e-01 0.000000e+00
    outer loop
      vertex   -4.732051e+00 5.667157e+01 -8.628571e+01
      vertex   -4.732051e+00 5.667157e+01 -8.085714e+01
      vertex   -4.586707e+00 5.688910e+01 -8.628571e+01
    endloop
  endfacet
  facet normal -8.314696e-01 5.555702e-01 0.000000e+00
    outer loop
      vertex   -4.732051e+00 5.667157e+01 -8.628571e+01
      vertex   -4.586707e+00 5.688910e+01 -8.628571e+01
      vertex   -4.586707e+00 5.688910e+01 -9.171429e+01
    endloop
  endfacet
  facet normal -7.518398e-01 6.593458e-01 0.000000e+00
    outer loop
      vertex   -4.586707e+00 5.688910e+01 -9.171429e+01
      vertex   -4.586707e+00 5.688910e+01 -8.628571e+01
      vertex   -4.414214e+00 5.708579e+01 -1.080000e+02
    endloop
  endfacet
  facet normal -9.469301e-01 3.214395e-01 0.000000e+00
    outer loop
      vertex   -4.931852e+00 5.618921e+01 -7.000000e+01
      vertex   -4.847759e+00 5.643694e+01 -7.000000e+01
      vertex   -4.847759e+00 5.643694e+01 -7.542857e+01
    endloop
  endfacet
  facet normal -8.968727e-01 4.422887e-01 0.000000e+00
    outer loop
      vertex   -4.847759e+00 5.643694e+01 -7.542857e+01
      vertex   -4.847759e+00 5.643694e+01 -7.000000e+01
      vertex   -4.732051e+00 5.667157e+01 -7.542857e+01
    endloop
  endfacet
  facet normal -8.968727e-01 4.422887e-01 0.000000e+00
    outer loop
      vertex   -4.847759e+00 5.643694e+01 -7.542857e+01
      vertex   -4.732051e+00 5.667157e+01 -7.542857e+01
      vertex   -4.732051e+00 5.667157e+01 -8.085714e+01
    endloop
  endfacet
  facet normal -8.314696e-01 5.555702e-01 0.000000e+00
    outer loop
      vertex   -4.732051e+00 5.667157e+01 -8.085714e+01
      vertex   -4.732051e+00 5.667157e+01 -7.542857e+01
      vertex   -4.586707e+00 5.688910e+01 -8.085714e+01
    endloop
  endfacet
  facet normal -8.314696e-01 5.555702e-01 0.000000e+00
    outer loop
      vertex   -4.732051e+00 5.667157e+01 -8.085714e+01
      vertex   -4.586707e+00 5.688910e+01 -8.085714e+01
      vertex   -4.586707e+00 5.688910e+01 -8.628571e+01
    endloop
  endfacet
  facet normal -7.518398e-01 6.593458e-01 0.000000e+00
    outer loop
      vertex   -4.586707e+00 5.688910e+01 -8.628571e+01
      vertex   -4.586707e+00 5.688910e+01 -8.085714e+01
      vertex   -4.414214e+00 5.708579e+01 -7.000000e+01
    endloop
  endfacet
  facet normal -7.518398e-01 6.593458e-01 -7.049682e-17
    outer loop
      vertex   -4.586707e+00 5.688910e+01 -8.628571e+01
      vertex   -4.414214e+00 5.708579e+01 -7.000000e+01
      vertex   -4.414214e+00 5.708579e+01 -1.080000e+02
    endloop
  endfacet
  facet normal -8.968727e-01 4.422887e-01 -4.397326e-16
    outer loop
      vertex   -4.847759e+00 5.643694e+01 -7.000000e+01
      vertex   -4.732051e+00 5.667157e+01 -7.000000e+01
      vertex   -4.732051e+00 5.667157e+01 -7.542857e+01
    endloop
  endfacet
  facet normal -8.314696e-01 5.555702e-01 -4.081148e-16
    outer loop
      vertex   -4.732051e+00 5.667157e+01 -7.542857e+01
      vertex   -4.732051e+00 5.667157e+01 -7.000000e+01
      vertex   -4.586707e+00 5.688910e+01 -7.542857e+01
    endloop
  endfacet
  facet normal -8.314696e-01 5.555702e-01 0.000000e+00
    outer loop
      vertex   -4.732051e+00 5.667157e+01 -7.542857e+01
      vertex   -4.586707e+00 5.688910e+01 -7.542857e+01
      vertex   -4.586707e+00 5.688910e+01 -8.085714e+01
    endloop
  endfacet
  facet normal -7.518398e-01 6.593458e-01 0.000000e+00
    outer loop
      vertex   -4.586707e+00 5.688910e+01 -8.085714e+01
      vertex   -4.586707e+00 5.688910e+01 -7.542857e+01
      vertex   -4.414214e+00 5.708579e+01 -7.000000e+01
    endloop
  endfacet
  facet normal -8.314696e-01 5.555702e-01 0.000000e+00
    outer loop
      vertex   -4.732051e+00 5.667157e+01 -7.000000e+01
      vertex   -4.586707e+00 5.688910e+01 -7.000000e+01
      vertex   -4.586707e+00 5.688910e+01 -7.542857e+01
    endloop
  endfacet
  facet normal -7.518398e-01 6.593458e-01 0.000000e+00
    outer loop
      vertex   -4.586707e+00 5.688910e+01 -7.542857e+01
      vertex   -4.586707e+00 5.688910e+01 -7.000000e+01
      vertex   -4.414214e+00 5.708579e+01 -7.000000e+01
    endloop
  endfacet
  facet normal -8.314696e-01 5.555702e-01 0.000000e+00
    outer loop
      vertex   -4.732051e+00 5.667157e+01 -9.171429e+01
      vertex   -4.586707e+00 5.688910e+01 -9.714286e+01
      vertex   -4.732051e+00 5.667157e+01 -9.714286e+01
    endloop
  endfacet
  facet normal -8.314696e-01 5.555702e-01 0.000000e+00
    outer loop
      vertex   -4.732051e+00 5.667157e+01 -9.714286e+01
      vertex   -4.586707e+00 5.688910e+01 -9.714286e+01
      vertex   -4.586707e+00 5.688910e+01 -1.025714e+02
    endloop
  endfacet
  facet normal -8.968727e-01 4.422887e-01 0.000000e+00
    outer loop
      vertex   -4.847759e+00 5.643694e+01 -8.628571e+01
      vertex   -4.732051e+00 5.667157e+01 -9.171429e+01
      vertex   -4.847759e+00 5.643694e+01 -9.171429e+01
    endloop
  endfacet
  facet normal -8.968727e-01 4.422887e-01 0.000000e+00
    outer loop
      vertex   -4.847759e+00 5.643694e+01 -9.171429e+01
      vertex   -4.732051e+00 5.667157e+01 -9.171429e+01
      vertex   -4.732051e+00 5.667157e+01 -9.714286e+01
    endloop
  endfacet
  facet normal -9.469301e-01 3.214395e-01 0.000000e+00
    outer loop
      vertex   -4.931852e+00 5.618921e+01 -8.085714e+01
      vertex   -4.847759e+00 5.643694e+01 -8.628571e+01
      vertex   -4.931852e+00 5.618921e+01 -8.628571e+01
    endloop
  endfacet
  facet normal -9.469301e-01 3.214395e-01 0.000000e+00
    outer loop
      vertex   -4.931852e+00 5.618921e+01 -8.628571e+01
      vertex   -4.847759e+00 5.643694e+01 -8.628571e+01
      vertex   -4.847759e+00 5.643694e+01 -9.171429e+01
    endloop
  endfacet
  facet normal -9.807853e-01 1.950903e-01 0.000000e+00
    outer loop
      vertex   -4.982890e+00 5.593263e+01 -7.542857e+01
      vertex   -4.931852e+00 5.618921e+01 -8.085714e+01
      vertex   -4.982890e+00 5.593263e+01 -8.085714e+01
    endloop
  endfacet
  facet normal -9.807853e-01 1.950903e-01 0.000000e+00
    outer loop
      vertex   -4.982890e+00 5.593263e+01 -8.085714e+01
      vertex   -4.931852e+00 5.618921e+01 -8.085714e+01
      vertex   -4.931852e+00 5.618921e+01 -8.628571e+01
    endloop
  endfacet
  facet normal -1.000000e+00 0.000000e+00 0.000000e+00
    outer loop
      vertex   -5.000000e+00 7.328427e+00 -1.080000e+02
      vertex   -5.000000e+00 7.328427e+00 -7.000000e+01
      vertex   -5.000000e+00 5.567157e+01 -1.080000e+02
    endloop
  endfacet
  facet normal -1.000000e+00 0.000000e+00 0.000000e+00
    outer loop
      vertex   -5.000000e+00 5.567157e+01 -1.080000e+02
      vertex   -5.000000e+00 7.328427e+00 -7.000000e+01
      vertex   -5.000000e+00 5.567157e+01 -7.000000e+01
    endloop
  endfacet
  facet normal -9.978589e-01 -6.540313e-02 1.632615e-16
    outer loop
      vertex   -4.982890e+00 7.067375e+00 -1.080000e+02
      vertex   -4.982890e+00 7.067375e+00 -1.025714e+02
      vertex   -5.000000e+00 7.328427e+00 -1.080000e+02
    endloop
  endfacet
  facet normal -9.978589e-01 -6.540313e-02 0.000000e+00
    outer loop
      vertex   -5.000000e+00 7.328427e+00 -1.080000e+02
      vertex   -4.982890e+00 7.067375e+00 -1.025714e+02
      vertex   -4.982890e+00 7.067375e+00 -9.714286e+01
    endloop
  endfacet
  facet normal -9.978589e-01 -6.540313e-02 0.000000e+00
    outer loop
      vertex   -5.000000e+00 7.328427e+00 -1.080000e+02
      vertex   -4.982890e+00 7.067375e+00 -9.714286e+01
      vertex   -4.982890e+00 7.067375e+00 -9.171429e+01
    endloop
  endfacet
  facet normal -9.807853e-01 -1.950903e-01 -0.000000e+00
    outer loop
      vertex   -4.982890e+00 7.067375e+00 -9.171429e+01
      vertex   -4.982890e+00 7.067375e+00 -9.714286e+01
      vertex   -4.931852e+00 6.810789e+00 -9.171429e+01
    endloop
  endfacet
  facet normal -9.807853e-01 -1.950903e-01 0.000000e+00
    outer loop
      vertex   -4.982890e+00 7.067375e+00 -9.171429e+01
      vertex   -4.931852e+00 6.810789e+00 -9.171429e+01
      vertex   -4.931852e+00 6.810789e+00 -8.628571e+01
    endloop
  endfacet
  facet normal -9.469301e-01 -3.214395e-01 -0.000000e+00
    outer loop
      vertex   -4.931852e+00 6.810789e+00 -8.628571e+01
      vertex   -4.931852e+00 6.810789e+00 -9.171429e+01
      vertex   -4.847759e+00 6.563060e+00 -8.628571e+01
    endloop
  endfacet
  facet normal -9.469301e-01 -3.214395e-01 0.000000e+00
    outer loop
      vertex   -4.931852e+00 6.810789e+00 -8.628571e+01
      vertex   -4.847759e+00 6.563060e+00 -8.628571e+01
      vertex   -4.847759e+00 6.563060e+00 -8.085714e+01
    endloop
  endfacet
  facet normal -8.968727e-01 -4.422887e-01 -0.000000e+00
    outer loop
      vertex   -4.847759e+00 6.563060e+00 -8.085714e+01
      vertex   -4.847759e+00 6.563060e+00 -8.628571e+01
      vertex   -4.732051e+00 6.328427e+00 -8.085714e+01
    endloop
  endfacet
  facet normal -8.968727e-01 -4.422887e-01 0.000000e+00
    outer loop
      vertex   -4.847759e+00 6.563060e+00 -8.085714e+01
      vertex   -4.732051e+00 6.328427e+00 -8.085714e+01
      vertex   -4.732051e+00 6.328427e+00 -7.542857e+01
    endloop
  endfacet
  facet normal -8.314696e-01 -5.555702e-01 -0.000000e+00
    outer loop
      vertex   -4.732051e+00 6.328427e+00 -7.542857e+01
      vertex   -4.732051e+00 6.328427e+00 -8.085714e+01
      vertex   -4.586707e+00 6.110904e+00 -7.542857e+01
    endloop
  endfacet
  facet normal -8.314696e-01 -5.555702e-01 0.000000e+00
    outer loop
      vertex   -4.732051e+00 6.328427e+00 -7.542857e+01
      vertex   -4.586707e+00 6.110904e+00 -7.542857e+01
      vertex   -4.586707e+00 6.110904e+00 -7.000000e+01
    endloop
  endfacet
  facet normal -7.518398e-01 -6.593458e-01 -0.000000e+00
    outer loop
      vertex   -4.586707e+00 6.110904e+00 -7.000000e+01
      vertex   -4.586707e+00 6.110904e+00 -7.542857e+01
      vertex   -4.414214e+00 5.914214e+00 -7.000000e+01
    endloop
  endfacet
  facet normal -7.518398e-01 -6.593458e-01 0.000000e+00
    outer loop
      vertex   -4.414214e+00 5.914214e+00 -7.000000e+01
      vertex   -4.586707e+00 6.110904e+00 -7.542857e+01
      vertex   -4.586707e+00 6.110904e+00 -8.085714e+01
    endloop
  endfacet
  facet normal -7.518398e-01 -6.593458e-01 0.000000e+00
    outer loop
      vertex   -4.414214e+00 5.914214e+00 -7.000000e+01
      vertex   -4.586707e+00 6.110904e+00 -8.085714e+01
      vertex   -4.586707e+00 6.110904e+00 -8.628571e+01
    endloop
  endfacet
  facet normal -8.314696e-01 -5.555702e-01 0.000000e+00
    outer loop
      vertex   -4.586707e+00 6.110904e+00 -8.628571e+01
      vertex   -4.586707e+00 6.110904e+00 -8.085714e+01
      vertex   -4.732051e+00 6.328427e+00 -8.628571e+01
    endloop
  endfacet
  facet normal -8.314696e-01 -5.555702e-01 -8.794652e-17
    outer loop
      vertex   -4.586707e+00 6.110904e+00 -8.628571e+01
      vertex   -4.732051e+00 6.328427e+00 -8.628571e+01
      vertex   -4.732051e+00 6.328427e+00 -9.171429e+01
    endloop
  endfacet
  facet normal -8.968727e-01 -4.422887e-01 -7.236365e-17
    outer loop
      vertex   -4.732051e+00 6.328427e+00 -9.171429e+01
      vertex   -4.732051e+00 6.328427e+00 -8.628571e+01
      vertex   -4.847759e+00 6.563060e+00 -9.171429e+01
    endloop
  endfacet
  facet normal -8.968727e-01 -4.422887e-01 0.000000e+00
    outer loop
      vertex   -4.732051e+00 6.328427e+00 -9.171429e+01
      vertex   -4.847759e+00 6.563060e+00 -9.171429e+01
      vertex   -4.847759e+00 6.563060e+00 -9.714286e+01
    endloop
  endfacet
  facet normal -9.469301e-01 -3.214395e-01 0.000000e+00
    outer loop
      vertex   -4.847759e+00 6.563060e+00 -9.714286e+01
      vertex   -4.847759e+00 6.563060e+00 -9.171429e+01
      vertex   -4.931852e+00 6.810789e+00 -9.714286e+01
    endloop
  endfacet
  facet normal -9.469301e-01 -3.214395e-01 0.000000e+00
    outer loop
      vertex   -4.847759e+00 6.563060e+00 -9.714286e+01
      vertex   -4.931852e+00 6.810789e+00 -9.714286e+01
      vertex   -4.931852e+00 6.810789e+00 -1.025714e+02
    endloop
  endfacet
  facet normal -9.807853e-01 -1.950903e-01 0.000000e+00
    outer loop
      vertex   -4.931852e+00 6.810789e+00 -1.025714e+02
      vertex   -4.931852e+00 6.810789e+00 -9.714286e+01
      vertex   -4.982890e+00 7.067375e+00 -1.025714e+02
    endloop
  endfacet
  facet normal -9.807853e-01 -1.950903e-01 1.612353e-16
    outer loop
      vertex   -4.931852e+00 6.810789e+00 -1.025714e+02
      vertex   -4.982890e+00 7.067375e+00 -1.025714e+02
      vertex   -4.982890e+00 7.067375e+00 -1.080000e+02
    endloop
  endfacet
  facet normal -9.807853e-01 -1.950903e-01 0.000000e+00
    outer loop
      vertex   -4.982890e+00 7.067375e+00 -1.080000e+02
      vertex   -4.931852e+00 6.810789e+00 -1.080000e+02
      vertex   -4.931852e+00 6.810789e+00 -1.025714e+02
    endloop
  endfacet
  facet normal -9.469301e-01 -3.214395e-01 -0.000000e+00
    outer loop
      vertex   -4.931852e+00 6.810789e+00 -1.025714e+02
      vertex   -4.931852e+00 6.810789e+00 -1.080000e+02
      vertex   -4.847759e+00 6.563060e+00 -1.025714e+02
    endloop
  endfacet
  facet normal -9.469301e-01 -3.214395e-01 0.000000e+00
    outer loop
      vertex   -4.931852e+00 6.810789e+00 -1.025714e+02
      vertex   -4.847759e+00 6.563060e+00 -1.025714e+02
      vertex   -4.847759e+00 6.563060e+00 -9.714286e+01
    endloop
  endfacet
  facet normal -8.968727e-01 -4.422887e-01 -0.000000e+00
    outer loop
      vertex   -4.847759e+00 6.563060e+00 -9.714286e+01
      vertex   -4.847759e+00 6.563060e+00 -1.025714e+02
      vertex   -4.732051e+00 6.328427e+00 -9.714286e+01
    endloop
  endfacet
  facet normal -8.968727e-01 -4.422887e-01 0.000000e+00
    outer loop
      vertex   -4.847759e+00 6.563060e+00 -9.714286e+01
      vertex   -4.732051e+00 6.328427e+00 -9.714286e+01
      vertex   -4.732051e+00 6.328427e+00 -9.171429e+01
    endloop
  endfacet
  facet normal -8.314696e-01 -5.555702e-01 -0.000000e+00
    outer loop
      vertex   -4.732051e+00 6.328427e+00 -9.171429e+01
      vertex   -4.732051e+00 6.328427e+00 -9.714286e+01
      vertex   -4.586707e+00 6.110904e+00 -9.171429e+01
    endloop
  endfacet
  facet normal -8.314696e-01 -5.555702e-01 0.000000e+00
    outer loop
      vertex   -4.732051e+00 6.328427e+00 -9.171429e+01
      vertex   -4.586707e+00 6.110904e+00 -9.171429e+01
      vertex   -4.586707e+00 6.110904e+00 -8.628571e+01
    endloop
  endfacet
  facet normal -7.518398e-01 -6.593458e-01 -0.000000e+00
    outer loop
      vertex   -4.586707e+00 6.110904e+00 -8.628571e+01
      vertex   -4.586707e+00 6.110904e+00 -9.171429e+01
      vertex   -4.414214e+00 5.914214e+00 -7.000000e+01
    endloop
  endfacet
  facet normal -9.469301e-01 -3.214395e-01 0.000000e+00
    outer loop
      vertex   -4.931852e+00 6.810789e+00 -1.080000e+02
      vertex   -4.847759e+00 6.563060e+00 -1.080000e+02
      vertex   -4.847759e+00 6.563060e+00 -1.025714e+02
    endloop
  endfacet
  facet normal -8.968727e-01 -4.422887e-01 -0.000000e+00
    outer loop
      vertex   -4.847759e+00 6.563060e+00 -1.025714e+02
      vertex   -4.847759e+00 6.563060e+00 -1.080000e+02
      vertex   -4.732051e+00 6.328427e+00 -1.025714e+02
    endloop
  endfacet
  facet normal -8.968727e-01 -4.422887e-01 0.000000e+00
    outer loop
      vertex   -4.847759e+00 6.563060e+00 -1.025714e+02
      vertex   -4.732051e+00 6.328427e+00 -1.025714e+02
      vertex   -4.732051e+00 6.328427e+00 -9.714286e+01
    endloop
  endfacet
  facet normal -8.314696e-01 -5.555702e-01 -0.000000e+00
    outer loop
      vertex   -4.732051e+00 6.328427e+00 -9.714286e+01
      vertex   -4.732051e+00 6.328427e+00 -1.025714e+02
      vertex   -4.586707e+00 6.110904e+00 -9.714286e+01
    endloop
  endfacet
  facet normal -8.314696e-01 -5.555702e-01 0.000000e+00
    outer loop
      vertex   -4.732051e+00 6.328427e+00 -9.714286e+01
      vertex   -4.586707e+00 6.110904e+00 -9.714286e+01
      vertex   -4.586707e+00 6.110904e+00 -9.171429e+01
    endloop
  endfacet
  facet normal -7.518398e-01 -6.593458e-01 -0.000000e+00
    outer loop
      vertex   -4.586707e+00 6.110904e+00 -9.171429e+01
      vertex   -4.586707e+00 6.110904e+00 -9.714286e+01
      vertex   -4.414214e+00 5.914214e+00 -1.080000e+02
    endloop
  endfacet
  facet normal -7.518398e-01 -6.593458e-01 -1.535574e-17
    outer loop
      vertex   -4.586707e+00 6.110904e+00 -9.171429e+01
      vertex   -4.414214e+00 5.914214e+00 -1.080000e+02
      vertex   -4.414214e+00 5.914214e+00 -7.000000e+01
    endloop
  endfacet
  facet normal -8.968727e-01 -4.422887e-01 1.465775e-16
    outer loop
      vertex   -4.847759e+00 6.563060e+00 -1.080000e+02
      vertex   -4.732051e+00 6.328427e+00 -1.080000e+02
      vertex   -4.732051e+00 6.328427e+00 -1.025714e+02
    endloop
  endfacet
  facet normal -8.314696e-01 -5.555702e-01 1.360383e-16
    outer loop
      vertex   -4.732051e+00 6.328427e+00 -1.025714e+02
      vertex   -4.732051e+00 6.328427e+00 -1.080000e+02
      vertex   -4.586707e+00 6.110904e+00 -1.025714e+02
    endloop
  endfacet
  facet normal -8.314696e-01 -5.555702e-01 0.000000e+00
    outer loop
      vertex   -4.732051e+00 6.328427e+00 -1.025714e+02
      vertex   -4.586707e+00 6.110904e+00 -1.025714e+02
      vertex   -4.586707e+00 6.110904e+00 -9.714286e+01
    endloop
  endfacet
  facet normal -7.518398e-01 -6.593458e-01 -0.000000e+00
    outer loop
      vertex   -4.586707e+00 6.110904e+00 -9.714286e+01
      vertex   -4.586707e+00 6.110904e+00 -1.025714e+02
      vertex   -4.414214e+00 5.914214e+00 -1.080000e+02
    endloop
  endfacet
  facet normal -8.314696e-01 -5.555702e-01 0.000000e+00
    outer loop
      vertex   -4.732051e+00 6.328427e+00 -1.080000e+02
      vertex   -4.586707e+00 6.110904e+00 -1.080000e+02
      vertex   -4.586707e+00 6.110904e+00 -1.025714e+02
    endloop
  endfacet
  facet normal -7.518398e-01 -6.593458e-01 -0.000000e+00
    outer loop
      vertex   -4.586707e+00 6.110904e+00 -1.025714e+02
      vertex   -4.586707e+00 6.110904e+00 -1.080000e+02
      vertex   -4.414214e+00 5.914214e+00 -1.080000e+02
    endloop
  endfacet
  facet normal -8.314696e-01 -5.555702e-01 0.000000e+00
    outer loop
      vertex   -4.586707e+00 6.110904e+00 -7.000000e+01
      vertex   -4.732051e+00 6.328427e+00 -7.000000e+01
      vertex   -4.732051e+00 6.328427e+00 -7.542857e+01
    endloop
  endfacet
  facet normal -8.968727e-01 -4.422887e-01 0.000000e+00
    outer loop
      vertex   -4.732051e+00 6.328427e+00 -7.542857e+01
      vertex   -4.732051e+00 6.328427e+00 -7.000000e+01
      vertex   -4.847759e+00 6.563060e+00 -7.542857e+01
    endloop
  endfacet
  facet normal -8.968727e-01 -4.422887e-01 0.000000e+00
    outer loop
      vertex   -4.732051e+00 6.328427e+00 -7.542857e+01
      vertex   -4.847759e+00 6.563060e+00 -7.542857e+01
      vertex   -4.847759e+00 6.563060e+00 -8.085714e+01
    endloop
  endfacet
  facet normal -9.469301e-01 -3.214395e-01 0.000000e+00
    outer loop
      vertex   -4.847759e+00 6.563060e+00 -8.085714e+01
      vertex   -4.847759e+00 6.563060e+00 -7.542857e+01
      vertex   -4.931852e+00 6.810789e+00 -8.085714e+01
    endloop
  endfacet
  facet normal -9.469301e-01 -3.214395e-01 -5.374510e-17
    outer loop
      vertex   -4.847759e+00 6.563060e+00 -8.085714e+01
      vertex   -4.931852e+00 6.810789e+00 -8.085714e+01
      vertex   -4.931852e+00 6.810789e+00 -8.628571e+01
    endloop
  endfacet
  facet normal -9.807853e-01 -1.950903e-01 -3.191908e-17
    outer loop
      vertex   -4.931852e+00 6.810789e+00 -8.628571e+01
      vertex   -4.931852e+00 6.810789e+00 -8.085714e+01
      vertex   -4.982890e+00 7.067375e+00 -8.628571e+01
    endloop
  endfacet
  facet normal -9.807853e-01 -1.950903e-01 0.000000e+00
    outer loop
      vertex   -4.931852e+00 6.810789e+00 -8.628571e+01
      vertex   -4.982890e+00 7.067375e+00 -8.628571e+01
      vertex   -4.982890e+00 7.067375e+00 -9.171429e+01
    endloop
  endfacet
  facet normal -9.978589e-01 -6.540313e-02 0.000000e+00
    outer loop
      vertex   -4.982890e+00 7.067375e+00 -9.171429e+01
      vertex   -4.982890e+00 7.067375e+00 -8.628571e+01
      vertex   -5.000000e+00 7.328427e+00 -1.080000e+02
    endloop
  endfacet
  facet normal -8.968727e-01 -4.422887e-01 0.000000e+00
    outer loop
      vertex   -4.732051e+00 6.328427e+00 -7.000000e+01
      vertex   -4.847759e+00 6.563060e+00 -7.000000e+01
      vertex   -4.847759e+00 6.563060e+00 -7.542857e+01
    endloop
  endfacet
  facet normal -9.469301e-01 -3.214395e-01 0.000000e+00
    outer loop
      vertex   -4.847759e+00 6.563060e+00 -7.542857e+01
      vertex   -4.847759e+00 6.563060e+00 -7.000000e+01
      vertex   -4.931852e+00 6.810789e+00 -7.542857e+01
    endloop
  endfacet
  facet normal -9.469301e-01 -3.214395e-01 0.000000e+00
    outer loop
      vertex   -4.847759e+00 6.563060e+00 -7.542857e+01
      vertex   -4.931852e+00 6.810789e+00 -7.542857e+01
      vertex   -4.931852e+00 6.810789e+00 -8.085714e+01
    endloop
  endfacet
  facet normal -9.807853e-01 -1.950903e-01 0.000000e+00
    outer loop
      vertex   -4.931852e+00 6.810789e+00 -8.085714e+01
      vertex   -4.931852e+00 6.810789e+00 -7.542857e+01
      vertex   -4.982890e+00 7.067375e+00 -8.085714e+01
    endloop
  endfacet
  facet normal -9.807853e-01 -1.950903e-01 0.000000e+00
    outer loop
      vertex   -4.931852e+00 6.810789e+00 -8.085714e+01
      vertex   -4.982890e+00 7.067375e+00 -8.085714e+01
      vertex   -4.982890e+00 7.067375e+00 -8.628571e+01
    endloop
  endfacet
  facet normal -9.978589e-01 -6.540313e-02 0.000000e+00
    outer loop
      vertex   -4.982890e+00 7.067375e+00 -8.628571e+01
      vertex   -4.982890e+00 7.067375e+00 -8.085714e+01
      vertex   -5.000000e+00 7.328427e+00 -7.000000e+01
    endloop
  endfacet
  facet normal -9.978589e-01 -6.540313e-02 0.000000e+00
    outer loop
      vertex   -4.982890e+00 7.067375e+00 -8.628571e+01
      vertex   -5.000000e+00 7.328427e+00 -7.000000e+01
      vertex   -5.000000e+00 7.328427e+00 -1.080000e+02
    endloop
  endfacet
  facet normal -9.469301e-01 -3.214395e-01 0.000000e+00
    outer loop
      vertex   -4.847759e+00 6.563060e+00 -7.000000e+01
      vertex   -4.931852e+00 6.810789e+00 -7.000000e+01
      vertex   -4.931852e+00 6.810789e+00 -7.542857e+01
    endloop
  endfacet
  facet normal -9.807853e-01 -1.950903e-01 0.000000e+00
    outer loop
      vertex   -4.931852e+00 6.810789e+00 -7.542857e+01
      vertex   -4.931852e+00 6.810789e+00 -7.000000e+01
      vertex   -4.982890e+00 7.067375e+00 -7.542857e+01
    endloop
  endfacet
  facet normal -9.807853e-01 -1.950903e-01 0.000000e+00
    outer loop
      vertex   -4.931852e+00 6.810789e+00 -7.542857e+01
      vertex   -4.982890e+00 7.067375e+00 -7.542857e+01
      vertex   -4.982890e+00 7.067375e+00 -8.085714e+01
    endloop
  endfacet
  facet normal -9.978589e-01 -6.540313e-02 0.000000e+00
    outer loop
      vertex   -4.982890e+00 7.067375e+00 -8.085714e+01
      vertex   -4.982890e+00 7.067375e+00 -7.542857e+01
      vertex   -5.000000e+00 7.328427e+00 -7.000000e+01
    endloop
  endfacet
  facet normal -9.807853e-01 -1.950903e-01 0.000000e+00
    outer loop
      vertex   -4.931852e+00 6.810789e+00 -7.000000e+01
      vertex   -4.982890e+00 7.067375e+00 -7.000000e+01
      vertex   -4.982890e+00 7.067375e+00 -7.542857e+01
    endloop
  endfacet
  facet normal -9.978589e-01 -6.540313e-02 0.000000e+00
    outer loop
      vertex   -4.982890e+00 7.067375e+00 -7.542857e+01
      vertex   -4.982890e+00 7.067375e+00 -7.000000e+01
      vertex   -5.000000e+00 7.328427e+00 -7.000000e+01
    endloop
  endfacet
  facet normal -9.807853e-01 -1.950903e-01 -0.000000e+00
    outer loop
      vertex   -4.931852e+00 6.810789e+00 -9.171429e+01
      vertex   -4.982890e+00 7.067375e+00 -9.714286e+01
      vertex   -4.931852e+00 6.810789e+00 -9.714286e+01
    endloop
  endfacet
  facet normal -9.807853e-01 -1.950903e-01 0.000000e+00
    outer loop
      vertex   -4.931852e+00 6.810789e+00 -9.714286e+01
      vertex   -4.982890e+00 7.067375e+00 -9.714286e+01
      vertex   -4.982890e+00 7.067375e+00 -1.025714e+02
    endloop
  endfacet
  facet normal -9.469301e-01 -3.214395e-01 -0.000000e+00
    outer loop
      vertex   -4.847759e+00 6.563060e+00 -8.628571e+01
      vertex   -4.931852e+00 6.810789e+00 -9.171429e+01
      vertex   -4.847759e+00 6.563060e+00 -9.171429e+01
    endloop
  endfacet
  facet normal -9.469301e-01 -3.214395e-01 0.000000e+00
    outer loop
      vertex   -4.847759e+00 6.563060e+00 -9.171429e+01
      vertex   -4.931852e+00 6.810789e+00 -9.171429e+01
      vertex   -4.931852e+00 6.810789e+00 -9.714286e+01
    endloop
  endfacet
  facet normal -8.968727e-01 -4.422887e-01 -0.000000e+00
    outer loop
      vertex   -4.732051e+00 6.328427e+00 -8.085714e+01
      vertex   -4.847759e+00 6.563060e+00 -8.628571e+01
      vertex   -4.732051e+00 6.328427e+00 -8.628571e+01
    endloop
  endfacet
  facet normal -8.968727e-01 -4.422887e-01 0.000000e+00
    outer loop
      vertex   -4.732051e+00 6.328427e+00 -8.628571e+01
      vertex   -4.847759e+00 6.563060e+00 -8.628571e+01
      vertex   -4.847759e+00 6.563060e+00 -9.171429e+01
    endloop
  endfacet
  facet normal -8.314696e-01 -5.555702e-01 -0.000000e+00
    outer loop
      vertex   -4.586707e+00 6.110904e+00 -7.542857e+01
      vertex   -4.732051e+00 6.328427e+00 -8.085714e+01
      vertex   -4.586707e+00 6.110904e+00 -8.085714e+01
    endloop
  endfacet
  facet normal -8.314696e-01 -5.555702e-01 0.000000e+00
    outer loop
      vertex   -4.586707e+00 6.110904e+00 -8.085714e+01
      vertex   -4.732051e+00 6.328427e+00 -8.085714e+01
      vertex   -4.732051e+00 6.328427e+00 -8.628571e+01
    endloop
  endfacet
  facet normal -7.071068e-01 -7.071068e-01 -1.239547e-17
    outer loop
      vertex   -5.857864e-01 2.085786e+00 -1.080000e+02
      vertex   -5.857864e-01 2.085786e+00 -7.000000e+01
      vertex   -4.414214e+00 5.914214e+00 -1.080000e+02
    endloop
  endfacet
  facet normal -7.071068e-01 -7.071068e-01 -1.652729e-17
    outer loop
      vertex   -4.414214e+00 5.914214e+00 -1.080000e+02
      vertex   -5.857864e-01 2.085786e+00 -7.000000e+01
      vertex   -4.414214e+00 5.914214e+00 -7.000000e+01
    endloop
  endfacet
  facet normal 0.000000e+00 0.000000e+00 -1.000000e+00
    outer loop
      vertex   8.284271e-01 3.500000e+00 -1.100000e+02
      vertex   -3.000000e+00 7.328427e+00 -1.100000e+02
      vertex   7.084315e+01 3.500000e+00 -1.100000e+02
    endloop
  endfacet
  facet normal 0.000000e+00 0.000000e+00 -1.000000e+00
    outer loop
      vertex   7.084315e+01 3.500000e+00 -1.100000e+02
      vertex   -3.000000e+00 7.328427e+00 -1.100000e+02
      vertex   7.550000e+01 8.156854e+00 -1.100000e+02
    endloop
  endfacet
  facet normal 0.000000e+00 0.000000e+00 -1.000000e+00
    outer loop
      vertex   7.084315e+01 3.500000e+00 -1.100000e+02
      vertex   7.550000e+01 8.156854e+00 -1.100000e+02
      vertex   7.491421e+01 6.742641e+00 -1.100000e+02
    endloop
  endfacet
  facet normal 0.000000e+00 0.000000e+00 -1.000000e+00
    outer loop
      vertex   7.491421e+01 6.742641e+00 -1.100000e+02
      vertex   7.550000e+01 8.156854e+00 -1.100000e+02
      vertex   7.548289e+01 7.895802e+00 -1.100000e+02
    endloop
  endfacet
  facet normal 0.000000e+00 0.000000e+00 -1.000000e+00
    outer loop
      vertex   7.491421e+01 6.742641e+00 -1.100000e+02
      vertex   7.548289e+01 7.895802e+00 -1.100000e+02
      vertex   7.543185e+01 7.639216e+00 -1.100000e+02
    endloop
  endfacet
  facet normal -0.000000e+00 0.000000e+00 -1.000000e+00
    outer loop
      vertex   7.550000e+01 8.156854e+00 -1.100000e+02
      vertex   -3.000000e+00 7.328427e+00 -1.100000e+02
      vertex   7.550000e+01 5.484315e+01 -1.100000e+02
    endloop
  endfacet
  facet normal -0.000000e+00 0.000000e+00 -1.000000e+00
    outer loop
      vertex   7.550000e+01 5.484315e+01 -1.100000e+02
      vertex   -3.000000e+00 7.328427e+00 -1.100000e+02
      vertex   -3.000000e+00 5.567157e+01 -1.100000e+02
    endloop
  endfacet
  facet normal 0.000000e+00 0.000000e+00 -1.000000e+00
    outer loop
      vertex   7.550000e+01 5.484315e+01 -1.100000e+02
      vertex   -3.000000e+00 5.567157e+01 -1.100000e+02
      vertex   7.084315e+01 5.950000e+01 -1.100000e+02
    endloop
  endfacet
  facet normal -0.000000e+00 0.000000e+00 -1.000000e+00
    outer loop
      vertex   7.084315e+01 5.950000e+01 -1.100000e+02
      vertex   -3.000000e+00 5.567157e+01 -1.100000e+02
      vertex   8.284271e-01 5.950000e+01 -1.100000e+02
    endloop
  endfacet
  facet normal -0.000000e+00 -0.000000e+00 -1.000000e+00
    outer loop
      vertex   7.110420e+01 5.948289e+01 -1.100000e+02
      vertex   7.136078e+01 5.943185e+01 -1.100000e+02
      vertex   7.084315e+01 5.950000e+01 -1.100000e+02
    endloop
  endfacet
  facet normal 0.000000e+00 0.000000e+00 -1.000000e+00
    outer loop
      vertex   7.084315e+01 5.950000e+01 -1.100000e+02
      vertex   7.136078e+01 5.943185e+01 -1.100000e+02
      vertex   7.160851e+01 5.934776e+01 -1.100000e+02
    endloop
  endfacet
  facet normal 0.000000e+00 0.000000e+00 -1.000000e+00
    outer loop
      vertex   7.084315e+01 5.950000e+01 -1.100000e+02
      vertex   7.160851e+01 5.934776e+01 -1.100000e+02
      vertex   7.184315e+01 5.923205e+01 -1.100000e+02
    endloop
  endfacet
  facet normal -0.000000e+00 -0.000000e+00 -1.000000e+00
    outer loop
      vertex   7.184315e+01 5.923205e+01 -1.100000e+02
      vertex   7.206067e+01 5.908671e+01 -1.100000e+02
      vertex   7.084315e+01 5.950000e+01 -1.100000e+02
    endloop
  endfacet
  facet normal 0.000000e+00 0.000000e+00 -1.000000e+00
    outer loop
      vertex   7.084315e+01 5.950000e+01 -1.100000e+02
      vertex   7.206067e+01 5.908671e+01 -1.100000e+02
      vertex   7.225736e+01 5.891421e+01 -1.100000e+02
    endloop
  endfacet
  facet normal 0.000000e+00 0.000000e+00 -1.000000e+00
    outer loop
      vertex   7.084315e+01 5.950000e+01 -1.100000e+02
      vertex   7.225736e+01 5.891421e+01 -1.100000e+02
      vertex   7.491421e+01 5.625736e+01 -1.100000e+02
    endloop
  endfacet
  facet normal -0.000000e+00 -0.000000e+00 -1.000000e+00
    outer loop
      vertex   7.508671e+01 5.606067e+01 -1.100000e+02
      vertex   7.523205e+01 5.584315e+01 -1.100000e+02
      vertex   7.491421e+01 5.625736e+01 -1.100000e+02
    endloop
  endfacet
  facet normal 0.000000e+00 0.000000e+00 -1.000000e+00
    outer loop
      vertex   7.491421e+01 5.625736e+01 -1.100000e+02
      vertex   7.523205e+01 5.584315e+01 -1.100000e+02
      vertex   7.534776e+01 5.560851e+01 -1.100000e+02
    endloop
  endfacet
  facet normal 0.000000e+00 0.000000e+00 -1.000000e+00
    outer loop
      vertex   7.491421e+01 5.625736e+01 -1.100000e+02
      vertex   7.534776e+01 5.560851e+01 -1.100000e+02
      vertex   7.543185e+01 5.536078e+01 -1.100000e+02
    endloop
  endfacet
  facet normal -0.000000e+00 -0.000000e+00 -1.000000e+00
    outer loop
      vertex   7.543185e+01 5.536078e+01 -1.100000e+02
      vertex   7.548289e+01 5.510420e+01 -1.100000e+02
      vertex   7.491421e+01 5.625736e+01 -1.100000e+02
    endloop
  endfacet
  facet normal 0.000000e+00 0.000000e+00 -1.000000e+00
    outer loop
      vertex   7.491421e+01 5.625736e+01 -1.100000e+02
      vertex   7.548289e+01 5.510420e+01 -1.100000e+02
      vertex   7.550000e+01 5.484315e+01 -1.100000e+02
    endloop
  endfacet
  facet normal -0.000000e+00 -0.000000e+00 -1.000000e+00
    outer loop
      vertex   7.491421e+01 5.625736e+01 -1.100000e+02
      vertex   7.550000e+01 5.484315e+01 -1.100000e+02
      vertex   7.084315e+01 5.950000e+01 -1.100000e+02
    endloop
  endfacet
  facet normal 0.000000e+00 0.000000e+00 -1.000000e+00
    outer loop
      vertex   7.543185e+01 7.639216e+00 -1.100000e+02
      vertex   7.534776e+01 7.391487e+00 -1.100000e+02
      vertex   7.491421e+01 6.742641e+00 -1.100000e+02
    endloop
  endfacet
  facet normal 0.000000e+00 0.000000e+00 -1.000000e+00
    outer loop
      vertex   7.491421e+01 6.742641e+00 -1.100000e+02
      vertex   7.534776e+01 7.391487e+00 -1.100000e+02
      vertex   7.523205e+01 7.156854e+00 -1.100000e+02
    endloop
  endfacet
  facet normal 0.000000e+00 0.000000e+00 -1.000000e+00
    outer loop
      vertex   7.491421e+01 6.742641e+00 -1.100000e+02
      vertex   7.523205e+01 7.156854e+00 -1.100000e+02
      vertex   7.508671e+01 6.939331e+00 -1.100000e+02
    endloop
  endfacet
  facet normal 0.000000e+00 0.000000e+00 -1.000000e+00
    outer loop
      vertex   7.491421e+01 6.742641e+00 -1.100000e+02
      vertex   7.225736e+01 4.085786e+00 -1.100000e+02
      vertex   7.084315e+01 3.500000e+00 -1.100000e+02
    endloop
  endfacet
  facet normal 0.000000e+00 0.000000e+00 -1.000000e+00
    outer loop
      vertex   7.084315e+01 3.500000e+00 -1.100000e+02
      vertex   7.225736e+01 4.085786e+00 -1.100000e+02
      vertex   7.206067e+01 3.913293e+00 -1.100000e+02
    endloop
  endfacet
  facet normal 0.000000e+00 0.000000e+00 -1.000000e+00
    outer loop
      vertex   7.084315e+01 3.500000e+00 -1.100000e+02
      vertex   7.206067e+01 3.913293e+00 -1.100000e+02
      vertex   7.184315e+01 3.767949e+00 -1.100000e+02
    endloop
  endfacet
  facet normal 0.000000e+00 0.000000e+00 -1.000000e+00
    outer loop
      vertex   7.184315e+01 3.767949e+00 -1.100000e+02
      vertex   7.160851e+01 3.652241e+00 -1.100000e+02
      vertex   7.084315e+01 3.500000e+00 -1.100000e+02
    endloop
  endfacet
  facet normal 0.000000e+00 0.000000e+00 -1.000000e+00
    outer loop
      vertex   7.084315e+01 3.500000e+00 -1.100000e+02
      vertex   7.160851e+01 3.652241e+00 -1.100000e+02
      vertex   7.136078e+01 3.568148e+00 -1.100000e+02
    endloop
  endfacet
  facet normal 0.000000e+00 0.000000e+00 -1.000000e+00
    outer loop
      vertex   7.084315e+01 3.500000e+00 -1.100000e+02
      vertex   7.136078e+01 3.568148e+00 -1.100000e+02
      vertex   7.110420e+01 3.517110e+00 -1.100000e+02
    endloop
  endfacet
  facet normal -3.565805e-01 2.042592e-04 9.342646e-01
    outer loop
      vertex   7.615617e+01 5.650000e+01 -1.020947e+02
      vertex   7.616917e+01 5.178115e+01 -1.020887e+02
      vertex   7.642110e+01 5.650000e+01 -1.019936e+02
    endloop
  endfacet
  facet normal -3.494642e-01 -2.297914e-04 9.369497e-01
    outer loop
      vertex   7.642110e+01 5.650000e+01 -1.019936e+02
      vertex   7.616917e+01 5.178115e+01 -1.020887e+02
      vertex   7.643653e+01 5.178115e+01 -1.019890e+02
    endloop
  endfacet
  facet normal -2.855939e-01 1.277795e-10 9.583507e-01
    outer loop
      vertex   7.642110e+01 5.650000e+01 -1.019936e+02
      vertex   7.643653e+01 5.178115e+01 -1.019890e+02
      vertex   7.642110e+01 5.757576e+01 -1.019936e+02
    endloop
  endfacet
  facet normal -2.494474e-01 1.042578e-04 9.683883e-01
    outer loop
      vertex   7.642110e+01 5.757576e+01 -1.019936e+02
      vertex   7.643653e+01 5.178115e+01 -1.019890e+02
      vertex   7.658143e+01 5.739357e+01 -1.019523e+02
    endloop
  endfacet
  facet normal -2.125652e-01 -9.052477e-04 9.771465e-01
    outer loop
      vertex   7.658143e+01 5.739357e+01 -1.019523e+02
      vertex   7.643653e+01 5.178115e+01 -1.019890e+02
      vertex   7.671537e+01 5.178115e+01 -1.019283e+02
    endloop
  endfacet
  facet normal -1.717172e-01 1.036834e-04 9.851463e-01
    outer loop
      vertex   7.658143e+01 5.739357e+01 -1.019523e+02
      vertex   7.671537e+01 5.178115e+01 -1.019283e+02
      vertex   7.673093e+01 5.720117e+01 -1.019262e+02
    endloop
  endfacet
  facet normal -9.975639e-02 -1.068531e-04 9.950119e-01
    outer loop
      vertex   7.673093e+01 5.720117e+01 -1.019262e+02
      vertex   7.671537e+01 5.178115e+01 -1.019283e+02
      vertex   7.687108e+01 5.699609e+01 -1.019122e+02
    endloop
  endfacet
  facet normal -3.585404e-02 -2.028384e-03 9.993550e-01
    outer loop
      vertex   7.687108e+01 5.699609e+01 -1.019122e+02
      vertex   7.671537e+01 5.178115e+01 -1.019283e+02
      vertex   7.700000e+01 5.677964e+01 -1.019080e+02
    endloop
  endfacet
  facet normal -7.133918e-02 0.000000e+00 9.974521e-01
    outer loop
      vertex   7.700000e+01 5.677964e+01 -1.019080e+02
      vertex   7.671537e+01 5.178115e+01 -1.019283e+02
      vertex   7.671537e+01 4.598653e+01 -1.019283e+02
    endloop
  endfacet
  facet normal -7.133918e-02 0.000000e+00 9.974521e-01
    outer loop
      vertex   7.700000e+01 5.677964e+01 -1.019080e+02
      vertex   7.671537e+01 4.598653e+01 -1.019283e+02
      vertex   7.671537e+01 4.019192e+01 -1.019283e+02
    endloop
  endfacet
  facet normal -2.125653e-01 0.000000e+00 9.771469e-01
    outer loop
      vertex   7.671537e+01 4.019192e+01 -1.019283e+02
      vertex   7.671537e+01 4.598653e+01 -1.019283e+02
      vertex   7.643653e+01 4.019192e+01 -1.019890e+02
    endloop
  endfacet
  facet normal -2.125653e-01 0.000000e+00 9.771469e-01
    outer loop
      vertex   7.671537e+01 4.019192e+01 -1.019283e+02
      vertex   7.643653e+01 4.019192e+01 -1.019890e+02
      vertex   7.643653e+01 3.439731e+01 -1.019890e+02
    endloop
  endfacet
  facet normal -3.494642e-01 0.000000e+00 9.369497e-01
    outer loop
      vertex   7.643653e+01 3.439731e+01 -1.019890e+02
      vertex   7.643653e+01 4.019192e+01 -1.019890e+02
      vertex   7.616917e+01 3.439731e+01 -1.020887e+02
    endloop
  endfacet
  facet normal -3.494642e-01 0.000000e+00 9.369497e-01
    outer loop
      vertex   7.643653e+01 3.439731e+01 -1.019890e+02
      vertex   7.616917e+01 3.439731e+01 -1.020887e+02
      vertex   7.616917e+01 2.860269e+01 -1.020887e+02
    endloop
  endfacet
  facet normal -4.792490e-01 0.000000e+00 8.776790e-01
    outer loop
      vertex   7.616917e+01 2.860269e+01 -1.020887e+02
      vertex   7.616917e+01 3.439731e+01 -1.020887e+02
      vertex   7.591872e+01 2.860269e+01 -1.022255e+02
    endloop
  endfacet
  facet normal -4.792490e-01 0.000000e+00 8.776790e-01
    outer loop
      vertex   7.616917e+01 2.860269e+01 -1.020887e+02
      vertex   7.591872e+01 2.860269e+01 -1.022255e+02
      vertex   7.591872e+01 2.280808e+01 -1.022255e+02
    endloop
  endfacet
  facet normal -5.992777e-01 0.000000e+00 8.005412e-01
    outer loop
      vertex   7.591872e+01 2.280808e+01 -1.022255e+02
      vertex   7.591872e+01 2.860269e+01 -1.022255e+02
      vertex   7.569028e+01 2.280808e+01 -1.023965e+02
    endloop
  endfacet
  facet normal -5.992777e-01 0.000000e+00 8.005412e-01
    outer loop
      vertex   7.591872e+01 2.280808e+01 -1.022255e+02
      vertex   7.569028e+01 2.280808e+01 -1.023965e+02
      vertex   7.569028e+01 1.701347e+01 -1.023965e+02
    endloop
  endfacet
  facet normal -7.071068e-01 0.000000e+00 7.071068e-01
    outer loop
      vertex   7.569028e+01 1.701347e+01 -1.023965e+02
      vertex   7.569028e+01 2.280808e+01 -1.023965e+02
      vertex   7.548850e+01 1.701347e+01 -1.025982e+02
    endloop
  endfacet
  facet normal -7.071068e-01 0.000000e+00 7.071068e-01
    outer loop
      vertex   7.569028e+01 1.701347e+01 -1.023965e+02
      vertex   7.548850e+01 1.701347e+01 -1.025982e+02
      vertex   7.548850e+01 1.121885e+01 -1.025982e+02
    endloop
  endfacet
  facet normal -8.005412e-01 0.000000e+00 5.992777e-01
    outer loop
      vertex   7.548850e+01 1.121885e+01 -1.025982e+02
      vertex   7.548850e+01 1.701347e+01 -1.025982e+02
      vertex   7.531749e+01 1.121885e+01 -1.028267e+02
    endloop
  endfacet
  facet normal -8.005412e-01 1.310480e-04 5.992777e-01
    outer loop
      vertex   7.548850e+01 1.121885e+01 -1.025982e+02
      vertex   7.531749e+01 1.121885e+01 -1.028267e+02
      vertex   7.548266e+01 6.500000e+00 -1.026050e+02
    endloop
  endfacet
  facet normal -8.029479e-01 -1.048384e-04 5.960492e-01
    outer loop
      vertex   7.548266e+01 6.500000e+00 -1.026050e+02
      vertex   7.531749e+01 1.121885e+01 -1.028267e+02
      vertex   7.531363e+01 6.500000e+00 -1.028327e+02
    endloop
  endfacet
  facet normal -8.776790e-01 1.055155e-04 4.792490e-01
    outer loop
      vertex   7.531363e+01 6.500000e+00 -1.028327e+02
      vertex   7.531749e+01 1.121885e+01 -1.028267e+02
      vertex   7.518074e+01 1.121885e+01 -1.030771e+02
    endloop
  endfacet
  facet normal -8.791756e-01 -7.913665e-05 4.764978e-01
    outer loop
      vertex   7.531363e+01 6.500000e+00 -1.028327e+02
      vertex   7.518074e+01 1.121885e+01 -1.030771e+02
      vertex   7.517851e+01 6.500000e+00 -1.030820e+02
    endloop
  endfacet
  facet normal -9.369497e-01 7.964447e-05 3.494642e-01
    outer loop
      vertex   7.517851e+01 6.500000e+00 -1.030820e+02
      vertex   7.518074e+01 1.121885e+01 -1.030771e+02
      vertex   7.508101e+01 1.121885e+01 -1.033445e+02
    endloop
  endfacet
  facet normal -9.377292e-01 -5.309632e-05 3.473673e-01
    outer loop
      vertex   7.517851e+01 6.500000e+00 -1.030820e+02
      vertex   7.508101e+01 1.121885e+01 -1.033445e+02
      vertex   7.508001e+01 6.500000e+00 -1.033479e+02
    endloop
  endfacet
  facet normal -9.772419e-01 5.377338e-05 2.121281e-01
    outer loop
      vertex   7.508001e+01 6.500000e+00 -1.033479e+02
      vertex   7.508101e+01 1.121885e+01 -1.033445e+02
      vertex   7.502010e+01 1.121885e+01 -1.036251e+02
    endloop
  endfacet
  facet normal -9.774313e-01 0.000000e+00 2.112535e-01
    outer loop
      vertex   7.508001e+01 6.500000e+00 -1.033479e+02
      vertex   7.502010e+01 1.121885e+01 -1.036251e+02
      vertex   7.502010e+01 6.500000e+00 -1.036251e+02
    endloop
  endfacet
  facet normal -9.974839e-01 0.000000e+00 7.089290e-02
    outer loop
      vertex   7.502010e+01 6.500000e+00 -1.036251e+02
      vertex   7.502010e+01 1.121885e+01 -1.036251e+02
      vertex   7.500000e+01 6.500000e+00 -1.039080e+02
    endloop
  endfacet
  facet normal -9.974839e-01 0.000000e+00 7.089290e-02
    outer loop
      vertex   7.500000e+01 6.500000e+00 -1.039080e+02
      vertex   7.502010e+01 1.121885e+01 -1.036251e+02
      vertex   7.502010e+01 1.701347e+01 -1.036251e+02
    endloop
  endfacet
  facet normal -9.974839e-01 0.000000e+00 7.089290e-02
    outer loop
      vertex   7.500000e+01 6.500000e+00 -1.039080e+02
      vertex   7.502010e+01 1.701347e+01 -1.036251e+02
      vertex   7.502010e+01 2.280808e+01 -1.036251e+02
    endloop
  endfacet
  facet normal -9.772419e-01 0.000000e+00 2.121281e-01
    outer loop
      vertex   7.502010e+01 2.280808e+01 -1.036251e+02
      vertex   7.502010e+01 1.701347e+01 -1.036251e+02
      vertex   7.508101e+01 2.280808e+01 -1.033445e+02
    endloop
  endfacet
  facet normal -9.772419e-01 0.000000e+00 2.121281e-01
    outer loop
      vertex   7.502010e+01 2.280808e+01 -1.036251e+02
      vertex   7.508101e+01 2.280808e+01 -1.033445e+02
      vertex   7.508101e+01 2.860269e+01 -1.033445e+02
    endloop
  endfacet
  facet normal -9.369497e-01 0.000000e+00 3.494642e-01
    outer loop
      vertex   7.508101e+01 2.860269e+01 -1.033445e+02
      vertex   7.508101e+01 2.280808e+01 -1.033445e+02
      vertex   7.518074e+01 2.860269e+01 -1.030771e+02
    endloop
  endfacet
  facet normal -9.369497e-01 0.000000e+00 3.494642e-01
    outer loop
      vertex   7.508101e+01 2.860269e+01 -1.033445e+02
      vertex   7.518074e+01 2.860269e+01 -1.030771e+02
      vertex   7.518074e+01 3.439731e+01 -1.030771e+02
    endloop
  endfacet
  facet normal -8.776790e-01 0.000000e+00 4.792490e-01
    outer loop
      vertex   7.518074e+01 3.439731e+01 -1.030771e+02
      vertex   7.518074e+01 2.860269e+01 -1.030771e+02
      vertex   7.531749e+01 3.439731e+01 -1.028267e+02
    endloop
  endfacet
  facet normal -8.776790e-01 0.000000e+00 4.792490e-01
    outer loop
      vertex   7.518074e+01 3.439731e+01 -1.030771e+02
      vertex   7.531749e+01 3.439731e+01 -1.028267e+02
      vertex   7.531749e+01 4.019192e+01 -1.028267e+02
    endloop
  endfacet
  facet normal -8.005412e-01 0.000000e+00 5.992777e-01
    outer loop
      vertex   7.531749e+01 4.019192e+01 -1.028267e+02
      vertex   7.531749e+01 3.439731e+01 -1.028267e+02
      vertex   7.548850e+01 4.019192e+01 -1.025982e+02
    endloop
  endfacet
  facet normal -8.005412e-01 0.000000e+00 5.992777e-01
    outer loop
      vertex   7.531749e+01 4.019192e+01 -1.028267e+02
      vertex   7.548850e+01 4.019192e+01 -1.025982e+02
      vertex   7.548850e+01 4.598653e+01 -1.025982e+02
    endloop
  endfacet
  facet normal -7.071068e-01 0.000000e+00 7.071068e-01
    outer loop
      vertex   7.548850e+01 4.598653e+01 -1.025982e+02
      vertex   7.548850e+01 4.019192e+01 -1.025982e+02
      vertex   7.569028e+01 4.598653e+01 -1.023965e+02
    endloop
  endfacet
  facet normal -7.071068e-01 0.000000e+00 7.071068e-01
    outer loop
      vertex   7.548850e+01 4.598653e+01 -1.025982e+02
      vertex   7.569028e+01 4.598653e+01 -1.023965e+02
      vertex   7.569028e+01 5.178115e+01 -1.023965e+02
    endloop
  endfacet
  facet normal -5.992777e-01 0.000000e+00 8.005412e-01
    outer loop
      vertex   7.569028e+01 5.178115e+01 -1.023965e+02
      vertex   7.569028e+01 4.598653e+01 -1.023965e+02
      vertex   7.591872e+01 5.178115e+01 -1.022255e+02
    endloop
  endfacet
  facet normal -5.992777e-01 -1.810970e-04 8.005412e-01
    outer loop
      vertex   7.569028e+01 5.178115e+01 -1.023965e+02
      vertex   7.591872e+01 5.178115e+01 -1.022255e+02
      vertex   7.590820e+01 5.650000e+01 -1.022323e+02
    endloop
  endfacet
  facet normal -4.851285e-01 1.799120e-04 8.744429e-01
    outer loop
      vertex   7.590820e+01 5.650000e+01 -1.022323e+02
      vertex   7.591872e+01 5.178115e+01 -1.022255e+02
      vertex   7.615617e+01 5.650000e+01 -1.020947e+02
    endloop
  endfacet
  facet normal -4.792490e-01 -2.056136e-04 8.776790e-01
    outer loop
      vertex   7.615617e+01 5.650000e+01 -1.020947e+02
      vertex   7.591872e+01 5.178115e+01 -1.022255e+02
      vertex   7.616917e+01 5.178115e+01 -1.020887e+02
    endloop
  endfacet
  facet normal -6.039238e-01 1.552261e-04 7.970421e-01
    outer loop
      vertex   7.590820e+01 5.650000e+01 -1.022323e+02
      vertex   7.568218e+01 5.650000e+01 -1.024035e+02
      vertex   7.569028e+01 5.178115e+01 -1.023965e+02
    endloop
  endfacet
  facet normal -7.071068e-01 -1.562418e-04 7.071068e-01
    outer loop
      vertex   7.569028e+01 5.178115e+01 -1.023965e+02
      vertex   7.568218e+01 5.650000e+01 -1.024035e+02
      vertex   7.548850e+01 5.178115e+01 -1.025982e+02
    endloop
  endfacet
  facet normal -7.071068e-01 0.000000e+00 7.071068e-01
    outer loop
      vertex   7.569028e+01 5.178115e+01 -1.023965e+02
      vertex   7.548850e+01 5.178115e+01 -1.025982e+02
      vertex   7.548850e+01 4.598653e+01 -1.025982e+02
    endloop
  endfacet
  facet normal -8.005412e-01 0.000000e+00 5.992777e-01
    outer loop
      vertex   7.548850e+01 4.598653e+01 -1.025982e+02
      vertex   7.548850e+01 5.178115e+01 -1.025982e+02
      vertex   7.531749e+01 4.598653e+01 -1.028267e+02
    endloop
  endfacet
  facet normal -8.005412e-01 0.000000e+00 5.992777e-01
    outer loop
      vertex   7.548850e+01 4.598653e+01 -1.025982e+02
      vertex   7.531749e+01 4.598653e+01 -1.028267e+02
      vertex   7.531749e+01 4.019192e+01 -1.028267e+02
    endloop
  endfacet
  facet normal -8.776790e-01 0.000000e+00 4.792490e-01
    outer loop
      vertex   7.531749e+01 4.019192e+01 -1.028267e+02
      vertex   7.531749e+01 4.598653e+01 -1.028267e+02
      vertex   7.518074e+01 4.019192e+01 -1.030771e+02
    endloop
  endfacet
  facet normal -8.776790e-01 0.000000e+00 4.792490e-01
    outer loop
      vertex   7.531749e+01 4.019192e+01 -1.028267e+02
      vertex   7.518074e+01 4.019192e+01 -1.030771e+02
      vertex   7.518074e+01 3.439731e+01 -1.030771e+02
    endloop
  endfacet
  facet normal -9.369497e-01 0.000000e+00 3.494642e-01
    outer loop
      vertex   7.518074e+01 3.439731e+01 -1.030771e+02
      vertex   7.518074e+01 4.019192e+01 -1.030771e+02
      vertex   7.508101e+01 3.439731e+01 -1.033445e+02
    endloop
  endfacet
  facet normal -9.369497e-01 0.000000e+00 3.494642e-01
    outer loop
      vertex   7.518074e+01 3.439731e+01 -1.030771e+02
      vertex   7.508101e+01 3.439731e+01 -1.033445e+02
      vertex   7.508101e+01 2.860269e+01 -1.033445e+02
    endloop
  endfacet
  facet normal -9.772419e-01 0.000000e+00 2.121281e-01
    outer loop
      vertex   7.508101e+01 2.860269e+01 -1.033445e+02
      vertex   7.508101e+01 3.439731e+01 -1.033445e+02
      vertex   7.502010e+01 2.860269e+01 -1.036251e+02
    endloop
  endfacet
  facet normal -9.772419e-01 0.000000e+00 2.121281e-01
    outer loop
      vertex   7.508101e+01 2.860269e+01 -1.033445e+02
      vertex   7.502010e+01 2.860269e+01 -1.036251e+02
      vertex   7.502010e+01 2.280808e+01 -1.036251e+02
    endloop
  endfacet
  facet normal -9.974839e-01 0.000000e+00 7.089290e-02
    outer loop
      vertex   7.502010e+01 2.280808e+01 -1.036251e+02
      vertex   7.502010e+01 2.860269e+01 -1.036251e+02
      vertex   7.500000e+01 6.500000e+00 -1.039080e+02
    endloop
  endfacet
  facet normal -7.105783e-01 1.302016e-04 7.036181e-01
    outer loop
      vertex   7.568218e+01 5.650000e+01 -1.024035e+02
      vertex   7.548266e+01 5.650000e+01 -1.026050e+02
      vertex   7.548850e+01 5.178115e+01 -1.025982e+02
    endloop
  endfacet
  facet normal -8.005412e-01 -1.310480e-04 5.992777e-01
    outer loop
      vertex   7.548850e+01 5.178115e+01 -1.025982e+02
      vertex   7.548266e+01 5.650000e+01 -1.026050e+02
      vertex   7.531749e+01 5.178115e+01 -1.028267e+02
    endloop
  endfacet
  facet normal -8.005412e-01 0.000000e+00 5.992777e-01
    outer loop
      vertex   7.548850e+01 5.178115e+01 -1.025982e+02
      vertex   7.531749e+01 5.178115e+01 -1.028267e+02
      vertex   7.531749e+01 4.598653e+01 -1.028267e+02
    endloop
  endfacet
  facet normal -8.776790e-01 0.000000e+00 4.792490e-01
    outer loop
      vertex   7.531749e+01 4.598653e+01 -1.028267e+02
      vertex   7.531749e+01 5.178115e+01 -1.028267e+02
      vertex   7.518074e+01 4.598653e+01 -1.030771e+02
    endloop
  endfacet
  facet normal -8.776790e-01 0.000000e+00 4.792490e-01
    outer loop
      vertex   7.531749e+01 4.598653e+01 -1.028267e+02
      vertex   7.518074e+01 4.598653e+01 -1.030771e+02
      vertex   7.518074e+01 4.019192e+01 -1.030771e+02
    endloop
  endfacet
  facet normal -9.369497e-01 0.000000e+00 3.494642e-01
    outer loop
      vertex   7.518074e+01 4.019192e+01 -1.030771e+02
      vertex   7.518074e+01 4.598653e+01 -1.030771e+02
      vertex   7.508101e+01 4.019192e+01 -1.033445e+02
    endloop
  endfacet
  facet normal -9.369497e-01 0.000000e+00 3.494642e-01
    outer loop
      vertex   7.518074e+01 4.019192e+01 -1.030771e+02
      vertex   7.508101e+01 4.019192e+01 -1.033445e+02
      vertex   7.508101e+01 3.439731e+01 -1.033445e+02
    endloop
  endfacet
  facet normal -9.772419e-01 0.000000e+00 2.121281e-01
    outer loop
      vertex   7.508101e+01 3.439731e+01 -1.033445e+02
      vertex   7.508101e+01 4.019192e+01 -1.033445e+02
      vertex   7.502010e+01 3.439731e+01 -1.036251e+02
    endloop
  endfacet
  facet normal -9.772419e-01 0.000000e+00 2.121281e-01
    outer loop
      vertex   7.508101e+01 3.439731e+01 -1.033445e+02
      vertex   7.502010e+01 3.439731e+01 -1.036251e+02
      vertex   7.502010e+01 2.860269e+01 -1.036251e+02
    endloop
  endfacet
  facet normal -9.974839e-01 0.000000e+00 7.089290e-02
    outer loop
      vertex   7.502010e+01 2.860269e+01 -1.036251e+02
      vertex   7.502010e+01 3.439731e+01 -1.036251e+02
      vertex   7.500000e+01 6.500000e+00 -1.039080e+02
    endloop
  endfacet
  facet normal -8.029479e-01 1.048384e-04 5.960492e-01
    outer loop
      vertex   7.548266e+01 5.650000e+01 -1.026050e+02
      vertex   7.531363e+01 5.650000e+01 -1.028327e+02
      vertex   7.531749e+01 5.178115e+01 -1.028267e+02
    endloop
  endfacet
  facet normal -8.776790e-01 -1.055155e-04 4.792490e-01
    outer loop
      vertex   7.531749e+01 5.178115e+01 -1.028267e+02
      vertex   7.531363e+01 5.650000e+01 -1.028327e+02
      vertex   7.518074e+01 5.178115e+01 -1.030771e+02
    endloop
  endfacet
  facet normal -8.776790e-01 0.000000e+00 4.792490e-01
    outer loop
      vertex   7.531749e+01 5.178115e+01 -1.028267e+02
      vertex   7.518074e+01 5.178115e+01 -1.030771e+02
      vertex   7.518074e+01 4.598653e+01 -1.030771e+02
    endloop
  endfacet
  facet normal -9.369497e-01 0.000000e+00 3.494642e-01
    outer loop
      vertex   7.518074e+01 4.598653e+01 -1.030771e+02
      vertex   7.518074e+01 5.178115e+01 -1.030771e+02
      vertex   7.508101e+01 4.598653e+01 -1.033445e+02
    endloop
  endfacet
  facet normal -9.369497e-01 0.000000e+00 3.494642e-01
    outer loop
      vertex   7.518074e+01 4.598653e+01 -1.030771e+02
      vertex   7.508101e+01 4.598653e+01 -1.033445e+02
      vertex   7.508101e+01 4.019192e+01 -1.033445e+02
    endloop
  endfacet
  facet normal -9.772419e-01 0.000000e+00 2.121281e-01
    outer loop
      vertex   7.508101e+01 4.019192e+01 -1.033445e+02
      vertex   7.508101e+01 4.598653e+01 -1.033445e+02
      vertex   7.502010e+01 4.019192e+01 -1.036251e+02
    endloop
  endfacet
  facet normal -9.772419e-01 0.000000e+00 2.121281e-01
    outer loop
      vertex   7.508101e+01 4.019192e+01 -1.033445e+02
      vertex   7.502010e+01 4.019192e+01 -1.036251e+02
      vertex   7.502010e+01 3.439731e+01 -1.036251e+02
    endloop
  endfacet
  facet normal -9.974839e-01 0.000000e+00 7.089290e-02
    outer loop
      vertex   7.502010e+01 3.439731e+01 -1.036251e+02
      vertex   7.502010e+01 4.019192e+01 -1.036251e+02
      vertex   7.500000e+01 5.650000e+01 -1.039080e+02
    endloop
  endfacet
  facet normal -9.974839e-01 0.000000e+00 7.089290e-02
    outer loop
      vertex   7.502010e+01 3.439731e+01 -1.036251e+02
      vertex   7.500000e+01 5.650000e+01 -1.039080e+02
      vertex   7.500000e+01 6.500000e+00 -1.039080e+02
    endloop
  endfacet
  facet normal -8.791756e-01 7.913665e-05 4.764978e-01
    outer loop
      vertex   7.531363e+01 5.650000e+01 -1.028327e+02
      vertex   7.517851e+01 5.650000e+01 -1.030820e+02
      vertex   7.518074e+01 5.178115e+01 -1.030771e+02
    endloop
  endfacet
  facet normal -9.369497e-01 -7.964447e-05 3.494642e-01
    outer loop
      vertex   7.518074e+01 5.178115e+01 -1.030771e+02
      vertex   7.517851e+01 5.650000e+01 -1.030820e+02
      vertex   7.508101e+01 5.178115e+01 -1.033445e+02
    endloop
  endfacet
  facet normal -9.369497e-01 0.000000e+00 3.494642e-01
    outer loop
      vertex   7.518074e+01 5.178115e+01 -1.030771e+02
      vertex   7.508101e+01 5.178115e+01 -1.033445e+02
      vertex   7.508101e+01 4.598653e+01 -1.033445e+02
    endloop
  endfacet
  facet normal -9.772419e-01 0.000000e+00 2.121281e-01
    outer loop
      vertex   7.508101e+01 4.598653e+01 -1.033445e+02
      vertex   7.508101e+01 5.178115e+01 -1.033445e+02
      vertex   7.502010e+01 4.598653e+01 -1.036251e+02
    endloop
  endfacet
  facet normal -9.772419e-01 0.000000e+00 2.121281e-01
    outer loop
      vertex   7.508101e+01 4.598653e+01 -1.033445e+02
      vertex   7.502010e+01 4.598653e+01 -1.036251e+02
      vertex   7.502010e+01 4.019192e+01 -1.036251e+02
    endloop
  endfacet
  facet normal -9.974839e-01 0.000000e+00 7.089290e-02
    outer loop
      vertex   7.502010e+01 4.019192e+01 -1.036251e+02
      vertex   7.502010e+01 4.598653e+01 -1.036251e+02
      vertex   7.500000e+01 5.650000e+01 -1.039080e+02
    endloop
  endfacet
  facet normal -9.377292e-01 5.309632e-05 3.473673e-01
    outer loop
      vertex   7.517851e+01 5.650000e+01 -1.030820e+02
      vertex   7.508001e+01 5.650000e+01 -1.033479e+02
      vertex   7.508101e+01 5.178115e+01 -1.033445e+02
    endloop
  endfacet
  facet normal -9.772419e-01 -5.377338e-05 2.121281e-01
    outer loop
      vertex   7.508101e+01 5.178115e+01 -1.033445e+02
      vertex   7.508001e+01 5.650000e+01 -1.033479e+02
      vertex   7.502010e+01 5.178115e+01 -1.036251e+02
    endloop
  endfacet
  facet normal -9.772419e-01 0.000000e+00 2.121281e-01
    outer loop
      vertex   7.508101e+01 5.178115e+01 -1.033445e+02
      vertex   7.502010e+01 5.178115e+01 -1.036251e+02
      vertex   7.502010e+01 4.598653e+01 -1.036251e+02
    endloop
  endfacet
  facet normal -9.974839e-01 0.000000e+00 7.089290e-02
    outer loop
      vertex   7.502010e+01 4.598653e+01 -1.036251e+02
      vertex   7.502010e+01 5.178115e+01 -1.036251e+02
      vertex   7.500000e+01 5.650000e+01 -1.039080e+02
    endloop
  endfacet
  facet normal -9.774313e-01 0.000000e+00 2.112535e-01
    outer loop
      vertex   7.508001e+01 5.650000e+01 -1.033479e+02
      vertex   7.502010e+01 5.650000e+01 -1.036251e+02
      vertex   7.502010e+01 5.178115e+01 -1.036251e+02
    endloop
  endfacet
  facet normal -9.974839e-01 0.000000e+00 7.089290e-02
    outer loop
      vertex   7.502010e+01 5.178115e+01 -1.036251e+02
      vertex   7.502010e+01 5.650000e+01 -1.036251e+02
      vertex   7.500000e+01 5.650000e+01 -1.039080e+02
    endloop
  endfacet
  facet normal -7.105783e-01 -1.302015e-04 7.036181e-01
    outer loop
      vertex   7.548266e+01 6.500000e+00 -1.026050e+02
      vertex   7.568218e+01 6.500000e+00 -1.024035e+02
      vertex   7.548850e+01 1.121885e+01 -1.025982e+02
    endloop
  endfacet
  facet normal -7.071068e-01 1.562418e-04 7.071068e-01
    outer loop
      vertex   7.548850e+01 1.121885e+01 -1.025982e+02
      vertex   7.568218e+01 6.500000e+00 -1.024035e+02
      vertex   7.569028e+01 1.121885e+01 -1.023965e+02
    endloop
  endfacet
  facet normal -7.071068e-01 0.000000e+00 7.071068e-01
    outer loop
      vertex   7.548850e+01 1.121885e+01 -1.025982e+02
      vertex   7.569028e+01 1.121885e+01 -1.023965e+02
      vertex   7.569028e+01 1.701347e+01 -1.023965e+02
    endloop
  endfacet
  facet normal -5.992777e-01 0.000000e+00 8.005412e-01
    outer loop
      vertex   7.569028e+01 1.701347e+01 -1.023965e+02
      vertex   7.569028e+01 1.121885e+01 -1.023965e+02
      vertex   7.591872e+01 1.701347e+01 -1.022255e+02
    endloop
  endfacet
  facet normal -5.992777e-01 0.000000e+00 8.005412e-01
    outer loop
      vertex   7.569028e+01 1.701347e+01 -1.023965e+02
      vertex   7.591872e+01 1.701347e+01 -1.022255e+02
      vertex   7.591872e+01 2.280808e+01 -1.022255e+02
    endloop
  endfacet
  facet normal -4.792490e-01 0.000000e+00 8.776790e-01
    outer loop
      vertex   7.591872e+01 2.280808e+01 -1.022255e+02
      vertex   7.591872e+01 1.701347e+01 -1.022255e+02
      vertex   7.616917e+01 2.280808e+01 -1.020887e+02
    endloop
  endfacet
  facet normal -4.792490e-01 0.000000e+00 8.776790e-01
    outer loop
      vertex   7.591872e+01 2.280808e+01 -1.022255e+02
      vertex   7.616917e+01 2.280808e+01 -1.020887e+02
      vertex   7.616917e+01 2.860269e+01 -1.020887e+02
    endloop
  endfacet
  facet normal -3.494642e-01 0.000000e+00 9.369497e-01
    outer loop
      vertex   7.616917e+01 2.860269e+01 -1.020887e+02
      vertex   7.616917e+01 2.280808e+01 -1.020887e+02
      vertex   7.643653e+01 2.860269e+01 -1.019890e+02
    endloop
  endfacet
  facet normal -3.494642e-01 0.000000e+00 9.369497e-01
    outer loop
      vertex   7.616917e+01 2.860269e+01 -1.020887e+02
      vertex   7.643653e+01 2.860269e+01 -1.019890e+02
      vertex   7.643653e+01 3.439731e+01 -1.019890e+02
    endloop
  endfacet
  facet normal -2.125653e-01 0.000000e+00 9.771469e-01
    outer loop
      vertex   7.643653e+01 3.439731e+01 -1.019890e+02
      vertex   7.643653e+01 2.860269e+01 -1.019890e+02
      vertex   7.671537e+01 3.439731e+01 -1.019283e+02
    endloop
  endfacet
  facet normal -2.125653e-01 0.000000e+00 9.771469e-01
    outer loop
      vertex   7.643653e+01 3.439731e+01 -1.019890e+02
      vertex   7.671537e+01 3.439731e+01 -1.019283e+02
      vertex   7.671537e+01 4.019192e+01 -1.019283e+02
    endloop
  endfacet
  facet normal -7.133918e-02 0.000000e+00 9.974521e-01
    outer loop
      vertex   7.671537e+01 4.019192e+01 -1.019283e+02
      vertex   7.671537e+01 3.439731e+01 -1.019283e+02
      vertex   7.700000e+01 5.677964e+01 -1.019080e+02
    endloop
  endfacet
  facet normal -6.039238e-01 -1.552261e-04 7.970421e-01
    outer loop
      vertex   7.568218e+01 6.500000e+00 -1.024035e+02
      vertex   7.590820e+01 6.500000e+00 -1.022323e+02
      vertex   7.569028e+01 1.121885e+01 -1.023965e+02
    endloop
  endfacet
  facet normal -5.992777e-01 1.810970e-04 8.005412e-01
    outer loop
      vertex   7.569028e+01 1.121885e+01 -1.023965e+02
      vertex   7.590820e+01 6.500000e+00 -1.022323e+02
      vertex   7.591872e+01 1.121885e+01 -1.022255e+02
    endloop
  endfacet
  facet normal -5.992777e-01 0.000000e+00 8.005412e-01
    outer loop
      vertex   7.569028e+01 1.121885e+01 -1.023965e+02
      vertex   7.591872e+01 1.121885e+01 -1.022255e+02
      vertex   7.591872e+01 1.701347e+01 -1.022255e+02
    endloop
  endfacet
  facet normal -4.792490e-01 0.000000e+00 8.776790e-01
    outer loop
      vertex   7.591872e+01 1.701347e+01 -1.022255e+02
      vertex   7.591872e+01 1.121885e+01 -1.022255e+02
      vertex   7.616917e+01 1.701347e+01 -1.020887e+02
    endloop
  endfacet
  facet normal -4.792490e-01 0.000000e+00 8.776790e-01
    outer loop
      vertex   7.591872e+01 1.701347e+01 -1.022255e+02
      vertex   7.616917e+01 1.701347e+01 -1.020887e+02
      vertex   7.616917e+01 2.280808e+01 -1.020887e+02
    endloop
  endfacet
  facet normal -3.494642e-01 0.000000e+00 9.369497e-01
    outer loop
      vertex   7.616917e+01 2.280808e+01 -1.020887e+02
      vertex   7.616917e+01 1.701347e+01 -1.020887e+02
      vertex   7.643653e+01 2.280808e+01 -1.019890e+02
    endloop
  endfacet
  facet normal -3.494642e-01 0.000000e+00 9.369497e-01
    outer loop
      vertex   7.616917e+01 2.280808e+01 -1.020887e+02
      vertex   7.643653e+01 2.280808e+01 -1.019890e+02
      vertex   7.643653e+01 2.860269e+01 -1.019890e+02
    endloop
  endfacet
  facet normal -2.125653e-01 0.000000e+00 9.771469e-01
    outer loop
      vertex   7.643653e+01 2.860269e+01 -1.019890e+02
      vertex   7.643653e+01 2.280808e+01 -1.019890e+02
      vertex   7.671537e+01 2.860269e+01 -1.019283e+02
    endloop
  endfacet
  facet normal -2.125653e-01 0.000000e+00 9.771469e-01
    outer loop
      vertex   7.643653e+01 2.860269e+01 -1.019890e+02
      vertex   7.671537e+01 2.860269e+01 -1.019283e+02
      vertex   7.671537e+01 3.439731e+01 -1.019283e+02
    endloop
  endfacet
  facet normal -7.133918e-02 0.000000e+00 9.974521e-01
    outer loop
      vertex   7.671537e+01 3.439731e+01 -1.019283e+02
      vertex   7.671537e+01 2.860269e+01 -1.019283e+02
      vertex   7.700000e+01 5.677964e+01 -1.019080e+02
    endloop
  endfacet
  facet normal -4.851285e-01 -1.799120e-04 8.744429e-01
    outer loop
      vertex   7.590820e+01 6.500000e+00 -1.022323e+02
      vertex   7.615617e+01 6.500000e+00 -1.020947e+02
      vertex   7.591872e+01 1.121885e+01 -1.022255e+02
    endloop
  endfacet
  facet normal -4.792490e-01 2.056136e-04 8.776790e-01
    outer loop
      vertex   7.591872e+01 1.121885e+01 -1.022255e+02
      vertex   7.615617e+01 6.500000e+00 -1.020947e+02
      vertex   7.616917e+01 1.121885e+01 -1.020887e+02
    endloop
  endfacet
  facet normal -4.792490e-01 0.000000e+00 8.776790e-01
    outer loop
      vertex   7.591872e+01 1.121885e+01 -1.022255e+02
      vertex   7.616917e+01 1.121885e+01 -1.020887e+02
      vertex   7.616917e+01 1.701347e+01 -1.020887e+02
    endloop
  endfacet
  facet normal -3.494642e-01 0.000000e+00 9.369497e-01
    outer loop
      vertex   7.616917e+01 1.701347e+01 -1.020887e+02
      vertex   7.616917e+01 1.121885e+01 -1.020887e+02
      vertex   7.643653e+01 1.701347e+01 -1.019890e+02
    endloop
  endfacet
  facet normal -3.494642e-01 0.000000e+00 9.369497e-01
    outer loop
      vertex   7.616917e+01 1.701347e+01 -1.020887e+02
      vertex   7.643653e+01 1.701347e+01 -1.019890e+02
      vertex   7.643653e+01 2.280808e+01 -1.019890e+02
    endloop
  endfacet
  facet normal -2.125653e-01 0.000000e+00 9.771469e-01
    outer loop
      vertex   7.643653e+01 2.280808e+01 -1.019890e+02
      vertex   7.643653e+01 1.701347e+01 -1.019890e+02
      vertex   7.671537e+01 2.280808e+01 -1.019283e+02
    endloop
  endfacet
  facet normal -2.125653e-01 0.000000e+00 9.771469e-01
    outer loop
      vertex   7.643653e+01 2.280808e+01 -1.019890e+02
      vertex   7.671537e+01 2.280808e+01 -1.019283e+02
      vertex   7.671537e+01 2.860269e+01 -1.019283e+02
    endloop
  endfacet
  facet normal -1.032974e-01 0.000000e+00 9.946505e-01
    outer loop
      vertex   7.671537e+01 2.860269e+01 -1.019283e+02
      vertex   7.671537e+01 2.280808e+01 -1.019283e+02
      vertex   7.687108e+01 6.003905e+00 -1.019122e+02
    endloop
  endfacet
  facet normal -8.433068e-02 1.319665e-04 9.964378e-01
    outer loop
      vertex   7.671537e+01 2.860269e+01 -1.019283e+02
      vertex   7.687108e+01 6.003905e+00 -1.019122e+02
      vertex   7.700000e+01 5.677964e+01 -1.019080e+02
    endloop
  endfacet
  facet normal -3.245212e-02 0.000000e+00 9.994733e-01
    outer loop
      vertex   7.700000e+01 5.677964e+01 -1.019080e+02
      vertex   7.687108e+01 6.003905e+00 -1.019122e+02
      vertex   7.700000e+01 6.220363e+00 -1.019080e+02
    endloop
  endfacet
  facet normal -3.565805e-01 -2.042592e-04 9.342646e-01
    outer loop
      vertex   7.615617e+01 6.500000e+00 -1.020947e+02
      vertex   7.642110e+01 6.500000e+00 -1.019936e+02
      vertex   7.616917e+01 1.121885e+01 -1.020887e+02
    endloop
  endfacet
  facet normal -3.494642e-01 2.297914e-04 9.369497e-01
    outer loop
      vertex   7.616917e+01 1.121885e+01 -1.020887e+02
      vertex   7.642110e+01 6.500000e+00 -1.019936e+02
      vertex   7.643653e+01 1.121885e+01 -1.019890e+02
    endloop
  endfacet
  facet normal -3.494642e-01 0.000000e+00 9.369497e-01
    outer loop
      vertex   7.616917e+01 1.121885e+01 -1.020887e+02
      vertex   7.643653e+01 1.121885e+01 -1.019890e+02
      vertex   7.643653e+01 1.701347e+01 -1.019890e+02
    endloop
  endfacet
  facet normal -2.125653e-01 0.000000e+00 9.771469e-01
    outer loop
      vertex   7.643653e+01 1.701347e+01 -1.019890e+02
      vertex   7.643653e+01 1.121885e+01 -1.019890e+02
      vertex   7.671537e+01 1.701347e+01 -1.019283e+02
    endloop
  endfacet
  facet normal -2.125653e-01 0.000000e+00 9.771469e-01
    outer loop
      vertex   7.643653e+01 1.701347e+01 -1.019890e+02
      vertex   7.671537e+01 1.701347e+01 -1.019283e+02
      vertex   7.671537e+01 2.280808e+01 -1.019283e+02
    endloop
  endfacet
  facet normal -1.032974e-01 0.000000e+00 9.946505e-01
    outer loop
      vertex   7.671537e+01 2.280808e+01 -1.019283e+02
      vertex   7.671537e+01 1.701347e+01 -1.019283e+02
      vertex   7.687108e+01 6.003905e+00 -1.019122e+02
    endloop
  endfacet
  facet normal -2.855909e-01 -1.069702e-08 9.583516e-01
    outer loop
      vertex   7.642110e+01 6.500000e+00 -1.019936e+02
      vertex   7.642110e+01 5.424240e+00 -1.019936e+02
      vertex   7.643653e+01 1.121885e+01 -1.019890e+02
    endloop
  endfacet
  facet normal -2.494474e-01 -1.042592e-04 9.683883e-01
    outer loop
      vertex   7.643653e+01 1.121885e+01 -1.019890e+02
      vertex   7.642110e+01 5.424240e+00 -1.019936e+02
      vertex   7.658143e+01 5.606429e+00 -1.019523e+02
    endloop
  endfacet
  facet normal -2.125652e-01 9.052477e-04 9.771465e-01
    outer loop
      vertex   7.643653e+01 1.121885e+01 -1.019890e+02
      vertex   7.658143e+01 5.606429e+00 -1.019523e+02
      vertex   7.671537e+01 1.121885e+01 -1.019283e+02
    endloop
  endfacet
  facet normal -1.717172e-01 -1.036835e-04 9.851463e-01
    outer loop
      vertex   7.671537e+01 1.121885e+01 -1.019283e+02
      vertex   7.658143e+01 5.606429e+00 -1.019523e+02
      vertex   7.673093e+01 5.798829e+00 -1.019262e+02
    endloop
  endfacet
  facet normal -9.975638e-02 1.068534e-04 9.950119e-01
    outer loop
      vertex   7.671537e+01 1.121885e+01 -1.019283e+02
      vertex   7.673093e+01 5.798829e+00 -1.019262e+02
      vertex   7.687108e+01 6.003905e+00 -1.019122e+02
    endloop
  endfacet
  facet normal -3.494642e-01 0.000000e+00 9.369497e-01
    outer loop
      vertex   7.616917e+01 5.178115e+01 -1.020887e+02
      vertex   7.616917e+01 4.598653e+01 -1.020887e+02
      vertex   7.643653e+01 5.178115e+01 -1.019890e+02
    endloop
  endfacet
  facet normal -3.494642e-01 0.000000e+00 9.369497e-01
    outer loop
      vertex   7.643653e+01 5.178115e+01 -1.019890e+02
      vertex   7.616917e+01 4.598653e+01 -1.020887e+02
      vertex   7.643653e+01 4.598653e+01 -1.019890e+02
    endloop
  endfacet
  facet normal -2.125653e-01 0.000000e+00 9.771469e-01
    outer loop
      vertex   7.643653e+01 5.178115e+01 -1.019890e+02
      vertex   7.643653e+01 4.598653e+01 -1.019890e+02
      vertex   7.671537e+01 5.178115e+01 -1.019283e+02
    endloop
  endfacet
  facet normal -2.125653e-01 0.000000e+00 9.771469e-01
    outer loop
      vertex   7.671537e+01 5.178115e+01 -1.019283e+02
      vertex   7.643653e+01 4.598653e+01 -1.019890e+02
      vertex   7.671537e+01 4.598653e+01 -1.019283e+02
    endloop
  endfacet
  facet normal -3.494642e-01 0.000000e+00 9.369497e-01
    outer loop
      vertex   7.616917e+01 4.598653e+01 -1.020887e+02
      vertex   7.616917e+01 4.019192e+01 -1.020887e+02
      vertex   7.643653e+01 4.598653e+01 -1.019890e+02
    endloop
  endfacet
  facet normal -3.494642e-01 0.000000e+00 9.369497e-01
    outer loop
      vertex   7.643653e+01 4.598653e+01 -1.019890e+02
      vertex   7.616917e+01 4.019192e+01 -1.020887e+02
      vertex   7.643653e+01 4.019192e+01 -1.019890e+02
    endloop
  endfacet
  facet normal -2.125653e-01 0.000000e+00 9.771469e-01
    outer loop
      vertex   7.643653e+01 4.598653e+01 -1.019890e+02
      vertex   7.643653e+01 4.019192e+01 -1.019890e+02
      vertex   7.671537e+01 4.598653e+01 -1.019283e+02
    endloop
  endfacet
  facet normal -4.792490e-01 0.000000e+00 8.776790e-01
    outer loop
      vertex   7.616917e+01 4.598653e+01 -1.020887e+02
      vertex   7.616917e+01 5.178115e+01 -1.020887e+02
      vertex   7.591872e+01 4.598653e+01 -1.022255e+02
    endloop
  endfacet
  facet normal -4.792490e-01 0.000000e+00 8.776790e-01
    outer loop
      vertex   7.591872e+01 4.598653e+01 -1.022255e+02
      vertex   7.616917e+01 5.178115e+01 -1.020887e+02
      vertex   7.591872e+01 5.178115e+01 -1.022255e+02
    endloop
  endfacet
  facet normal -5.992777e-01 0.000000e+00 8.005412e-01
    outer loop
      vertex   7.591872e+01 4.598653e+01 -1.022255e+02
      vertex   7.591872e+01 5.178115e+01 -1.022255e+02
      vertex   7.569028e+01 4.598653e+01 -1.023965e+02
    endloop
  endfacet
  facet normal -3.494642e-01 0.000000e+00 9.369497e-01
    outer loop
      vertex   7.643653e+01 4.019192e+01 -1.019890e+02
      vertex   7.616917e+01 4.019192e+01 -1.020887e+02
      vertex   7.616917e+01 3.439731e+01 -1.020887e+02
    endloop
  endfacet
  facet normal -4.792490e-01 0.000000e+00 8.776790e-01
    outer loop
      vertex   7.616917e+01 3.439731e+01 -1.020887e+02
      vertex   7.616917e+01 4.019192e+01 -1.020887e+02
      vertex   7.591872e+01 3.439731e+01 -1.022255e+02
    endloop
  endfacet
  facet normal -4.792490e-01 0.000000e+00 8.776790e-01
    outer loop
      vertex   7.616917e+01 3.439731e+01 -1.020887e+02
      vertex   7.591872e+01 3.439731e+01 -1.022255e+02
      vertex   7.591872e+01 2.860269e+01 -1.022255e+02
    endloop
  endfacet
  facet normal -5.992777e-01 0.000000e+00 8.005412e-01
    outer loop
      vertex   7.591872e+01 2.860269e+01 -1.022255e+02
      vertex   7.591872e+01 3.439731e+01 -1.022255e+02
      vertex   7.569028e+01 2.860269e+01 -1.023965e+02
    endloop
  endfacet
  facet normal -5.992777e-01 0.000000e+00 8.005412e-01
    outer loop
      vertex   7.591872e+01 2.860269e+01 -1.022255e+02
      vertex   7.569028e+01 2.860269e+01 -1.023965e+02
      vertex   7.569028e+01 2.280808e+01 -1.023965e+02
    endloop
  endfacet
  facet normal -7.071068e-01 0.000000e+00 7.071068e-01
    outer loop
      vertex   7.569028e+01 2.280808e+01 -1.023965e+02
      vertex   7.569028e+01 2.860269e+01 -1.023965e+02
      vertex   7.548850e+01 2.280808e+01 -1.025982e+02
    endloop
  endfacet
  facet normal -7.071068e-01 0.000000e+00 7.071068e-01
    outer loop
      vertex   7.569028e+01 2.280808e+01 -1.023965e+02
      vertex   7.548850e+01 2.280808e+01 -1.025982e+02
      vertex   7.548850e+01 1.701347e+01 -1.025982e+02
    endloop
  endfacet
  facet normal -8.005412e-01 0.000000e+00 5.992777e-01
    outer loop
      vertex   7.548850e+01 1.701347e+01 -1.025982e+02
      vertex   7.548850e+01 2.280808e+01 -1.025982e+02
      vertex   7.531749e+01 1.701347e+01 -1.028267e+02
    endloop
  endfacet
  facet normal -8.005412e-01 0.000000e+00 5.992777e-01
    outer loop
      vertex   7.548850e+01 1.701347e+01 -1.025982e+02
      vertex   7.531749e+01 1.701347e+01 -1.028267e+02
      vertex   7.531749e+01 1.121885e+01 -1.028267e+02
    endloop
  endfacet
  facet normal -8.776790e-01 0.000000e+00 4.792490e-01
    outer loop
      vertex   7.531749e+01 1.121885e+01 -1.028267e+02
      vertex   7.531749e+01 1.701347e+01 -1.028267e+02
      vertex   7.518074e+01 1.121885e+01 -1.030771e+02
    endloop
  endfacet
  facet normal -4.792490e-01 0.000000e+00 8.776790e-01
    outer loop
      vertex   7.616917e+01 4.019192e+01 -1.020887e+02
      vertex   7.616917e+01 4.598653e+01 -1.020887e+02
      vertex   7.591872e+01 4.019192e+01 -1.022255e+02
    endloop
  endfacet
  facet normal -4.792490e-01 0.000000e+00 8.776790e-01
    outer loop
      vertex   7.591872e+01 4.019192e+01 -1.022255e+02
      vertex   7.616917e+01 4.598653e+01 -1.020887e+02
      vertex   7.591872e+01 4.598653e+01 -1.022255e+02
    endloop
  endfacet
  facet normal -5.992777e-01 0.000000e+00 8.005412e-01
    outer loop
      vertex   7.591872e+01 4.019192e+01 -1.022255e+02
      vertex   7.591872e+01 4.598653e+01 -1.022255e+02
      vertex   7.569028e+01 4.019192e+01 -1.023965e+02
    endloop
  endfacet
  facet normal -5.992777e-01 0.000000e+00 8.005412e-01
    outer loop
      vertex   7.569028e+01 4.019192e+01 -1.023965e+02
      vertex   7.591872e+01 4.598653e+01 -1.022255e+02
      vertex   7.569028e+01 4.598653e+01 -1.023965e+02
    endloop
  endfacet
  facet normal -7.071068e-01 0.000000e+00 7.071068e-01
    outer loop
      vertex   7.569028e+01 4.019192e+01 -1.023965e+02
      vertex   7.569028e+01 4.598653e+01 -1.023965e+02
      vertex   7.548850e+01 4.019192e+01 -1.025982e+02
    endloop
  endfacet
  facet normal -4.792490e-01 0.000000e+00 8.776790e-01
    outer loop
      vertex   7.616917e+01 4.019192e+01 -1.020887e+02
      vertex   7.591872e+01 4.019192e+01 -1.022255e+02
      vertex   7.591872e+01 3.439731e+01 -1.022255e+02
    endloop
  endfacet
  facet normal -5.992777e-01 0.000000e+00 8.005412e-01
    outer loop
      vertex   7.591872e+01 3.439731e+01 -1.022255e+02
      vertex   7.591872e+01 4.019192e+01 -1.022255e+02
      vertex   7.569028e+01 3.439731e+01 -1.023965e+02
    endloop
  endfacet
  facet normal -5.992777e-01 0.000000e+00 8.005412e-01
    outer loop
      vertex   7.591872e+01 3.439731e+01 -1.022255e+02
      vertex   7.569028e+01 3.439731e+01 -1.023965e+02
      vertex   7.569028e+01 2.860269e+01 -1.023965e+02
    endloop
  endfacet
  facet normal -7.071068e-01 0.000000e+00 7.071068e-01
    outer loop
      vertex   7.569028e+01 2.860269e+01 -1.023965e+02
      vertex   7.569028e+01 3.439731e+01 -1.023965e+02
      vertex   7.548850e+01 2.860269e+01 -1.025982e+02
    endloop
  endfacet
  facet normal -7.071068e-01 0.000000e+00 7.071068e-01
    outer loop
      vertex   7.569028e+01 2.860269e+01 -1.023965e+02
      vertex   7.548850e+01 2.860269e+01 -1.025982e+02
      vertex   7.548850e+01 2.280808e+01 -1.025982e+02
    endloop
  endfacet
  facet normal -8.005412e-01 0.000000e+00 5.992777e-01
    outer loop
      vertex   7.548850e+01 2.280808e+01 -1.025982e+02
      vertex   7.548850e+01 2.860269e+01 -1.025982e+02
      vertex   7.531749e+01 2.280808e+01 -1.028267e+02
    endloop
  endfacet
  facet normal -8.005412e-01 0.000000e+00 5.992777e-01
    outer loop
      vertex   7.548850e+01 2.280808e+01 -1.025982e+02
      vertex   7.531749e+01 2.280808e+01 -1.028267e+02
      vertex   7.531749e+01 1.701347e+01 -1.028267e+02
    endloop
  endfacet
  facet normal -8.776790e-01 0.000000e+00 4.792490e-01
    outer loop
      vertex   7.531749e+01 1.701347e+01 -1.028267e+02
      vertex   7.531749e+01 2.280808e+01 -1.028267e+02
      vertex   7.518074e+01 1.701347e+01 -1.030771e+02
    endloop
  endfacet
  facet normal -8.776790e-01 0.000000e+00 4.792490e-01
    outer loop
      vertex   7.531749e+01 1.701347e+01 -1.028267e+02
      vertex   7.518074e+01 1.701347e+01 -1.030771e+02
      vertex   7.518074e+01 1.121885e+01 -1.030771e+02
    endloop
  endfacet
  facet normal -9.369497e-01 0.000000e+00 3.494642e-01
    outer loop
      vertex   7.518074e+01 1.121885e+01 -1.030771e+02
      vertex   7.518074e+01 1.701347e+01 -1.030771e+02
      vertex   7.508101e+01 1.121885e+01 -1.033445e+02
    endloop
  endfacet
  facet normal -5.992777e-01 0.000000e+00 8.005412e-01
    outer loop
      vertex   7.569028e+01 3.439731e+01 -1.023965e+02
      vertex   7.591872e+01 4.019192e+01 -1.022255e+02
      vertex   7.569028e+01 4.019192e+01 -1.023965e+02
    endloop
  endfacet
  facet normal -7.071068e-01 0.000000e+00 7.071068e-01
    outer loop
      vertex   7.569028e+01 3.439731e+01 -1.023965e+02
      vertex   7.569028e+01 4.019192e+01 -1.023965e+02
      vertex   7.548850e+01 3.439731e+01 -1.025982e+02
    endloop
  endfacet
  facet normal -7.071068e-01 0.000000e+00 7.071068e-01
    outer loop
      vertex   7.548850e+01 3.439731e+01 -1.025982e+02
      vertex   7.569028e+01 4.019192e+01 -1.023965e+02
      vertex   7.548850e+01 4.019192e+01 -1.025982e+02
    endloop
  endfacet
  facet normal -8.005412e-01 0.000000e+00 5.992777e-01
    outer loop
      vertex   7.548850e+01 3.439731e+01 -1.025982e+02
      vertex   7.548850e+01 4.019192e+01 -1.025982e+02
      vertex   7.531749e+01 3.439731e+01 -1.028267e+02
    endloop
  endfacet
  facet normal -7.071068e-01 0.000000e+00 7.071068e-01
    outer loop
      vertex   7.569028e+01 3.439731e+01 -1.023965e+02
      vertex   7.548850e+01 3.439731e+01 -1.025982e+02
      vertex   7.548850e+01 2.860269e+01 -1.025982e+02
    endloop
  endfacet
  facet normal -8.005412e-01 0.000000e+00 5.992777e-01
    outer loop
      vertex   7.548850e+01 2.860269e+01 -1.025982e+02
      vertex   7.548850e+01 3.439731e+01 -1.025982e+02
      vertex   7.531749e+01 2.860269e+01 -1.028267e+02
    endloop
  endfacet
  facet normal -8.005412e-01 0.000000e+00 5.992777e-01
    outer loop
      vertex   7.548850e+01 2.860269e+01 -1.025982e+02
      vertex   7.531749e+01 2.860269e+01 -1.028267e+02
      vertex   7.531749e+01 2.280808e+01 -1.028267e+02
    endloop
  endfacet
  facet normal -8.776790e-01 0.000000e+00 4.792490e-01
    outer loop
      vertex   7.531749e+01 2.280808e+01 -1.028267e+02
      vertex   7.531749e+01 2.860269e+01 -1.028267e+02
      vertex   7.518074e+01 2.280808e+01 -1.030771e+02
    endloop
  endfacet
  facet normal -8.776790e-01 0.000000e+00 4.792490e-01
    outer loop
      vertex   7.531749e+01 2.280808e+01 -1.028267e+02
      vertex   7.518074e+01 2.280808e+01 -1.030771e+02
      vertex   7.518074e+01 1.701347e+01 -1.030771e+02
    endloop
  endfacet
  facet normal -9.369497e-01 0.000000e+00 3.494642e-01
    outer loop
      vertex   7.518074e+01 1.701347e+01 -1.030771e+02
      vertex   7.518074e+01 2.280808e+01 -1.030771e+02
      vertex   7.508101e+01 1.701347e+01 -1.033445e+02
    endloop
  endfacet
  facet normal -9.369497e-01 0.000000e+00 3.494642e-01
    outer loop
      vertex   7.518074e+01 1.701347e+01 -1.030771e+02
      vertex   7.508101e+01 1.701347e+01 -1.033445e+02
      vertex   7.508101e+01 1.121885e+01 -1.033445e+02
    endloop
  endfacet
  facet normal -9.772419e-01 0.000000e+00 2.121281e-01
    outer loop
      vertex   7.508101e+01 1.121885e+01 -1.033445e+02
      vertex   7.508101e+01 1.701347e+01 -1.033445e+02
      vertex   7.502010e+01 1.121885e+01 -1.036251e+02
    endloop
  endfacet
  facet normal -8.005412e-01 0.000000e+00 5.992777e-01
    outer loop
      vertex   7.531749e+01 2.860269e+01 -1.028267e+02
      vertex   7.548850e+01 3.439731e+01 -1.025982e+02
      vertex   7.531749e+01 3.439731e+01 -1.028267e+02
    endloop
  endfacet
  facet normal -8.776790e-01 0.000000e+00 4.792490e-01
    outer loop
      vertex   7.518074e+01 2.280808e+01 -1.030771e+02
      vertex   7.531749e+01 2.860269e+01 -1.028267e+02
      vertex   7.518074e+01 2.860269e+01 -1.030771e+02
    endloop
  endfacet
  facet normal -8.776790e-01 0.000000e+00 4.792490e-01
    outer loop
      vertex   7.518074e+01 2.860269e+01 -1.030771e+02
      vertex   7.531749e+01 2.860269e+01 -1.028267e+02
      vertex   7.531749e+01 3.439731e+01 -1.028267e+02
    endloop
  endfacet
  facet normal -9.369497e-01 0.000000e+00 3.494642e-01
    outer loop
      vertex   7.508101e+01 1.701347e+01 -1.033445e+02
      vertex   7.518074e+01 2.280808e+01 -1.030771e+02
      vertex   7.508101e+01 2.280808e+01 -1.033445e+02
    endloop
  endfacet
  facet normal -9.369497e-01 0.000000e+00 3.494642e-01
    outer loop
      vertex   7.508101e+01 2.280808e+01 -1.033445e+02
      vertex   7.518074e+01 2.280808e+01 -1.030771e+02
      vertex   7.518074e+01 2.860269e+01 -1.030771e+02
    endloop
  endfacet
  facet normal -9.772419e-01 0.000000e+00 2.121281e-01
    outer loop
      vertex   7.502010e+01 1.121885e+01 -1.036251e+02
      vertex   7.508101e+01 1.701347e+01 -1.033445e+02
      vertex   7.502010e+01 1.701347e+01 -1.036251e+02
    endloop
  endfacet
  facet normal -9.772419e-01 0.000000e+00 2.121281e-01
    outer loop
      vertex   7.502010e+01 1.701347e+01 -1.036251e+02
      vertex   7.508101e+01 1.701347e+01 -1.033445e+02
      vertex   7.508101e+01 2.280808e+01 -1.033445e+02
    endloop
  endfacet
  facet normal -1.032974e-01 0.000000e+00 9.946505e-01
    outer loop
      vertex   7.687108e+01 6.003905e+00 -1.019122e+02
      vertex   7.671537e+01 1.701347e+01 -1.019283e+02
      vertex   7.671537e+01 1.121885e+01 -1.019283e+02
    endloop
  endfacet
  facet normal -2.125653e-01 0.000000e+00 9.771469e-01
    outer loop
      vertex   7.671537e+01 1.121885e+01 -1.019283e+02
      vertex   7.671537e+01 1.701347e+01 -1.019283e+02
      vertex   7.643653e+01 1.121885e+01 -1.019890e+02
    endloop
  endfacet
  facet normal 9.987955e-01 4.906767e-02 -0.000000e+00
    outer loop
      vertex   7.750000e+01 5.484315e+01 -1.080000e+02
      vertex   7.748074e+01 5.523521e+01 -1.080000e+02
      vertex   7.750000e+01 5.484315e+01 -1.019080e+02
    endloop
  endfacet
  facet normal 9.987233e-01 5.051454e-02 9.334501e-05
    outer loop
      vertex   7.750000e+01 5.484315e+01 -1.019080e+02
      vertex   7.748074e+01 5.523521e+01 -1.080000e+02
      vertex   7.747959e+01 5.524675e+01 -1.019080e+02
    endloop
  endfacet
  facet normal 9.891765e-01 1.467305e-01 -9.059233e-05
    outer loop
      vertex   7.747959e+01 5.524675e+01 -1.019080e+02
      vertex   7.748074e+01 5.523521e+01 -1.080000e+02
      vertex   7.742314e+01 5.562351e+01 -1.080000e+02
    endloop
  endfacet
  facet normal 9.885295e-01 1.510280e-01 1.811845e-04
    outer loop
      vertex   7.747959e+01 5.524675e+01 -1.019080e+02
      vertex   7.742314e+01 5.562351e+01 -1.080000e+02
      vertex   7.741855e+01 5.564623e+01 -1.019080e+02
    endloop
  endfacet
  facet normal 9.700312e-01 2.429802e-01 -1.756787e-04
    outer loop
      vertex   7.741855e+01 5.564623e+01 -1.019080e+02
      vertex   7.742314e+01 5.562351e+01 -1.080000e+02
      vertex   7.732776e+01 5.600428e+01 -1.080000e+02
    endloop
  endfacet
  facet normal 9.682458e-01 2.500000e-01 2.635176e-04
    outer loop
      vertex   7.741855e+01 5.564623e+01 -1.019080e+02
      vertex   7.732776e+01 5.600428e+01 -1.080000e+02
      vertex   7.731752e+01 5.603751e+01 -1.019080e+02
    endloop
  endfacet
  facet normal 9.415440e-01 3.368898e-01 -2.552585e-04
    outer loop
      vertex   7.731752e+01 5.603751e+01 -1.019080e+02
      vertex   7.732776e+01 5.600428e+01 -1.080000e+02
      vertex   7.719552e+01 5.637388e+01 -1.080000e+02
    endloop
  endfacet
  facet normal 9.380794e-01 3.464202e-01 3.403438e-04
    outer loop
      vertex   7.731752e+01 5.603751e+01 -1.019080e+02
      vertex   7.719552e+01 5.637388e+01 -1.080000e+02
      vertex   7.717753e+01 5.641660e+01 -1.019080e+02
    endloop
  endfacet
  facet normal 9.039892e-01 4.275551e-01 -3.293309e-04
    outer loop
      vertex   7.717753e+01 5.641660e+01 -1.019080e+02
      vertex   7.719552e+01 5.637388e+01 -1.080000e+02
      vertex   7.702769e+01 5.672873e+01 -1.080000e+02
    endloop
  endfacet
  facet normal 8.983381e-01 4.393046e-01 4.116624e-04
    outer loop
      vertex   7.717753e+01 5.641660e+01 -1.019080e+02
      vertex   7.702769e+01 5.672873e+01 -1.080000e+02
      vertex   7.700000e+01 5.677964e+01 -1.019080e+02
    endloop
  endfacet
  facet normal 8.591692e-01 5.116914e-01 -3.711994e-04
    outer loop
      vertex   7.700000e+01 5.677964e+01 -1.019080e+02
      vertex   7.702769e+01 5.672873e+01 -1.080000e+02
      vertex   7.687108e+01 5.699609e+01 -1.019122e+02
    endloop
  endfacet
  facet normal 8.577285e-01 5.141027e-01 -5.141582e-04
    outer loop
      vertex   7.687108e+01 5.699609e+01 -1.019122e+02
      vertex   7.702769e+01 5.672873e+01 -1.080000e+02
      vertex   7.682588e+01 5.706543e+01 -1.080000e+02
    endloop
  endfacet
  facet normal 8.256080e-01 5.642440e-01 2.953909e-04
    outer loop
      vertex   7.687108e+01 5.699609e+01 -1.019122e+02
      vertex   7.682588e+01 5.706543e+01 -1.080000e+02
      vertex   7.673093e+01 5.720117e+01 -1.019262e+02
    endloop
  endfacet
  facet normal 8.032073e-01 5.956991e-01 -7.577625e-04
    outer loop
      vertex   7.673093e+01 5.720117e+01 -1.019262e+02
      vertex   7.682588e+01 5.706543e+01 -1.080000e+02
      vertex   7.659204e+01 5.738072e+01 -1.080000e+02
    endloop
  endfacet
  facet normal 7.896330e-01 6.135795e-01 8.120718e-05
    outer loop
      vertex   7.673093e+01 5.720117e+01 -1.019262e+02
      vertex   7.659204e+01 5.738072e+01 -1.080000e+02
      vertex   7.658143e+01 5.739357e+01 -1.019523e+02
    endloop
  endfacet
  facet normal 7.507072e-01 6.606351e-01 -8.707071e-05
    outer loop
      vertex   7.658143e+01 5.739357e+01 -1.019523e+02
      vertex   7.659204e+01 5.738072e+01 -1.080000e+02
      vertex   7.642110e+01 5.757576e+01 -1.019936e+02
    endloop
  endfacet
  facet normal 7.409509e-01 6.715588e-01 -7.194517e-04
    outer loop
      vertex   7.642110e+01 5.757576e+01 -1.019936e+02
      vertex   7.659204e+01 5.738072e+01 -1.080000e+02
      vertex   7.632843e+01 5.767157e+01 -1.080000e+02
    endloop
  endfacet
  facet normal 7.187905e-01 6.952267e-01 0.000000e+00
    outer loop
      vertex   7.642110e+01 5.757576e+01 -1.019936e+02
      vertex   7.632843e+01 5.767157e+01 -1.080000e+02
      vertex   7.632843e+01 5.767157e+01 -1.019880e+02
    endloop
  endfacet
  facet normal 0.000000e+00 0.000000e+00 1.000000e+00
    outer loop
      vertex   7.700000e+01 5.677964e+01 -1.019080e+02
      vertex   7.700000e+01 6.220363e+00 -1.019080e+02
      vertex   7.717753e+01 5.641660e+01 -1.019080e+02
    endloop
  endfacet
  facet normal 0.000000e+00 0.000000e+00 1.000000e+00
    outer loop
      vertex   7.717753e+01 5.641660e+01 -1.019080e+02
      vertex   7.700000e+01 6.220363e+00 -1.019080e+02
      vertex   7.717753e+01 6.583396e+00 -1.019080e+02
    endloop
  endfacet
  facet normal 0.000000e+00 0.000000e+00 1.000000e+00
    outer loop
      vertex   7.717753e+01 5.641660e+01 -1.019080e+02
      vertex   7.717753e+01 6.583396e+00 -1.019080e+02
      vertex   7.731752e+01 5.603751e+01 -1.019080e+02
    endloop
  endfacet
  facet normal 0.000000e+00 0.000000e+00 1.000000e+00
    outer loop
      vertex   7.731752e+01 5.603751e+01 -1.019080e+02
      vertex   7.717753e+01 6.583396e+00 -1.019080e+02
      vertex   7.731752e+01 6.962489e+00 -1.019080e+02
    endloop
  endfacet
  facet normal 0.000000e+00 0.000000e+00 1.000000e+00
    outer loop
      vertex   7.731752e+01 5.603751e+01 -1.019080e+02
      vertex   7.731752e+01 6.962489e+00 -1.019080e+02
      vertex   7.741855e+01 5.564623e+01 -1.019080e+02
    endloop
  endfacet
  facet normal 0.000000e+00 0.000000e+00 1.000000e+00
    outer loop
      vertex   7.741855e+01 5.564623e+01 -1.019080e+02
      vertex   7.731752e+01 6.962489e+00 -1.019080e+02
      vertex   7.741855e+01 7.353773e+00 -1.019080e+02
    endloop
  endfacet
  facet normal 0.000000e+00 0.000000e+00 1.000000e+00
    outer loop
      vertex   7.741855e+01 5.564623e+01 -1.019080e+02
      vertex   7.741855e+01 7.353773e+00 -1.019080e+02
      vertex   7.747959e+01 5.524675e+01 -1.019080e+02
    endloop
  endfacet
  facet normal 0.000000e+00 0.000000e+00 1.000000e+00
    outer loop
      vertex   7.747959e+01 5.524675e+01 -1.019080e+02
      vertex   7.741855e+01 7.353773e+00 -1.019080e+02
      vertex   7.747959e+01 7.753254e+00 -1.019080e+02
    endloop
  endfacet
  facet normal 0.000000e+00 0.000000e+00 1.000000e+00
    outer loop
      vertex   7.747959e+01 5.524675e+01 -1.019080e+02
      vertex   7.747959e+01 7.753254e+00 -1.019080e+02
      vertex   7.750000e+01 5.484315e+01 -1.019080e+02
    endloop
  endfacet
  facet normal 0.000000e+00 0.000000e+00 1.000000e+00
    outer loop
      vertex   7.750000e+01 5.484315e+01 -1.019080e+02
      vertex   7.747959e+01 7.753254e+00 -1.019080e+02
      vertex   7.750000e+01 8.156854e+00 -1.019080e+02
    endloop
  endfacet
  facet normal 7.187905e-01 -6.952267e-01 0.000000e+00
    outer loop
      vertex   7.632843e+01 5.328427e+00 -1.019880e+02
      vertex   7.632843e+01 5.328427e+00 -1.080000e+02
      vertex   7.642110e+01 5.424240e+00 -1.019936e+02
    endloop
  endfacet
  facet normal 7.409509e-01 -6.715588e-01 -7.194515e-04
    outer loop
      vertex   7.642110e+01 5.424240e+00 -1.019936e+02
      vertex   7.632843e+01 5.328427e+00 -1.080000e+02
      vertex   7.659204e+01 5.619281e+00 -1.080000e+02
    endloop
  endfacet
  facet normal 7.507072e-01 -6.606350e-01 -8.707034e-05
    outer loop
      vertex   7.642110e+01 5.424240e+00 -1.019936e+02
      vertex   7.659204e+01 5.619281e+00 -1.080000e+02
      vertex   7.658143e+01 5.606429e+00 -1.019523e+02
    endloop
  endfacet
  facet normal 7.896330e-01 -6.135795e-01 8.120688e-05
    outer loop
      vertex   7.658143e+01 5.606429e+00 -1.019523e+02
      vertex   7.659204e+01 5.619281e+00 -1.080000e+02
      vertex   7.673093e+01 5.798829e+00 -1.019262e+02
    endloop
  endfacet
  facet normal 8.032073e-01 -5.956991e-01 -7.577624e-04
    outer loop
      vertex   7.673093e+01 5.798829e+00 -1.019262e+02
      vertex   7.659204e+01 5.619281e+00 -1.080000e+02
      vertex   7.682588e+01 5.934573e+00 -1.080000e+02
    endloop
  endfacet
  facet normal 8.256080e-01 -5.642440e-01 2.953909e-04
    outer loop
      vertex   7.673093e+01 5.798829e+00 -1.019262e+02
      vertex   7.682588e+01 5.934573e+00 -1.080000e+02
      vertex   7.687108e+01 6.003905e+00 -1.019122e+02
    endloop
  endfacet
  facet normal 8.577285e-01 -5.141027e-01 -5.141583e-04
    outer loop
      vertex   7.687108e+01 6.003905e+00 -1.019122e+02
      vertex   7.682588e+01 5.934573e+00 -1.080000e+02
      vertex   7.702769e+01 6.271267e+00 -1.080000e+02
    endloop
  endfacet
  facet normal 8.591692e-01 -5.116914e-01 -3.711993e-04
    outer loop
      vertex   7.687108e+01 6.003905e+00 -1.019122e+02
      vertex   7.702769e+01 6.271267e+00 -1.080000e+02
      vertex   7.700000e+01 6.220363e+00 -1.019080e+02
    endloop
  endfacet
  facet normal 8.983381e-01 -4.393046e-01 4.116624e-04
    outer loop
      vertex   7.700000e+01 6.220363e+00 -1.019080e+02
      vertex   7.702769e+01 6.271267e+00 -1.080000e+02
      vertex   7.717753e+01 6.583396e+00 -1.019080e+02
    endloop
  endfacet
  facet normal 9.039892e-01 -4.275551e-01 -3.293309e-04
    outer loop
      vertex   7.717753e+01 6.583396e+00 -1.019080e+02
      vertex   7.702769e+01 6.271267e+00 -1.080000e+02
      vertex   7.719552e+01 6.626121e+00 -1.080000e+02
    endloop
  endfacet
  facet normal 9.380794e-01 -3.464202e-01 3.403438e-04
    outer loop
      vertex   7.717753e+01 6.583396e+00 -1.019080e+02
      vertex   7.719552e+01 6.626121e+00 -1.080000e+02
      vertex   7.731752e+01 6.962489e+00 -1.019080e+02
    endloop
  endfacet
  facet normal 9.415440e-01 -3.368898e-01 -2.552585e-04
    outer loop
      vertex   7.731752e+01 6.962489e+00 -1.019080e+02
      vertex   7.719552e+01 6.626121e+00 -1.080000e+02
      vertex   7.732776e+01 6.995716e+00 -1.080000e+02
    endloop
  endfacet
  facet normal 9.682458e-01 -2.500000e-01 2.635176e-04
    outer loop
      vertex   7.731752e+01 6.962489e+00 -1.019080e+02
      vertex   7.732776e+01 6.995716e+00 -1.080000e+02
      vertex   7.741855e+01 7.353773e+00 -1.019080e+02
    endloop
  endfacet
  facet normal 9.700312e-01 -2.429802e-01 -1.756787e-04
    outer loop
      vertex   7.741855e+01 7.353773e+00 -1.019080e+02
      vertex   7.732776e+01 6.995716e+00 -1.080000e+02
      vertex   7.742314e+01 7.376493e+00 -1.080000e+02
    endloop
  endfacet
  facet normal 9.885295e-01 -1.510280e-01 1.811845e-04
    outer loop
      vertex   7.741855e+01 7.353773e+00 -1.019080e+02
      vertex   7.742314e+01 7.376493e+00 -1.080000e+02
      vertex   7.747959e+01 7.753254e+00 -1.019080e+02
    endloop
  endfacet
  facet normal 9.891765e-01 -1.467305e-01 -9.059233e-05
    outer loop
      vertex   7.747959e+01 7.753254e+00 -1.019080e+02
      vertex   7.742314e+01 7.376493e+00 -1.080000e+02
      vertex   7.748074e+01 7.764786e+00 -1.080000e+02
    endloop
  endfacet
  facet normal 9.987233e-01 -5.051454e-02 9.334501e-05
    outer loop
      vertex   7.747959e+01 7.753254e+00 -1.019080e+02
      vertex   7.748074e+01 7.764786e+00 -1.080000e+02
      vertex   7.750000e+01 8.156854e+00 -1.019080e+02
    endloop
  endfacet
  facet normal 9.987955e-01 -4.906767e-02 0.000000e+00
    outer loop
      vertex   7.750000e+01 8.156854e+00 -1.019080e+02
      vertex   7.748074e+01 7.764786e+00 -1.080000e+02
      vertex   7.750000e+01 8.156854e+00 -1.080000e+02
    endloop
  endfacet
  facet normal 7.071068e-01 -7.071068e-01 -1.358073e-16
    outer loop
      vertex   7.632843e+01 5.328427e+00 -1.080000e+02
      vertex   7.500000e+01 4.000000e+00 -1.019080e+02
      vertex   7.367157e+01 2.671573e+00 -1.080000e+02
    endloop
  endfacet
  facet normal 7.071068e-01 -7.071068e-01 5.145943e-15
    outer loop
      vertex   7.367157e+01 2.671573e+00 -1.080000e+02
      vertex   7.500000e+01 4.000000e+00 -1.019080e+02
      vertex   7.484675e+01 3.846753e+00 -1.018987e+02
    endloop
  endfacet
  facet normal 7.071068e-01 -7.071068e-01 -1.309762e-14
    outer loop
      vertex   7.367157e+01 2.671573e+00 -1.080000e+02
      vertex   7.484675e+01 3.846753e+00 -1.018987e+02
      vertex   7.468361e+01 3.683607e+00 -1.018889e+02
    endloop
  endfacet
  facet normal 7.071068e-01 -7.071068e-01 0.000000e+00
    outer loop
      vertex   7.632843e+01 5.328427e+00 -1.080000e+02
      vertex   7.632843e+01 5.328427e+00 -1.019880e+02
      vertex   7.500000e+01 4.000000e+00 -1.019080e+02
    endloop
  endfacet
  facet normal 7.071068e-01 -7.071068e-01 1.237163e-14
    outer loop
      vertex   7.468361e+01 3.683607e+00 -1.018889e+02
      vertex   7.445717e+01 3.457173e+00 -1.018752e+02
      vertex   7.367157e+01 2.671573e+00 -1.080000e+02
    endloop
  endfacet
  facet normal 7.071068e-01 -7.071068e-01 1.981989e-15
    outer loop
      vertex   7.367157e+01 2.671573e+00 -1.080000e+02
      vertex   7.445717e+01 3.457173e+00 -1.018752e+02
      vertex   7.421332e+01 3.213324e+00 -1.018604e+02
    endloop
  endfacet
  facet normal 7.071068e-01 -7.071068e-01 -3.170871e-15
    outer loop
      vertex   7.367157e+01 2.671573e+00 -1.080000e+02
      vertex   7.421332e+01 3.213324e+00 -1.018604e+02
      vertex   7.395161e+01 2.951607e+00 -1.018445e+02
    endloop
  endfacet
  facet normal 7.071068e-01 -7.071068e-01 3.008830e-16
    outer loop
      vertex   7.395161e+01 2.951607e+00 -1.018445e+02
      vertex   7.367157e+01 2.671573e+00 -1.018273e+02
      vertex   7.367157e+01 2.671573e+00 -1.080000e+02
    endloop
  endfacet
  facet normal 3.927888e-01 0.000000e+00 -9.196287e-01
    outer loop
      vertex   3.330669e-15 5.650000e+01 -7.500000e+01
      vertex   1.953026e-01 5.650000e+01 -7.491658e+01
      vertex   3.330669e-15 3.150000e+01 -7.500000e+01
    endloop
  endfacet
  facet normal 4.007150e-01 -7.335214e-05 -9.162027e-01
    outer loop
      vertex   3.330669e-15 3.150000e+01 -7.500000e+01
      vertex   1.953026e-01 5.650000e+01 -7.491658e+01
      vertex   2.199035e-01 3.566667e+01 -7.490416e+01
    endloop
  endfacet
  facet normal 3.995474e-01 9.719201e-17 -9.167126e-01
    outer loop
      vertex   3.330669e-15 3.150000e+01 -7.500000e+01
      vertex   2.199035e-01 3.566667e+01 -7.490416e+01
      vertex   2.199035e-01 3.150000e+01 -7.490416e+01
    endloop
  endfacet
  facet normal 5.062182e-01 1.247673e-16 -8.624054e-01
    outer loop
      vertex   2.199035e-01 3.150000e+01 -7.490416e+01
      vertex   2.199035e-01 3.566667e+01 -7.490416e+01
      vertex   4.267927e-01 3.566667e+01 -7.478271e+01
    endloop
  endfacet
  facet normal 5.062182e-01 2.360228e-16 -8.624054e-01
    outer loop
      vertex   2.199035e-01 3.150000e+01 -7.490416e+01
      vertex   4.267927e-01 3.566667e+01 -7.478271e+01
      vertex   4.267927e-01 3.150000e+01 -7.478271e+01
    endloop
  endfacet
  facet normal 5.876826e-01 2.740327e-16 -8.090916e-01
    outer loop
      vertex   4.267927e-01 3.150000e+01 -7.478271e+01
      vertex   4.267927e-01 3.566667e+01 -7.478271e+01
      vertex   5.498868e-01 3.566667e+01 -7.469331e+01
    endloop
  endfacet
  facet normal 5.876826e-01 3.612233e-16 -8.090916e-01
    outer loop
      vertex   4.267927e-01 3.150000e+01 -7.478271e+01
      vertex   5.498868e-01 3.566667e+01 -7.469331e+01
      vertex   5.498868e-01 3.150000e+01 -7.469331e+01
    endloop
  endfacet
  facet normal 6.473953e-01 3.967518e-16 -7.621544e-01
    outer loop
      vertex   5.498868e-01 3.150000e+01 -7.469331e+01
      vertex   5.498868e-01 3.566667e+01 -7.469331e+01
      vertex   6.658244e-01 3.566667e+01 -7.459482e+01
    endloop
  endfacet
  facet normal 6.473953e-01 4.488530e-16 -7.621544e-01
    outer loop
      vertex   5.498868e-01 3.150000e+01 -7.469331e+01
      vertex   6.658244e-01 3.566667e+01 -7.459482e+01
      vertex   6.658244e-01 3.150000e+01 -7.459482e+01
    endloop
  endfacet
  facet normal 7.039074e-01 4.876524e-16 -7.102917e-01
    outer loop
      vertex   6.658244e-01 3.150000e+01 -7.459482e+01
      vertex   6.658244e-01 3.566667e+01 -7.459482e+01
      vertex   7.738666e-01 3.566667e+01 -7.448775e+01
    endloop
  endfacet
  facet normal 7.039074e-01 5.063568e-16 -7.102917e-01
    outer loop
      vertex   6.658244e-01 3.150000e+01 -7.459482e+01
      vertex   7.738666e-01 3.566667e+01 -7.448775e+01
      vertex   7.738666e-01 3.150000e+01 -7.448775e+01
    endloop
  endfacet
  facet normal 7.562025e-01 5.440307e-16 -6.543376e-01
    outer loop
      vertex   7.738666e-01 3.150000e+01 -7.448775e+01
      vertex   7.738666e-01 3.566667e+01 -7.448775e+01
      vertex   8.734095e-01 3.566667e+01 -7.437271e+01
    endloop
  endfacet
  facet normal 7.562025e-01 6.048187e-16 -6.543376e-01
    outer loop
      vertex   7.738666e-01 3.150000e+01 -7.448775e+01
      vertex   8.734095e-01 3.566667e+01 -7.437271e+01
      vertex   8.734095e-01 3.150000e+01 -7.437271e+01
    endloop
  endfacet
  facet normal 8.036216e-01 6.423834e-16 -5.951406e-01
    outer loop
      vertex   8.734095e-01 3.150000e+01 -7.437271e+01
      vertex   8.734095e-01 3.566667e+01 -7.437271e+01
      vertex   9.639596e-01 3.566667e+01 -7.425044e+01
    endloop
  endfacet
  facet normal 8.036216e-01 6.649335e-16 -5.951406e-01
    outer loop
      vertex   8.734095e-01 3.150000e+01 -7.437271e+01
      vertex   9.639596e-01 3.566667e+01 -7.425044e+01
      vertex   9.639596e-01 3.150000e+01 -7.425044e+01
    endloop
  endfacet
  facet normal 8.462459e-01 6.990041e-16 -5.327926e-01
    outer loop
      vertex   9.639596e-01 3.150000e+01 -7.425044e+01
      vertex   9.639596e-01 3.566667e+01 -7.425044e+01
      vertex   1.045027e+00 3.566667e+01 -7.412168e+01
    endloop
  endfacet
  facet normal 8.462459e-01 7.223697e-16 -5.327926e-01
    outer loop
      vertex   9.639596e-01 3.150000e+01 -7.425044e+01
      vertex   1.045027e+00 3.566667e+01 -7.412168e+01
      vertex   1.045027e+00 3.150000e+01 -7.412168e+01
    endloop
  endfacet
  facet normal 8.841071e-01 7.538351e-16 -4.672843e-01
    outer loop
      vertex   1.045027e+00 3.150000e+01 -7.412168e+01
      vertex   1.045027e+00 3.566667e+01 -7.412168e+01
      vertex   1.116120e+00 3.566667e+01 -7.398717e+01
    endloop
  endfacet
  facet normal 8.841071e-01 7.552692e-16 -4.672843e-01
    outer loop
      vertex   1.045027e+00 3.150000e+01 -7.412168e+01
      vertex   1.116120e+00 3.566667e+01 -7.398717e+01
      vertex   1.116120e+00 3.150000e+01 -7.398717e+01
    endloop
  endfacet
  facet normal 9.171431e-01 7.820032e-16 -3.985582e-01
    outer loop
      vertex   1.116120e+00 3.150000e+01 -7.398717e+01
      vertex   1.116120e+00 3.566667e+01 -7.398717e+01
      vertex   1.176750e+00 3.566667e+01 -7.384766e+01
    endloop
  endfacet
  facet normal 9.171431e-01 -5.774711e-16 -3.985582e-01
    outer loop
      vertex   1.116120e+00 3.150000e+01 -7.398717e+01
      vertex   1.176750e+00 3.566667e+01 -7.384766e+01
      vertex   1.176750e+00 3.150000e+01 -7.384766e+01
    endloop
  endfacet
  facet normal 9.467277e-01 -2.911065e-16 -3.220353e-01
    outer loop
      vertex   1.176750e+00 3.150000e+01 -7.384766e+01
      vertex   1.176750e+00 3.566667e+01 -7.384766e+01
      vertex   1.232367e+00 3.566667e+01 -7.368415e+01
    endloop
  endfacet
  facet normal 9.467277e-01 -4.411537e-16 -3.220353e-01
    outer loop
      vertex   1.176750e+00 3.150000e+01 -7.384766e+01
      vertex   1.232367e+00 3.566667e+01 -7.368415e+01
      vertex   1.232367e+00 3.150000e+01 -7.368415e+01
    endloop
  endfacet
  facet normal 9.710067e-01 -1.426203e-16 -2.390524e-01
    outer loop
      vertex   1.232367e+00 3.150000e+01 -7.368415e+01
      vertex   1.232367e+00 3.566667e+01 -7.368415e+01
      vertex   1.273658e+00 3.566667e+01 -7.351643e+01
    endloop
  endfacet
  facet normal 9.710067e-01 5.170155e-16 -2.390524e-01
    outer loop
      vertex   1.232367e+00 3.150000e+01 -7.368415e+01
      vertex   1.273658e+00 3.566667e+01 -7.351643e+01
      vertex   1.273658e+00 3.150000e+01 -7.351643e+01
    endloop
  endfacet
  facet normal 9.877810e-01 5.263955e-16 -1.558480e-01
    outer loop
      vertex   1.273658e+00 3.150000e+01 -7.351643e+01
      vertex   1.273658e+00 3.566667e+01 -7.351643e+01
      vertex   1.299989e+00 3.566667e+01 -7.334954e+01
    endloop
  endfacet
  facet normal 9.877810e-01 3.683922e-16 -1.558480e-01
    outer loop
      vertex   1.273658e+00 3.150000e+01 -7.351643e+01
      vertex   1.299989e+00 3.566667e+01 -7.334954e+01
      vertex   1.299989e+00 3.150000e+01 -7.334954e+01
    endloop
  endfacet
  facet normal 9.973723e-01 3.720547e-16 -7.244677e-02
    outer loop
      vertex   1.299989e+00 3.150000e+01 -7.334954e+01
      vertex   1.299989e+00 3.566667e+01 -7.334954e+01
      vertex   1.312228e+00 3.566667e+01 -7.318104e+01
    endloop
  endfacet
  facet normal 9.973723e-01 2.131699e-16 -7.244677e-02
    outer loop
      vertex   1.299989e+00 3.150000e+01 -7.334954e+01
      vertex   1.312228e+00 3.566667e+01 -7.318104e+01
      vertex   1.312228e+00 3.150000e+01 -7.318104e+01
    endloop
  endfacet
  facet normal 9.999267e-01 2.131472e-16 1.210636e-02
    outer loop
      vertex   1.312228e+00 3.150000e+01 -7.318104e+01
      vertex   1.312228e+00 3.566667e+01 -7.318104e+01
      vertex   1.310184e+00 3.566667e+01 -7.301215e+01
    endloop
  endfacet
  facet normal 9.999267e-01 -5.330135e-17 1.210636e-02
    outer loop
      vertex   1.312228e+00 3.150000e+01 -7.318104e+01
      vertex   1.310184e+00 3.566667e+01 -7.301215e+01
      vertex   1.310184e+00 3.150000e+01 -7.301215e+01
    endloop
  endfacet
  facet normal 9.952577e-01 -5.303798e-17 9.727373e-02
    outer loop
      vertex   1.310184e+00 3.150000e+01 -7.301215e+01
      vertex   1.310184e+00 3.566667e+01 -7.301215e+01
      vertex   1.293753e+00 3.566667e+01 -7.284404e+01
    endloop
  endfacet
  facet normal 9.952577e-01 -3.179660e-16 9.727373e-02
    outer loop
      vertex   1.310184e+00 3.150000e+01 -7.301215e+01
      vertex   1.293753e+00 3.566667e+01 -7.284404e+01
      vertex   1.293753e+00 3.150000e+01 -7.284404e+01
    endloop
  endfacet
  facet normal 9.834807e-01 -3.144623e-16 1.810132e-01
    outer loop
      vertex   1.293753e+00 3.150000e+01 -7.284404e+01
      vertex   1.293753e+00 3.566667e+01 -7.284404e+01
      vertex   1.263174e+00 3.566667e+01 -7.267790e+01
    endloop
  endfacet
  facet normal 9.834807e-01 -6.407704e-17 1.810132e-01
    outer loop
      vertex   1.293753e+00 3.150000e+01 -7.284404e+01
      vertex   1.263174e+00 3.566667e+01 -7.267790e+01
      vertex   1.263174e+00 3.150000e+01 -7.267790e+01
    endloop
  endfacet
  facet normal 9.648312e-01 2.281315e-16 2.628702e-01
    outer loop
      vertex   1.263174e+00 3.150000e+01 -7.267790e+01
      vertex   1.263174e+00 3.566667e+01 -7.267790e+01
      vertex   1.218763e+00 3.566667e+01 -7.251489e+01
    endloop
  endfacet
  facet normal 9.648312e-01 -2.957102e-17 2.628702e-01
    outer loop
      vertex   1.263174e+00 3.150000e+01 -7.267790e+01
      vertex   1.218763e+00 3.566667e+01 -7.251489e+01
      vertex   1.218763e+00 3.150000e+01 -7.251489e+01
    endloop
  endfacet
  facet normal 9.393789e-01 2.683484e-16 3.428809e-01
    outer loop
      vertex   1.218763e+00 3.150000e+01 -7.251489e+01
      vertex   1.218763e+00 3.566667e+01 -7.251489e+01
      vertex   1.160834e+00 3.566667e+01 -7.235618e+01
    endloop
  endfacet
  facet normal 9.393789e-01 -8.378570e-17 3.428809e-01
    outer loop
      vertex   1.218763e+00 3.150000e+01 -7.251489e+01
      vertex   1.160834e+00 3.566667e+01 -7.235618e+01
      vertex   1.160834e+00 3.150000e+01 -7.235618e+01
    endloop
  endfacet
  facet normal 9.070424e-01 2.275754e-16 4.210393e-01
    outer loop
      vertex   1.160834e+00 3.150000e+01 -7.235618e+01
      vertex   1.160834e+00 3.566667e+01 -7.235618e+01
      vertex   1.089704e+00 3.150000e+01 -7.220295e+01
    endloop
  endfacet
  facet normal 9.070424e-01 0.000000e+00 4.210393e-01
    outer loop
      vertex   1.160834e+00 3.150000e+01 -7.235618e+01
      vertex   1.089704e+00 3.150000e+01 -7.220295e+01
      vertex   1.160834e+00 2.733333e+01 -7.235618e+01
    endloop
  endfacet
  facet normal 9.070424e-01 0.000000e+00 4.210393e-01
    outer loop
      vertex   1.160834e+00 2.733333e+01 -7.235618e+01
      vertex   1.089704e+00 3.150000e+01 -7.220295e+01
      vertex   1.160834e+00 2.316667e+01 -7.235618e+01
    endloop
  endfacet
  facet normal 9.393789e-01 0.000000e+00 3.428809e-01
    outer loop
      vertex   1.160834e+00 2.733333e+01 -7.235618e+01
      vertex   1.160834e+00 2.316667e+01 -7.235618e+01
      vertex   1.218763e+00 2.316667e+01 -7.251489e+01
    endloop
  endfacet
  facet normal 9.393789e-01 0.000000e+00 3.428809e-01
    outer loop
      vertex   1.218763e+00 2.316667e+01 -7.251489e+01
      vertex   1.160834e+00 2.316667e+01 -7.235618e+01
      vertex   1.218763e+00 1.900000e+01 -7.251489e+01
    endloop
  endfacet
  facet normal 9.648312e-01 0.000000e+00 2.628702e-01
    outer loop
      vertex   1.218763e+00 2.316667e+01 -7.251489e+01
      vertex   1.218763e+00 1.900000e+01 -7.251489e+01
      vertex   1.263174e+00 1.900000e+01 -7.267790e+01
    endloop
  endfacet
  facet normal 9.648312e-01 0.000000e+00 2.628702e-01
    outer loop
      vertex   1.263174e+00 1.900000e+01 -7.267790e+01
      vertex   1.218763e+00 1.900000e+01 -7.251489e+01
      vertex   1.263174e+00 1.483333e+01 -7.267790e+01
    endloop
  endfacet
  facet normal 9.834807e-01 0.000000e+00 1.810132e-01
    outer loop
      vertex   1.263174e+00 1.900000e+01 -7.267790e+01
      vertex   1.263174e+00 1.483333e+01 -7.267790e+01
      vertex   1.293753e+00 1.483333e+01 -7.284404e+01
    endloop
  endfacet
  facet normal 9.834807e-01 0.000000e+00 1.810132e-01
    outer loop
      vertex   1.293753e+00 1.483333e+01 -7.284404e+01
      vertex   1.263174e+00 1.483333e+01 -7.267790e+01
      vertex   1.293753e+00 1.066667e+01 -7.284404e+01
    endloop
  endfacet
  facet normal 9.952577e-01 0.000000e+00 9.727373e-02
    outer loop
      vertex   1.293753e+00 1.483333e+01 -7.284404e+01
      vertex   1.293753e+00 1.066667e+01 -7.284404e+01
      vertex   1.310184e+00 1.066667e+01 -7.301215e+01
    endloop
  endfacet
  facet normal 9.952577e-01 -4.982579e-05 9.727373e-02
    outer loop
      vertex   1.310184e+00 1.066667e+01 -7.301215e+01
      vertex   1.293753e+00 1.066667e+01 -7.284404e+01
      vertex   1.310437e+00 6.500000e+00 -7.301687e+01
    endloop
  endfacet
  facet normal 9.999267e-01 4.710147e-05 1.210636e-02
    outer loop
      vertex   1.310184e+00 1.066667e+01 -7.301215e+01
      vertex   1.310437e+00 6.500000e+00 -7.301687e+01
      vertex   1.312228e+00 1.066667e+01 -7.318104e+01
    endloop
  endfacet
  facet normal 9.999996e-01 -4.582197e-04 -7.179094e-04
    outer loop
      vertex   1.312228e+00 1.066667e+01 -7.318104e+01
      vertex   1.310437e+00 6.500000e+00 -7.301687e+01
      vertex   1.310285e+00 6.500000e+00 -7.322925e+01
    endloop
  endfacet
  facet normal 9.973722e-01 3.728946e-04 -7.244677e-02
    outer loop
      vertex   1.312228e+00 1.066667e+01 -7.318104e+01
      vertex   1.310285e+00 6.500000e+00 -7.322925e+01
      vertex   1.299989e+00 1.066667e+01 -7.334954e+01
    endloop
  endfacet
  facet normal 9.942903e-01 -6.237825e-04 -1.067069e-01
    outer loop
      vertex   1.299989e+00 1.066667e+01 -7.334954e+01
      vertex   1.310285e+00 6.500000e+00 -7.322925e+01
      vertex   1.287643e+00 6.500000e+00 -7.344022e+01
    endloop
  endfacet
  facet normal 9.877809e-01 4.650035e-04 -1.558480e-01
    outer loop
      vertex   1.299989e+00 1.066667e+01 -7.334954e+01
      vertex   1.287643e+00 6.500000e+00 -7.344022e+01
      vertex   1.273658e+00 1.066667e+01 -7.351643e+01
    endloop
  endfacet
  facet normal 9.774156e-01 -5.844697e-04 -2.113254e-01
    outer loop
      vertex   1.273658e+00 1.066667e+01 -7.351643e+01
      vertex   1.287643e+00 6.500000e+00 -7.344022e+01
      vertex   1.242905e+00 6.500000e+00 -7.364714e+01
    endloop
  endfacet
  facet normal 9.710066e-01 3.326524e-04 -2.390524e-01
    outer loop
      vertex   1.273658e+00 1.066667e+01 -7.351643e+01
      vertex   1.242905e+00 6.500000e+00 -7.364714e+01
      vertex   1.232367e+00 1.066667e+01 -7.368415e+01
    endloop
  endfacet
  facet normal 9.495957e-01 -3.825596e-04 -3.134770e-01
    outer loop
      vertex   1.232367e+00 1.066667e+01 -7.368415e+01
      vertex   1.242905e+00 6.500000e+00 -7.364714e+01
      vertex   1.176509e+00 6.500000e+00 -7.384827e+01
    endloop
  endfacet
  facet normal 9.467277e-01 -7.007190e-06 -3.220353e-01
    outer loop
      vertex   1.232367e+00 1.066667e+01 -7.368415e+01
      vertex   1.176509e+00 6.500000e+00 -7.384827e+01
      vertex   1.176750e+00 1.066667e+01 -7.384766e+01
    endloop
  endfacet
  facet normal 9.171431e-01 6.048482e-06 -3.985582e-01
    outer loop
      vertex   1.176750e+00 1.066667e+01 -7.384766e+01
      vertex   1.176509e+00 6.500000e+00 -7.384827e+01
      vertex   1.116120e+00 1.066667e+01 -7.398717e+01
    endloop
  endfacet
  facet normal 9.171431e-01 0.000000e+00 -3.985582e-01
    outer loop
      vertex   1.176750e+00 1.066667e+01 -7.384766e+01
      vertex   1.116120e+00 1.066667e+01 -7.398717e+01
      vertex   1.176750e+00 1.483333e+01 -7.384766e+01
    endloop
  endfacet
  facet normal 9.171431e-01 0.000000e+00 -3.985582e-01
    outer loop
      vertex   1.176750e+00 1.483333e+01 -7.384766e+01
      vertex   1.116120e+00 1.066667e+01 -7.398717e+01
      vertex   1.116120e+00 1.483333e+01 -7.398717e+01
    endloop
  endfacet
  facet normal 9.171431e-01 0.000000e+00 -3.985582e-01
    outer loop
      vertex   1.176750e+00 1.483333e+01 -7.384766e+01
      vertex   1.116120e+00 1.483333e+01 -7.398717e+01
      vertex   1.176750e+00 1.900000e+01 -7.384766e+01
    endloop
  endfacet
  facet normal 9.171431e-01 0.000000e+00 -3.985582e-01
    outer loop
      vertex   1.176750e+00 1.900000e+01 -7.384766e+01
      vertex   1.116120e+00 1.483333e+01 -7.398717e+01
      vertex   1.116120e+00 1.900000e+01 -7.398717e+01
    endloop
  endfacet
  facet normal 9.171431e-01 0.000000e+00 -3.985582e-01
    outer loop
      vertex   1.176750e+00 1.900000e+01 -7.384766e+01
      vertex   1.116120e+00 1.900000e+01 -7.398717e+01
      vertex   1.176750e+00 2.316667e+01 -7.384766e+01
    endloop
  endfacet
  facet normal 9.171431e-01 0.000000e+00 -3.985582e-01
    outer loop
      vertex   1.176750e+00 2.316667e+01 -7.384766e+01
      vertex   1.116120e+00 1.900000e+01 -7.398717e+01
      vertex   1.116120e+00 2.316667e+01 -7.398717e+01
    endloop
  endfacet
  facet normal 9.171431e-01 0.000000e+00 -3.985582e-01
    outer loop
      vertex   1.176750e+00 2.316667e+01 -7.384766e+01
      vertex   1.116120e+00 2.316667e+01 -7.398717e+01
      vertex   1.176750e+00 2.733333e+01 -7.384766e+01
    endloop
  endfacet
  facet normal 9.171431e-01 0.000000e+00 -3.985582e-01
    outer loop
      vertex   1.176750e+00 2.733333e+01 -7.384766e+01
      vertex   1.116120e+00 2.316667e+01 -7.398717e+01
      vertex   1.116120e+00 2.733333e+01 -7.398717e+01
    endloop
  endfacet
  facet normal 9.171431e-01 0.000000e+00 -3.985582e-01
    outer loop
      vertex   1.176750e+00 2.733333e+01 -7.384766e+01
      vertex   1.116120e+00 2.733333e+01 -7.398717e+01
      vertex   1.176750e+00 3.150000e+01 -7.384766e+01
    endloop
  endfacet
  facet normal 9.171431e-01 0.000000e+00 -3.985582e-01
    outer loop
      vertex   1.176750e+00 3.150000e+01 -7.384766e+01
      vertex   1.116120e+00 2.733333e+01 -7.398717e+01
      vertex   1.116120e+00 3.150000e+01 -7.398717e+01
    endloop
  endfacet
  facet normal 4.880554e-01 2.783318e-04 -8.728126e-01
    outer loop
      vertex   3.805352e-01 5.650000e+01 -7.481301e+01
      vertex   2.199035e-01 5.233333e+01 -7.490416e+01
      vertex   1.953026e-01 5.650000e+01 -7.491658e+01
    endloop
  endfacet
  facet normal 4.508978e-01 0.000000e+00 -8.925756e-01
    outer loop
      vertex   1.953026e-01 5.650000e+01 -7.491658e+01
      vertex   2.199035e-01 5.233333e+01 -7.490416e+01
      vertex   2.199035e-01 4.816667e+01 -7.490416e+01
    endloop
  endfacet
  facet normal 4.508978e-01 0.000000e+00 -8.925756e-01
    outer loop
      vertex   1.953026e-01 5.650000e+01 -7.491658e+01
      vertex   2.199035e-01 4.816667e+01 -7.490416e+01
      vertex   2.199035e-01 4.400000e+01 -7.490416e+01
    endloop
  endfacet
  facet normal 5.062182e-01 0.000000e+00 -8.624054e-01
    outer loop
      vertex   2.199035e-01 4.400000e+01 -7.490416e+01
      vertex   2.199035e-01 4.816667e+01 -7.490416e+01
      vertex   4.267927e-01 4.816667e+01 -7.478271e+01
    endloop
  endfacet
  facet normal 5.062182e-01 -6.941848e-18 -8.624054e-01
    outer loop
      vertex   2.199035e-01 4.400000e+01 -7.490416e+01
      vertex   4.267927e-01 4.816667e+01 -7.478271e+01
      vertex   4.267927e-01 4.400000e+01 -7.478271e+01
    endloop
  endfacet
  facet normal 5.876826e-01 -7.829504e-18 -8.090916e-01
    outer loop
      vertex   4.267927e-01 4.400000e+01 -7.478271e+01
      vertex   4.267927e-01 4.816667e+01 -7.478271e+01
      vertex   5.498868e-01 4.816667e+01 -7.469331e+01
    endloop
  endfacet
  facet normal 5.876826e-01 -1.641924e-17 -8.090916e-01
    outer loop
      vertex   4.267927e-01 4.400000e+01 -7.478271e+01
      vertex   5.498868e-01 4.816667e+01 -7.469331e+01
      vertex   5.498868e-01 4.400000e+01 -7.469331e+01
    endloop
  endfacet
  facet normal 6.473953e-01 -1.725008e-17 -7.621544e-01
    outer loop
      vertex   5.498868e-01 4.400000e+01 -7.469331e+01
      vertex   5.498868e-01 4.816667e+01 -7.469331e+01
      vertex   6.658244e-01 4.816667e+01 -7.459482e+01
    endloop
  endfacet
  facet normal 6.473953e-01 0.000000e+00 -7.621544e-01
    outer loop
      vertex   5.498868e-01 4.400000e+01 -7.469331e+01
      vertex   6.658244e-01 4.816667e+01 -7.459482e+01
      vertex   6.658244e-01 4.400000e+01 -7.459482e+01
    endloop
  endfacet
  facet normal 7.039074e-01 0.000000e+00 -7.102917e-01
    outer loop
      vertex   6.658244e-01 4.400000e+01 -7.459482e+01
      vertex   6.658244e-01 4.816667e+01 -7.459482e+01
      vertex   7.738666e-01 4.816667e+01 -7.448775e+01
    endloop
  endfacet
  facet normal 7.039074e-01 0.000000e+00 -7.102917e-01
    outer loop
      vertex   6.658244e-01 4.400000e+01 -7.459482e+01
      vertex   7.738666e-01 4.816667e+01 -7.448775e+01
      vertex   7.738666e-01 4.400000e+01 -7.448775e+01
    endloop
  endfacet
  facet normal 7.562025e-01 0.000000e+00 -6.543376e-01
    outer loop
      vertex   7.738666e-01 4.400000e+01 -7.448775e+01
      vertex   7.738666e-01 4.816667e+01 -7.448775e+01
      vertex   8.734095e-01 4.816667e+01 -7.437271e+01
    endloop
  endfacet
  facet normal 7.562025e-01 0.000000e+00 -6.543376e-01
    outer loop
      vertex   7.738666e-01 4.400000e+01 -7.448775e+01
      vertex   8.734095e-01 4.816667e+01 -7.437271e+01
      vertex   8.734095e-01 4.400000e+01 -7.437271e+01
    endloop
  endfacet
  facet normal 8.036216e-01 0.000000e+00 -5.951406e-01
    outer loop
      vertex   8.734095e-01 4.400000e+01 -7.437271e+01
      vertex   8.734095e-01 4.816667e+01 -7.437271e+01
      vertex   9.639596e-01 4.816667e+01 -7.425044e+01
    endloop
  endfacet
  facet normal 8.036216e-01 0.000000e+00 -5.951406e-01
    outer loop
      vertex   8.734095e-01 4.400000e+01 -7.437271e+01
      vertex   9.639596e-01 4.816667e+01 -7.425044e+01
      vertex   9.639596e-01 4.400000e+01 -7.425044e+01
    endloop
  endfacet
  facet normal 8.462459e-01 0.000000e+00 -5.327926e-01
    outer loop
      vertex   9.639596e-01 4.400000e+01 -7.425044e+01
      vertex   9.639596e-01 4.816667e+01 -7.425044e+01
      vertex   1.045027e+00 4.816667e+01 -7.412168e+01
    endloop
  endfacet
  facet normal 8.462459e-01 0.000000e+00 -5.327926e-01
    outer loop
      vertex   9.639596e-01 4.400000e+01 -7.425044e+01
      vertex   1.045027e+00 4.816667e+01 -7.412168e+01
      vertex   1.045027e+00 4.400000e+01 -7.412168e+01
    endloop
  endfacet
  facet normal 8.841071e-01 0.000000e+00 -4.672843e-01
    outer loop
      vertex   1.045027e+00 4.400000e+01 -7.412168e+01
      vertex   1.045027e+00 4.816667e+01 -7.412168e+01
      vertex   1.116120e+00 4.816667e+01 -7.398717e+01
    endloop
  endfacet
  facet normal 8.841071e-01 0.000000e+00 -4.672843e-01
    outer loop
      vertex   1.045027e+00 4.400000e+01 -7.412168e+01
      vertex   1.116120e+00 4.816667e+01 -7.398717e+01
      vertex   1.116120e+00 4.400000e+01 -7.398717e+01
    endloop
  endfacet
  facet normal 9.171431e-01 0.000000e+00 -3.985582e-01
    outer loop
      vertex   1.116120e+00 4.400000e+01 -7.398717e+01
      vertex   1.116120e+00 4.816667e+01 -7.398717e+01
      vertex   1.176750e+00 4.816667e+01 -7.384766e+01
    endloop
  endfacet
  facet normal 9.171431e-01 0.000000e+00 -3.985582e-01
    outer loop
      vertex   1.116120e+00 4.400000e+01 -7.398717e+01
      vertex   1.176750e+00 4.816667e+01 -7.384766e+01
      vertex   1.176750e+00 4.400000e+01 -7.384766e+01
    endloop
  endfacet
  facet normal 9.467277e-01 0.000000e+00 -3.220353e-01
    outer loop
      vertex   1.176750e+00 4.400000e+01 -7.384766e+01
      vertex   1.176750e+00 4.816667e+01 -7.384766e+01
      vertex   1.232367e+00 4.816667e+01 -7.368415e+01
    endloop
  endfacet
  facet normal 9.467277e-01 0.000000e+00 -3.220353e-01
    outer loop
      vertex   1.176750e+00 4.400000e+01 -7.384766e+01
      vertex   1.232367e+00 4.816667e+01 -7.368415e+01
      vertex   1.232367e+00 4.400000e+01 -7.368415e+01
    endloop
  endfacet
  facet normal 9.710067e-01 0.000000e+00 -2.390524e-01
    outer loop
      vertex   1.232367e+00 4.400000e+01 -7.368415e+01
      vertex   1.232367e+00 4.816667e+01 -7.368415e+01
      vertex   1.273658e+00 4.816667e+01 -7.351643e+01
    endloop
  endfacet
  facet normal 9.710067e-01 0.000000e+00 -2.390524e-01
    outer loop
      vertex   1.232367e+00 4.400000e+01 -7.368415e+01
      vertex   1.273658e+00 4.816667e+01 -7.351643e+01
      vertex   1.273658e+00 4.400000e+01 -7.351643e+01
    endloop
  endfacet
  facet normal 9.877810e-01 0.000000e+00 -1.558480e-01
    outer loop
      vertex   1.273658e+00 4.400000e+01 -7.351643e+01
      vertex   1.273658e+00 4.816667e+01 -7.351643e+01
      vertex   1.299989e+00 4.816667e+01 -7.334954e+01
    endloop
  endfacet
  facet normal 9.877810e-01 0.000000e+00 -1.558480e-01
    outer loop
      vertex   1.273658e+00 4.400000e+01 -7.351643e+01
      vertex   1.299989e+00 4.816667e+01 -7.334954e+01
      vertex   1.299989e+00 4.400000e+01 -7.334954e+01
    endloop
  endfacet
  facet normal 9.973723e-01 0.000000e+00 -7.244677e-02
    outer loop
      vertex   1.299989e+00 4.400000e+01 -7.334954e+01
      vertex   1.299989e+00 4.816667e+01 -7.334954e+01
      vertex   1.312228e+00 4.816667e+01 -7.318104e+01
    endloop
  endfacet
  facet normal 9.973723e-01 0.000000e+00 -7.244677e-02
    outer loop
      vertex   1.299989e+00 4.400000e+01 -7.334954e+01
      vertex   1.312228e+00 4.816667e+01 -7.318104e+01
      vertex   1.312228e+00 4.400000e+01 -7.318104e+01
    endloop
  endfacet
  facet normal 9.999267e-01 -0.000000e+00 1.210636e-02
    outer loop
      vertex   1.312228e+00 4.400000e+01 -7.318104e+01
      vertex   1.312228e+00 4.816667e+01 -7.318104e+01
      vertex   1.310184e+00 4.816667e+01 -7.301215e+01
    endloop
  endfacet
  facet normal 9.999267e-01 0.000000e+00 1.210636e-02
    outer loop
      vertex   1.312228e+00 4.400000e+01 -7.318104e+01
      vertex   1.310184e+00 4.816667e+01 -7.301215e+01
      vertex   1.310184e+00 4.400000e+01 -7.301215e+01
    endloop
  endfacet
  facet normal 9.952577e-01 -0.000000e+00 9.727373e-02
    outer loop
      vertex   1.310184e+00 4.400000e+01 -7.301215e+01
      vertex   1.310184e+00 4.816667e+01 -7.301215e+01
      vertex   1.293753e+00 4.816667e+01 -7.284404e+01
    endloop
  endfacet
  facet normal 9.952577e-01 3.321389e-16 9.727373e-02
    outer loop
      vertex   1.310184e+00 4.400000e+01 -7.301215e+01
      vertex   1.293753e+00 4.816667e+01 -7.284404e+01
      vertex   1.293753e+00 4.400000e+01 -7.284404e+01
    endloop
  endfacet
  facet normal 9.834807e-01 6.173645e-16 1.810132e-01
    outer loop
      vertex   1.293753e+00 4.400000e+01 -7.284404e+01
      vertex   1.293753e+00 4.816667e+01 -7.284404e+01
      vertex   1.263174e+00 4.816667e+01 -7.267790e+01
    endloop
  endfacet
  facet normal 9.834807e-01 0.000000e+00 1.810132e-01
    outer loop
      vertex   1.293753e+00 4.400000e+01 -7.284404e+01
      vertex   1.263174e+00 4.816667e+01 -7.267790e+01
      vertex   1.263174e+00 4.400000e+01 -7.267790e+01
    endloop
  endfacet
  facet normal 9.648312e-01 -0.000000e+00 2.628702e-01
    outer loop
      vertex   1.263174e+00 4.400000e+01 -7.267790e+01
      vertex   1.263174e+00 4.816667e+01 -7.267790e+01
      vertex   1.218763e+00 4.816667e+01 -7.251489e+01
    endloop
  endfacet
  facet normal 9.648312e-01 -5.174928e-17 2.628702e-01
    outer loop
      vertex   1.263174e+00 4.400000e+01 -7.267790e+01
      vertex   1.218763e+00 4.816667e+01 -7.251489e+01
      vertex   1.218763e+00 4.400000e+01 -7.251489e+01
    endloop
  endfacet
  facet normal 9.393789e-01 -5.006016e-17 3.428809e-01
    outer loop
      vertex   1.218763e+00 4.400000e+01 -7.251489e+01
      vertex   1.218763e+00 4.816667e+01 -7.251489e+01
      vertex   1.160834e+00 4.816667e+01 -7.235618e+01
    endloop
  endfacet
  facet normal 9.393789e-01 1.168071e-15 3.428809e-01
    outer loop
      vertex   1.218763e+00 4.400000e+01 -7.251489e+01
      vertex   1.160834e+00 4.816667e+01 -7.235618e+01
      vertex   1.160834e+00 4.400000e+01 -7.235618e+01
    endloop
  endfacet
  facet normal 9.070424e-01 1.435999e-15 4.210393e-01
    outer loop
      vertex   1.160834e+00 4.400000e+01 -7.235618e+01
      vertex   1.160834e+00 4.816667e+01 -7.235618e+01
      vertex   1.089704e+00 5.650000e+01 -7.220295e+01
    endloop
  endfacet
  facet normal 9.070424e-01 3.778757e-17 4.210393e-01
    outer loop
      vertex   1.160834e+00 4.400000e+01 -7.235618e+01
      vertex   1.089704e+00 5.650000e+01 -7.220295e+01
      vertex   1.089704e+00 3.150000e+01 -7.220295e+01
    endloop
  endfacet
  facet normal 5.062181e-01 -6.495382e-04 -8.624053e-01
    outer loop
      vertex   2.199035e-01 5.233333e+01 -7.490416e+01
      vertex   3.805352e-01 5.650000e+01 -7.481301e+01
      vertex   4.267927e-01 5.233333e+01 -7.478271e+01
    endloop
  endfacet
  facet normal 5.778463e-01 4.819606e-04 -8.161455e-01
    outer loop
      vertex   4.267927e-01 5.233333e+01 -7.478271e+01
      vertex   3.805352e-01 5.650000e+01 -7.481301e+01
      vertex   5.539516e-01 5.650000e+01 -7.469022e+01
    endloop
  endfacet
  facet normal 5.876826e-01 2.519503e-05 -8.090916e-01
    outer loop
      vertex   4.267927e-01 5.233333e+01 -7.478271e+01
      vertex   5.539516e-01 5.650000e+01 -7.469022e+01
      vertex   5.498868e-01 5.233333e+01 -7.469331e+01
    endloop
  endfacet
  facet normal 6.473953e-01 -6.777822e-05 -7.621544e-01
    outer loop
      vertex   5.498868e-01 5.233333e+01 -7.469331e+01
      vertex   5.539516e-01 5.650000e+01 -7.469022e+01
      vertex   6.658244e-01 5.233333e+01 -7.459482e+01
    endloop
  endfacet
  facet normal 6.473953e-01 0.000000e+00 -7.621544e-01
    outer loop
      vertex   5.498868e-01 5.233333e+01 -7.469331e+01
      vertex   6.658244e-01 5.233333e+01 -7.459482e+01
      vertex   5.498868e-01 4.816667e+01 -7.469331e+01
    endloop
  endfacet
  facet normal 6.473953e-01 0.000000e+00 -7.621544e-01
    outer loop
      vertex   5.498868e-01 4.816667e+01 -7.469331e+01
      vertex   6.658244e-01 5.233333e+01 -7.459482e+01
      vertex   6.658244e-01 4.816667e+01 -7.459482e+01
    endloop
  endfacet
  facet normal 6.611223e-01 5.727023e-04 -7.502779e-01
    outer loop
      vertex   5.539516e-01 5.650000e+01 -7.469022e+01
      vertex   7.131775e-01 5.650000e+01 -7.454992e+01
      vertex   6.658244e-01 5.233333e+01 -7.459482e+01
    endloop
  endfacet
  facet normal 7.039074e-01 -3.444947e-04 -7.102917e-01
    outer loop
      vertex   6.658244e-01 5.233333e+01 -7.459482e+01
      vertex   7.131775e-01 5.650000e+01 -7.454992e+01
      vertex   7.738666e-01 5.233333e+01 -7.448775e+01
    endloop
  endfacet
  facet normal 7.039074e-01 0.000000e+00 -7.102917e-01
    outer loop
      vertex   6.658244e-01 5.233333e+01 -7.459482e+01
      vertex   7.738666e-01 5.233333e+01 -7.448775e+01
      vertex   6.658244e-01 4.816667e+01 -7.459482e+01
    endloop
  endfacet
  facet normal 7.039074e-01 0.000000e+00 -7.102917e-01
    outer loop
      vertex   6.658244e-01 4.816667e+01 -7.459482e+01
      vertex   7.738666e-01 5.233333e+01 -7.448775e+01
      vertex   7.738666e-01 4.816667e+01 -7.448775e+01
    endloop
  endfacet
  facet normal 7.369271e-01 6.484825e-04 -6.759719e-01
    outer loop
      vertex   7.131775e-01 5.650000e+01 -7.454992e+01
      vertex   8.567395e-01 5.650000e+01 -7.439341e+01
      vertex   7.738666e-01 5.233333e+01 -7.448775e+01
    endloop
  endfacet
  facet normal 7.562025e-01 -2.247482e-04 -6.543376e-01
    outer loop
      vertex   7.738666e-01 5.233333e+01 -7.448775e+01
      vertex   8.567395e-01 5.650000e+01 -7.439341e+01
      vertex   8.734095e-01 5.233333e+01 -7.437271e+01
    endloop
  endfacet
  facet normal 7.562025e-01 0.000000e+00 -6.543376e-01
    outer loop
      vertex   7.738666e-01 5.233333e+01 -7.448775e+01
      vertex   8.734095e-01 5.233333e+01 -7.437271e+01
      vertex   7.738666e-01 4.816667e+01 -7.448775e+01
    endloop
  endfacet
  facet normal 7.562025e-01 0.000000e+00 -6.543376e-01
    outer loop
      vertex   7.738666e-01 4.816667e+01 -7.448775e+01
      vertex   8.734095e-01 5.233333e+01 -7.437271e+01
      vertex   8.734095e-01 4.816667e+01 -7.437271e+01
    endloop
  endfacet
  facet normal 8.036216e-01 2.590037e-04 -5.951406e-01
    outer loop
      vertex   8.734095e-01 5.233333e+01 -7.437271e+01
      vertex   8.567395e-01 5.650000e+01 -7.439341e+01
      vertex   9.639596e-01 5.233333e+01 -7.425044e+01
    endloop
  endfacet
  facet normal 8.044244e-01 3.169095e-04 -5.940550e-01
    outer loop
      vertex   9.639596e-01 5.233333e+01 -7.425044e+01
      vertex   8.567395e-01 5.650000e+01 -7.439341e+01
      vertex   9.827875e-01 5.650000e+01 -7.422273e+01
    endloop
  endfacet
  facet normal 8.462458e-01 -2.796066e-04 -5.327926e-01
    outer loop
      vertex   9.639596e-01 5.233333e+01 -7.425044e+01
      vertex   9.827875e-01 5.650000e+01 -7.422273e+01
      vertex   1.045027e+00 5.233333e+01 -7.412168e+01
    endloop
  endfacet
  facet normal 8.627715e-01 6.268198e-04 -5.055937e-01
    outer loop
      vertex   1.045027e+00 5.233333e+01 -7.412168e+01
      vertex   9.827875e-01 5.650000e+01 -7.422273e+01
      vertex   1.089822e+00 5.650000e+01 -7.404008e+01
    endloop
  endfacet
  facet normal 8.841070e-01 -3.528777e-04 -4.672843e-01
    outer loop
      vertex   1.045027e+00 5.233333e+01 -7.412168e+01
      vertex   1.089822e+00 5.650000e+01 -7.404008e+01
      vertex   1.116120e+00 5.233333e+01 -7.398717e+01
    endloop
  endfacet
  facet normal 9.113894e-01 5.270142e-04 -4.115448e-01
    outer loop
      vertex   1.116120e+00 5.233333e+01 -7.398717e+01
      vertex   1.089822e+00 5.650000e+01 -7.404008e+01
      vertex   1.176990e+00 5.650000e+01 -7.384704e+01
    endloop
  endfacet
  facet normal 9.171431e-01 6.183880e-06 -3.985582e-01
    outer loop
      vertex   1.116120e+00 5.233333e+01 -7.398717e+01
      vertex   1.176990e+00 5.650000e+01 -7.384704e+01
      vertex   1.176750e+00 5.233333e+01 -7.384766e+01
    endloop
  endfacet
  facet normal 9.467277e-01 -6.871821e-06 -3.220353e-01
    outer loop
      vertex   1.176750e+00 5.233333e+01 -7.384766e+01
      vertex   1.176990e+00 5.650000e+01 -7.384704e+01
      vertex   1.232367e+00 5.233333e+01 -7.368415e+01
    endloop
  endfacet
  facet normal 9.467277e-01 0.000000e+00 -3.220353e-01
    outer loop
      vertex   1.176750e+00 5.233333e+01 -7.384766e+01
      vertex   1.232367e+00 5.233333e+01 -7.368415e+01
      vertex   1.176750e+00 4.816667e+01 -7.384766e+01
    endloop
  endfacet
  facet normal 9.467277e-01 0.000000e+00 -3.220353e-01
    outer loop
      vertex   1.176750e+00 4.816667e+01 -7.384766e+01
      vertex   1.232367e+00 5.233333e+01 -7.368415e+01
      vertex   1.232367e+00 4.816667e+01 -7.368415e+01
    endloop
  endfacet
  facet normal 9.498467e-01 3.989044e-04 -3.127157e-01
    outer loop
      vertex   1.176990e+00 5.650000e+01 -7.384704e+01
      vertex   1.243403e+00 5.650000e+01 -7.364531e+01
      vertex   1.232367e+00 5.233333e+01 -7.368415e+01
    endloop
  endfacet
  facet normal 9.710066e-01 -3.437646e-04 -2.390524e-01
    outer loop
      vertex   1.232367e+00 5.233333e+01 -7.368415e+01
      vertex   1.243403e+00 5.650000e+01 -7.364531e+01
      vertex   1.273658e+00 5.233333e+01 -7.351643e+01
    endloop
  endfacet
  facet normal 9.710067e-01 0.000000e+00 -2.390524e-01
    outer loop
      vertex   1.232367e+00 5.233333e+01 -7.368415e+01
      vertex   1.273658e+00 5.233333e+01 -7.351643e+01
      vertex   1.232367e+00 4.816667e+01 -7.368415e+01
    endloop
  endfacet
  facet normal 9.710067e-01 0.000000e+00 -2.390524e-01
    outer loop
      vertex   1.232367e+00 4.816667e+01 -7.368415e+01
      vertex   1.273658e+00 5.233333e+01 -7.351643e+01
      vertex   1.273658e+00 4.816667e+01 -7.351643e+01
    endloop
  endfacet
  facet normal 9.776300e-01 5.927293e-04 -2.103313e-01
    outer loop
      vertex   1.243403e+00 5.650000e+01 -7.364531e+01
      vertex   1.287985e+00 5.650000e+01 -7.343810e+01
      vertex   1.273658e+00 5.233333e+01 -7.351643e+01
    endloop
  endfacet
  facet normal 9.877809e-01 -4.664715e-04 -1.558480e-01
    outer loop
      vertex   1.273658e+00 5.233333e+01 -7.351643e+01
      vertex   1.287985e+00 5.650000e+01 -7.343810e+01
      vertex   1.299989e+00 5.233333e+01 -7.334954e+01
    endloop
  endfacet
  facet normal 9.877810e-01 0.000000e+00 -1.558480e-01
    outer loop
      vertex   1.273658e+00 5.233333e+01 -7.351643e+01
      vertex   1.299989e+00 5.233333e+01 -7.334954e+01
      vertex   1.273658e+00 4.816667e+01 -7.351643e+01
    endloop
  endfacet
  facet normal 9.877810e-01 0.000000e+00 -1.558480e-01
    outer loop
      vertex   1.273658e+00 4.816667e+01 -7.351643e+01
      vertex   1.299989e+00 5.233333e+01 -7.334954e+01
      vertex   1.299989e+00 4.816667e+01 -7.334954e+01
    endloop
  endfacet
  facet normal 9.943913e-01 6.170920e-04 -1.057616e-01
    outer loop
      vertex   1.287985e+00 5.650000e+01 -7.343810e+01
      vertex   1.310372e+00 5.650000e+01 -7.322761e+01
      vertex   1.299989e+00 5.233333e+01 -7.334954e+01
    endloop
  endfacet
  facet normal 9.973722e-01 -3.652151e-04 -7.244677e-02
    outer loop
      vertex   1.299989e+00 5.233333e+01 -7.334954e+01
      vertex   1.310372e+00 5.650000e+01 -7.322761e+01
      vertex   1.312228e+00 5.233333e+01 -7.318104e+01
    endloop
  endfacet
  facet normal 9.973723e-01 0.000000e+00 -7.244677e-02
    outer loop
      vertex   1.299989e+00 5.233333e+01 -7.334954e+01
      vertex   1.312228e+00 5.233333e+01 -7.318104e+01
      vertex   1.299989e+00 4.816667e+01 -7.334954e+01
    endloop
  endfacet
  facet normal 9.973723e-01 0.000000e+00 -7.244677e-02
    outer loop
      vertex   1.299989e+00 4.816667e+01 -7.334954e+01
      vertex   1.312228e+00 5.233333e+01 -7.318104e+01
      vertex   1.312228e+00 4.816667e+01 -7.318104e+01
    endloop
  endfacet
  facet normal 9.999999e-01 4.456137e-04 -3.006042e-06
    outer loop
      vertex   1.310372e+00 5.650000e+01 -7.322761e+01
      vertex   1.310372e+00 5.650000e+01 -7.301564e+01
      vertex   1.312228e+00 5.233333e+01 -7.318104e+01
    endloop
  endfacet
  facet normal 9.999267e-01 -3.511481e-05 1.210636e-02
    outer loop
      vertex   1.312228e+00 5.233333e+01 -7.318104e+01
      vertex   1.310372e+00 5.650000e+01 -7.301564e+01
      vertex   1.310184e+00 5.233333e+01 -7.301215e+01
    endloop
  endfacet
  facet normal 9.999267e-01 0.000000e+00 1.210636e-02
    outer loop
      vertex   1.312228e+00 5.233333e+01 -7.318104e+01
      vertex   1.310184e+00 5.233333e+01 -7.301215e+01
      vertex   1.312228e+00 4.816667e+01 -7.318104e+01
    endloop
  endfacet
  facet normal 9.999267e-01 0.000000e+00 1.210636e-02
    outer loop
      vertex   1.312228e+00 4.816667e+01 -7.318104e+01
      vertex   1.310184e+00 5.233333e+01 -7.301215e+01
      vertex   1.310184e+00 4.816667e+01 -7.301215e+01
    endloop
  endfacet
  facet normal 9.952577e-01 3.660267e-05 9.727373e-02
    outer loop
      vertex   1.310184e+00 5.233333e+01 -7.301215e+01
      vertex   1.310372e+00 5.650000e+01 -7.301564e+01
      vertex   1.293753e+00 5.233333e+01 -7.284404e+01
    endloop
  endfacet
  facet normal 9.943728e-01 3.969015e-04 1.059363e-01
    outer loop
      vertex   1.293753e+00 5.233333e+01 -7.284404e+01
      vertex   1.310372e+00 5.650000e+01 -7.301564e+01
      vertex   1.287875e+00 5.650000e+01 -7.280447e+01
    endloop
  endfacet
  facet normal 9.834806e-01 -3.314559e-04 1.810132e-01
    outer loop
      vertex   1.293753e+00 5.233333e+01 -7.284404e+01
      vertex   1.287875e+00 5.650000e+01 -7.280447e+01
      vertex   1.263174e+00 5.233333e+01 -7.267790e+01
    endloop
  endfacet
  facet normal 9.775634e-01 6.036161e-04 2.106405e-01
    outer loop
      vertex   1.263174e+00 5.233333e+01 -7.267790e+01
      vertex   1.287875e+00 5.650000e+01 -7.280447e+01
      vertex   1.243261e+00 5.650000e+01 -7.259742e+01
    endloop
  endfacet
  facet normal 9.648311e-01 -4.660158e-04 2.628702e-01
    outer loop
      vertex   1.263174e+00 5.233333e+01 -7.267790e+01
      vertex   1.243261e+00 5.650000e+01 -7.259742e+01
      vertex   1.218763e+00 5.233333e+01 -7.251489e+01
    endloop
  endfacet
  facet normal 9.498153e-01 6.114662e-04 3.128107e-01
    outer loop
      vertex   1.218763e+00 5.233333e+01 -7.251489e+01
      vertex   1.243261e+00 5.650000e+01 -7.259742e+01
      vertex   1.177037e+00 5.650000e+01 -7.239634e+01
    endloop
  endfacet
  facet normal 9.393788e-01 -3.485953e-04 3.428809e-01
    outer loop
      vertex   1.218763e+00 5.233333e+01 -7.251489e+01
      vertex   1.177037e+00 5.650000e+01 -7.239634e+01
      vertex   1.160834e+00 5.233333e+01 -7.235618e+01
    endloop
  endfacet
  facet normal 9.113783e-01 4.222817e-04 4.115695e-01
    outer loop
      vertex   1.160834e+00 5.233333e+01 -7.235618e+01
      vertex   1.177037e+00 5.650000e+01 -7.239634e+01
      vertex   1.089704e+00 5.650000e+01 -7.220295e+01
    endloop
  endfacet
  facet normal 9.070424e-01 -1.435999e-15 4.210393e-01
    outer loop
      vertex   1.160834e+00 5.233333e+01 -7.235618e+01
      vertex   1.089704e+00 5.650000e+01 -7.220295e+01
      vertex   1.160834e+00 4.816667e+01 -7.235618e+01
    endloop
  endfacet
  facet normal 9.070424e-01 0.000000e+00 4.210393e-01
    outer loop
      vertex   1.160834e+00 2.316667e+01 -7.235618e+01
      vertex   1.089704e+00 3.150000e+01 -7.220295e+01
      vertex   1.160834e+00 1.900000e+01 -7.235618e+01
    endloop
  endfacet
  facet normal 9.070424e-01 -3.778757e-17 4.210393e-01
    outer loop
      vertex   1.160834e+00 1.900000e+01 -7.235618e+01
      vertex   1.089704e+00 3.150000e+01 -7.220295e+01
      vertex   1.089704e+00 6.500000e+00 -7.220295e+01
    endloop
  endfacet
  facet normal 9.070424e-01 0.000000e+00 4.210393e-01
    outer loop
      vertex   1.160834e+00 1.900000e+01 -7.235618e+01
      vertex   1.089704e+00 6.500000e+00 -7.220295e+01
      vertex   1.160834e+00 1.483333e+01 -7.235618e+01
    endloop
  endfacet
  facet normal 9.070424e-01 0.000000e+00 4.210393e-01
    outer loop
      vertex   1.160834e+00 1.483333e+01 -7.235618e+01
      vertex   1.089704e+00 6.500000e+00 -7.220295e+01
      vertex   1.160834e+00 1.066667e+01 -7.235618e+01
    endloop
  endfacet
  facet normal 9.393789e-01 0.000000e+00 3.428809e-01
    outer loop
      vertex   1.160834e+00 1.483333e+01 -7.235618e+01
      vertex   1.160834e+00 1.066667e+01 -7.235618e+01
      vertex   1.218763e+00 1.066667e+01 -7.251489e+01
    endloop
  endfacet
  facet normal 9.393788e-01 3.495668e-04 3.428809e-01
    outer loop
      vertex   1.218763e+00 1.066667e+01 -7.251489e+01
      vertex   1.160834e+00 1.066667e+01 -7.235618e+01
      vertex   1.177101e+00 6.500000e+00 -7.239650e+01
    endloop
  endfacet
  facet normal 9.498828e-01 -6.156549e-04 3.126057e-01
    outer loop
      vertex   1.218763e+00 1.066667e+01 -7.251489e+01
      vertex   1.177101e+00 6.500000e+00 -7.239650e+01
      vertex   1.243444e+00 6.500000e+00 -7.259809e+01
    endloop
  endfacet
  facet normal 9.113957e-01 -4.239924e-04 4.115310e-01
    outer loop
      vertex   1.089704e+00 6.500000e+00 -7.220295e+01
      vertex   1.177101e+00 6.500000e+00 -7.239650e+01
      vertex   1.160834e+00 1.066667e+01 -7.235618e+01
    endloop
  endfacet
  facet normal 9.648311e-01 4.660492e-04 2.628702e-01
    outer loop
      vertex   1.218763e+00 1.066667e+01 -7.251489e+01
      vertex   1.243444e+00 6.500000e+00 -7.259809e+01
      vertex   1.263174e+00 1.066667e+01 -7.267790e+01
    endloop
  endfacet
  facet normal 9.776733e-01 -6.048954e-04 2.101300e-01
    outer loop
      vertex   1.263174e+00 1.066667e+01 -7.267790e+01
      vertex   1.243444e+00 6.500000e+00 -7.259809e+01
      vertex   1.288093e+00 6.500000e+00 -7.280583e+01
    endloop
  endfacet
  facet normal 9.834806e-01 3.238431e-04 1.810132e-01
    outer loop
      vertex   1.263174e+00 1.066667e+01 -7.267790e+01
      vertex   1.288093e+00 6.500000e+00 -7.280583e+01
      vertex   1.293753e+00 1.066667e+01 -7.284404e+01
    endloop
  endfacet
  facet normal 9.944419e-01 -3.854525e-04 1.052862e-01
    outer loop
      vertex   1.293753e+00 1.066667e+01 -7.284404e+01
      vertex   1.288093e+00 6.500000e+00 -7.280583e+01
      vertex   1.310437e+00 6.500000e+00 -7.301687e+01
    endloop
  endfacet
  facet normal 9.110592e-01 -5.393982e-04 -4.122752e-01
    outer loop
      vertex   1.176509e+00 6.500000e+00 -7.384827e+01
      vertex   1.088952e+00 6.500000e+00 -7.404176e+01
      vertex   1.116120e+00 1.066667e+01 -7.398717e+01
    endloop
  endfacet
  facet normal 8.841070e-01 3.569897e-04 -4.672843e-01
    outer loop
      vertex   1.116120e+00 1.066667e+01 -7.398717e+01
      vertex   1.088952e+00 6.500000e+00 -7.404176e+01
      vertex   1.045027e+00 1.066667e+01 -7.412168e+01
    endloop
  endfacet
  facet normal 8.841071e-01 0.000000e+00 -4.672843e-01
    outer loop
      vertex   1.116120e+00 1.066667e+01 -7.398717e+01
      vertex   1.045027e+00 1.066667e+01 -7.412168e+01
      vertex   1.116120e+00 1.483333e+01 -7.398717e+01
    endloop
  endfacet
  facet normal 8.841071e-01 0.000000e+00 -4.672843e-01
    outer loop
      vertex   1.116120e+00 1.483333e+01 -7.398717e+01
      vertex   1.045027e+00 1.066667e+01 -7.412168e+01
      vertex   1.045027e+00 1.483333e+01 -7.412168e+01
    endloop
  endfacet
  facet normal 8.841071e-01 0.000000e+00 -4.672843e-01
    outer loop
      vertex   1.116120e+00 1.483333e+01 -7.398717e+01
      vertex   1.045027e+00 1.483333e+01 -7.412168e+01
      vertex   1.116120e+00 1.900000e+01 -7.398717e+01
    endloop
  endfacet
  facet normal 8.841071e-01 0.000000e+00 -4.672843e-01
    outer loop
      vertex   1.116120e+00 1.900000e+01 -7.398717e+01
      vertex   1.045027e+00 1.483333e+01 -7.412168e+01
      vertex   1.045027e+00 1.900000e+01 -7.412168e+01
    endloop
  endfacet
  facet normal 8.841071e-01 0.000000e+00 -4.672843e-01
    outer loop
      vertex   1.116120e+00 1.900000e+01 -7.398717e+01
      vertex   1.045027e+00 1.900000e+01 -7.412168e+01
      vertex   1.116120e+00 2.316667e+01 -7.398717e+01
    endloop
  endfacet
  facet normal 8.841071e-01 0.000000e+00 -4.672843e-01
    outer loop
      vertex   1.116120e+00 2.316667e+01 -7.398717e+01
      vertex   1.045027e+00 1.900000e+01 -7.412168e+01
      vertex   1.045027e+00 2.316667e+01 -7.412168e+01
    endloop
  endfacet
  facet normal 8.841071e-01 0.000000e+00 -4.672843e-01
    outer loop
      vertex   1.116120e+00 2.316667e+01 -7.398717e+01
      vertex   1.045027e+00 2.316667e+01 -7.412168e+01
      vertex   1.116120e+00 2.733333e+01 -7.398717e+01
    endloop
  endfacet
  facet normal 8.841071e-01 0.000000e+00 -4.672843e-01
    outer loop
      vertex   1.116120e+00 2.733333e+01 -7.398717e+01
      vertex   1.045027e+00 2.316667e+01 -7.412168e+01
      vertex   1.045027e+00 2.733333e+01 -7.412168e+01
    endloop
  endfacet
  facet normal 8.841071e-01 0.000000e+00 -4.672843e-01
    outer loop
      vertex   1.116120e+00 2.733333e+01 -7.398717e+01
      vertex   1.045027e+00 2.733333e+01 -7.412168e+01
      vertex   1.116120e+00 3.150000e+01 -7.398717e+01
    endloop
  endfacet
  facet normal 8.841071e-01 0.000000e+00 -4.672843e-01
    outer loop
      vertex   1.116120e+00 3.150000e+01 -7.398717e+01
      vertex   1.045027e+00 2.733333e+01 -7.412168e+01
      vertex   1.045027e+00 3.150000e+01 -7.412168e+01
    endloop
  endfacet
  facet normal 8.622569e-01 -6.250239e-04 -5.064708e-01
    outer loop
      vertex   1.088952e+00 6.500000e+00 -7.404176e+01
      vertex   9.816010e-01 6.500000e+00 -7.422452e+01
      vertex   1.045027e+00 1.066667e+01 -7.412168e+01
    endloop
  endfacet
  facet normal 8.462458e-01 2.683548e-04 -5.327926e-01
    outer loop
      vertex   1.045027e+00 1.066667e+01 -7.412168e+01
      vertex   9.816010e-01 6.500000e+00 -7.422452e+01
      vertex   9.639596e-01 1.066667e+01 -7.425044e+01
    endloop
  endfacet
  facet normal 8.462459e-01 0.000000e+00 -5.327926e-01
    outer loop
      vertex   1.045027e+00 1.066667e+01 -7.412168e+01
      vertex   9.639596e-01 1.066667e+01 -7.425044e+01
      vertex   1.045027e+00 1.483333e+01 -7.412168e+01
    endloop
  endfacet
  facet normal 8.462459e-01 0.000000e+00 -5.327926e-01
    outer loop
      vertex   1.045027e+00 1.483333e+01 -7.412168e+01
      vertex   9.639596e-01 1.066667e+01 -7.425044e+01
      vertex   9.639596e-01 1.483333e+01 -7.425044e+01
    endloop
  endfacet
  facet normal 8.462459e-01 0.000000e+00 -5.327926e-01
    outer loop
      vertex   1.045027e+00 1.483333e+01 -7.412168e+01
      vertex   9.639596e-01 1.483333e+01 -7.425044e+01
      vertex   1.045027e+00 1.900000e+01 -7.412168e+01
    endloop
  endfacet
  facet normal 8.462459e-01 0.000000e+00 -5.327926e-01
    outer loop
      vertex   1.045027e+00 1.900000e+01 -7.412168e+01
      vertex   9.639596e-01 1.483333e+01 -7.425044e+01
      vertex   9.639596e-01 1.900000e+01 -7.425044e+01
    endloop
  endfacet
  facet normal 8.462459e-01 0.000000e+00 -5.327926e-01
    outer loop
      vertex   1.045027e+00 1.900000e+01 -7.412168e+01
      vertex   9.639596e-01 1.900000e+01 -7.425044e+01
      vertex   1.045027e+00 2.316667e+01 -7.412168e+01
    endloop
  endfacet
  facet normal 8.462459e-01 0.000000e+00 -5.327926e-01
    outer loop
      vertex   1.045027e+00 2.316667e+01 -7.412168e+01
      vertex   9.639596e-01 1.900000e+01 -7.425044e+01
      vertex   9.639596e-01 2.316667e+01 -7.425044e+01
    endloop
  endfacet
  facet normal 8.462459e-01 0.000000e+00 -5.327926e-01
    outer loop
      vertex   1.045027e+00 2.316667e+01 -7.412168e+01
      vertex   9.639596e-01 2.316667e+01 -7.425044e+01
      vertex   1.045027e+00 2.733333e+01 -7.412168e+01
    endloop
  endfacet
  facet normal 8.462459e-01 0.000000e+00 -5.327926e-01
    outer loop
      vertex   1.045027e+00 2.733333e+01 -7.412168e+01
      vertex   9.639596e-01 2.316667e+01 -7.425044e+01
      vertex   9.639596e-01 2.733333e+01 -7.425044e+01
    endloop
  endfacet
  facet normal 8.462459e-01 0.000000e+00 -5.327926e-01
    outer loop
      vertex   1.045027e+00 2.733333e+01 -7.412168e+01
      vertex   9.639596e-01 2.733333e+01 -7.425044e+01
      vertex   1.045027e+00 3.150000e+01 -7.412168e+01
    endloop
  endfacet
  facet normal 8.462459e-01 0.000000e+00 -5.327926e-01
    outer loop
      vertex   1.045027e+00 3.150000e+01 -7.412168e+01
      vertex   9.639596e-01 2.733333e+01 -7.425044e+01
      vertex   9.639596e-01 3.150000e+01 -7.425044e+01
    endloop
  endfacet
  facet normal 8.038593e-01 -2.969855e-04 -5.948195e-01
    outer loop
      vertex   9.816010e-01 6.500000e+00 -7.422452e+01
      vertex   8.556946e-01 6.500000e+00 -7.439468e+01
      vertex   9.639596e-01 1.066667e+01 -7.425044e+01
    endloop
  endfacet
  facet normal 8.036216e-01 -2.796956e-04 -5.951406e-01
    outer loop
      vertex   9.639596e-01 1.066667e+01 -7.425044e+01
      vertex   8.556946e-01 6.500000e+00 -7.439468e+01
      vertex   8.734095e-01 1.066667e+01 -7.437271e+01
    endloop
  endfacet
  facet normal 8.036216e-01 0.000000e+00 -5.951406e-01
    outer loop
      vertex   9.639596e-01 1.066667e+01 -7.425044e+01
      vertex   8.734095e-01 1.066667e+01 -7.437271e+01
      vertex   9.639596e-01 1.483333e+01 -7.425044e+01
    endloop
  endfacet
  facet normal 8.036216e-01 0.000000e+00 -5.951406e-01
    outer loop
      vertex   9.639596e-01 1.483333e+01 -7.425044e+01
      vertex   8.734095e-01 1.066667e+01 -7.437271e+01
      vertex   8.734095e-01 1.483333e+01 -7.437271e+01
    endloop
  endfacet
  facet normal 8.036216e-01 0.000000e+00 -5.951406e-01
    outer loop
      vertex   9.639596e-01 1.483333e+01 -7.425044e+01
      vertex   8.734095e-01 1.483333e+01 -7.437271e+01
      vertex   9.639596e-01 1.900000e+01 -7.425044e+01
    endloop
  endfacet
  facet normal 8.036216e-01 0.000000e+00 -5.951406e-01
    outer loop
      vertex   9.639596e-01 1.900000e+01 -7.425044e+01
      vertex   8.734095e-01 1.483333e+01 -7.437271e+01
      vertex   8.734095e-01 1.900000e+01 -7.437271e+01
    endloop
  endfacet
  facet normal 8.036216e-01 0.000000e+00 -5.951406e-01
    outer loop
      vertex   9.639596e-01 1.900000e+01 -7.425044e+01
      vertex   8.734095e-01 1.900000e+01 -7.437271e+01
      vertex   9.639596e-01 2.316667e+01 -7.425044e+01
    endloop
  endfacet
  facet normal 8.036216e-01 0.000000e+00 -5.951406e-01
    outer loop
      vertex   9.639596e-01 2.316667e+01 -7.425044e+01
      vertex   8.734095e-01 1.900000e+01 -7.437271e+01
      vertex   8.734095e-01 2.316667e+01 -7.437271e+01
    endloop
  endfacet
  facet normal 8.036216e-01 0.000000e+00 -5.951406e-01
    outer loop
      vertex   9.639596e-01 2.316667e+01 -7.425044e+01
      vertex   8.734095e-01 2.316667e+01 -7.437271e+01
      vertex   9.639596e-01 2.733333e+01 -7.425044e+01
    endloop
  endfacet
  facet normal 8.036216e-01 0.000000e+00 -5.951406e-01
    outer loop
      vertex   9.639596e-01 2.733333e+01 -7.425044e+01
      vertex   8.734095e-01 2.316667e+01 -7.437271e+01
      vertex   8.734095e-01 2.733333e+01 -7.437271e+01
    endloop
  endfacet
  facet normal 8.036216e-01 0.000000e+00 -5.951406e-01
    outer loop
      vertex   9.639596e-01 2.733333e+01 -7.425044e+01
      vertex   8.734095e-01 2.733333e+01 -7.437271e+01
      vertex   9.639596e-01 3.150000e+01 -7.425044e+01
    endloop
  endfacet
  facet normal 8.036216e-01 0.000000e+00 -5.951406e-01
    outer loop
      vertex   9.639596e-01 3.150000e+01 -7.425044e+01
      vertex   8.734095e-01 2.733333e+01 -7.437271e+01
      vertex   8.734095e-01 3.150000e+01 -7.437271e+01
    endloop
  endfacet
  facet normal 7.562025e-01 2.339364e-04 -6.543376e-01
    outer loop
      vertex   8.734095e-01 1.066667e+01 -7.437271e+01
      vertex   8.556946e-01 6.500000e+00 -7.439468e+01
      vertex   7.738666e-01 1.066667e+01 -7.448775e+01
    endloop
  endfacet
  facet normal 7.364437e-01 -6.491454e-04 -6.764986e-01
    outer loop
      vertex   7.738666e-01 1.066667e+01 -7.448775e+01
      vertex   8.556946e-01 6.500000e+00 -7.439468e+01
      vertex   7.122978e-01 6.500000e+00 -7.455078e+01
    endloop
  endfacet
  facet normal 7.039074e-01 3.427917e-04 -7.102917e-01
    outer loop
      vertex   7.738666e-01 1.066667e+01 -7.448775e+01
      vertex   7.122978e-01 6.500000e+00 -7.455078e+01
      vertex   6.658244e-01 1.066667e+01 -7.459482e+01
    endloop
  endfacet
  facet normal 6.606317e-01 -5.671410e-04 -7.507100e-01
    outer loop
      vertex   6.658244e-01 1.066667e+01 -7.459482e+01
      vertex   7.122978e-01 6.500000e+00 -7.455078e+01
      vertex   5.528692e-01 6.500000e+00 -7.469108e+01
    endloop
  endfacet
  facet normal 6.473953e-01 5.606239e-05 -7.621544e-01
    outer loop
      vertex   6.658244e-01 1.066667e+01 -7.459482e+01
      vertex   5.528692e-01 6.500000e+00 -7.469108e+01
      vertex   5.498868e-01 1.066667e+01 -7.469331e+01
    endloop
  endfacet
  facet normal 5.876826e-01 -1.176178e-05 -8.090916e-01
    outer loop
      vertex   5.498868e-01 1.066667e+01 -7.469331e+01
      vertex   5.528692e-01 6.500000e+00 -7.469108e+01
      vertex   4.267927e-01 1.066667e+01 -7.478271e+01
    endloop
  endfacet
  facet normal 5.876826e-01 0.000000e+00 -8.090916e-01
    outer loop
      vertex   5.498868e-01 1.066667e+01 -7.469331e+01
      vertex   4.267927e-01 1.066667e+01 -7.478271e+01
      vertex   5.498868e-01 1.483333e+01 -7.469331e+01
    endloop
  endfacet
  facet normal 5.876826e-01 0.000000e+00 -8.090916e-01
    outer loop
      vertex   5.498868e-01 1.483333e+01 -7.469331e+01
      vertex   4.267927e-01 1.066667e+01 -7.478271e+01
      vertex   4.267927e-01 1.483333e+01 -7.478271e+01
    endloop
  endfacet
  facet normal 5.876826e-01 0.000000e+00 -8.090916e-01
    outer loop
      vertex   5.498868e-01 1.483333e+01 -7.469331e+01
      vertex   4.267927e-01 1.483333e+01 -7.478271e+01
      vertex   5.498868e-01 1.900000e+01 -7.469331e+01
    endloop
  endfacet
  facet normal 5.876826e-01 0.000000e+00 -8.090916e-01
    outer loop
      vertex   5.498868e-01 1.900000e+01 -7.469331e+01
      vertex   4.267927e-01 1.483333e+01 -7.478271e+01
      vertex   4.267927e-01 1.900000e+01 -7.478271e+01
    endloop
  endfacet
  facet normal 5.876826e-01 0.000000e+00 -8.090916e-01
    outer loop
      vertex   5.498868e-01 1.900000e+01 -7.469331e+01
      vertex   4.267927e-01 1.900000e+01 -7.478271e+01
      vertex   5.498868e-01 2.316667e+01 -7.469331e+01
    endloop
  endfacet
  facet normal 5.876826e-01 0.000000e+00 -8.090916e-01
    outer loop
      vertex   5.498868e-01 2.316667e+01 -7.469331e+01
      vertex   4.267927e-01 1.900000e+01 -7.478271e+01
      vertex   4.267927e-01 2.316667e+01 -7.478271e+01
    endloop
  endfacet
  facet normal 5.876826e-01 0.000000e+00 -8.090916e-01
    outer loop
      vertex   5.498868e-01 2.316667e+01 -7.469331e+01
      vertex   4.267927e-01 2.316667e+01 -7.478271e+01
      vertex   5.498868e-01 2.733333e+01 -7.469331e+01
    endloop
  endfacet
  facet normal 5.876826e-01 0.000000e+00 -8.090916e-01
    outer loop
      vertex   5.498868e-01 2.733333e+01 -7.469331e+01
      vertex   4.267927e-01 2.316667e+01 -7.478271e+01
      vertex   4.267927e-01 2.733333e+01 -7.478271e+01
    endloop
  endfacet
  facet normal 5.876826e-01 0.000000e+00 -8.090916e-01
    outer loop
      vertex   5.498868e-01 2.733333e+01 -7.469331e+01
      vertex   4.267927e-01 2.733333e+01 -7.478271e+01
      vertex   5.498868e-01 3.150000e+01 -7.469331e+01
    endloop
  endfacet
  facet normal 5.876826e-01 0.000000e+00 -8.090916e-01
    outer loop
      vertex   5.498868e-01 3.150000e+01 -7.469331e+01
      vertex   4.267927e-01 2.733333e+01 -7.478271e+01
      vertex   4.267927e-01 3.150000e+01 -7.478271e+01
    endloop
  endfacet
  facet normal 5.774201e-01 -4.840538e-04 -8.164471e-01
    outer loop
      vertex   5.528692e-01 6.500000e+00 -7.469108e+01
      vertex   3.799457e-01 6.500000e+00 -7.481338e+01
      vertex   4.267927e-01 1.066667e+01 -7.478271e+01
    endloop
  endfacet
  facet normal 5.062181e-01 6.546875e-04 -8.624053e-01
    outer loop
      vertex   4.267927e-01 1.066667e+01 -7.478271e+01
      vertex   3.799457e-01 6.500000e+00 -7.481338e+01
      vertex   2.199035e-01 1.066667e+01 -7.490416e+01
    endloop
  endfacet
  facet normal 5.062182e-01 0.000000e+00 -8.624054e-01
    outer loop
      vertex   4.267927e-01 1.066667e+01 -7.478271e+01
      vertex   2.199035e-01 1.066667e+01 -7.490416e+01
      vertex   4.267927e-01 1.483333e+01 -7.478271e+01
    endloop
  endfacet
  facet normal 5.062182e-01 0.000000e+00 -8.624054e-01
    outer loop
      vertex   4.267927e-01 1.483333e+01 -7.478271e+01
      vertex   2.199035e-01 1.066667e+01 -7.490416e+01
      vertex   2.199035e-01 1.483333e+01 -7.490416e+01
    endloop
  endfacet
  facet normal 5.062182e-01 0.000000e+00 -8.624054e-01
    outer loop
      vertex   4.267927e-01 1.483333e+01 -7.478271e+01
      vertex   2.199035e-01 1.483333e+01 -7.490416e+01
      vertex   4.267927e-01 1.900000e+01 -7.478271e+01
    endloop
  endfacet
  facet normal 5.062182e-01 0.000000e+00 -8.624054e-01
    outer loop
      vertex   4.267927e-01 1.900000e+01 -7.478271e+01
      vertex   2.199035e-01 1.483333e+01 -7.490416e+01
      vertex   2.199035e-01 1.900000e+01 -7.490416e+01
    endloop
  endfacet
  facet normal 5.062182e-01 0.000000e+00 -8.624054e-01
    outer loop
      vertex   4.267927e-01 1.900000e+01 -7.478271e+01
      vertex   2.199035e-01 1.900000e+01 -7.490416e+01
      vertex   4.267927e-01 2.316667e+01 -7.478271e+01
    endloop
  endfacet
  facet normal 5.062182e-01 0.000000e+00 -8.624054e-01
    outer loop
      vertex   4.267927e-01 2.316667e+01 -7.478271e+01
      vertex   2.199035e-01 1.900000e+01 -7.490416e+01
      vertex   2.199035e-01 2.316667e+01 -7.490416e+01
    endloop
  endfacet
  facet normal 5.062182e-01 0.000000e+00 -8.624054e-01
    outer loop
      vertex   4.267927e-01 2.316667e+01 -7.478271e+01
      vertex   2.199035e-01 2.316667e+01 -7.490416e+01
      vertex   4.267927e-01 2.733333e+01 -7.478271e+01
    endloop
  endfacet
  facet normal 5.062182e-01 0.000000e+00 -8.624054e-01
    outer loop
      vertex   4.267927e-01 2.733333e+01 -7.478271e+01
      vertex   2.199035e-01 2.316667e+01 -7.490416e+01
      vertex   2.199035e-01 2.733333e+01 -7.490416e+01
    endloop
  endfacet
  facet normal 5.062182e-01 0.000000e+00 -8.624054e-01
    outer loop
      vertex   4.267927e-01 2.733333e+01 -7.478271e+01
      vertex   2.199035e-01 2.733333e+01 -7.490416e+01
      vertex   4.267927e-01 3.150000e+01 -7.478271e+01
    endloop
  endfacet
  facet normal 5.062182e-01 0.000000e+00 -8.624054e-01
    outer loop
      vertex   4.267927e-01 3.150000e+01 -7.478271e+01
      vertex   2.199035e-01 2.733333e+01 -7.490416e+01
      vertex   2.199035e-01 3.150000e+01 -7.490416e+01
    endloop
  endfacet
  facet normal 4.878671e-01 -2.792158e-04 -8.729179e-01
    outer loop
      vertex   3.799457e-01 6.500000e+00 -7.481338e+01
      vertex   1.951450e-01 6.500000e+00 -7.491666e+01
      vertex   2.199035e-01 1.066667e+01 -7.490416e+01
    endloop
  endfacet
  facet normal 3.927499e-01 4.262065e-04 -9.196452e-01
    outer loop
      vertex   2.199035e-01 1.066667e+01 -7.490416e+01
      vertex   1.951450e-01 6.500000e+00 -7.491666e+01
      vertex   3.330669e-15 6.500000e+00 -7.500000e+01
    endloop
  endfacet
  facet normal 3.995474e-01 0.000000e+00 -9.167126e-01
    outer loop
      vertex   2.199035e-01 1.066667e+01 -7.490416e+01
      vertex   3.330669e-15 6.500000e+00 -7.500000e+01
      vertex   2.199035e-01 1.483333e+01 -7.490416e+01
    endloop
  endfacet
  facet normal 3.995474e-01 0.000000e+00 -9.167126e-01
    outer loop
      vertex   2.199035e-01 1.483333e+01 -7.490416e+01
      vertex   3.330669e-15 6.500000e+00 -7.500000e+01
      vertex   2.199035e-01 1.900000e+01 -7.490416e+01
    endloop
  endfacet
  facet normal 3.995474e-01 0.000000e+00 -9.167126e-01
    outer loop
      vertex   3.330669e-15 6.500000e+00 -7.500000e+01
      vertex   3.330669e-15 3.150000e+01 -7.500000e+01
      vertex   2.199035e-01 1.900000e+01 -7.490416e+01
    endloop
  endfacet
  facet normal 3.995474e-01 0.000000e+00 -9.167126e-01
    outer loop
      vertex   2.199035e-01 1.900000e+01 -7.490416e+01
      vertex   3.330669e-15 3.150000e+01 -7.500000e+01
      vertex   2.199035e-01 2.316667e+01 -7.490416e+01
    endloop
  endfacet
  facet normal 9.393789e-01 0.000000e+00 3.428809e-01
    outer loop
      vertex   1.218763e+00 1.900000e+01 -7.251489e+01
      vertex   1.160834e+00 2.316667e+01 -7.235618e+01
      vertex   1.160834e+00 1.900000e+01 -7.235618e+01
    endloop
  endfacet
  facet normal 3.995474e-01 0.000000e+00 -9.167126e-01
    outer loop
      vertex   2.199035e-01 3.150000e+01 -7.490416e+01
      vertex   2.199035e-01 2.733333e+01 -7.490416e+01
      vertex   3.330669e-15 3.150000e+01 -7.500000e+01
    endloop
  endfacet
  facet normal 3.995474e-01 0.000000e+00 -9.167126e-01
    outer loop
      vertex   3.330669e-15 3.150000e+01 -7.500000e+01
      vertex   2.199035e-01 2.733333e+01 -7.490416e+01
      vertex   2.199035e-01 2.316667e+01 -7.490416e+01
    endloop
  endfacet
  facet normal 9.070424e-01 -5.791356e-16 4.210393e-01
    outer loop
      vertex   1.089704e+00 3.150000e+01 -7.220295e+01
      vertex   1.160834e+00 3.566667e+01 -7.235618e+01
      vertex   1.160834e+00 3.983333e+01 -7.235618e+01
    endloop
  endfacet
  facet normal 9.393789e-01 -6.007220e-16 3.428809e-01
    outer loop
      vertex   1.160834e+00 3.983333e+01 -7.235618e+01
      vertex   1.160834e+00 3.566667e+01 -7.235618e+01
      vertex   1.218763e+00 3.566667e+01 -7.251489e+01
    endloop
  endfacet
  facet normal 9.393789e-01 7.195713e-16 3.428809e-01
    outer loop
      vertex   1.160834e+00 3.983333e+01 -7.235618e+01
      vertex   1.218763e+00 3.566667e+01 -7.251489e+01
      vertex   1.218763e+00 3.983333e+01 -7.251489e+01
    endloop
  endfacet
  facet normal 9.648312e-01 4.337977e-16 2.628702e-01
    outer loop
      vertex   1.218763e+00 3.983333e+01 -7.251489e+01
      vertex   1.218763e+00 3.566667e+01 -7.251489e+01
      vertex   1.263174e+00 3.566667e+01 -7.267790e+01
    endloop
  endfacet
  facet normal 9.648312e-01 5.877240e-16 2.628702e-01
    outer loop
      vertex   1.218763e+00 3.983333e+01 -7.251489e+01
      vertex   1.263174e+00 3.566667e+01 -7.267790e+01
      vertex   1.263174e+00 3.983333e+01 -7.267790e+01
    endloop
  endfacet
  facet normal 9.834807e-01 3.029022e-16 1.810132e-01
    outer loop
      vertex   1.263174e+00 3.983333e+01 -7.267790e+01
      vertex   1.263174e+00 3.566667e+01 -7.267790e+01
      vertex   1.293753e+00 3.566667e+01 -7.284404e+01
    endloop
  endfacet
  facet normal 9.834807e-01 -2.107149e-16 1.810132e-01
    outer loop
      vertex   1.263174e+00 3.983333e+01 -7.267790e+01
      vertex   1.293753e+00 3.566667e+01 -7.284404e+01
      vertex   1.293753e+00 3.983333e+01 -7.284404e+01
    endloop
  endfacet
  facet normal 9.952577e-01 -2.121519e-16 9.727373e-02
    outer loop
      vertex   1.293753e+00 3.983333e+01 -7.284404e+01
      vertex   1.293753e+00 3.566667e+01 -7.284404e+01
      vertex   1.310184e+00 3.566667e+01 -7.301215e+01
    endloop
  endfacet
  facet normal 9.952577e-01 -5.299433e-17 9.727373e-02
    outer loop
      vertex   1.293753e+00 3.983333e+01 -7.284404e+01
      vertex   1.310184e+00 3.566667e+01 -7.301215e+01
      vertex   1.310184e+00 3.983333e+01 -7.301215e+01
    endloop
  endfacet
  facet normal 9.999267e-01 -5.328680e-17 1.210636e-02
    outer loop
      vertex   1.310184e+00 3.983333e+01 -7.301215e+01
      vertex   1.310184e+00 3.566667e+01 -7.301215e+01
      vertex   1.312228e+00 3.566667e+01 -7.318104e+01
    endloop
  endfacet
  facet normal 9.999267e-01 1.066027e-16 1.210636e-02
    outer loop
      vertex   1.310184e+00 3.983333e+01 -7.301215e+01
      vertex   1.312228e+00 3.566667e+01 -7.318104e+01
      vertex   1.312228e+00 3.983333e+01 -7.318104e+01
    endloop
  endfacet
  facet normal 9.973723e-01 1.063013e-16 -7.244677e-02
    outer loop
      vertex   1.312228e+00 3.983333e+01 -7.318104e+01
      vertex   1.312228e+00 3.566667e+01 -7.318104e+01
      vertex   1.299989e+00 3.566667e+01 -7.334954e+01
    endloop
  endfacet
  facet normal 9.973723e-01 2.125538e-16 -7.244677e-02
    outer loop
      vertex   1.312228e+00 3.983333e+01 -7.318104e+01
      vertex   1.299989e+00 3.566667e+01 -7.334954e+01
      vertex   1.299989e+00 3.983333e+01 -7.334954e+01
    endloop
  endfacet
  facet normal 9.877810e-01 2.105582e-16 -1.558480e-01
    outer loop
      vertex   1.299989e+00 3.983333e+01 -7.334954e+01
      vertex   1.299989e+00 3.566667e+01 -7.334954e+01
      vertex   1.273658e+00 3.566667e+01 -7.351643e+01
    endloop
  endfacet
  facet normal 9.877810e-01 2.636653e-16 -1.558480e-01
    outer loop
      vertex   1.299989e+00 3.983333e+01 -7.334954e+01
      vertex   1.273658e+00 3.566667e+01 -7.351643e+01
      vertex   1.273658e+00 3.983333e+01 -7.351643e+01
    endloop
  endfacet
  facet normal 9.710067e-01 2.587281e-16 -2.390524e-01
    outer loop
      vertex   1.273658e+00 3.983333e+01 -7.351643e+01
      vertex   1.273658e+00 3.566667e+01 -7.351643e+01
      vertex   1.232367e+00 3.566667e+01 -7.368415e+01
    endloop
  endfacet
  facet normal 9.710067e-01 3.627544e-16 -2.390524e-01
    outer loop
      vertex   1.273658e+00 3.983333e+01 -7.351643e+01
      vertex   1.232367e+00 3.566667e+01 -7.368415e+01
      vertex   1.232367e+00 3.983333e+01 -7.368415e+01
    endloop
  endfacet
  facet normal 9.467277e-01 3.531625e-16 -3.220353e-01
    outer loop
      vertex   1.232367e+00 3.983333e+01 -7.368415e+01
      vertex   1.232367e+00 3.566667e+01 -7.368415e+01
      vertex   1.176750e+00 3.566667e+01 -7.384766e+01
    endloop
  endfacet
  facet normal 9.467277e-01 3.013345e-16 -3.220353e-01
    outer loop
      vertex   1.232367e+00 3.983333e+01 -7.368415e+01
      vertex   1.176750e+00 3.566667e+01 -7.384766e+01
      vertex   1.176750e+00 3.983333e+01 -7.384766e+01
    endloop
  endfacet
  facet normal 9.171431e-01 2.932512e-16 -3.985582e-01
    outer loop
      vertex   1.176750e+00 3.983333e+01 -7.384766e+01
      vertex   1.176750e+00 3.566667e+01 -7.384766e+01
      vertex   1.116120e+00 3.566667e+01 -7.398717e+01
    endloop
  endfacet
  facet normal 9.171431e-01 3.913666e-16 -3.985582e-01
    outer loop
      vertex   1.176750e+00 3.983333e+01 -7.384766e+01
      vertex   1.116120e+00 3.566667e+01 -7.398717e+01
      vertex   1.116120e+00 3.983333e+01 -7.398717e+01
    endloop
  endfacet
  facet normal 8.841071e-01 3.769175e-16 -4.672843e-01
    outer loop
      vertex   1.116120e+00 3.983333e+01 -7.398717e+01
      vertex   1.116120e+00 3.566667e+01 -7.398717e+01
      vertex   1.045027e+00 3.566667e+01 -7.412168e+01
    endloop
  endfacet
  facet normal 8.841071e-01 3.776346e-16 -4.672843e-01
    outer loop
      vertex   1.116120e+00 3.983333e+01 -7.398717e+01
      vertex   1.045027e+00 3.566667e+01 -7.412168e+01
      vertex   1.045027e+00 3.983333e+01 -7.412168e+01
    endloop
  endfacet
  facet normal 8.462459e-01 3.607763e-16 -5.327926e-01
    outer loop
      vertex   1.045027e+00 3.983333e+01 -7.412168e+01
      vertex   1.045027e+00 3.566667e+01 -7.412168e+01
      vertex   9.639596e-01 3.566667e+01 -7.425044e+01
    endloop
  endfacet
  facet normal 8.462459e-01 3.365586e-16 -5.327926e-01
    outer loop
      vertex   1.045027e+00 3.983333e+01 -7.412168e+01
      vertex   9.639596e-01 3.566667e+01 -7.425044e+01
      vertex   9.639596e-01 3.983333e+01 -7.425044e+01
    endloop
  endfacet
  facet normal 8.036216e-01 3.211917e-16 -5.951406e-01
    outer loop
      vertex   9.639596e-01 3.983333e+01 -7.425044e+01
      vertex   9.639596e-01 3.566667e+01 -7.425044e+01
      vertex   8.734095e-01 3.566667e+01 -7.437271e+01
    endloop
  endfacet
  facet normal 8.036216e-01 2.982624e-16 -5.951406e-01
    outer loop
      vertex   9.639596e-01 3.983333e+01 -7.425044e+01
      vertex   8.734095e-01 3.566667e+01 -7.437271e+01
      vertex   8.734095e-01 3.983333e+01 -7.437271e+01
    endloop
  endfacet
  facet normal 7.562025e-01 2.820900e-16 -6.543376e-01
    outer loop
      vertex   8.734095e-01 3.983333e+01 -7.437271e+01
      vertex   8.734095e-01 3.566667e+01 -7.437271e+01
      vertex   7.738666e-01 3.566667e+01 -7.448775e+01
    endloop
  endfacet
  facet normal 7.562025e-01 2.846206e-16 -6.543376e-01
    outer loop
      vertex   8.734095e-01 3.983333e+01 -7.437271e+01
      vertex   7.738666e-01 3.566667e+01 -7.448775e+01
      vertex   7.738666e-01 3.983333e+01 -7.448775e+01
    endloop
  endfacet
  facet normal 7.039074e-01 2.625821e-16 -7.102917e-01
    outer loop
      vertex   7.738666e-01 3.983333e+01 -7.448775e+01
      vertex   7.738666e-01 3.566667e+01 -7.448775e+01
      vertex   6.658244e-01 3.566667e+01 -7.459482e+01
    endloop
  endfacet
  facet normal 7.039074e-01 2.244392e-16 -7.102917e-01
    outer loop
      vertex   7.738666e-01 3.983333e+01 -7.448775e+01
      vertex   6.658244e-01 3.566667e+01 -7.459482e+01
      vertex   6.658244e-01 3.983333e+01 -7.459482e+01
    endloop
  endfacet
  facet normal 6.473953e-01 2.070009e-16 -7.621544e-01
    outer loop
      vertex   6.658244e-01 3.983333e+01 -7.459482e+01
      vertex   6.658244e-01 3.566667e+01 -7.459482e+01
      vertex   5.498868e-01 3.566667e+01 -7.469331e+01
    endloop
  endfacet
  facet normal 6.473953e-01 1.560038e-16 -7.621544e-01
    outer loop
      vertex   6.658244e-01 3.983333e+01 -7.459482e+01
      vertex   5.498868e-01 3.566667e+01 -7.469331e+01
      vertex   5.498868e-01 3.983333e+01 -7.469331e+01
    endloop
  endfacet
  facet normal 5.876826e-01 1.409311e-16 -8.090916e-01
    outer loop
      vertex   5.498868e-01 3.983333e+01 -7.469331e+01
      vertex   5.498868e-01 3.566667e+01 -7.469331e+01
      vertex   4.267927e-01 3.566667e+01 -7.478271e+01
    endloop
  endfacet
  facet normal 5.876826e-01 1.149347e-16 -8.090916e-01
    outer loop
      vertex   5.498868e-01 3.983333e+01 -7.469331e+01
      vertex   4.267927e-01 3.566667e+01 -7.478271e+01
      vertex   4.267927e-01 3.983333e+01 -7.478271e+01
    endloop
  endfacet
  facet normal 5.062182e-01 1.011627e-16 -8.624054e-01
    outer loop
      vertex   4.267927e-01 3.983333e+01 -7.478271e+01
      vertex   4.267927e-01 3.566667e+01 -7.478271e+01
      vertex   2.199035e-01 3.566667e+01 -7.490416e+01
    endloop
  endfacet
  facet normal 5.062182e-01 5.900571e-17 -8.624054e-01
    outer loop
      vertex   4.267927e-01 3.983333e+01 -7.478271e+01
      vertex   2.199035e-01 3.566667e+01 -7.490416e+01
      vertex   2.199035e-01 3.983333e+01 -7.490416e+01
    endloop
  endfacet
  facet normal 4.508978e-01 5.406449e-17 -8.925756e-01
    outer loop
      vertex   2.199035e-01 3.983333e+01 -7.490416e+01
      vertex   2.199035e-01 3.566667e+01 -7.490416e+01
      vertex   1.953026e-01 5.650000e+01 -7.491658e+01
    endloop
  endfacet
  facet normal 4.508978e-01 1.201433e-17 -8.925756e-01
    outer loop
      vertex   2.199035e-01 3.983333e+01 -7.490416e+01
      vertex   1.953026e-01 5.650000e+01 -7.491658e+01
      vertex   2.199035e-01 4.400000e+01 -7.490416e+01
    endloop
  endfacet
  facet normal 9.393789e-01 -1.169431e-15 3.428809e-01
    outer loop
      vertex   1.160834e+00 4.816667e+01 -7.235618e+01
      vertex   1.218763e+00 4.816667e+01 -7.251489e+01
      vertex   1.160834e+00 5.233333e+01 -7.235618e+01
    endloop
  endfacet
  facet normal 9.393789e-01 0.000000e+00 3.428809e-01
    outer loop
      vertex   1.160834e+00 5.233333e+01 -7.235618e+01
      vertex   1.218763e+00 4.816667e+01 -7.251489e+01
      vertex   1.218763e+00 5.233333e+01 -7.251489e+01
    endloop
  endfacet
  facet normal 9.648312e-01 -0.000000e+00 2.628702e-01
    outer loop
      vertex   1.218763e+00 4.816667e+01 -7.251489e+01
      vertex   1.263174e+00 4.816667e+01 -7.267790e+01
      vertex   1.218763e+00 5.233333e+01 -7.251489e+01
    endloop
  endfacet
  facet normal 9.648312e-01 0.000000e+00 2.628702e-01
    outer loop
      vertex   1.218763e+00 5.233333e+01 -7.251489e+01
      vertex   1.263174e+00 4.816667e+01 -7.267790e+01
      vertex   1.263174e+00 5.233333e+01 -7.267790e+01
    endloop
  endfacet
  facet normal 9.952577e-01 -0.000000e+00 9.727373e-02
    outer loop
      vertex   1.310184e+00 4.816667e+01 -7.301215e+01
      vertex   1.310184e+00 5.233333e+01 -7.301215e+01
      vertex   1.293753e+00 5.233333e+01 -7.284404e+01
    endloop
  endfacet
  facet normal 9.834807e-01 -0.000000e+00 1.810132e-01
    outer loop
      vertex   1.263174e+00 4.816667e+01 -7.267790e+01
      vertex   1.293753e+00 4.816667e+01 -7.284404e+01
      vertex   1.263174e+00 5.233333e+01 -7.267790e+01
    endloop
  endfacet
  facet normal 9.834807e-01 -6.173576e-16 1.810132e-01
    outer loop
      vertex   1.263174e+00 5.233333e+01 -7.267790e+01
      vertex   1.293753e+00 4.816667e+01 -7.284404e+01
      vertex   1.293753e+00 5.233333e+01 -7.284404e+01
    endloop
  endfacet
  facet normal 9.952577e-01 -3.317623e-16 9.727373e-02
    outer loop
      vertex   1.293753e+00 4.816667e+01 -7.284404e+01
      vertex   1.310184e+00 4.816667e+01 -7.301215e+01
      vertex   1.293753e+00 5.233333e+01 -7.284404e+01
    endloop
  endfacet
  facet normal 9.171431e-01 0.000000e+00 -3.985582e-01
    outer loop
      vertex   1.176750e+00 4.816667e+01 -7.384766e+01
      vertex   1.116120e+00 4.816667e+01 -7.398717e+01
      vertex   1.176750e+00 5.233333e+01 -7.384766e+01
    endloop
  endfacet
  facet normal 9.171431e-01 0.000000e+00 -3.985582e-01
    outer loop
      vertex   1.176750e+00 5.233333e+01 -7.384766e+01
      vertex   1.116120e+00 4.816667e+01 -7.398717e+01
      vertex   1.116120e+00 5.233333e+01 -7.398717e+01
    endloop
  endfacet
  facet normal 8.841071e-01 0.000000e+00 -4.672843e-01
    outer loop
      vertex   1.116120e+00 4.816667e+01 -7.398717e+01
      vertex   1.045027e+00 4.816667e+01 -7.412168e+01
      vertex   1.116120e+00 5.233333e+01 -7.398717e+01
    endloop
  endfacet
  facet normal 8.841071e-01 0.000000e+00 -4.672843e-01
    outer loop
      vertex   1.116120e+00 5.233333e+01 -7.398717e+01
      vertex   1.045027e+00 4.816667e+01 -7.412168e+01
      vertex   1.045027e+00 5.233333e+01 -7.412168e+01
    endloop
  endfacet
  facet normal 8.036216e-01 0.000000e+00 -5.951406e-01
    outer loop
      vertex   8.734095e-01 4.816667e+01 -7.437271e+01
      vertex   8.734095e-01 5.233333e+01 -7.437271e+01
      vertex   9.639596e-01 5.233333e+01 -7.425044e+01
    endloop
  endfacet
  facet normal 8.462459e-01 0.000000e+00 -5.327926e-01
    outer loop
      vertex   1.045027e+00 4.816667e+01 -7.412168e+01
      vertex   9.639596e-01 4.816667e+01 -7.425044e+01
      vertex   1.045027e+00 5.233333e+01 -7.412168e+01
    endloop
  endfacet
  facet normal 8.462459e-01 0.000000e+00 -5.327926e-01
    outer loop
      vertex   1.045027e+00 5.233333e+01 -7.412168e+01
      vertex   9.639596e-01 4.816667e+01 -7.425044e+01
      vertex   9.639596e-01 5.233333e+01 -7.425044e+01
    endloop
  endfacet
  facet normal 8.036216e-01 0.000000e+00 -5.951406e-01
    outer loop
      vertex   9.639596e-01 4.816667e+01 -7.425044e+01
      vertex   8.734095e-01 4.816667e+01 -7.437271e+01
      vertex   9.639596e-01 5.233333e+01 -7.425044e+01
    endloop
  endfacet
  facet normal 5.062182e-01 0.000000e+00 -8.624054e-01
    outer loop
      vertex   2.199035e-01 4.816667e+01 -7.490416e+01
      vertex   2.199035e-01 5.233333e+01 -7.490416e+01
      vertex   4.267927e-01 5.233333e+01 -7.478271e+01
    endloop
  endfacet
  facet normal 5.876826e-01 0.000000e+00 -8.090916e-01
    outer loop
      vertex   5.498868e-01 4.816667e+01 -7.469331e+01
      vertex   4.267927e-01 4.816667e+01 -7.478271e+01
      vertex   5.498868e-01 5.233333e+01 -7.469331e+01
    endloop
  endfacet
  facet normal 5.876826e-01 0.000000e+00 -8.090916e-01
    outer loop
      vertex   5.498868e-01 5.233333e+01 -7.469331e+01
      vertex   4.267927e-01 4.816667e+01 -7.478271e+01
      vertex   4.267927e-01 5.233333e+01 -7.478271e+01
    endloop
  endfacet
  facet normal 5.062182e-01 0.000000e+00 -8.624054e-01
    outer loop
      vertex   4.267927e-01 4.816667e+01 -7.478271e+01
      vertex   2.199035e-01 4.816667e+01 -7.490416e+01
      vertex   4.267927e-01 5.233333e+01 -7.478271e+01
    endloop
  endfacet
  facet normal 9.393789e-01 0.000000e+00 3.428809e-01
    outer loop
      vertex   1.218763e+00 3.150000e+01 -7.251489e+01
      vertex   1.160834e+00 3.150000e+01 -7.235618e+01
      vertex   1.218763e+00 2.733333e+01 -7.251489e+01
    endloop
  endfacet
  facet normal 9.393789e-01 0.000000e+00 3.428809e-01
    outer loop
      vertex   1.218763e+00 2.733333e+01 -7.251489e+01
      vertex   1.160834e+00 3.150000e+01 -7.235618e+01
      vertex   1.160834e+00 2.733333e+01 -7.235618e+01
    endloop
  endfacet
  facet normal 9.393789e-01 0.000000e+00 3.428809e-01
    outer loop
      vertex   1.218763e+00 2.733333e+01 -7.251489e+01
      vertex   1.160834e+00 2.733333e+01 -7.235618e+01
      vertex   1.218763e+00 2.316667e+01 -7.251489e+01
    endloop
  endfacet
  facet normal 9.648312e-01 0.000000e+00 2.628702e-01
    outer loop
      vertex   1.263174e+00 3.150000e+01 -7.267790e+01
      vertex   1.218763e+00 3.150000e+01 -7.251489e+01
      vertex   1.263174e+00 2.733333e+01 -7.267790e+01
    endloop
  endfacet
  facet normal 9.648312e-01 0.000000e+00 2.628702e-01
    outer loop
      vertex   1.263174e+00 2.733333e+01 -7.267790e+01
      vertex   1.218763e+00 3.150000e+01 -7.251489e+01
      vertex   1.218763e+00 2.733333e+01 -7.251489e+01
    endloop
  endfacet
  facet normal 9.648312e-01 0.000000e+00 2.628702e-01
    outer loop
      vertex   1.263174e+00 2.733333e+01 -7.267790e+01
      vertex   1.218763e+00 2.733333e+01 -7.251489e+01
      vertex   1.263174e+00 2.316667e+01 -7.267790e+01
    endloop
  endfacet
  facet normal 9.648312e-01 0.000000e+00 2.628702e-01
    outer loop
      vertex   1.263174e+00 2.316667e+01 -7.267790e+01
      vertex   1.218763e+00 2.733333e+01 -7.251489e+01
      vertex   1.218763e+00 2.316667e+01 -7.251489e+01
    endloop
  endfacet
  facet normal 9.648312e-01 0.000000e+00 2.628702e-01
    outer loop
      vertex   1.263174e+00 2.316667e+01 -7.267790e+01
      vertex   1.218763e+00 2.316667e+01 -7.251489e+01
      vertex   1.263174e+00 1.900000e+01 -7.267790e+01
    endloop
  endfacet
  facet normal 9.834807e-01 0.000000e+00 1.810132e-01
    outer loop
      vertex   1.293753e+00 3.150000e+01 -7.284404e+01
      vertex   1.263174e+00 3.150000e+01 -7.267790e+01
      vertex   1.293753e+00 2.733333e+01 -7.284404e+01
    endloop
  endfacet
  facet normal 9.834807e-01 0.000000e+00 1.810132e-01
    outer loop
      vertex   1.293753e+00 2.733333e+01 -7.284404e+01
      vertex   1.263174e+00 3.150000e+01 -7.267790e+01
      vertex   1.263174e+00 2.733333e+01 -7.267790e+01
    endloop
  endfacet
  facet normal 9.834807e-01 0.000000e+00 1.810132e-01
    outer loop
      vertex   1.293753e+00 2.733333e+01 -7.284404e+01
      vertex   1.263174e+00 2.733333e+01 -7.267790e+01
      vertex   1.293753e+00 2.316667e+01 -7.284404e+01
    endloop
  endfacet
  facet normal 9.834807e-01 0.000000e+00 1.810132e-01
    outer loop
      vertex   1.293753e+00 2.316667e+01 -7.284404e+01
      vertex   1.263174e+00 2.733333e+01 -7.267790e+01
      vertex   1.263174e+00 2.316667e+01 -7.267790e+01
    endloop
  endfacet
  facet normal 9.834807e-01 0.000000e+00 1.810132e-01
    outer loop
      vertex   1.293753e+00 2.316667e+01 -7.284404e+01
      vertex   1.263174e+00 2.316667e+01 -7.267790e+01
      vertex   1.293753e+00 1.900000e+01 -7.284404e+01
    endloop
  endfacet
  facet normal 9.834807e-01 0.000000e+00 1.810132e-01
    outer loop
      vertex   1.293753e+00 1.900000e+01 -7.284404e+01
      vertex   1.263174e+00 2.316667e+01 -7.267790e+01
      vertex   1.263174e+00 1.900000e+01 -7.267790e+01
    endloop
  endfacet
  facet normal 9.834807e-01 0.000000e+00 1.810132e-01
    outer loop
      vertex   1.293753e+00 1.900000e+01 -7.284404e+01
      vertex   1.263174e+00 1.900000e+01 -7.267790e+01
      vertex   1.293753e+00 1.483333e+01 -7.284404e+01
    endloop
  endfacet
  facet normal 9.952577e-01 0.000000e+00 9.727373e-02
    outer loop
      vertex   1.310184e+00 3.150000e+01 -7.301215e+01
      vertex   1.293753e+00 3.150000e+01 -7.284404e+01
      vertex   1.310184e+00 2.733333e+01 -7.301215e+01
    endloop
  endfacet
  facet normal 9.952577e-01 0.000000e+00 9.727373e-02
    outer loop
      vertex   1.310184e+00 2.733333e+01 -7.301215e+01
      vertex   1.293753e+00 3.150000e+01 -7.284404e+01
      vertex   1.293753e+00 2.733333e+01 -7.284404e+01
    endloop
  endfacet
  facet normal 9.952577e-01 0.000000e+00 9.727373e-02
    outer loop
      vertex   1.310184e+00 2.733333e+01 -7.301215e+01
      vertex   1.293753e+00 2.733333e+01 -7.284404e+01
      vertex   1.310184e+00 2.316667e+01 -7.301215e+01
    endloop
  endfacet
  facet normal 9.952577e-01 0.000000e+00 9.727373e-02
    outer loop
      vertex   1.310184e+00 2.316667e+01 -7.301215e+01
      vertex   1.293753e+00 2.733333e+01 -7.284404e+01
      vertex   1.293753e+00 2.316667e+01 -7.284404e+01
    endloop
  endfacet
  facet normal 9.952577e-01 0.000000e+00 9.727373e-02
    outer loop
      vertex   1.310184e+00 2.316667e+01 -7.301215e+01
      vertex   1.293753e+00 2.316667e+01 -7.284404e+01
      vertex   1.310184e+00 1.900000e+01 -7.301215e+01
    endloop
  endfacet
  facet normal 9.952577e-01 0.000000e+00 9.727373e-02
    outer loop
      vertex   1.310184e+00 1.900000e+01 -7.301215e+01
      vertex   1.293753e+00 2.316667e+01 -7.284404e+01
      vertex   1.293753e+00 1.900000e+01 -7.284404e+01
    endloop
  endfacet
  facet normal 9.952577e-01 0.000000e+00 9.727373e-02
    outer loop
      vertex   1.310184e+00 1.900000e+01 -7.301215e+01
      vertex   1.293753e+00 1.900000e+01 -7.284404e+01
      vertex   1.310184e+00 1.483333e+01 -7.301215e+01
    endloop
  endfacet
  facet normal 9.952577e-01 0.000000e+00 9.727373e-02
    outer loop
      vertex   1.310184e+00 1.483333e+01 -7.301215e+01
      vertex   1.293753e+00 1.900000e+01 -7.284404e+01
      vertex   1.293753e+00 1.483333e+01 -7.284404e+01
    endloop
  endfacet
  facet normal 9.952577e-01 0.000000e+00 9.727373e-02
    outer loop
      vertex   1.310184e+00 1.483333e+01 -7.301215e+01
      vertex   1.293753e+00 1.483333e+01 -7.284404e+01
      vertex   1.310184e+00 1.066667e+01 -7.301215e+01
    endloop
  endfacet
  facet normal 9.999267e-01 0.000000e+00 1.210636e-02
    outer loop
      vertex   1.312228e+00 3.150000e+01 -7.318104e+01
      vertex   1.310184e+00 3.150000e+01 -7.301215e+01
      vertex   1.312228e+00 2.733333e+01 -7.318104e+01
    endloop
  endfacet
  facet normal 9.999267e-01 0.000000e+00 1.210636e-02
    outer loop
      vertex   1.312228e+00 2.733333e+01 -7.318104e+01
      vertex   1.310184e+00 3.150000e+01 -7.301215e+01
      vertex   1.310184e+00 2.733333e+01 -7.301215e+01
    endloop
  endfacet
  facet normal 9.999267e-01 0.000000e+00 1.210636e-02
    outer loop
      vertex   1.312228e+00 2.733333e+01 -7.318104e+01
      vertex   1.310184e+00 2.733333e+01 -7.301215e+01
      vertex   1.312228e+00 2.316667e+01 -7.318104e+01
    endloop
  endfacet
  facet normal 9.999267e-01 0.000000e+00 1.210636e-02
    outer loop
      vertex   1.312228e+00 2.316667e+01 -7.318104e+01
      vertex   1.310184e+00 2.733333e+01 -7.301215e+01
      vertex   1.310184e+00 2.316667e+01 -7.301215e+01
    endloop
  endfacet
  facet normal 9.999267e-01 0.000000e+00 1.210636e-02
    outer loop
      vertex   1.312228e+00 2.316667e+01 -7.318104e+01
      vertex   1.310184e+00 2.316667e+01 -7.301215e+01
      vertex   1.312228e+00 1.900000e+01 -7.318104e+01
    endloop
  endfacet
  facet normal 9.999267e-01 0.000000e+00 1.210636e-02
    outer loop
      vertex   1.312228e+00 1.900000e+01 -7.318104e+01
      vertex   1.310184e+00 2.316667e+01 -7.301215e+01
      vertex   1.310184e+00 1.900000e+01 -7.301215e+01
    endloop
  endfacet
  facet normal 9.999267e-01 0.000000e+00 1.210636e-02
    outer loop
      vertex   1.312228e+00 1.900000e+01 -7.318104e+01
      vertex   1.310184e+00 1.900000e+01 -7.301215e+01
      vertex   1.312228e+00 1.483333e+01 -7.318104e+01
    endloop
  endfacet
  facet normal 9.999267e-01 0.000000e+00 1.210636e-02
    outer loop
      vertex   1.312228e+00 1.483333e+01 -7.318104e+01
      vertex   1.310184e+00 1.900000e+01 -7.301215e+01
      vertex   1.310184e+00 1.483333e+01 -7.301215e+01
    endloop
  endfacet
  facet normal 9.999267e-01 0.000000e+00 1.210636e-02
    outer loop
      vertex   1.312228e+00 1.483333e+01 -7.318104e+01
      vertex   1.310184e+00 1.483333e+01 -7.301215e+01
      vertex   1.312228e+00 1.066667e+01 -7.318104e+01
    endloop
  endfacet
  facet normal 9.999267e-01 0.000000e+00 1.210636e-02
    outer loop
      vertex   1.312228e+00 1.066667e+01 -7.318104e+01
      vertex   1.310184e+00 1.483333e+01 -7.301215e+01
      vertex   1.310184e+00 1.066667e+01 -7.301215e+01
    endloop
  endfacet
  facet normal 9.973723e-01 0.000000e+00 -7.244677e-02
    outer loop
      vertex   1.299989e+00 3.150000e+01 -7.334954e+01
      vertex   1.312228e+00 3.150000e+01 -7.318104e+01
      vertex   1.299989e+00 2.733333e+01 -7.334954e+01
    endloop
  endfacet
  facet normal 9.973723e-01 0.000000e+00 -7.244677e-02
    outer loop
      vertex   1.299989e+00 2.733333e+01 -7.334954e+01
      vertex   1.312228e+00 3.150000e+01 -7.318104e+01
      vertex   1.312228e+00 2.733333e+01 -7.318104e+01
    endloop
  endfacet
  facet normal 9.973723e-01 0.000000e+00 -7.244677e-02
    outer loop
      vertex   1.299989e+00 2.733333e+01 -7.334954e+01
      vertex   1.312228e+00 2.733333e+01 -7.318104e+01
      vertex   1.299989e+00 2.316667e+01 -7.334954e+01
    endloop
  endfacet
  facet normal 9.973723e-01 0.000000e+00 -7.244677e-02
    outer loop
      vertex   1.299989e+00 2.316667e+01 -7.334954e+01
      vertex   1.312228e+00 2.733333e+01 -7.318104e+01
      vertex   1.312228e+00 2.316667e+01 -7.318104e+01
    endloop
  endfacet
  facet normal 9.973723e-01 0.000000e+00 -7.244677e-02
    outer loop
      vertex   1.299989e+00 2.316667e+01 -7.334954e+01
      vertex   1.312228e+00 2.316667e+01 -7.318104e+01
      vertex   1.299989e+00 1.900000e+01 -7.334954e+01
    endloop
  endfacet
  facet normal 9.973723e-01 0.000000e+00 -7.244677e-02
    outer loop
      vertex   1.299989e+00 1.900000e+01 -7.334954e+01
      vertex   1.312228e+00 2.316667e+01 -7.318104e+01
      vertex   1.312228e+00 1.900000e+01 -7.318104e+01
    endloop
  endfacet
  facet normal 9.973723e-01 0.000000e+00 -7.244677e-02
    outer loop
      vertex   1.299989e+00 1.900000e+01 -7.334954e+01
      vertex   1.312228e+00 1.900000e+01 -7.318104e+01
      vertex   1.299989e+00 1.483333e+01 -7.334954e+01
    endloop
  endfacet
  facet normal 9.973723e-01 0.000000e+00 -7.244677e-02
    outer loop
      vertex   1.299989e+00 1.483333e+01 -7.334954e+01
      vertex   1.312228e+00 1.900000e+01 -7.318104e+01
      vertex   1.312228e+00 1.483333e+01 -7.318104e+01
    endloop
  endfacet
  facet normal 9.973723e-01 0.000000e+00 -7.244677e-02
    outer loop
      vertex   1.299989e+00 1.483333e+01 -7.334954e+01
      vertex   1.312228e+00 1.483333e+01 -7.318104e+01
      vertex   1.299989e+00 1.066667e+01 -7.334954e+01
    endloop
  endfacet
  facet normal 9.973723e-01 0.000000e+00 -7.244677e-02
    outer loop
      vertex   1.299989e+00 1.066667e+01 -7.334954e+01
      vertex   1.312228e+00 1.483333e+01 -7.318104e+01
      vertex   1.312228e+00 1.066667e+01 -7.318104e+01
    endloop
  endfacet
  facet normal 9.877810e-01 0.000000e+00 -1.558480e-01
    outer loop
      vertex   1.273658e+00 3.150000e+01 -7.351643e+01
      vertex   1.299989e+00 3.150000e+01 -7.334954e+01
      vertex   1.273658e+00 2.733333e+01 -7.351643e+01
    endloop
  endfacet
  facet normal 9.877810e-01 0.000000e+00 -1.558480e-01
    outer loop
      vertex   1.273658e+00 2.733333e+01 -7.351643e+01
      vertex   1.299989e+00 3.150000e+01 -7.334954e+01
      vertex   1.299989e+00 2.733333e+01 -7.334954e+01
    endloop
  endfacet
  facet normal 9.877810e-01 0.000000e+00 -1.558480e-01
    outer loop
      vertex   1.273658e+00 2.733333e+01 -7.351643e+01
      vertex   1.299989e+00 2.733333e+01 -7.334954e+01
      vertex   1.273658e+00 2.316667e+01 -7.351643e+01
    endloop
  endfacet
  facet normal 9.877810e-01 0.000000e+00 -1.558480e-01
    outer loop
      vertex   1.273658e+00 2.316667e+01 -7.351643e+01
      vertex   1.299989e+00 2.733333e+01 -7.334954e+01
      vertex   1.299989e+00 2.316667e+01 -7.334954e+01
    endloop
  endfacet
  facet normal 9.877810e-01 0.000000e+00 -1.558480e-01
    outer loop
      vertex   1.273658e+00 2.316667e+01 -7.351643e+01
      vertex   1.299989e+00 2.316667e+01 -7.334954e+01
      vertex   1.273658e+00 1.900000e+01 -7.351643e+01
    endloop
  endfacet
  facet normal 9.877810e-01 0.000000e+00 -1.558480e-01
    outer loop
      vertex   1.273658e+00 1.900000e+01 -7.351643e+01
      vertex   1.299989e+00 2.316667e+01 -7.334954e+01
      vertex   1.299989e+00 1.900000e+01 -7.334954e+01
    endloop
  endfacet
  facet normal 9.877810e-01 0.000000e+00 -1.558480e-01
    outer loop
      vertex   1.273658e+00 1.900000e+01 -7.351643e+01
      vertex   1.299989e+00 1.900000e+01 -7.334954e+01
      vertex   1.273658e+00 1.483333e+01 -7.351643e+01
    endloop
  endfacet
  facet normal 9.877810e-01 0.000000e+00 -1.558480e-01
    outer loop
      vertex   1.273658e+00 1.483333e+01 -7.351643e+01
      vertex   1.299989e+00 1.900000e+01 -7.334954e+01
      vertex   1.299989e+00 1.483333e+01 -7.334954e+01
    endloop
  endfacet
  facet normal 9.877810e-01 0.000000e+00 -1.558480e-01
    outer loop
      vertex   1.273658e+00 1.483333e+01 -7.351643e+01
      vertex   1.299989e+00 1.483333e+01 -7.334954e+01
      vertex   1.273658e+00 1.066667e+01 -7.351643e+01
    endloop
  endfacet
  facet normal 9.877810e-01 0.000000e+00 -1.558480e-01
    outer loop
      vertex   1.273658e+00 1.066667e+01 -7.351643e+01
      vertex   1.299989e+00 1.483333e+01 -7.334954e+01
      vertex   1.299989e+00 1.066667e+01 -7.334954e+01
    endloop
  endfacet
  facet normal 9.710067e-01 0.000000e+00 -2.390524e-01
    outer loop
      vertex   1.232367e+00 3.150000e+01 -7.368415e+01
      vertex   1.273658e+00 3.150000e+01 -7.351643e+01
      vertex   1.232367e+00 2.733333e+01 -7.368415e+01
    endloop
  endfacet
  facet normal 9.710067e-01 0.000000e+00 -2.390524e-01
    outer loop
      vertex   1.232367e+00 2.733333e+01 -7.368415e+01
      vertex   1.273658e+00 3.150000e+01 -7.351643e+01
      vertex   1.273658e+00 2.733333e+01 -7.351643e+01
    endloop
  endfacet
  facet normal 9.710067e-01 0.000000e+00 -2.390524e-01
    outer loop
      vertex   1.232367e+00 2.733333e+01 -7.368415e+01
      vertex   1.273658e+00 2.733333e+01 -7.351643e+01
      vertex   1.232367e+00 2.316667e+01 -7.368415e+01
    endloop
  endfacet
  facet normal 9.710067e-01 0.000000e+00 -2.390524e-01
    outer loop
      vertex   1.232367e+00 2.316667e+01 -7.368415e+01
      vertex   1.273658e+00 2.733333e+01 -7.351643e+01
      vertex   1.273658e+00 2.316667e+01 -7.351643e+01
    endloop
  endfacet
  facet normal 9.710067e-01 0.000000e+00 -2.390524e-01
    outer loop
      vertex   1.232367e+00 2.316667e+01 -7.368415e+01
      vertex   1.273658e+00 2.316667e+01 -7.351643e+01
      vertex   1.232367e+00 1.900000e+01 -7.368415e+01
    endloop
  endfacet
  facet normal 9.710067e-01 0.000000e+00 -2.390524e-01
    outer loop
      vertex   1.232367e+00 1.900000e+01 -7.368415e+01
      vertex   1.273658e+00 2.316667e+01 -7.351643e+01
      vertex   1.273658e+00 1.900000e+01 -7.351643e+01
    endloop
  endfacet
  facet normal 9.710067e-01 0.000000e+00 -2.390524e-01
    outer loop
      vertex   1.232367e+00 1.900000e+01 -7.368415e+01
      vertex   1.273658e+00 1.900000e+01 -7.351643e+01
      vertex   1.232367e+00 1.483333e+01 -7.368415e+01
    endloop
  endfacet
  facet normal 9.710067e-01 0.000000e+00 -2.390524e-01
    outer loop
      vertex   1.232367e+00 1.483333e+01 -7.368415e+01
      vertex   1.273658e+00 1.900000e+01 -7.351643e+01
      vertex   1.273658e+00 1.483333e+01 -7.351643e+01
    endloop
  endfacet
  facet normal 9.710067e-01 0.000000e+00 -2.390524e-01
    outer loop
      vertex   1.232367e+00 1.483333e+01 -7.368415e+01
      vertex   1.273658e+00 1.483333e+01 -7.351643e+01
      vertex   1.232367e+00 1.066667e+01 -7.368415e+01
    endloop
  endfacet
  facet normal 9.710067e-01 0.000000e+00 -2.390524e-01
    outer loop
      vertex   1.232367e+00 1.066667e+01 -7.368415e+01
      vertex   1.273658e+00 1.483333e+01 -7.351643e+01
      vertex   1.273658e+00 1.066667e+01 -7.351643e+01
    endloop
  endfacet
  facet normal 9.467277e-01 0.000000e+00 -3.220353e-01
    outer loop
      vertex   1.176750e+00 3.150000e+01 -7.384766e+01
      vertex   1.232367e+00 3.150000e+01 -7.368415e+01
      vertex   1.176750e+00 2.733333e+01 -7.384766e+01
    endloop
  endfacet
  facet normal 9.467277e-01 0.000000e+00 -3.220353e-01
    outer loop
      vertex   1.176750e+00 2.733333e+01 -7.384766e+01
      vertex   1.232367e+00 3.150000e+01 -7.368415e+01
      vertex   1.232367e+00 2.733333e+01 -7.368415e+01
    endloop
  endfacet
  facet normal 9.467277e-01 0.000000e+00 -3.220353e-01
    outer loop
      vertex   1.176750e+00 2.733333e+01 -7.384766e+01
      vertex   1.232367e+00 2.733333e+01 -7.368415e+01
      vertex   1.176750e+00 2.316667e+01 -7.384766e+01
    endloop
  endfacet
  facet normal 9.467277e-01 0.000000e+00 -3.220353e-01
    outer loop
      vertex   1.176750e+00 2.316667e+01 -7.384766e+01
      vertex   1.232367e+00 2.733333e+01 -7.368415e+01
      vertex   1.232367e+00 2.316667e+01 -7.368415e+01
    endloop
  endfacet
  facet normal 9.467277e-01 0.000000e+00 -3.220353e-01
    outer loop
      vertex   1.176750e+00 2.316667e+01 -7.384766e+01
      vertex   1.232367e+00 2.316667e+01 -7.368415e+01
      vertex   1.176750e+00 1.900000e+01 -7.384766e+01
    endloop
  endfacet
  facet normal 9.467277e-01 0.000000e+00 -3.220353e-01
    outer loop
      vertex   1.176750e+00 1.900000e+01 -7.384766e+01
      vertex   1.232367e+00 2.316667e+01 -7.368415e+01
      vertex   1.232367e+00 1.900000e+01 -7.368415e+01
    endloop
  endfacet
  facet normal 9.467277e-01 0.000000e+00 -3.220353e-01
    outer loop
      vertex   1.176750e+00 1.900000e+01 -7.384766e+01
      vertex   1.232367e+00 1.900000e+01 -7.368415e+01
      vertex   1.176750e+00 1.483333e+01 -7.384766e+01
    endloop
  endfacet
  facet normal 9.467277e-01 0.000000e+00 -3.220353e-01
    outer loop
      vertex   1.176750e+00 1.483333e+01 -7.384766e+01
      vertex   1.232367e+00 1.900000e+01 -7.368415e+01
      vertex   1.232367e+00 1.483333e+01 -7.368415e+01
    endloop
  endfacet
  facet normal 9.467277e-01 0.000000e+00 -3.220353e-01
    outer loop
      vertex   1.176750e+00 1.483333e+01 -7.384766e+01
      vertex   1.232367e+00 1.483333e+01 -7.368415e+01
      vertex   1.176750e+00 1.066667e+01 -7.384766e+01
    endloop
  endfacet
  facet normal 9.467277e-01 0.000000e+00 -3.220353e-01
    outer loop
      vertex   1.176750e+00 1.066667e+01 -7.384766e+01
      vertex   1.232367e+00 1.483333e+01 -7.368415e+01
      vertex   1.232367e+00 1.066667e+01 -7.368415e+01
    endloop
  endfacet
  facet normal 7.562025e-01 0.000000e+00 -6.543376e-01
    outer loop
      vertex   7.738666e-01 3.150000e+01 -7.448775e+01
      vertex   8.734095e-01 3.150000e+01 -7.437271e+01
      vertex   7.738666e-01 2.733333e+01 -7.448775e+01
    endloop
  endfacet
  facet normal 7.562025e-01 0.000000e+00 -6.543376e-01
    outer loop
      vertex   7.738666e-01 2.733333e+01 -7.448775e+01
      vertex   8.734095e-01 3.150000e+01 -7.437271e+01
      vertex   8.734095e-01 2.733333e+01 -7.437271e+01
    endloop
  endfacet
  facet normal 7.562025e-01 0.000000e+00 -6.543376e-01
    outer loop
      vertex   7.738666e-01 2.733333e+01 -7.448775e+01
      vertex   8.734095e-01 2.733333e+01 -7.437271e+01
      vertex   7.738666e-01 2.316667e+01 -7.448775e+01
    endloop
  endfacet
  facet normal 7.562025e-01 0.000000e+00 -6.543376e-01
    outer loop
      vertex   7.738666e-01 2.316667e+01 -7.448775e+01
      vertex   8.734095e-01 2.733333e+01 -7.437271e+01
      vertex   8.734095e-01 2.316667e+01 -7.437271e+01
    endloop
  endfacet
  facet normal 7.562025e-01 0.000000e+00 -6.543376e-01
    outer loop
      vertex   7.738666e-01 2.316667e+01 -7.448775e+01
      vertex   8.734095e-01 2.316667e+01 -7.437271e+01
      vertex   7.738666e-01 1.900000e+01 -7.448775e+01
    endloop
  endfacet
  facet normal 7.562025e-01 0.000000e+00 -6.543376e-01
    outer loop
      vertex   7.738666e-01 1.900000e+01 -7.448775e+01
      vertex   8.734095e-01 2.316667e+01 -7.437271e+01
      vertex   8.734095e-01 1.900000e+01 -7.437271e+01
    endloop
  endfacet
  facet normal 7.562025e-01 0.000000e+00 -6.543376e-01
    outer loop
      vertex   7.738666e-01 1.900000e+01 -7.448775e+01
      vertex   8.734095e-01 1.900000e+01 -7.437271e+01
      vertex   7.738666e-01 1.483333e+01 -7.448775e+01
    endloop
  endfacet
  facet normal 7.562025e-01 0.000000e+00 -6.543376e-01
    outer loop
      vertex   7.738666e-01 1.483333e+01 -7.448775e+01
      vertex   8.734095e-01 1.900000e+01 -7.437271e+01
      vertex   8.734095e-01 1.483333e+01 -7.437271e+01
    endloop
  endfacet
  facet normal 7.562025e-01 0.000000e+00 -6.543376e-01
    outer loop
      vertex   7.738666e-01 1.483333e+01 -7.448775e+01
      vertex   8.734095e-01 1.483333e+01 -7.437271e+01
      vertex   7.738666e-01 1.066667e+01 -7.448775e+01
    endloop
  endfacet
  facet normal 7.562025e-01 0.000000e+00 -6.543376e-01
    outer loop
      vertex   7.738666e-01 1.066667e+01 -7.448775e+01
      vertex   8.734095e-01 1.483333e+01 -7.437271e+01
      vertex   8.734095e-01 1.066667e+01 -7.437271e+01
    endloop
  endfacet
  facet normal 7.039074e-01 0.000000e+00 -7.102917e-01
    outer loop
      vertex   6.658244e-01 3.150000e+01 -7.459482e+01
      vertex   7.738666e-01 3.150000e+01 -7.448775e+01
      vertex   6.658244e-01 2.733333e+01 -7.459482e+01
    endloop
  endfacet
  facet normal 7.039074e-01 0.000000e+00 -7.102917e-01
    outer loop
      vertex   6.658244e-01 2.733333e+01 -7.459482e+01
      vertex   7.738666e-01 3.150000e+01 -7.448775e+01
      vertex   7.738666e-01 2.733333e+01 -7.448775e+01
    endloop
  endfacet
  facet normal 7.039074e-01 0.000000e+00 -7.102917e-01
    outer loop
      vertex   6.658244e-01 2.733333e+01 -7.459482e+01
      vertex   7.738666e-01 2.733333e+01 -7.448775e+01
      vertex   6.658244e-01 2.316667e+01 -7.459482e+01
    endloop
  endfacet
  facet normal 7.039074e-01 0.000000e+00 -7.102917e-01
    outer loop
      vertex   6.658244e-01 2.316667e+01 -7.459482e+01
      vertex   7.738666e-01 2.733333e+01 -7.448775e+01
      vertex   7.738666e-01 2.316667e+01 -7.448775e+01
    endloop
  endfacet
  facet normal 7.039074e-01 0.000000e+00 -7.102917e-01
    outer loop
      vertex   6.658244e-01 2.316667e+01 -7.459482e+01
      vertex   7.738666e-01 2.316667e+01 -7.448775e+01
      vertex   6.658244e-01 1.900000e+01 -7.459482e+01
    endloop
  endfacet
  facet normal 7.039074e-01 0.000000e+00 -7.102917e-01
    outer loop
      vertex   6.658244e-01 1.900000e+01 -7.459482e+01
      vertex   7.738666e-01 2.316667e+01 -7.448775e+01
      vertex   7.738666e-01 1.900000e+01 -7.448775e+01
    endloop
  endfacet
  facet normal 7.039074e-01 0.000000e+00 -7.102917e-01
    outer loop
      vertex   6.658244e-01 1.900000e+01 -7.459482e+01
      vertex   7.738666e-01 1.900000e+01 -7.448775e+01
      vertex   6.658244e-01 1.483333e+01 -7.459482e+01
    endloop
  endfacet
  facet normal 7.039074e-01 0.000000e+00 -7.102917e-01
    outer loop
      vertex   6.658244e-01 1.483333e+01 -7.459482e+01
      vertex   7.738666e-01 1.900000e+01 -7.448775e+01
      vertex   7.738666e-01 1.483333e+01 -7.448775e+01
    endloop
  endfacet
  facet normal 7.039074e-01 0.000000e+00 -7.102917e-01
    outer loop
      vertex   6.658244e-01 1.483333e+01 -7.459482e+01
      vertex   7.738666e-01 1.483333e+01 -7.448775e+01
      vertex   6.658244e-01 1.066667e+01 -7.459482e+01
    endloop
  endfacet
  facet normal 7.039074e-01 0.000000e+00 -7.102917e-01
    outer loop
      vertex   6.658244e-01 1.066667e+01 -7.459482e+01
      vertex   7.738666e-01 1.483333e+01 -7.448775e+01
      vertex   7.738666e-01 1.066667e+01 -7.448775e+01
    endloop
  endfacet
  facet normal 6.473953e-01 0.000000e+00 -7.621544e-01
    outer loop
      vertex   5.498868e-01 3.150000e+01 -7.469331e+01
      vertex   6.658244e-01 3.150000e+01 -7.459482e+01
      vertex   5.498868e-01 2.733333e+01 -7.469331e+01
    endloop
  endfacet
  facet normal 6.473953e-01 0.000000e+00 -7.621544e-01
    outer loop
      vertex   5.498868e-01 2.733333e+01 -7.469331e+01
      vertex   6.658244e-01 3.150000e+01 -7.459482e+01
      vertex   6.658244e-01 2.733333e+01 -7.459482e+01
    endloop
  endfacet
  facet normal 6.473953e-01 0.000000e+00 -7.621544e-01
    outer loop
      vertex   5.498868e-01 2.733333e+01 -7.469331e+01
      vertex   6.658244e-01 2.733333e+01 -7.459482e+01
      vertex   5.498868e-01 2.316667e+01 -7.469331e+01
    endloop
  endfacet
  facet normal 6.473953e-01 0.000000e+00 -7.621544e-01
    outer loop
      vertex   5.498868e-01 2.316667e+01 -7.469331e+01
      vertex   6.658244e-01 2.733333e+01 -7.459482e+01
      vertex   6.658244e-01 2.316667e+01 -7.459482e+01
    endloop
  endfacet
  facet normal 6.473953e-01 0.000000e+00 -7.621544e-01
    outer loop
      vertex   5.498868e-01 2.316667e+01 -7.469331e+01
      vertex   6.658244e-01 2.316667e+01 -7.459482e+01
      vertex   5.498868e-01 1.900000e+01 -7.469331e+01
    endloop
  endfacet
  facet normal 6.473953e-01 0.000000e+00 -7.621544e-01
    outer loop
      vertex   5.498868e-01 1.900000e+01 -7.469331e+01
      vertex   6.658244e-01 2.316667e+01 -7.459482e+01
      vertex   6.658244e-01 1.900000e+01 -7.459482e+01
    endloop
  endfacet
  facet normal 6.473953e-01 0.000000e+00 -7.621544e-01
    outer loop
      vertex   5.498868e-01 1.900000e+01 -7.469331e+01
      vertex   6.658244e-01 1.900000e+01 -7.459482e+01
      vertex   5.498868e-01 1.483333e+01 -7.469331e+01
    endloop
  endfacet
  facet normal 6.473953e-01 0.000000e+00 -7.621544e-01
    outer loop
      vertex   5.498868e-01 1.483333e+01 -7.469331e+01
      vertex   6.658244e-01 1.900000e+01 -7.459482e+01
      vertex   6.658244e-01 1.483333e+01 -7.459482e+01
    endloop
  endfacet
  facet normal 6.473953e-01 0.000000e+00 -7.621544e-01
    outer loop
      vertex   5.498868e-01 1.483333e+01 -7.469331e+01
      vertex   6.658244e-01 1.483333e+01 -7.459482e+01
      vertex   5.498868e-01 1.066667e+01 -7.469331e+01
    endloop
  endfacet
  facet normal 6.473953e-01 0.000000e+00 -7.621544e-01
    outer loop
      vertex   5.498868e-01 1.066667e+01 -7.469331e+01
      vertex   6.658244e-01 1.483333e+01 -7.459482e+01
      vertex   6.658244e-01 1.066667e+01 -7.459482e+01
    endloop
  endfacet
  facet normal 9.834807e-01 0.000000e+00 1.810132e-01
    outer loop
      vertex   1.293753e+00 1.066667e+01 -7.284404e+01
      vertex   1.263174e+00 1.483333e+01 -7.267790e+01
      vertex   1.263174e+00 1.066667e+01 -7.267790e+01
    endloop
  endfacet
  facet normal 9.648312e-01 -0.000000e+00 2.628702e-01
    outer loop
      vertex   1.263174e+00 1.066667e+01 -7.267790e+01
      vertex   1.263174e+00 1.483333e+01 -7.267790e+01
      vertex   1.218763e+00 1.483333e+01 -7.251489e+01
    endloop
  endfacet
  facet normal 9.648312e-01 0.000000e+00 2.628702e-01
    outer loop
      vertex   1.263174e+00 1.066667e+01 -7.267790e+01
      vertex   1.218763e+00 1.483333e+01 -7.251489e+01
      vertex   1.218763e+00 1.066667e+01 -7.251489e+01
    endloop
  endfacet
  facet normal 9.393789e-01 -0.000000e+00 3.428809e-01
    outer loop
      vertex   1.218763e+00 1.066667e+01 -7.251489e+01
      vertex   1.218763e+00 1.483333e+01 -7.251489e+01
      vertex   1.160834e+00 1.483333e+01 -7.235618e+01
    endloop
  endfacet
  facet normal 9.070424e-01 -1.454000e-16 4.210393e-01
    outer loop
      vertex   1.089704e+00 3.150000e+01 -7.220295e+01
      vertex   1.160834e+00 3.983333e+01 -7.235618e+01
      vertex   1.160834e+00 4.400000e+01 -7.235618e+01
    endloop
  endfacet
  facet normal 9.393789e-01 -1.501805e-16 3.428809e-01
    outer loop
      vertex   1.160834e+00 4.400000e+01 -7.235618e+01
      vertex   1.160834e+00 3.983333e+01 -7.235618e+01
      vertex   1.218763e+00 3.983333e+01 -7.251489e+01
    endloop
  endfacet
  facet normal 9.393789e-01 -9.857141e-17 3.428809e-01
    outer loop
      vertex   1.160834e+00 4.400000e+01 -7.235618e+01
      vertex   1.218763e+00 3.983333e+01 -7.251489e+01
      vertex   1.218763e+00 4.400000e+01 -7.251489e+01
    endloop
  endfacet
  facet normal 9.648312e-01 -1.028331e-16 2.628702e-01
    outer loop
      vertex   1.218763e+00 4.400000e+01 -7.251489e+01
      vertex   1.218763e+00 3.983333e+01 -7.251489e+01
      vertex   1.263174e+00 3.983333e+01 -7.267790e+01
    endloop
  endfacet
  facet normal 9.648312e-01 -5.174928e-17 2.628702e-01
    outer loop
      vertex   1.218763e+00 4.400000e+01 -7.251489e+01
      vertex   1.263174e+00 3.983333e+01 -7.267790e+01
      vertex   1.263174e+00 4.400000e+01 -7.267790e+01
    endloop
  endfacet
  facet normal 9.834807e-01 -5.241038e-17 1.810132e-01
    outer loop
      vertex   1.263174e+00 4.400000e+01 -7.267790e+01
      vertex   1.263174e+00 3.983333e+01 -7.267790e+01
      vertex   1.293753e+00 3.983333e+01 -7.284404e+01
    endloop
  endfacet
  facet normal 9.834807e-01 -5.298678e-17 1.810132e-01
    outer loop
      vertex   1.263174e+00 4.400000e+01 -7.267790e+01
      vertex   1.293753e+00 3.983333e+01 -7.284404e+01
      vertex   1.293753e+00 4.400000e+01 -7.284404e+01
    endloop
  endfacet
  facet normal 9.952577e-01 -5.303798e-17 9.727373e-02
    outer loop
      vertex   1.293753e+00 4.400000e+01 -7.284404e+01
      vertex   1.293753e+00 3.983333e+01 -7.284404e+01
      vertex   1.310184e+00 3.983333e+01 -7.301215e+01
    endloop
  endfacet
  facet normal 9.952577e-01 0.000000e+00 9.727373e-02
    outer loop
      vertex   1.293753e+00 4.400000e+01 -7.284404e+01
      vertex   1.310184e+00 3.983333e+01 -7.301215e+01
      vertex   1.310184e+00 4.400000e+01 -7.301215e+01
    endloop
  endfacet
  facet normal 9.999267e-01 0.000000e+00 1.210636e-02
    outer loop
      vertex   1.310184e+00 4.400000e+01 -7.301215e+01
      vertex   1.310184e+00 3.983333e+01 -7.301215e+01
      vertex   1.312228e+00 3.983333e+01 -7.318104e+01
    endloop
  endfacet
  facet normal 9.999267e-01 0.000000e+00 1.210636e-02
    outer loop
      vertex   1.310184e+00 4.400000e+01 -7.301215e+01
      vertex   1.312228e+00 3.983333e+01 -7.318104e+01
      vertex   1.312228e+00 4.400000e+01 -7.318104e+01
    endloop
  endfacet
  facet normal 9.973723e-01 0.000000e+00 -7.244677e-02
    outer loop
      vertex   1.312228e+00 4.400000e+01 -7.318104e+01
      vertex   1.312228e+00 3.983333e+01 -7.318104e+01
      vertex   1.299989e+00 3.983333e+01 -7.334954e+01
    endloop
  endfacet
  facet normal 9.973723e-01 0.000000e+00 -7.244677e-02
    outer loop
      vertex   1.312228e+00 4.400000e+01 -7.318104e+01
      vertex   1.299989e+00 3.983333e+01 -7.334954e+01
      vertex   1.299989e+00 4.400000e+01 -7.334954e+01
    endloop
  endfacet
  facet normal 9.877810e-01 0.000000e+00 -1.558480e-01
    outer loop
      vertex   1.299989e+00 4.400000e+01 -7.334954e+01
      vertex   1.299989e+00 3.983333e+01 -7.334954e+01
      vertex   1.273658e+00 3.983333e+01 -7.351643e+01
    endloop
  endfacet
  facet normal 9.877810e-01 5.174740e-17 -1.558480e-01
    outer loop
      vertex   1.299989e+00 4.400000e+01 -7.334954e+01
      vertex   1.273658e+00 3.983333e+01 -7.351643e+01
      vertex   1.273658e+00 4.400000e+01 -7.351643e+01
    endloop
  endfacet
  facet normal 9.710067e-01 5.174563e-17 -2.390524e-01
    outer loop
      vertex   1.273658e+00 4.400000e+01 -7.351643e+01
      vertex   1.273658e+00 3.983333e+01 -7.351643e+01
      vertex   1.232367e+00 3.983333e+01 -7.368415e+01
    endloop
  endfacet
  facet normal 9.710067e-01 5.182206e-17 -2.390524e-01
    outer loop
      vertex   1.273658e+00 4.400000e+01 -7.351643e+01
      vertex   1.232367e+00 3.983333e+01 -7.368415e+01
      vertex   1.232367e+00 4.400000e+01 -7.368415e+01
    endloop
  endfacet
  facet normal 9.467277e-01 5.045179e-17 -3.220353e-01
    outer loop
      vertex   1.232367e+00 4.400000e+01 -7.368415e+01
      vertex   1.232367e+00 3.983333e+01 -7.368415e+01
      vertex   1.176750e+00 3.983333e+01 -7.384766e+01
    endloop
  endfacet
  facet normal 9.467277e-01 1.012484e-16 -3.220353e-01
    outer loop
      vertex   1.232367e+00 4.400000e+01 -7.368415e+01
      vertex   1.176750e+00 3.983333e+01 -7.384766e+01
      vertex   1.176750e+00 4.400000e+01 -7.384766e+01
    endloop
  endfacet
  facet normal 9.171431e-01 9.775040e-17 -3.985582e-01
    outer loop
      vertex   1.176750e+00 4.400000e+01 -7.384766e+01
      vertex   1.176750e+00 3.983333e+01 -7.384766e+01
      vertex   1.116120e+00 3.983333e+01 -7.398717e+01
    endloop
  endfacet
  facet normal 9.171431e-01 9.578904e-17 -3.985582e-01
    outer loop
      vertex   1.176750e+00 4.400000e+01 -7.384766e+01
      vertex   1.116120e+00 3.983333e+01 -7.398717e+01
      vertex   1.116120e+00 4.400000e+01 -7.398717e+01
    endloop
  endfacet
  facet normal 8.841071e-01 9.422938e-17 -4.672843e-01
    outer loop
      vertex   1.116120e+00 4.400000e+01 -7.398717e+01
      vertex   1.116120e+00 3.983333e+01 -7.398717e+01
      vertex   1.045027e+00 3.983333e+01 -7.412168e+01
    endloop
  endfacet
  facet normal 8.841071e-01 4.925669e-17 -4.672843e-01
    outer loop
      vertex   1.116120e+00 4.400000e+01 -7.398717e+01
      vertex   1.045027e+00 3.983333e+01 -7.412168e+01
      vertex   1.045027e+00 4.400000e+01 -7.412168e+01
    endloop
  endfacet
  facet normal 8.462459e-01 4.509704e-17 -5.327926e-01
    outer loop
      vertex   1.045027e+00 4.400000e+01 -7.412168e+01
      vertex   1.045027e+00 3.983333e+01 -7.412168e+01
      vertex   9.639596e-01 3.983333e+01 -7.425044e+01
    endloop
  endfacet
  facet normal 8.462459e-01 1.121862e-16 -5.327926e-01
    outer loop
      vertex   1.045027e+00 4.400000e+01 -7.412168e+01
      vertex   9.639596e-01 3.983333e+01 -7.425044e+01
      vertex   9.639596e-01 4.400000e+01 -7.425044e+01
    endloop
  endfacet
  facet normal 8.036216e-01 1.070639e-16 -5.951406e-01
    outer loop
      vertex   9.639596e-01 4.400000e+01 -7.425044e+01
      vertex   9.639596e-01 3.983333e+01 -7.425044e+01
      vertex   8.734095e-01 3.983333e+01 -7.437271e+01
    endloop
  endfacet
  facet normal 8.036216e-01 1.067177e-16 -5.951406e-01
    outer loop
      vertex   9.639596e-01 4.400000e+01 -7.425044e+01
      vertex   8.734095e-01 3.983333e+01 -7.437271e+01
      vertex   8.734095e-01 4.400000e+01 -7.437271e+01
    endloop
  endfacet
  facet normal 7.562025e-01 1.007464e-16 -6.543376e-01
    outer loop
      vertex   8.734095e-01 4.400000e+01 -7.437271e+01
      vertex   8.734095e-01 3.983333e+01 -7.437271e+01
      vertex   7.738666e-01 3.983333e+01 -7.448775e+01
    endloop
  endfacet
  facet normal 7.562025e-01 7.936535e-17 -6.543376e-01
    outer loop
      vertex   8.734095e-01 4.400000e+01 -7.437271e+01
      vertex   7.738666e-01 3.983333e+01 -7.448775e+01
      vertex   7.738666e-01 4.400000e+01 -7.448775e+01
    endloop
  endfacet
  facet normal 7.039074e-01 7.502345e-17 -7.102917e-01
    outer loop
      vertex   7.738666e-01 4.400000e+01 -7.448775e+01
      vertex   7.738666e-01 3.983333e+01 -7.448775e+01
      vertex   6.658244e-01 3.983333e+01 -7.459482e+01
    endloop
  endfacet
  facet normal 7.039074e-01 3.558183e-17 -7.102917e-01
    outer loop
      vertex   7.738666e-01 4.400000e+01 -7.448775e+01
      vertex   6.658244e-01 3.983333e+01 -7.459482e+01
      vertex   6.658244e-01 4.400000e+01 -7.459482e+01
    endloop
  endfacet
  facet normal 6.473953e-01 3.450015e-17 -7.621544e-01
    outer loop
      vertex   6.658244e-01 4.400000e+01 -7.459482e+01
      vertex   6.658244e-01 3.983333e+01 -7.459482e+01
      vertex   5.498868e-01 3.983333e+01 -7.469331e+01
    endloop
  endfacet
  facet normal 6.473953e-01 6.842272e-17 -7.621544e-01
    outer loop
      vertex   6.658244e-01 4.400000e+01 -7.459482e+01
      vertex   5.498868e-01 3.983333e+01 -7.469331e+01
      vertex   5.498868e-01 4.400000e+01 -7.469331e+01
    endloop
  endfacet
  facet normal 5.876826e-01 6.263604e-17 -8.090916e-01
    outer loop
      vertex   5.498868e-01 4.400000e+01 -7.469331e+01
      vertex   5.498868e-01 3.983333e+01 -7.469331e+01
      vertex   4.267927e-01 3.983333e+01 -7.478271e+01
    endloop
  endfacet
  facet normal 5.876826e-01 3.831157e-17 -8.090916e-01
    outer loop
      vertex   5.498868e-01 4.400000e+01 -7.469331e+01
      vertex   4.267927e-01 3.983333e+01 -7.478271e+01
      vertex   4.267927e-01 4.400000e+01 -7.478271e+01
    endloop
  endfacet
  facet normal 5.062182e-01 3.372090e-17 -8.624054e-01
    outer loop
      vertex   4.267927e-01 4.400000e+01 -7.478271e+01
      vertex   4.267927e-01 3.983333e+01 -7.478271e+01
      vertex   2.199035e-01 3.983333e+01 -7.490416e+01
    endloop
  endfacet
  facet normal 5.062182e-01 1.388370e-17 -8.624054e-01
    outer loop
      vertex   4.267927e-01 4.400000e+01 -7.478271e+01
      vertex   2.199035e-01 3.983333e+01 -7.490416e+01
      vertex   2.199035e-01 4.400000e+01 -7.490416e+01
    endloop
  endfacet
  facet normal 9.393789e-01 -0.000000e+00 3.428809e-01
    outer loop
      vertex   1.160834e+00 1.483333e+01 -7.235618e+01
      vertex   1.218763e+00 1.483333e+01 -7.251489e+01
      vertex   1.160834e+00 1.900000e+01 -7.235618e+01
    endloop
  endfacet
  facet normal 9.393789e-01 0.000000e+00 3.428809e-01
    outer loop
      vertex   1.160834e+00 1.900000e+01 -7.235618e+01
      vertex   1.218763e+00 1.483333e+01 -7.251489e+01
      vertex   1.218763e+00 1.900000e+01 -7.251489e+01
    endloop
  endfacet
  facet normal 9.648312e-01 -0.000000e+00 2.628702e-01
    outer loop
      vertex   1.218763e+00 1.483333e+01 -7.251489e+01
      vertex   1.263174e+00 1.483333e+01 -7.267790e+01
      vertex   1.218763e+00 1.900000e+01 -7.251489e+01
    endloop
  endfacet
  facet normal 8.827243e-01 9.446313e-04 4.698902e-01
    outer loop
      vertex   1.838923e+00 5.650000e+01 -7.361041e+01
      vertex   1.378800e+00 6.150000e+01 -7.275609e+01
      vertex   1.089704e+00 5.650000e+01 -7.220295e+01
    endloop
  endfacet
  facet normal 8.854986e-01 2.036172e-04 4.646419e-01
    outer loop
      vertex   1.089704e+00 5.650000e+01 -7.220295e+01
      vertex   1.378800e+00 6.150000e+01 -7.275609e+01
      vertex   1.185858e+00 6.150000e+01 -7.238839e+01
    endloop
  endfacet
  facet normal 8.882728e-01 -4.725124e-05 4.593162e-01
    outer loop
      vertex   1.089704e+00 5.650000e+01 -7.220295e+01
      vertex   1.185858e+00 6.150000e+01 -7.238839e+01
      vertex   1.002418e+00 6.150000e+01 -7.203363e+01
    endloop
  endfacet
  facet normal 8.710151e-01 1.086918e-03 4.912551e-01
    outer loop
      vertex   2.622654e+00 5.650000e+01 -7.500000e+01
      vertex   2.246649e+00 6.150000e+01 -7.434439e+01
      vertex   1.838923e+00 5.650000e+01 -7.361041e+01
    endloop
  endfacet
  facet normal 8.725781e-01 5.512462e-04 4.884742e-01
    outer loop
      vertex   1.838923e+00 5.650000e+01 -7.361041e+01
      vertex   2.246649e+00 6.150000e+01 -7.434439e+01
      vertex   2.015168e+00 6.150000e+01 -7.393089e+01
    endloop
  endfacet
  facet normal 8.760839e-01 2.288023e-05 4.821587e-01
    outer loop
      vertex   1.838923e+00 5.650000e+01 -7.361041e+01
      vertex   2.015168e+00 6.150000e+01 -7.393089e+01
      vertex   1.793402e+00 6.150000e+01 -7.352794e+01
    endloop
  endfacet
  facet normal 8.603758e-01 5.464628e-04 5.096599e-01
    outer loop
      vertex   3.185513e+00 5.650000e+01 -7.595018e+01
      vertex   2.999906e+00 6.150000e+01 -7.564222e+01
      vertex   2.622654e+00 5.650000e+01 -7.500000e+01
    endloop
  endfacet
  facet normal 8.609109e-01 3.899428e-04 5.087556e-01
    outer loop
      vertex   2.622654e+00 5.650000e+01 -7.500000e+01
      vertex   2.999906e+00 6.150000e+01 -7.564222e+01
      vertex   2.738965e+00 6.150000e+01 -7.520065e+01
    endloop
  endfacet
  facet normal 8.649968e-01 1.485439e-05 5.017774e-01
    outer loop
      vertex   2.622654e+00 5.650000e+01 -7.500000e+01
      vertex   2.738965e+00 6.150000e+01 -7.520065e+01
      vertex   2.487897e+00 6.150000e+01 -7.476784e+01
    endloop
  endfacet
  facet normal 8.511140e-01 5.752515e-04 5.249806e-01
    outer loop
      vertex   3.765683e+00 5.650000e+01 -7.689077e+01
      vertex   3.551622e+00 6.150000e+01 -7.654921e+01
      vertex   3.185513e+00 5.650000e+01 -7.595018e+01
    endloop
  endfacet
  facet normal 8.521176e-01 3.064309e-04 5.233502e-01
    outer loop
      vertex   3.185513e+00 5.650000e+01 -7.595018e+01
      vertex   3.551622e+00 6.150000e+01 -7.654921e+01
      vertex   3.270774e+00 6.150000e+01 -7.609193e+01
    endloop
  endfacet
  facet normal 8.566203e-01 1.978148e-05 5.159474e-01
    outer loop
      vertex   3.185513e+00 5.650000e+01 -7.595018e+01
      vertex   3.270774e+00 6.150000e+01 -7.609193e+01
      vertex   2.999906e+00 6.150000e+01 -7.564222e+01
    endloop
  endfacet
  facet normal 8.413140e-01 5.700599e-04 5.405465e-01
    outer loop
      vertex   4.363205e+00 5.650000e+01 -7.782076e+01
      vertex   4.143467e+00 6.150000e+01 -7.748403e+01
      vertex   3.765683e+00 5.650000e+01 -7.689077e+01
    endloop
  endfacet
  facet normal 8.424448e-01 2.753356e-04 5.387826e-01
    outer loop
      vertex   3.765683e+00 5.650000e+01 -7.689077e+01
      vertex   4.143467e+00 6.150000e+01 -7.748403e+01
      vertex   3.842502e+00 6.150000e+01 -7.701344e+01
    endloop
  endfacet
  facet normal 8.473954e-01 7.416099e-06 5.309624e-01
    outer loop
      vertex   3.765683e+00 5.650000e+01 -7.689077e+01
      vertex   3.842502e+00 6.150000e+01 -7.701344e+01
      vertex   3.551622e+00 6.150000e+01 -7.654921e+01
    endloop
  endfacet
  facet normal 8.309404e-01 5.356075e-04 5.563612e-01
    outer loop
      vertex   4.978122e+00 5.650000e+01 -7.873916e+01
      vertex   4.775867e+00 6.150000e+01 -7.844190e+01
      vertex   4.363205e+00 5.650000e+01 -7.782076e+01
    endloop
  endfacet
  facet normal 8.318214e-01 2.991754e-04 5.550433e-01
    outer loop
      vertex   4.363205e+00 5.650000e+01 -7.782076e+01
      vertex   4.775867e+00 6.150000e+01 -7.844190e+01
      vertex   4.454571e+00 6.150000e+01 -7.796039e+01
    endloop
  endfacet
  facet normal 8.372568e-01 -3.005972e-05 5.468099e-01
    outer loop
      vertex   4.363205e+00 5.650000e+01 -7.782076e+01
      vertex   4.454571e+00 6.150000e+01 -7.796039e+01
      vertex   4.143467e+00 6.150000e+01 -7.748403e+01
    endloop
  endfacet
  facet normal 8.199560e-01 4.586835e-04 5.724264e-01
    outer loop
      vertex   5.610475e+00 5.650000e+01 -7.964496e+01
      vertex   5.449245e+00 6.150000e+01 -7.941801e+01
      vertex   4.978122e+00 5.650000e+01 -7.873916e+01
    endloop
  endfacet
  facet normal 8.201655e-01 3.981711e-04 5.721262e-01
    outer loop
      vertex   4.978122e+00 5.650000e+01 -7.873916e+01
      vertex   5.449245e+00 6.150000e+01 -7.941801e+01
      vertex   5.107407e+00 6.150000e+01 -7.892797e+01
    endloop
  endfacet
  facet normal 8.261281e-01 -8.241893e-05 5.634823e-01
    outer loop
      vertex   4.978122e+00 5.650000e+01 -7.873916e+01
      vertex   5.107407e+00 6.150000e+01 -7.892797e+01
      vertex   4.775867e+00 6.150000e+01 -7.844190e+01
    endloop
  endfacet
  facet normal 8.106436e-01 -4.368054e-04 5.855398e-01
    outer loop
      vertex   5.449245e+00 6.150000e+01 -7.941801e+01
      vertex   5.610475e+00 5.650000e+01 -7.964496e+01
      vertex   6.164025e+00 6.150000e+01 -8.040758e+01
    endloop
  endfacet
  facet normal 8.083217e-01 3.085014e-04 5.887409e-01
    outer loop
      vertex   6.164025e+00 6.150000e+01 -8.040758e+01
      vertex   5.610475e+00 5.650000e+01 -7.964496e+01
      vertex   6.260308e+00 5.650000e+01 -8.053715e+01
    endloop
  endfacet
  facet normal 7.969502e-01 -3.070702e-04 6.040450e-01
    outer loop
      vertex   6.164025e+00 6.150000e+01 -8.040758e+01
      vertex   6.260308e+00 5.650000e+01 -8.053715e+01
      vertex   6.920633e+00 6.150000e+01 -8.140582e+01
    endloop
  endfacet
  facet normal 7.959969e-01 3.697556e-05 6.053007e-01
    outer loop
      vertex   6.920633e+00 6.150000e+01 -8.140582e+01
      vertex   6.260308e+00 5.650000e+01 -8.053715e+01
      vertex   6.927660e+00 5.650000e+01 -8.141475e+01
    endloop
  endfacet
  facet normal 7.829518e-01 -1.134951e-05 6.220823e-01
    outer loop
      vertex   6.920633e+00 6.150000e+01 -8.140582e+01
      vertex   6.927660e+00 5.650000e+01 -8.141475e+01
      vertex   7.611220e+00 5.650000e+01 -8.227508e+01
    endloop
  endfacet
  facet normal 7.819438e-01 -3.707462e-04 6.233488e-01
    outer loop
      vertex   6.920633e+00 6.150000e+01 -8.140582e+01
      vertex   7.611220e+00 5.650000e+01 -8.227508e+01
      vertex   7.719492e+00 6.150000e+01 -8.240792e+01
    endloop
  endfacet
  facet normal 7.692785e-01 3.170598e-04 6.389135e-01
    outer loop
      vertex   7.719492e+00 6.150000e+01 -8.240792e+01
      vertex   7.611220e+00 5.650000e+01 -8.227508e+01
      vertex   8.297361e+00 5.650000e+01 -8.310122e+01
    endloop
  endfacet
  facet normal 7.655032e-01 -7.457522e-04 6.434317e-01
    outer loop
      vertex   7.719492e+00 6.150000e+01 -8.240792e+01
      vertex   8.297361e+00 5.650000e+01 -8.310122e+01
      vertex   8.561027e+00 6.150000e+01 -8.340911e+01
    endloop
  endfacet
  facet normal 7.551236e-01 5.498101e-04 6.555822e-01
    outer loop
      vertex   8.561027e+00 6.150000e+01 -8.340911e+01
      vertex   8.297361e+00 5.650000e+01 -8.310122e+01
      vertex   8.982053e+00 5.650000e+01 -8.388987e+01
    endloop
  endfacet
  facet normal 7.475123e-01 -9.242647e-04 6.642473e-01
    outer loop
      vertex   8.561027e+00 6.150000e+01 -8.340911e+01
      vertex   8.982053e+00 5.650000e+01 -8.388987e+01
      vertex   9.444436e+00 6.150000e+01 -8.440326e+01
    endloop
  endfacet
  facet normal 7.405445e-01 5.168559e-04 6.720072e-01
    outer loop
      vertex   9.444436e+00 6.150000e+01 -8.440326e+01
      vertex   8.982053e+00 5.650000e+01 -8.388987e+01
      vertex   9.664667e+00 5.650000e+01 -8.464211e+01
    endloop
  endfacet
  facet normal 7.331008e-01 -1.985553e-04 6.801200e-01
    outer loop
      vertex   9.444436e+00 6.150000e+01 -8.440326e+01
      vertex   9.664667e+00 5.650000e+01 -8.464211e+01
      vertex   9.893287e+00 6.150000e+01 -8.488708e+01
    endloop
  endfacet
  facet normal 7.255706e-01 5.390596e-04 6.881476e-01
    outer loop
      vertex   9.893287e+00 6.150000e+01 -8.488708e+01
      vertex   9.664667e+00 5.650000e+01 -8.464211e+01
      vertex   1.034457e+01 5.650000e+01 -8.535899e+01
    endloop
  endfacet
  facet normal 7.231489e-01 8.031707e-05 6.906922e-01
    outer loop
      vertex   9.893287e+00 6.150000e+01 -8.488708e+01
      vertex   1.034457e+01 5.650000e+01 -8.535899e+01
      vertex   1.034327e+01 6.150000e+01 -8.535820e+01
    endloop
  endfacet
  facet normal 7.129666e-01 7.600188e-05 7.011980e-01
    outer loop
      vertex   1.034327e+01 6.150000e+01 -8.535820e+01
      vertex   1.034457e+01 5.650000e+01 -8.535899e+01
      vertex   1.079436e+01 6.150000e+01 -8.581686e+01
    endloop
  endfacet
  facet normal 7.102361e-01 5.748730e-04 7.039633e-01
    outer loop
      vertex   1.079436e+01 6.150000e+01 -8.581686e+01
      vertex   1.034457e+01 5.650000e+01 -8.535899e+01
      vertex   1.102115e+01 5.650000e+01 -8.604159e+01
    endloop
  endfacet
  facet normal 7.025616e-01 -1.174889e-04 7.116230e-01
    outer loop
      vertex   1.079436e+01 6.150000e+01 -8.581686e+01
      vertex   1.102115e+01 5.650000e+01 -8.604159e+01
      vertex   1.124654e+01 6.150000e+01 -8.626329e+01
    endloop
  endfacet
  facet normal 6.945800e-01 5.878202e-04 7.194153e-01
    outer loop
      vertex   1.124654e+01 6.150000e+01 -8.626329e+01
      vertex   1.102115e+01 5.650000e+01 -8.604159e+01
      vertex   1.169376e+01 5.650000e+01 -8.669098e+01
    endloop
  endfacet
  facet normal 6.919424e-01 1.348586e-04 7.219527e-01
    outer loop
      vertex   1.124654e+01 6.150000e+01 -8.626329e+01
      vertex   1.169376e+01 5.650000e+01 -8.669098e+01
      vertex   1.169980e+01 6.150000e+01 -8.669770e+01
    endloop
  endfacet
  facet normal 6.811189e-01 1.616684e-04 7.321728e-01
    outer loop
      vertex   1.169980e+01 6.150000e+01 -8.669770e+01
      vertex   1.169376e+01 5.650000e+01 -8.669098e+01
      vertex   1.215410e+01 6.150000e+01 -8.712033e+01
    endloop
  endfacet
  facet normal 6.786458e-01 5.862308e-04 7.344655e-01
    outer loop
      vertex   1.215410e+01 6.150000e+01 -8.712033e+01
      vertex   1.169376e+01 5.650000e+01 -8.669098e+01
      vertex   1.236178e+01 5.650000e+01 -8.730823e+01
    endloop
  endfacet
  facet normal 6.701020e-01 -6.188729e-05 7.422690e-01
    outer loop
      vertex   1.215410e+01 6.150000e+01 -8.712033e+01
      vertex   1.236178e+01 5.650000e+01 -8.730823e+01
      vertex   1.260945e+01 6.150000e+01 -8.753141e+01
    endloop
  endfacet
  facet normal 6.624818e-01 6.194769e-04 7.490777e-01
    outer loop
      vertex   1.260945e+01 6.150000e+01 -8.753141e+01
      vertex   1.236178e+01 5.650000e+01 -8.730823e+01
      vertex   1.302458e+01 5.650000e+01 -8.789441e+01
    endloop
  endfacet
  facet normal 6.589038e-01 9.374763e-05 7.522272e-01
    outer loop
      vertex   1.260945e+01 6.150000e+01 -8.753141e+01
      vertex   1.302458e+01 5.650000e+01 -8.789441e+01
      vertex   1.306581e+01 6.150000e+01 -8.793115e+01
    endloop
  endfacet
  facet normal 6.461410e-01 2.797548e-04 7.632180e-01
    outer loop
      vertex   1.306581e+01 6.150000e+01 -8.793115e+01
      vertex   1.302458e+01 5.650000e+01 -8.789441e+01
      vertex   1.368153e+01 5.650000e+01 -8.845059e+01
    endloop
  endfacet
  facet normal 6.418254e-01 -6.290647e-04 7.668506e-01
    outer loop
      vertex   1.306581e+01 6.150000e+01 -8.793115e+01
      vertex   1.368153e+01 5.650000e+01 -8.845059e+01
      vertex   1.398150e+01 6.150000e+01 -8.869755e+01
    endloop
  endfacet
  facet normal 6.296801e-01 5.936955e-04 7.768543e-01
    outer loop
      vertex   1.398150e+01 6.150000e+01 -8.869755e+01
      vertex   1.368153e+01 5.650000e+01 -8.845059e+01
      vertex   1.433201e+01 5.650000e+01 -8.897783e+01
    endloop
  endfacet
  facet normal 6.185137e-01 -6.890665e-04 7.857737e-01
    outer loop
      vertex   1.398150e+01 6.150000e+01 -8.869755e+01
      vertex   1.433201e+01 5.650000e+01 -8.897783e+01
      vertex   1.490103e+01 6.150000e+01 -8.942135e+01
    endloop
  endfacet
  facet normal 6.131611e-01 2.912328e-04 7.899578e-01
    outer loop
      vertex   1.490103e+01 6.150000e+01 -8.942135e+01
      vertex   1.433201e+01 5.650000e+01 -8.897783e+01
      vertex   1.497538e+01 5.650000e+01 -8.947722e+01
    endloop
  endfacet
  facet normal 5.966496e-01 -9.443891e-05 8.025019e-01
    outer loop
      vertex   1.490103e+01 6.150000e+01 -8.942135e+01
      vertex   1.497538e+01 5.650000e+01 -8.947722e+01
      vertex   1.561102e+01 5.650000e+01 -8.994981e+01
    endloop
  endfacet
  facet normal 5.947473e-01 -5.136427e-04 8.039125e-01
    outer loop
      vertex   1.490103e+01 6.150000e+01 -8.942135e+01
      vertex   1.561102e+01 5.650000e+01 -8.994981e+01
      vertex   1.582425e+01 6.150000e+01 -9.010436e+01
    endloop
  endfacet
  facet normal 5.802152e-01 4.322279e-04 8.144631e-01
    outer loop
      vertex   1.582425e+01 6.150000e+01 -9.010436e+01
      vertex   1.561102e+01 5.650000e+01 -8.994981e+01
      vertex   1.623831e+01 5.650000e+01 -9.039668e+01
    endloop
  endfacet
  facet normal 5.706693e-01 -7.509383e-04 8.211797e-01
    outer loop
      vertex   1.582425e+01 6.150000e+01 -9.010436e+01
      vertex   1.623831e+01 5.650000e+01 -9.039668e+01
      vertex   1.675101e+01 6.150000e+01 -9.074840e+01
    endloop
  endfacet
  facet normal 5.639320e-01 2.664138e-04 8.258212e-01
    outer loop
      vertex   1.675101e+01 6.150000e+01 -9.074840e+01
      vertex   1.623831e+01 5.650000e+01 -9.039668e+01
      vertex   1.685660e+01 5.650000e+01 -9.081889e+01
    endloop
  endfacet
  facet normal 5.478779e-01 -2.239916e-04 8.365583e-01
    outer loop
      vertex   1.675101e+01 6.150000e+01 -9.074840e+01
      vertex   1.685660e+01 5.650000e+01 -9.081889e+01
      vertex   1.746528e+01 5.650000e+01 -9.121753e+01
    endloop
  endfacet
  facet normal 5.464342e-01 -5.187565e-04 8.375019e-01
    outer loop
      vertex   1.675101e+01 6.150000e+01 -9.074840e+01
      vertex   1.746528e+01 5.650000e+01 -9.121753e+01
      vertex   1.768115e+01 6.150000e+01 -9.135528e+01
    endloop
  endfacet
  facet normal 5.321349e-01 3.509134e-04 8.466595e-01
    outer loop
      vertex   1.768115e+01 6.150000e+01 -9.135528e+01
      vertex   1.746528e+01 5.650000e+01 -9.121753e+01
      vertex   1.806371e+01 5.650000e+01 -9.159365e+01
    endloop
  endfacet
  facet normal 5.222041e-01 -7.026176e-04 8.528203e-01
    outer loop
      vertex   1.768115e+01 6.150000e+01 -9.135528e+01
      vertex   1.806371e+01 5.650000e+01 -9.159365e+01
      vertex   1.861453e+01 6.150000e+01 -9.192681e+01
    endloop
  endfacet
  facet normal 5.167179e-01 1.240043e-04 8.561557e-01
    outer loop
      vertex   1.861453e+01 6.150000e+01 -9.192681e+01
      vertex   1.806371e+01 5.650000e+01 -9.159365e+01
      vertex   1.865670e+01 5.650000e+01 -9.195154e+01
    endloop
  endfacet
  facet normal 5.014249e-01 -4.973594e-05 8.652011e-01
    outer loop
      vertex   1.861453e+01 6.150000e+01 -9.192681e+01
      vertex   1.865670e+01 5.650000e+01 -9.195154e+01
      vertex   1.925637e+01 5.650000e+01 -9.229907e+01
    endloop
  endfacet
  facet normal 4.981457e-01 -6.115488e-04 8.670931e-01
    outer loop
      vertex   1.861453e+01 6.150000e+01 -9.192681e+01
      vertex   1.925637e+01 5.650000e+01 -9.229907e+01
      vertex   1.955099e+01 6.150000e+01 -9.246481e+01
    endloop
  endfacet
  facet normal 4.860987e-01 3.240656e-04 8.739039e-01
    outer loop
      vertex   1.955099e+01 6.150000e+01 -9.246481e+01
      vertex   1.925637e+01 5.650000e+01 -9.229907e+01
      vertex   1.986340e+01 5.650000e+01 -9.263673e+01
    endloop
  endfacet
  facet normal 4.744267e-01 -6.249686e-04 8.802948e-01
    outer loop
      vertex   1.955099e+01 6.150000e+01 -9.246481e+01
      vertex   1.986340e+01 5.650000e+01 -9.263673e+01
      vertex   2.049038e+01 6.150000e+01 -9.297109e+01
    endloop
  endfacet
  facet normal 4.707701e-01 -3.530042e-05 8.822559e-01
    outer loop
      vertex   2.049038e+01 6.150000e+01 -9.297109e+01
      vertex   1.986340e+01 5.650000e+01 -9.263673e+01
      vertex   2.047804e+01 5.650000e+01 -9.296470e+01
    endloop
  endfacet
  facet normal 4.554764e-01 1.267764e-05 8.902479e-01
    outer loop
      vertex   2.049038e+01 6.150000e+01 -9.297109e+01
      vertex   2.047804e+01 5.650000e+01 -9.296470e+01
      vertex   2.110052e+01 5.650000e+01 -9.328318e+01
    endloop
  endfacet
  facet normal 4.512113e-01 -6.431634e-04 8.924169e-01
    outer loop
      vertex   2.049038e+01 6.150000e+01 -9.297109e+01
      vertex   2.110052e+01 5.650000e+01 -9.328318e+01
      vertex   2.143262e+01 6.150000e+01 -9.344749e+01
    endloop
  endfacet
  facet normal 4.402540e-01 2.639230e-04 8.978732e-01
    outer loop
      vertex   2.143262e+01 6.150000e+01 -9.344749e+01
      vertex   2.110052e+01 5.650000e+01 -9.328318e+01
      vertex   2.173109e+01 5.650000e+01 -9.359236e+01
    endloop
  endfacet
  facet normal 4.284609e-01 -6.048293e-04 9.035601e-01
    outer loop
      vertex   2.143262e+01 6.150000e+01 -9.344749e+01
      vertex   2.173109e+01 5.650000e+01 -9.359236e+01
      vertex   2.238646e+01 6.150000e+01 -9.389979e+01
    endloop
  endfacet
  facet normal 4.251385e-01 -7.293146e-05 9.051283e-01
    outer loop
      vertex   2.238646e+01 6.150000e+01 -9.389979e+01
      vertex   2.173109e+01 5.650000e+01 -9.359236e+01
      vertex   2.236998e+01 5.650000e+01 -9.389245e+01
    endloop
  endfacet
  facet normal 4.101642e-01 -1.344962e-05 9.120117e-01
    outer loop
      vertex   2.238646e+01 6.150000e+01 -9.389979e+01
      vertex   2.236998e+01 5.650000e+01 -9.389245e+01
      vertex   2.301743e+01 5.650000e+01 -9.418363e+01
    endloop
  endfacet
  facet normal 4.060722e-01 -6.336635e-04 9.138408e-01
    outer loop
      vertex   2.238646e+01 6.150000e+01 -9.389979e+01
      vertex   2.301743e+01 5.650000e+01 -9.418363e+01
      vertex   2.335880e+01 6.150000e+01 -9.433185e+01
    endloop
  endfacet
  facet normal 3.953636e-01 2.363064e-04 9.185247e-01
    outer loop
      vertex   2.335880e+01 6.150000e+01 -9.433185e+01
      vertex   2.301743e+01 5.650000e+01 -9.418363e+01
      vertex   2.367368e+01 5.650000e+01 -9.446610e+01
    endloop
  endfacet
  facet normal 3.841114e-01 -6.001765e-04 9.232866e-01
    outer loop
      vertex   2.335880e+01 6.150000e+01 -9.433185e+01
      vertex   2.367368e+01 5.650000e+01 -9.446610e+01
      vertex   2.435032e+01 6.150000e+01 -9.474435e+01
    endloop
  endfacet
  facet normal 3.807676e-01 -7.064263e-05 9.246708e-01
    outer loop
      vertex   2.435032e+01 6.150000e+01 -9.474435e+01
      vertex   2.367368e+01 5.650000e+01 -9.446610e+01
      vertex   2.433897e+01 5.650000e+01 -9.474006e+01
    endloop
  endfacet
  facet normal 3.664048e-01 -3.307049e-05 9.304556e-01
    outer loop
      vertex   2.435032e+01 6.150000e+01 -9.474435e+01
      vertex   2.433897e+01 5.650000e+01 -9.474006e+01
      vertex   2.501354e+01 5.650000e+01 -9.500570e+01
    endloop
  endfacet
  facet normal 3.626739e-01 -6.042754e-04 9.319159e-01
    outer loop
      vertex   2.435032e+01 6.150000e+01 -9.474435e+01
      vertex   2.501354e+01 5.650000e+01 -9.500570e+01
      vertex   2.536173e+01 6.150000e+01 -9.513796e+01
    endloop
  endfacet
  facet normal 3.523017e-01 2.230624e-04 9.358865e-01
    outer loop
      vertex   2.536173e+01 6.150000e+01 -9.513796e+01
      vertex   2.501354e+01 5.650000e+01 -9.500570e+01
      vertex   2.569762e+01 5.650000e+01 -9.526321e+01
    endloop
  endfacet
  facet normal 3.418449e-01 -5.763458e-04 9.397562e-01
    outer loop
      vertex   2.536173e+01 6.150000e+01 -9.513796e+01
      vertex   2.569762e+01 5.650000e+01 -9.526321e+01
      vertex   2.639372e+01 6.150000e+01 -9.551336e+01
    endloop
  endfacet
  facet normal 3.384824e-01 -4.735835e-05 9.409727e-01
    outer loop
      vertex   2.639372e+01 6.150000e+01 -9.551336e+01
      vertex   2.569762e+01 5.650000e+01 -9.526321e+01
      vertex   2.639146e+01 5.650000e+01 -9.551280e+01
    endloop
  endfacet
  facet normal 3.249688e-01 -4.072588e-05 9.457247e-01
    outer loop
      vertex   2.639372e+01 6.150000e+01 -9.551336e+01
      vertex   2.639146e+01 5.650000e+01 -9.551280e+01
      vertex   2.709530e+01 5.650000e+01 -9.575465e+01
    endloop
  endfacet
  facet normal 3.216979e-01 -5.536100e-04 9.468422e-01
    outer loop
      vertex   2.639372e+01 6.150000e+01 -9.551336e+01
      vertex   2.709530e+01 5.650000e+01 -9.575465e+01
      vertex   2.744699e+01 6.150000e+01 -9.587122e+01
    endloop
  endfacet
  facet normal 3.117802e-01 2.212122e-04 9.501542e-01
    outer loop
      vertex   2.744699e+01 6.150000e+01 -9.587122e+01
      vertex   2.709530e+01 5.650000e+01 -9.575465e+01
      vertex   2.780936e+01 5.650000e+01 -9.598896e+01
    endloop
  endfacet
  facet normal 3.022947e-01 -5.383010e-04 9.532144e-01
    outer loop
      vertex   2.744699e+01 6.150000e+01 -9.587122e+01
      vertex   2.780936e+01 5.650000e+01 -9.598896e+01
      vertex   2.852224e+01 6.150000e+01 -9.621222e+01
    endloop
  endfacet
  facet normal 2.989334e-01 -1.173527e-05 9.542740e-01
    outer loop
      vertex   2.852224e+01 6.150000e+01 -9.621222e+01
      vertex   2.780936e+01 5.650000e+01 -9.598896e+01
      vertex   2.853390e+01 5.650000e+01 -9.621593e+01
    endloop
  endfacet
  facet normal 2.864429e-01 -4.370329e-05 9.580973e-01
    outer loop
      vertex   2.852224e+01 6.150000e+01 -9.621222e+01
      vertex   2.853390e+01 5.650000e+01 -9.621593e+01
      vertex   2.926915e+01 5.650000e+01 -9.643575e+01
    endloop
  endfacet
  facet normal 2.836855e-01 -4.922555e-04 9.589172e-01
    outer loop
      vertex   2.852224e+01 6.150000e+01 -9.621222e+01
      vertex   2.926915e+01 5.650000e+01 -9.643575e+01
      vertex   2.962017e+01 6.150000e+01 -9.653703e+01
    endloop
  endfacet
  facet normal 2.743209e-01 2.202957e-04 9.616382e-01
    outer loop
      vertex   2.962017e+01 6.150000e+01 -9.653703e+01
      vertex   2.926915e+01 5.650000e+01 -9.643575e+01
      vertex   3.001536e+01 5.650000e+01 -9.664861e+01
    endloop
  endfacet
  facet normal 2.659092e-01 -4.971945e-04 9.639980e-01
    outer loop
      vertex   2.962017e+01 6.150000e+01 -9.653703e+01
      vertex   3.001536e+01 5.650000e+01 -9.664861e+01
      vertex   3.074148e+01 6.150000e+01 -9.684633e+01
    endloop
  endfacet
  facet normal 2.625772e-01 2.279355e-05 9.649110e-01
    outer loop
      vertex   3.074148e+01 6.150000e+01 -9.684633e+01
      vertex   3.001536e+01 5.650000e+01 -9.664861e+01
      vertex   3.077274e+01 5.650000e+01 -9.685472e+01
    endloop
  endfacet
  facet normal 2.512197e-01 -5.329195e-05 9.679301e-01
    outer loop
      vertex   3.074148e+01 6.150000e+01 -9.684633e+01
      vertex   3.077274e+01 5.650000e+01 -9.685472e+01
      vertex   3.154156e+01 5.650000e+01 -9.705426e+01
    endloop
  endfacet
  facet normal 2.489939e-01 -4.333587e-04 9.685050e-01
    outer loop
      vertex   3.074148e+01 6.150000e+01 -9.684633e+01
      vertex   3.154156e+01 5.650000e+01 -9.705426e+01
      vertex   3.188686e+01 6.150000e+01 -9.714079e+01
    endloop
  endfacet
  facet normal 2.402540e-01 2.083786e-04 9.707100e-01
    outer loop
      vertex   3.188686e+01 6.150000e+01 -9.714079e+01
      vertex   3.154156e+01 5.650000e+01 -9.705426e+01
      vertex   3.232204e+01 5.650000e+01 -9.724743e+01
    endloop
  endfacet
  facet normal 2.329580e-01 -4.645286e-04 9.724867e-01
    outer loop
      vertex   3.188686e+01 6.150000e+01 -9.714079e+01
      vertex   3.232204e+01 5.650000e+01 -9.724743e+01
      vertex   3.305700e+01 6.150000e+01 -9.742110e+01
    endloop
  endfacet
  facet normal 2.296839e-01 4.378734e-05 9.732653e-01
    outer loop
      vertex   3.305700e+01 6.150000e+01 -9.742110e+01
      vertex   3.232204e+01 5.650000e+01 -9.724743e+01
      vertex   3.311443e+01 5.650000e+01 -9.743443e+01
    endloop
  endfacet
  facet normal 2.195116e-01 -7.928880e-05 9.756099e-01
    outer loop
      vertex   3.305700e+01 6.150000e+01 -9.742110e+01
      vertex   3.311443e+01 5.650000e+01 -9.743443e+01
      vertex   3.391896e+01 5.650000e+01 -9.761545e+01
    endloop
  endfacet
  facet normal 2.178111e-01 -3.872463e-04 9.759909e-01
    outer loop
      vertex   3.305700e+01 6.150000e+01 -9.742110e+01
      vertex   3.391896e+01 5.650000e+01 -9.761545e+01
      vertex   3.425262e+01 6.150000e+01 -9.768793e+01
    endloop
  endfacet
  facet normal 2.097374e-01 1.771425e-04 9.777577e-01
    outer loop
      vertex   3.425262e+01 6.150000e+01 -9.768793e+01
      vertex   3.391896e+01 5.650000e+01 -9.761545e+01
      vertex   3.473587e+01 5.650000e+01 -9.779068e+01
    endloop
  endfacet
  facet normal 2.035546e-01 -4.472623e-04 9.790635e-01
    outer loop
      vertex   3.425262e+01 6.150000e+01 -9.768793e+01
      vertex   3.473587e+01 5.650000e+01 -9.779068e+01
      vertex   3.547441e+01 6.150000e+01 -9.794194e+01
    endloop
  endfacet
  facet normal 2.003604e-01 4.446740e-05 9.797223e-01
    outer loop
      vertex   3.547441e+01 6.150000e+01 -9.794194e+01
      vertex   3.473587e+01 5.650000e+01 -9.779068e+01
      vertex   3.556541e+01 5.650000e+01 -9.796033e+01
    endloop
  endfacet
  facet normal 1.913782e-01 -1.256059e-04 9.815164e-01
    outer loop
      vertex   3.547441e+01 6.150000e+01 -9.794194e+01
      vertex   3.556541e+01 5.650000e+01 -9.796033e+01
      vertex   3.640780e+01 5.650000e+01 -9.812458e+01
    endloop
  endfacet
  facet normal 1.901833e-01 -3.571637e-04 9.817485e-01
    outer loop
      vertex   3.547441e+01 6.150000e+01 -9.794194e+01
      vertex   3.640780e+01 5.650000e+01 -9.812458e+01
      vertex   3.672305e+01 6.150000e+01 -9.818383e+01
    endloop
  endfacet
  facet normal 1.827874e-01 1.257895e-04 9.831525e-01
    outer loop
      vertex   3.672305e+01 6.150000e+01 -9.818383e+01
      vertex   3.640780e+01 5.650000e+01 -9.812458e+01
      vertex   3.726329e+01 5.650000e+01 -9.828363e+01
    endloop
  endfacet
  facet normal 1.776859e-01 -4.440706e-04 9.840872e-01
    outer loop
      vertex   3.672305e+01 6.150000e+01 -9.818383e+01
      vertex   3.726329e+01 5.650000e+01 -9.828363e+01
      vertex   3.799926e+01 6.150000e+01 -9.841426e+01
    endloop
  endfacet
  facet normal 1.745832e-01 2.713477e-05 9.846424e-01
    outer loop
      vertex   3.799926e+01 6.150000e+01 -9.841426e+01
      vertex   3.726329e+01 5.650000e+01 -9.828363e+01
      vertex   3.813212e+01 5.650000e+01 -9.843768e+01
    endloop
  endfacet
  facet normal 1.667602e-01 -1.870851e-04 9.859975e-01
    outer loop
      vertex   3.799926e+01 6.150000e+01 -9.841426e+01
      vertex   3.813212e+01 5.650000e+01 -9.843768e+01
      vertex   3.901453e+01 5.650000e+01 -9.858692e+01
    endloop
  endfacet
  facet normal 1.660464e-01 -3.361965e-04 9.861179e-01
    outer loop
      vertex   3.799926e+01 6.150000e+01 -9.841426e+01
      vertex   3.901453e+01 5.650000e+01 -9.858692e+01
      vertex   3.930373e+01 6.150000e+01 -9.863391e+01
    endloop
  endfacet
  facet normal 1.593122e-01 6.374514e-05 9.872283e-01
    outer loop
      vertex   3.930373e+01 6.150000e+01 -9.863391e+01
      vertex   3.901453e+01 5.650000e+01 -9.858692e+01
      vertex   3.991075e+01 5.650000e+01 -9.873155e+01
    endloop
  endfacet
  facet normal 1.552445e-01 -4.427347e-04 9.878760e-01
    outer loop
      vertex   3.930373e+01 6.150000e+01 -9.863391e+01
      vertex   3.991075e+01 5.650000e+01 -9.873155e+01
      vertex   4.063716e+01 6.150000e+01 -9.884346e+01
    endloop
  endfacet
  facet normal 1.521973e-01 1.058547e-05 9.883501e-01
    outer loop
      vertex   4.063716e+01 6.150000e+01 -9.884346e+01
      vertex   3.991075e+01 5.650000e+01 -9.873155e+01
      vertex   4.082207e+01 5.650000e+01 -9.887188e+01
    endloop
  endfacet
  facet normal 1.452556e-01 -2.520659e-04 9.893941e-01
    outer loop
      vertex   4.063716e+01 6.150000e+01 -9.884346e+01
      vertex   4.082207e+01 5.650000e+01 -9.887188e+01
      vertex   4.175611e+01 5.650000e+01 -9.900901e+01
    endloop
  endfacet
  facet normal 1.452570e-01 -2.517471e-04 9.893939e-01
    outer loop
      vertex   4.063716e+01 6.150000e+01 -9.884346e+01
      vertex   4.175611e+01 5.650000e+01 -9.900901e+01
      vertex   4.200024e+01 6.150000e+01 -9.904358e+01
    endloop
  endfacet
  facet normal 1.387389e-01 7.296736e-05 9.903290e-01
    outer loop
      vertex   4.200024e+01 6.150000e+01 -9.904358e+01
      vertex   4.175611e+01 5.650000e+01 -9.900901e+01
      vertex   4.271366e+01 5.650000e+01 -9.914316e+01
    endloop
  endfacet
  facet normal 1.360580e-01 -3.169596e-04 9.907008e-01
    outer loop
      vertex   4.200024e+01 6.150000e+01 -9.904358e+01
      vertex   4.271366e+01 5.650000e+01 -9.914316e+01
      vertex   4.339368e+01 6.150000e+01 -9.923495e+01
    endloop
  endfacet
  facet normal 1.326513e-01 1.548360e-04 9.911627e-01
    outer loop
      vertex   4.339368e+01 6.150000e+01 -9.923495e+01
      vertex   4.271366e+01 5.650000e+01 -9.914316e+01
      vertex   4.369381e+01 5.650000e+01 -9.927434e+01
    endloop
  endfacet
  facet normal 1.276196e-01 -1.524016e-04 9.918232e-01
    outer loop
      vertex   4.339368e+01 6.150000e+01 -9.923495e+01
      vertex   4.369381e+01 5.650000e+01 -9.927434e+01
      vertex   4.481816e+01 6.150000e+01 -9.941824e+01
    endloop
  endfacet
  facet normal 1.269505e-01 5.335203e-07 9.919091e-01
    outer loop
      vertex   4.481816e+01 6.150000e+01 -9.941824e+01
      vertex   4.369381e+01 5.650000e+01 -9.927434e+01
      vertex   4.469568e+01 5.650000e+01 -9.940256e+01
    endloop
  endfacet
  facet normal 1.215991e-01 1.337217e-04 9.925793e-01
    outer loop
      vertex   4.481816e+01 6.150000e+01 -9.941824e+01
      vertex   4.469568e+01 5.650000e+01 -9.940256e+01
      vertex   4.571840e+01 5.650000e+01 -9.952785e+01
    endloop
  endfacet
  facet normal 1.199129e-01 -1.743767e-04 9.927844e-01
    outer loop
      vertex   4.481816e+01 6.150000e+01 -9.941824e+01
      vertex   4.571840e+01 5.650000e+01 -9.952785e+01
      vertex   4.627440e+01 6.150000e+01 -9.959413e+01
    endloop
  endfacet
  facet normal 1.165644e-01 2.032550e-04 9.931831e-01
    outer loop
      vertex   4.627440e+01 6.150000e+01 -9.959413e+01
      vertex   4.571840e+01 5.650000e+01 -9.952785e+01
      vertex   4.676108e+01 5.650000e+01 -9.965023e+01
    endloop
  endfacet
  facet normal 1.129079e-01 -1.573917e-04 9.936054e-01
    outer loop
      vertex   4.627440e+01 6.150000e+01 -9.959413e+01
      vertex   4.676108e+01 5.650000e+01 -9.965023e+01
      vertex   4.776308e+01 6.150000e+01 -9.976330e+01
    endloop
  endfacet
  facet normal 1.118175e-01 6.392151e-05 9.937288e-01
    outer loop
      vertex   4.776308e+01 6.150000e+01 -9.976330e+01
      vertex   4.676108e+01 5.650000e+01 -9.965023e+01
      vertex   4.782283e+01 5.650000e+01 -9.976970e+01
    endloop
  endfacet
  facet normal 1.073326e-01 9.699275e-06 9.942232e-01
    outer loop
      vertex   4.776308e+01 6.150000e+01 -9.976330e+01
      vertex   4.782283e+01 5.650000e+01 -9.976970e+01
      vertex   4.890276e+01 5.650000e+01 -9.988628e+01
    endloop
  endfacet
  facet normal 1.065744e-01 -1.651368e-04 9.943047e-01
    outer loop
      vertex   4.776308e+01 6.150000e+01 -9.976330e+01
      vertex   4.890276e+01 5.650000e+01 -9.988628e+01
      vertex   4.928491e+01 6.150000e+01 -9.992641e+01
    endloop
  endfacet
  facet normal 1.030870e-01 1.043499e-04 9.946723e-01
    outer loop
      vertex   4.928491e+01 6.150000e+01 -9.992641e+01
      vertex   4.890276e+01 5.650000e+01 -9.988628e+01
      vertex   5.000000e+01 5.650000e+01 -1.000000e+02
    endloop
  endfacet
  facet normal 1.008819e-01 -2.143560e-04 9.948984e-01
    outer loop
      vertex   4.928491e+01 6.150000e+01 -9.992641e+01
      vertex   5.000000e+01 5.650000e+01 -1.000000e+02
      vertex   5.084058e+01 6.150000e+01 -1.000842e+02
    endloop
  endfacet
  facet normal 9.921879e-02 6.805012e-05 9.950656e-01
    outer loop
      vertex   5.084058e+01 6.150000e+01 -1.000842e+02
      vertex   5.000000e+01 5.650000e+01 -1.000000e+02
      vertex   5.115962e+01 5.650000e+01 -1.001156e+02
    endloop
  endfacet
  facet normal 9.580011e-02 -1.521971e-04 9.954006e-01
    outer loop
      vertex   5.084058e+01 6.150000e+01 -1.000842e+02
      vertex   5.115962e+01 5.650000e+01 -1.001156e+02
      vertex   5.243078e+01 6.150000e+01 -1.002372e+02
    endloop
  endfacet
  facet normal 9.574289e-02 -1.375180e-04 9.954061e-01
    outer loop
      vertex   5.243078e+01 6.150000e+01 -1.002372e+02
      vertex   5.115962e+01 5.650000e+01 -1.001156e+02
      vertex   5.233597e+01 5.650000e+01 -1.002288e+02
    endloop
  endfacet
  facet normal 9.249999e-02 -7.551003e-05 9.957127e-01
    outer loop
      vertex   5.243078e+01 6.150000e+01 -1.002372e+02
      vertex   5.233597e+01 5.650000e+01 -1.002288e+02
      vertex   5.352805e+01 5.650000e+01 -1.003395e+02
    endloop
  endfacet
  facet normal 9.130287e-02 -3.404839e-04 9.958231e-01
    outer loop
      vertex   5.243078e+01 6.150000e+01 -1.002372e+02
      vertex   5.352805e+01 5.650000e+01 -1.003395e+02
      vertex   5.405223e+01 6.150000e+01 -1.003859e+02
    endloop
  endfacet
  facet normal 8.947348e-02 -1.471567e-04 9.959892e-01
    outer loop
      vertex   5.405223e+01 6.150000e+01 -1.003859e+02
      vertex   5.352805e+01 5.650000e+01 -1.003395e+02
      vertex   5.473486e+01 5.650000e+01 -1.004479e+02
    endloop
  endfacet
  facet normal 8.735688e-02 -4.384564e-04 9.961770e-01
    outer loop
      vertex   5.405223e+01 6.150000e+01 -1.003859e+02
      vertex   5.473486e+01 5.650000e+01 -1.004479e+02
      vertex   5.569440e+01 6.150000e+01 -1.005299e+02
    endloop
  endfacet
  facet normal 8.664857e-02 -3.015121e-04 9.962389e-01
    outer loop
      vertex   5.569440e+01 6.150000e+01 -1.005299e+02
      vertex   5.473486e+01 5.650000e+01 -1.004479e+02
      vertex   5.595539e+01 5.650000e+01 -1.005541e+02
    endloop
  endfacet
  facet normal 8.401207e-02 -4.402250e-04 9.964646e-01
    outer loop
      vertex   5.569440e+01 6.150000e+01 -1.005299e+02
      vertex   5.595539e+01 5.650000e+01 -1.005541e+02
      vertex   5.718864e+01 5.650000e+01 -1.006581e+02
    endloop
  endfacet
  facet normal 8.233842e-02 -9.439646e-04 9.966040e-01
    outer loop
      vertex   5.569440e+01 6.150000e+01 -1.005299e+02
      vertex   5.718864e+01 5.650000e+01 -1.006581e+02
      vertex   5.899701e+01 6.150000e+01 -1.008027e+02
    endloop
  endfacet
  facet normal 8.040057e-02 -2.385071e-04 9.967626e-01
    outer loop
      vertex   5.899701e+01 6.150000e+01 -1.008027e+02
      vertex   5.718864e+01 5.650000e+01 -1.006581e+02
      vertex   5.968929e+01 5.650000e+01 -1.008598e+02
    endloop
  endfacet
  facet normal 7.804337e-02 -5.670145e-04 9.969498e-01
    outer loop
      vertex   5.899701e+01 6.150000e+01 -1.008027e+02
      vertex   5.968929e+01 5.650000e+01 -1.008598e+02
      vertex   6.063552e+01 6.150000e+01 -1.009310e+02
    endloop
  endfacet
  facet normal 7.612369e-02 -2.016079e-04 9.970984e-01
    outer loop
      vertex   6.063552e+01 6.150000e+01 -1.009310e+02
      vertex   5.968929e+01 5.650000e+01 -1.008598e+02
      vertex   6.222878e+01 5.650000e+01 -1.010536e+02
    endloop
  endfacet
  facet normal 7.557612e-02 -3.771125e-04 9.971400e-01
    outer loop
      vertex   6.063552e+01 6.150000e+01 -1.009310e+02
      vertex   6.222878e+01 5.650000e+01 -1.010536e+02
      vertex   6.225089e+01 6.150000e+01 -1.010534e+02
    endloop
  endfacet
  facet normal 7.335535e-02 -3.673024e-04 9.973058e-01
    outer loop
      vertex   6.225089e+01 6.150000e+01 -1.010534e+02
      vertex   6.222878e+01 5.650000e+01 -1.010536e+02
      vertex   6.383215e+01 6.150000e+01 -1.011697e+02
    endloop
  endfacet
  facet normal 7.242557e-02 -6.757058e-05 9.973738e-01
    outer loop
      vertex   6.383215e+01 6.150000e+01 -1.011697e+02
      vertex   6.222878e+01 5.650000e+01 -1.010536e+02
      vertex   6.479908e+01 5.650000e+01 -1.012403e+02
    endloop
  endfacet
  facet normal 7.182290e-02 -1.847351e-04 9.974174e-01
    outer loop
      vertex   6.383215e+01 6.150000e+01 -1.011697e+02
      vertex   6.479908e+01 5.650000e+01 -1.012403e+02
      vertex   6.460656e+01 6.150000e+01 -1.012255e+02
    endloop
  endfacet
  facet normal 7.087000e-02 -2.216270e-04 9.974855e-01
    outer loop
      vertex   6.460656e+01 6.150000e+01 -1.012255e+02
      vertex   6.479908e+01 5.650000e+01 -1.012403e+02
      vertex   6.536834e+01 6.150000e+01 -1.012796e+02
    endloop
  endfacet
  facet normal 6.996353e-02 -1.179207e-04 9.975495e-01
    outer loop
      vertex   6.536834e+01 6.150000e+01 -1.012796e+02
      vertex   6.479908e+01 5.650000e+01 -1.012403e+02
      vertex   6.611611e+01 6.150000e+01 -1.013321e+02
    endloop
  endfacet
  facet normal 6.925265e-02 7.024149e-05 9.975992e-01
    outer loop
      vertex   6.611611e+01 6.150000e+01 -1.013321e+02
      vertex   6.479908e+01 5.650000e+01 -1.012403e+02
      vertex   6.739216e+01 5.650000e+01 -1.014203e+02
    endloop
  endfacet
  facet normal 6.910110e-02 3.138062e-05 9.976097e-01
    outer loop
      vertex   6.611611e+01 6.150000e+01 -1.013321e+02
      vertex   6.739216e+01 5.650000e+01 -1.014203e+02
      vertex   6.684850e+01 6.150000e+01 -1.013828e+02
    endloop
  endfacet
  facet normal 6.828063e-02 -5.825567e-05 9.976662e-01
    outer loop
      vertex   6.684850e+01 6.150000e+01 -1.013828e+02
      vertex   6.739216e+01 5.650000e+01 -1.014203e+02
      vertex   6.756414e+01 6.150000e+01 -1.014318e+02
    endloop
  endfacet
  facet normal 6.750034e-02 -3.129570e-05 9.977193e-01
    outer loop
      vertex   6.756414e+01 6.150000e+01 -1.014318e+02
      vertex   6.739216e+01 5.650000e+01 -1.014203e+02
      vertex   6.826166e+01 6.150000e+01 -1.014790e+02
    endloop
  endfacet
  facet normal 6.675875e-02 9.825183e-05 9.977691e-01
    outer loop
      vertex   6.826166e+01 6.150000e+01 -1.014790e+02
      vertex   6.739216e+01 5.650000e+01 -1.014203e+02
      vertex   6.893969e+01 6.150000e+01 -1.015243e+02
    endloop
  endfacet
  facet normal 6.656290e-02 1.591402e-04 9.977822e-01
    outer loop
      vertex   6.893969e+01 6.150000e+01 -1.015243e+02
      vertex   6.739216e+01 5.650000e+01 -1.014203e+02
      vertex   7.000000e+01 5.650000e+01 -1.015943e+02
    endloop
  endfacet
  facet normal 6.605469e-02 5.089649e-05 9.978160e-01
    outer loop
      vertex   6.893969e+01 6.150000e+01 -1.015243e+02
      vertex   7.000000e+01 5.650000e+01 -1.015943e+02
      vertex   6.959686e+01 6.150000e+01 -1.015678e+02
    endloop
  endfacet
  facet normal 6.538734e-02 -3.142689e-06 9.978600e-01
    outer loop
      vertex   6.959686e+01 6.150000e+01 -1.015678e+02
      vertex   7.000000e+01 5.650000e+01 -1.015943e+02
      vertex   7.023181e+01 6.150000e+01 -1.016094e+02
    endloop
  endfacet
  facet normal 6.496561e-02 1.649295e-05 9.978875e-01
    outer loop
      vertex   7.023181e+01 6.150000e+01 -1.016094e+02
      vertex   7.000000e+01 5.650000e+01 -1.015943e+02
      vertex   7.070234e+01 5.650000e+01 -1.016400e+02
    endloop
  endfacet
  facet normal 6.475623e-02 -3.293639e-06 9.979011e-01
    outer loop
      vertex   7.023181e+01 6.150000e+01 -1.016094e+02
      vertex   7.070234e+01 5.650000e+01 -1.016400e+02
      vertex   7.084315e+01 6.150000e+01 -1.016491e+02
    endloop
  endfacet
  facet normal 6.423521e-02 1.144078e-05 9.979348e-01
    outer loop
      vertex   7.084315e+01 6.150000e+01 -1.016491e+02
      vertex   7.070234e+01 5.650000e+01 -1.016400e+02
      vertex   7.123546e+01 6.148071e+01 -1.016744e+02
    endloop
  endfacet
  facet normal 6.418115e-02 1.725153e-05 9.979383e-01
    outer loop
      vertex   7.123546e+01 6.148071e+01 -1.016744e+02
      vertex   7.070234e+01 5.650000e+01 -1.016400e+02
      vertex   7.137482e+01 5.650000e+01 -1.016832e+02
    endloop
  endfacet
  facet normal 6.380871e-02 6.788475e-06 9.979621e-01
    outer loop
      vertex   7.123546e+01 6.148071e+01 -1.016744e+02
      vertex   7.137482e+01 5.650000e+01 -1.016832e+02
      vertex   7.162380e+01 6.142308e+01 -1.016992e+02
    endloop
  endfacet
  facet normal 6.344491e-02 2.526290e-05 9.979853e-01
    outer loop
      vertex   7.162380e+01 6.142308e+01 -1.016992e+02
      vertex   7.137482e+01 5.650000e+01 -1.016832e+02
      vertex   7.201568e+01 5.650000e+01 -1.017240e+02
    endloop
  endfacet
  facet normal 6.338755e-02 2.067904e-05 9.979890e-01
    outer loop
      vertex   7.162380e+01 6.142308e+01 -1.016992e+02
      vertex   7.201568e+01 5.650000e+01 -1.017240e+02
      vertex   7.200499e+01 6.132755e+01 -1.017234e+02
    endloop
  endfacet
  facet normal 6.297176e-02 1.975495e-05 9.980153e-01
    outer loop
      vertex   7.200499e+01 6.132755e+01 -1.017234e+02
      vertex   7.201568e+01 5.650000e+01 -1.017240e+02
      vertex   7.237432e+01 6.119534e+01 -1.017467e+02
    endloop
  endfacet
  facet normal 6.275800e-02 3.614725e-05 9.980288e-01
    outer loop
      vertex   7.237432e+01 6.119534e+01 -1.017467e+02
      vertex   7.201568e+01 5.650000e+01 -1.017240e+02
      vertex   7.262315e+01 5.650000e+01 -1.017622e+02
    endloop
  endfacet
  facet normal 6.257761e-02 2.654980e-05 9.980401e-01
    outer loop
      vertex   7.237432e+01 6.119534e+01 -1.017467e+02
      vertex   7.262315e+01 5.650000e+01 -1.017622e+02
      vertex   7.272885e+01 6.102762e+01 -1.017689e+02
    endloop
  endfacet
  facet normal 6.219918e-02 3.541949e-05 9.980638e-01
    outer loop
      vertex   7.272885e+01 6.102762e+01 -1.017689e+02
      vertex   7.262315e+01 5.650000e+01 -1.017622e+02
      vertex   7.306592e+01 6.082555e+01 -1.017899e+02
    endloop
  endfacet
  facet normal 6.212272e-02 4.327649e-05 9.980685e-01
    outer loop
      vertex   7.306592e+01 6.082555e+01 -1.017899e+02
      vertex   7.262315e+01 5.650000e+01 -1.017622e+02
      vertex   7.319545e+01 5.650000e+01 -1.017978e+02
    endloop
  endfacet
  facet normal 6.183420e-02 3.460372e-05 9.980864e-01
    outer loop
      vertex   7.306592e+01 6.082555e+01 -1.017899e+02
      vertex   7.319545e+01 5.650000e+01 -1.017978e+02
      vertex   7.338118e+01 6.059166e+01 -1.018095e+02
    endloop
  endfacet
  facet normal 6.154297e-02 4.787458e-05 9.981044e-01
    outer loop
      vertex   7.338118e+01 6.059166e+01 -1.018095e+02
      vertex   7.319545e+01 5.650000e+01 -1.017978e+02
      vertex   7.373081e+01 5.650000e+01 -1.018308e+02
    endloop
  endfacet
  facet normal 6.150630e-02 4.472964e-05 9.981067e-01
    outer loop
      vertex   7.338118e+01 6.059166e+01 -1.018095e+02
      vertex   7.373081e+01 5.650000e+01 -1.018308e+02
      vertex   7.367157e+01 6.032843e+01 -1.018273e+02
    endloop
  endfacet
  facet normal 6.116494e-02 3.942868e-05 9.981277e-01
    outer loop
      vertex   7.367157e+01 6.032843e+01 -1.018273e+02
      vertex   7.373081e+01 5.650000e+01 -1.018308e+02
      vertex   7.395161e+01 6.004839e+01 -1.018445e+02
    endloop
  endfacet
  facet normal 6.102496e-02 4.817213e-05 9.981362e-01
    outer loop
      vertex   7.395161e+01 6.004839e+01 -1.018445e+02
      vertex   7.373081e+01 5.650000e+01 -1.018308e+02
      vertex   7.422745e+01 5.650000e+01 -1.018612e+02
    endloop
  endfacet
  facet normal 6.083226e-02 3.313687e-05 9.981480e-01
    outer loop
      vertex   7.395161e+01 6.004839e+01 -1.018445e+02
      vertex   7.422745e+01 5.650000e+01 -1.018612e+02
      vertex   7.421332e+01 5.978668e+01 -1.018604e+02
    endloop
  endfacet
  facet normal 6.055397e-02 3.193658e-05 9.981649e-01
    outer loop
      vertex   7.421332e+01 5.978668e+01 -1.018604e+02
      vertex   7.422745e+01 5.650000e+01 -1.018612e+02
      vertex   7.445717e+01 5.954283e+01 -1.018752e+02
    endloop
  endfacet
  facet normal 6.057840e-02 3.008555e-05 9.981634e-01
    outer loop
      vertex   7.445717e+01 5.954283e+01 -1.018752e+02
      vertex   7.422745e+01 5.650000e+01 -1.018612e+02
      vertex   7.468361e+01 5.650000e+01 -1.018889e+02
    endloop
  endfacet
  facet normal 6.031835e-02 1.066277e-05 9.981792e-01
    outer loop
      vertex   7.445717e+01 5.954283e+01 -1.018752e+02
      vertex   7.468361e+01 5.650000e+01 -1.018889e+02
      vertex   7.468361e+01 5.931639e+01 -1.018889e+02
    endloop
  endfacet
  facet normal 6.019238e-02 1.066273e-05 9.981868e-01
    outer loop
      vertex   7.468361e+01 5.931639e+01 -1.018889e+02
      vertex   7.468361e+01 5.650000e+01 -1.018889e+02
      vertex   7.484675e+01 5.915325e+01 -1.018987e+02
    endloop
  endfacet
  facet normal 6.025422e-02 6.846457e-06 9.981831e-01
    outer loop
      vertex   7.484675e+01 5.915325e+01 -1.018987e+02
      vertex   7.468361e+01 5.650000e+01 -1.018889e+02
      vertex   7.500000e+01 5.650000e+01 -1.019080e+02
    endloop
  endfacet
  facet normal 6.013612e-02 0.000000e+00 9.981902e-01
    outer loop
      vertex   7.484675e+01 5.915325e+01 -1.018987e+02
      vertex   7.500000e+01 5.650000e+01 -1.019080e+02
      vertex   7.500000e+01 5.900000e+01 -1.019080e+02
    endloop
  endfacet
  facet normal 6.013596e-02 0.000000e+00 9.981902e-01
    outer loop
      vertex   7.500000e+01 5.900000e+01 -1.019080e+02
      vertex   7.500000e+01 5.650000e+01 -1.019080e+02
      vertex   7.632843e+01 5.767157e+01 -1.019880e+02
    endloop
  endfacet
  facet normal 6.013596e-02 4.761407e-14 9.981902e-01
    outer loop
      vertex   7.632843e+01 5.767157e+01 -1.019880e+02
      vertex   7.500000e+01 5.650000e+01 -1.019080e+02
      vertex   7.642110e+01 5.650000e+01 -1.019936e+02
    endloop
  endfacet
  facet normal 6.013596e-02 -1.225402e-10 9.981902e-01
    outer loop
      vertex   7.632843e+01 5.767157e+01 -1.019880e+02
      vertex   7.642110e+01 5.650000e+01 -1.019936e+02
      vertex   7.642110e+01 5.757576e+01 -1.019936e+02
    endloop
  endfacet
  facet normal 7.693103e-05 9.999992e-01 1.269994e-03
    outer loop
      vertex   7.532879e+01 5.650000e+01 -1.019272e+02
      vertex   7.567460e+01 5.650000e+01 -1.019482e+02
      vertex   7.500000e+01 5.650000e+01 -1.019080e+02
    endloop
  endfacet
  facet normal 8.241525e-05 9.999991e-01 1.361981e-03
    outer loop
      vertex   7.500000e+01 5.650000e+01 -1.019080e+02
      vertex   7.567460e+01 5.650000e+01 -1.019482e+02
      vertex   7.603840e+01 5.650000e+01 -1.019702e+02
    endloop
  endfacet
  facet normal 4.146310e-05 9.999998e-01 6.786687e-04
    outer loop
      vertex   7.500000e+01 5.650000e+01 -1.019080e+02
      vertex   7.603840e+01 5.650000e+01 -1.019702e+02
      vertex   7.642110e+01 5.650000e+01 -1.019936e+02
    endloop
  endfacet
  facet normal 8.688840e-01 4.335793e-04 4.950155e-01
    outer loop
      vertex   2.487897e+00 6.150000e+01 -7.476784e+01
      vertex   2.246649e+00 6.150000e+01 -7.434439e+01
      vertex   2.622654e+00 5.650000e+01 -7.500000e+01
    endloop
  endfacet
  facet normal 8.794044e-01 1.534562e-04 4.760754e-01
    outer loop
      vertex   1.793402e+00 6.150000e+01 -7.352794e+01
      vertex   1.581297e+00 6.150000e+01 -7.313614e+01
      vertex   1.838923e+00 5.650000e+01 -7.361041e+01
    endloop
  endfacet
  facet normal 8.825420e-01 8.693289e-04 4.702327e-01
    outer loop
      vertex   1.838923e+00 5.650000e+01 -7.361041e+01
      vertex   1.581297e+00 6.150000e+01 -7.313614e+01
      vertex   1.378800e+00 6.150000e+01 -7.275609e+01
    endloop
  endfacet
  facet normal 8.888418e-01 6.310207e-17 4.582142e-01
    outer loop
      vertex   1.089704e+00 5.650000e+01 -7.220295e+01
      vertex   1.002418e+00 6.150000e+01 -7.203363e+01
      vertex   1.089704e+00 3.150000e+01 -7.220295e+01
    endloop
  endfacet
  facet normal 8.908625e-01 2.812242e-05 4.542731e-01
    outer loop
      vertex   1.089704e+00 3.150000e+01 -7.220295e+01
      vertex   1.002418e+00 6.150000e+01 -7.203363e+01
      vertex   8.284271e-01 6.150000e+01 -7.169242e+01
    endloop
  endfacet
  facet normal 8.901932e-01 -4.275053e-16 4.555831e-01
    outer loop
      vertex   1.089704e+00 3.150000e+01 -7.220295e+01
      vertex   8.284271e-01 6.150000e+01 -7.169242e+01
      vertex   8.284271e-01 1.500000e+00 -7.169242e+01
    endloop
  endfacet
  facet normal 8.936904e-01 -4.107204e-16 4.486842e-01
    outer loop
      vertex   8.284271e-01 1.500000e+00 -7.169242e+01
      vertex   8.284271e-01 6.150000e+01 -7.169242e+01
      vertex   6.163657e-01 6.148873e+01 -7.127004e+01
    endloop
  endfacet
  facet normal 8.937086e-01 3.199443e-07 4.486479e-01
    outer loop
      vertex   8.284271e-01 1.500000e+00 -7.169242e+01
      vertex   6.163657e-01 6.148873e+01 -7.127004e+01
      vertex   6.143234e-01 1.511492e+00 -7.126593e+01
    endloop
  endfacet
  facet normal 8.967429e-01 -2.012347e-07 4.425519e-01
    outer loop
      vertex   6.143234e-01 1.511492e+00 -7.126593e+01
      vertex   6.163657e-01 6.148873e+01 -7.127004e+01
      vertex   4.064122e-01 6.145498e+01 -7.084461e+01
    endloop
  endfacet
  facet normal 8.967761e-01 3.868076e-07 4.424846e-01
    outer loop
      vertex   6.143234e-01 1.511492e+00 -7.126593e+01
      vertex   4.064122e-01 6.145498e+01 -7.084461e+01
      vertex   4.037148e-01 1.545615e+00 -7.083909e+01
    endloop
  endfacet
  facet normal 8.996705e-01 -2.884378e-07 4.365696e-01
    outer loop
      vertex   4.037148e-01 1.545615e+00 -7.083909e+01
      vertex   4.064122e-01 6.145498e+01 -7.084461e+01
      vertex   2.003575e-01 6.139883e+01 -7.041998e+01
    endloop
  endfacet
  facet normal 8.997021e-01 2.744292e-07 4.365045e-01
    outer loop
      vertex   4.037148e-01 1.545615e+00 -7.083909e+01
      vertex   2.003575e-01 6.139883e+01 -7.041998e+01
      vertex   1.983556e-01 1.601841e+00 -7.041581e+01
    endloop
  endfacet
  facet normal 9.025534e-01 -2.337206e-07 4.305779e-01
    outer loop
      vertex   1.983556e-01 1.601841e+00 -7.041581e+01
      vertex   2.003575e-01 6.139883e+01 -7.041998e+01
      vertex   1.101296e-14 6.132036e+01 -7.000000e+01
    endloop
  endfacet
  facet normal 9.025665e-01 -3.166829e-16 4.305505e-01
    outer loop
      vertex   1.983556e-01 1.601841e+00 -7.041581e+01
      vertex   1.101296e-14 6.132036e+01 -7.000000e+01
      vertex   -9.902734e-15 1.679641e+00 -7.000000e+01
    endloop
  endfacet
  facet normal 8.910070e-01 -3.420748e-05 4.539895e-01
    outer loop
      vertex   8.284271e-01 1.500000e+00 -7.169242e+01
      vertex   9.835059e-01 1.500000e+00 -7.199678e+01
      vertex   1.089704e+00 3.150000e+01 -7.220295e+01
    endloop
  endfacet
  facet normal 8.889894e-01 -6.290654e-17 4.579278e-01
    outer loop
      vertex   1.089704e+00 3.150000e+01 -7.220295e+01
      vertex   9.835059e-01 1.500000e+00 -7.199678e+01
      vertex   1.089704e+00 6.500000e+00 -7.220295e+01
    endloop
  endfacet
  facet normal 8.887263e-01 2.663520e-05 4.584383e-01
    outer loop
      vertex   1.089704e+00 6.500000e+00 -7.220295e+01
      vertex   9.835059e-01 1.500000e+00 -7.199678e+01
      vertex   1.146066e+00 1.500000e+00 -7.231192e+01
    endloop
  endfacet
  facet normal 8.862952e-01 -1.028205e-04 4.631207e-01
    outer loop
      vertex   1.089704e+00 6.500000e+00 -7.220295e+01
      vertex   1.146066e+00 1.500000e+00 -7.231192e+01
      vertex   1.316149e+00 1.500000e+00 -7.263742e+01
    endloop
  endfacet
  facet normal 8.837161e-01 -6.456042e-04 4.680230e-01
    outer loop
      vertex   1.316149e+00 1.500000e+00 -7.263742e+01
      vertex   1.493795e+00 1.500000e+00 -7.297285e+01
      vertex   1.089704e+00 6.500000e+00 -7.220295e+01
    endloop
  endfacet
  facet normal 8.827243e-01 -1.013268e-03 4.698902e-01
    outer loop
      vertex   1.089704e+00 6.500000e+00 -7.220295e+01
      vertex   1.493795e+00 1.500000e+00 -7.297285e+01
      vertex   1.838924e+00 6.500000e+00 -7.361041e+01
    endloop
  endfacet
  facet normal 8.809902e-01 -4.799201e-04 4.731342e-01
    outer loop
      vertex   1.838924e+00 6.500000e+00 -7.361041e+01
      vertex   1.493795e+00 1.500000e+00 -7.297285e+01
      vertex   1.679046e+00 1.500000e+00 -7.331779e+01
    endloop
  endfacet
  facet normal 8.781174e-01 -7.723729e-05 4.784452e-01
    outer loop
      vertex   1.838924e+00 6.500000e+00 -7.361041e+01
      vertex   1.679046e+00 1.500000e+00 -7.331779e+01
      vertex   1.871943e+00 1.500000e+00 -7.367182e+01
    endloop
  endfacet
  facet normal 8.750965e-01 -1.647792e-04 4.839485e-01
    outer loop
      vertex   1.871943e+00 1.500000e+00 -7.367182e+01
      vertex   2.072528e+00 1.500000e+00 -7.403453e+01
      vertex   1.838924e+00 6.500000e+00 -7.361041e+01
    endloop
  endfacet
  facet normal 8.719254e-01 -7.955431e-04 4.896380e-01
    outer loop
      vertex   1.838924e+00 6.500000e+00 -7.361041e+01
      vertex   2.072528e+00 1.500000e+00 -7.403453e+01
      vertex   2.280840e+00 1.500000e+00 -7.440548e+01
    endloop
  endfacet
  facet normal 8.710150e-01 -1.133131e-03 4.912550e-01
    outer loop
      vertex   1.838924e+00 6.500000e+00 -7.361041e+01
      vertex   2.280840e+00 1.500000e+00 -7.440548e+01
      vertex   2.622654e+00 6.500000e+00 -7.500000e+01
    endloop
  endfacet
  facet normal 8.668480e-01 2.179921e-05 4.985724e-01
    outer loop
      vertex   2.622654e+00 6.500000e+00 -7.500000e+01
      vertex   2.280840e+00 1.500000e+00 -7.440548e+01
      vertex   2.720815e+00 1.500000e+00 -7.517045e+01
    endloop
  endfacet
  facet normal 8.611623e-01 -4.224570e-04 5.083299e-01
    outer loop
      vertex   2.622654e+00 6.500000e+00 -7.500000e+01
      vertex   2.720815e+00 1.500000e+00 -7.517045e+01
      vertex   3.102860e+00 6.500000e+00 -7.581352e+01
    endloop
  endfacet
  facet normal 8.595706e-01 4.475045e-05 5.110170e-01
    outer loop
      vertex   3.102860e+00 6.500000e+00 -7.581352e+01
      vertex   2.720815e+00 1.500000e+00 -7.517045e+01
      vertex   3.192197e+00 1.500000e+00 -7.596335e+01
    endloop
  endfacet
  facet normal 8.535687e-01 -3.610518e-04 5.209802e-01
    outer loop
      vertex   3.102860e+00 6.500000e+00 -7.581352e+01
      vertex   3.192197e+00 1.500000e+00 -7.596335e+01
      vertex   3.590397e+00 6.500000e+00 -7.661229e+01
    endloop
  endfacet
  facet normal 8.516285e-01 2.043236e-04 5.241458e-01
    outer loop
      vertex   3.590397e+00 6.500000e+00 -7.661229e+01
      vertex   3.192197e+00 1.500000e+00 -7.596335e+01
      vertex   3.695315e+00 1.500000e+00 -7.678081e+01
    endloop
  endfacet
  facet normal 8.456054e-01 -2.477318e-04 5.338084e-01
    outer loop
      vertex   3.590397e+00 6.500000e+00 -7.661229e+01
      vertex   3.695315e+00 1.500000e+00 -7.678081e+01
      vertex   4.085336e+00 6.500000e+00 -7.739633e+01
    endloop
  endfacet
  facet normal 8.429795e-01 4.663811e-04 5.379455e-01
    outer loop
      vertex   4.085336e+00 6.500000e+00 -7.739633e+01
      vertex   3.695315e+00 1.500000e+00 -7.678081e+01
      vertex   4.230499e+00 1.500000e+00 -7.761947e+01
    endloop
  endfacet
  facet normal 8.372605e-01 -9.500928e-05 5.468042e-01
    outer loop
      vertex   4.085336e+00 6.500000e+00 -7.739633e+01
      vertex   4.230499e+00 1.500000e+00 -7.761947e+01
      vertex   4.587745e+00 6.500000e+00 -7.816561e+01
    endloop
  endfacet
  facet normal 8.335741e-01 7.803682e-04 5.524071e-01
    outer loop
      vertex   4.587745e+00 6.500000e+00 -7.816561e+01
      vertex   4.230499e+00 1.500000e+00 -7.761947e+01
      vertex   4.798078e+00 1.500000e+00 -7.847593e+01
    endloop
  endfacet
  facet normal 8.285223e-01 9.932368e-05 5.599561e-01
    outer loop
      vertex   4.587745e+00 6.500000e+00 -7.816561e+01
      vertex   4.798078e+00 1.500000e+00 -7.847593e+01
      vertex   5.097698e+00 6.500000e+00 -7.892015e+01
    endloop
  endfacet
  facet normal 8.233560e-01 1.081264e-03 5.675241e-01
    outer loop
      vertex   5.097698e+00 6.500000e+00 -7.892015e+01
      vertex   4.798078e+00 1.500000e+00 -7.847593e+01
      vertex   5.398380e+00 1.500000e+00 -7.934685e+01
    endloop
  endfacet
  facet normal 8.193796e-01 3.533925e-04 5.732512e-01
    outer loop
      vertex   5.097698e+00 6.500000e+00 -7.892015e+01
      vertex   5.398380e+00 1.500000e+00 -7.934685e+01
      vertex   5.615263e+00 6.500000e+00 -7.965993e+01
    endloop
  endfacet
  facet normal 8.122624e-01 1.290766e-03 5.832908e-01
    outer loop
      vertex   5.615263e+00 6.500000e+00 -7.965993e+01
      vertex   5.398380e+00 1.500000e+00 -7.934685e+01
      vertex   6.031737e+00 1.500000e+00 -8.022883e+01
    endloop
  endfacet
  facet normal 8.098221e-01 7.024314e-04 5.866752e-01
    outer loop
      vertex   5.615263e+00 6.500000e+00 -7.965993e+01
      vertex   6.031737e+00 1.500000e+00 -8.022883e+01
      vertex   6.140511e+00 6.500000e+00 -8.038496e+01
    endloop
  endfacet
  facet normal 8.002237e-01 1.317975e-03 5.997002e-01
    outer loop
      vertex   6.140511e+00 6.500000e+00 -8.038496e+01
      vertex   6.031737e+00 1.500000e+00 -8.022883e+01
      vertex   6.698476e+00 1.500000e+00 -8.111850e+01
    endloop
  endfacet
  facet normal 7.998396e-01 1.199955e-03 6.002126e-01
    outer loop
      vertex   6.140511e+00 6.500000e+00 -8.038496e+01
      vertex   6.698476e+00 1.500000e+00 -8.111850e+01
      vertex   6.673514e+00 6.500000e+00 -8.109524e+01
    endloop
  endfacet
  facet normal 7.894242e-01 1.084507e-03 6.138471e-01
    outer loop
      vertex   6.673514e+00 6.500000e+00 -8.109524e+01
      vertex   6.698476e+00 1.500000e+00 -8.111850e+01
      vertex   7.214341e+00 6.500000e+00 -8.179076e+01
    endloop
  endfacet
  facet normal 7.871633e-01 1.707030e-03 6.167423e-01
    outer loop
      vertex   7.214341e+00 6.500000e+00 -8.179076e+01
      vertex   6.698476e+00 1.500000e+00 -8.111850e+01
      vertex   7.398927e+00 1.500000e+00 -8.201251e+01
    endloop
  endfacet
  facet normal 7.785674e-01 9.099088e-04 6.275603e-01
    outer loop
      vertex   7.214341e+00 6.500000e+00 -8.179076e+01
      vertex   7.398927e+00 1.500000e+00 -8.201251e+01
      vertex   7.763063e+00 6.500000e+00 -8.247151e+01
    endloop
  endfacet
  facet normal 7.729996e-01 1.943622e-03 6.344036e-01
    outer loop
      vertex   7.763063e+00 6.500000e+00 -8.247151e+01
      vertex   7.398927e+00 1.500000e+00 -8.201251e+01
      vertex   8.133419e+00 1.500000e+00 -8.290746e+01
    endloop
  endfacet
  facet normal 7.672624e-01 9.145176e-04 6.413327e-01
    outer loop
      vertex   7.763063e+00 6.500000e+00 -8.247151e+01
      vertex   8.133419e+00 1.500000e+00 -8.290746e+01
      vertex   8.319751e+00 6.500000e+00 -8.313751e+01
    endloop
  endfacet
  facet normal 7.576446e-01 1.794325e-03 6.526648e-01
    outer loop
      vertex   8.319751e+00 6.500000e+00 -8.313751e+01
      vertex   8.133419e+00 1.500000e+00 -8.290746e+01
      vertex   8.902282e+00 1.500000e+00 -8.379999e+01
    endloop
  endfacet
  facet normal 7.555036e-01 1.216471e-03 6.551434e-01
    outer loop
      vertex   8.319751e+00 6.500000e+00 -8.313751e+01
      vertex   8.902282e+00 1.500000e+00 -8.379999e+01
      vertex   8.884475e+00 6.500000e+00 -8.378874e+01
    endloop
  endfacet
  facet normal 7.432875e-01 1.141849e-03 6.689711e-01
    outer loop
      vertex   8.884475e+00 6.500000e+00 -8.378874e+01
      vertex   8.902282e+00 1.500000e+00 -8.379999e+01
      vertex   9.457306e+00 6.500000e+00 -8.442521e+01
    endloop
  endfacet
  facet normal 7.410042e-01 1.711296e-03 6.714982e-01
    outer loop
      vertex   9.457306e+00 6.500000e+00 -8.442521e+01
      vertex   8.902282e+00 1.500000e+00 -8.379999e+01
      vertex   9.705844e+00 1.500000e+00 -8.468673e+01
    endloop
  endfacet
  facet normal 7.306118e-01 6.039493e-04 6.827928e-01
    outer loop
      vertex   9.457306e+00 6.500000e+00 -8.442521e+01
      vertex   9.705844e+00 1.500000e+00 -8.468673e+01
      vertex   1.003831e+01 6.500000e+00 -8.504691e+01
    endloop
  endfacet
  facet normal 7.229799e-01 1.693040e-03 6.908670e-01
    outer loop
      vertex   1.003831e+01 6.500000e+00 -8.504691e+01
      vertex   9.705844e+00 1.500000e+00 -8.468673e+01
      vertex   1.054444e+01 1.500000e+00 -8.556430e+01
    endloop
  endfacet
  facet normal 7.174750e-01 5.442159e-04 6.965840e-01
    outer loop
      vertex   1.003831e+01 6.500000e+00 -8.504691e+01
      vertex   1.054444e+01 1.500000e+00 -8.556430e+01
      vertex   1.062757e+01 6.500000e+00 -8.565384e+01
    endloop
  endfacet
  facet normal 7.038785e-01 1.016243e-03 7.103197e-01
    outer loop
      vertex   1.062757e+01 6.500000e+00 -8.565384e+01
      vertex   1.054444e+01 1.500000e+00 -8.556430e+01
      vertex   1.122514e+01 6.500000e+00 -8.624599e+01
    endloop
  endfacet
  facet normal 7.035251e-01 1.112068e-03 7.106696e-01
    outer loop
      vertex   1.122514e+01 6.500000e+00 -8.624599e+01
      vertex   1.054444e+01 1.500000e+00 -8.556430e+01
      vertex   1.141441e+01 1.500000e+00 -8.642553e+01
    endloop
  endfacet
  facet normal 6.898261e-01 1.157724e-04 7.239751e-01
    outer loop
      vertex   1.122514e+01 6.500000e+00 -8.624599e+01
      vertex   1.141441e+01 1.500000e+00 -8.642553e+01
      vertex   1.183111e+01 6.500000e+00 -8.682337e+01
    endloop
  endfacet
  facet normal 6.828831e-01 1.215705e-03 7.305266e-01
    outer loop
      vertex   1.183111e+01 6.500000e+00 -8.682337e+01
      vertex   1.141441e+01 1.500000e+00 -8.642553e+01
      vertex   1.229629e+01 1.500000e+00 -8.724990e+01
    endloop
  endfacet
  facet normal 6.753221e-01 -8.457686e-05 7.375229e-01
    outer loop
      vertex   1.183111e+01 6.500000e+00 -8.682337e+01
      vertex   1.229629e+01 1.500000e+00 -8.724990e+01
      vertex   1.244553e+01 6.500000e+00 -8.738598e+01
    endloop
  endfacet
  facet normal 6.613202e-01 6.757306e-04 7.501034e-01
    outer loop
      vertex   1.244553e+01 6.500000e+00 -8.738598e+01
      vertex   1.229629e+01 1.500000e+00 -8.724990e+01
      vertex   1.318781e+01 1.500000e+00 -8.803589e+01
    endloop
  endfacet
  facet normal 6.603739e-01 4.269282e-04 7.509368e-01
    outer loop
      vertex   1.244553e+01 6.500000e+00 -8.738598e+01
      vertex   1.318781e+01 1.500000e+00 -8.803589e+01
      vertex   1.306848e+01 6.500000e+00 -8.793380e+01
    endloop
  endfacet
  facet normal 6.449914e-01 -2.107776e-04 7.641898e-01
    outer loop
      vertex   1.306848e+01 6.500000e+00 -8.793380e+01
      vertex   1.318781e+01 1.500000e+00 -8.803589e+01
      vertex   1.370004e+01 6.500000e+00 -8.846685e+01
    endloop
  endfacet
  facet normal 6.389409e-01 8.456757e-04 7.692554e-01
    outer loop
      vertex   1.370004e+01 6.500000e+00 -8.846685e+01
      vertex   1.318781e+01 1.500000e+00 -8.803589e+01
      vertex   1.408937e+01 1.500000e+00 -8.878473e+01
    endloop
  endfacet
  facet normal 6.291677e-01 -4.248377e-04 7.772694e-01
    outer loop
      vertex   1.370004e+01 6.500000e+00 -8.846685e+01
      vertex   1.408937e+01 1.500000e+00 -8.878473e+01
      vertex   1.434009e+01 6.500000e+00 -8.898495e+01
    endloop
  endfacet
  facet normal 6.158430e-01 6.677350e-04 7.878686e-01
    outer loop
      vertex   1.434009e+01 6.500000e+00 -8.898495e+01
      vertex   1.408937e+01 1.500000e+00 -8.878473e+01
      vertex   1.500141e+01 1.500000e+00 -8.949763e+01
    endloop
  endfacet
  facet normal 6.127167e-01 4.652380e-06 7.903026e-01
    outer loop
      vertex   1.434009e+01 6.500000e+00 -8.898495e+01
      vertex   1.500141e+01 1.500000e+00 -8.949763e+01
      vertex   1.498661e+01 6.500000e+00 -8.948618e+01
    endloop
  endfacet
  facet normal 5.958941e-01 -7.438079e-05 8.030630e-01
    outer loop
      vertex   1.498661e+01 6.500000e+00 -8.948618e+01
      vertex   1.500141e+01 1.500000e+00 -8.949763e+01
      vertex   1.563906e+01 6.500000e+00 -8.997032e+01
    endloop
  endfacet
  facet normal 5.921401e-01 6.663979e-04 8.058347e-01
    outer loop
      vertex   1.563906e+01 6.500000e+00 -8.997032e+01
      vertex   1.500141e+01 1.500000e+00 -8.949763e+01
      vertex   1.592435e+01 1.500000e+00 -9.017582e+01
    endloop
  endfacet
  facet normal 5.788313e-01 -4.880344e-04 8.154472e-01
    outer loop
      vertex   1.563906e+01 6.500000e+00 -8.997032e+01
      vertex   1.592435e+01 1.500000e+00 -9.017582e+01
      vertex   1.629758e+01 6.500000e+00 -9.043776e+01
    endloop
  endfacet
  facet normal 5.679603e-01 7.220426e-04 8.230556e-01
    outer loop
      vertex   1.629758e+01 6.500000e+00 -9.043776e+01
      vertex   1.592435e+01 1.500000e+00 -9.017582e+01
      vertex   1.685860e+01 1.500000e+00 -9.082051e+01
    endloop
  endfacet
  facet normal 5.615751e-01 -3.289298e-04 8.274257e-01
    outer loop
      vertex   1.629758e+01 6.500000e+00 -9.043776e+01
      vertex   1.685860e+01 1.500000e+00 -9.082051e+01
      vertex   1.696230e+01 6.500000e+00 -9.088891e+01
    endloop
  endfacet
  facet normal 5.441746e-01 1.898786e-04 8.389720e-01
    outer loop
      vertex   1.696230e+01 6.500000e+00 -9.088891e+01
      vertex   1.685860e+01 1.500000e+00 -9.082051e+01
      vertex   1.763333e+01 6.500000e+00 -9.132415e+01
    endloop
  endfacet
  facet normal 5.434436e-01 3.508501e-04 8.394456e-01
    outer loop
      vertex   1.763333e+01 6.500000e+00 -9.132415e+01
      vertex   1.685860e+01 1.500000e+00 -9.082051e+01
      vertex   1.780460e+01 1.500000e+00 -9.143294e+01
    endloop
  endfacet
  facet normal 5.266803e-01 -4.543531e-04 8.500633e-01
    outer loop
      vertex   1.763333e+01 6.500000e+00 -9.132415e+01
      vertex   1.780460e+01 1.500000e+00 -9.143294e+01
      vertex   1.831081e+01 6.500000e+00 -9.174390e+01
    endloop
  endfacet
  facet normal 5.187380e-01 6.526108e-04 8.549330e-01
    outer loop
      vertex   1.831081e+01 6.500000e+00 -9.174390e+01
      vertex   1.780460e+01 1.500000e+00 -9.143294e+01
      vertex   1.876275e+01 1.500000e+00 -9.201431e+01
    endloop
  endfacet
  facet normal 5.091440e-01 -5.254527e-04 8.606812e-01
    outer loop
      vertex   1.831081e+01 6.500000e+00 -9.174390e+01
      vertex   1.876275e+01 1.500000e+00 -9.201431e+01
      vertex   1.899486e+01 6.500000e+00 -9.214856e+01
    endloop
  endfacet
  facet normal 4.939969e-01 4.134820e-04 8.694635e-01
    outer loop
      vertex   1.899486e+01 6.500000e+00 -9.214856e+01
      vertex   1.876275e+01 1.500000e+00 -9.201431e+01
      vertex   1.973350e+01 1.500000e+00 -9.256585e+01
    endloop
  endfacet
  facet normal 4.916177e-01 -5.046206e-05 8.708111e-01
    outer loop
      vertex   1.899486e+01 6.500000e+00 -9.214856e+01
      vertex   1.973350e+01 1.500000e+00 -9.256585e+01
      vertex   1.968560e+01 6.500000e+00 -9.253852e+01
    endloop
  endfacet
  facet normal 4.741533e-01 -2.704179e-04 8.804423e-01
    outer loop
      vertex   1.968560e+01 6.500000e+00 -9.253852e+01
      vertex   1.973350e+01 1.500000e+00 -9.256585e+01
      vertex   2.038317e+01 6.500000e+00 -9.291418e+01
    endloop
  endfacet
  facet normal 4.693746e-01 5.286065e-04 8.829990e-01
    outer loop
      vertex   2.038317e+01 6.500000e+00 -9.291418e+01
      vertex   1.973350e+01 1.500000e+00 -9.256585e+01
      vertex   2.071725e+01 1.500000e+00 -9.308878e+01
    endloop
  endfacet
  facet normal 4.568017e-01 -5.408851e-04 8.895684e-01
    outer loop
      vertex   2.038317e+01 6.500000e+00 -9.291418e+01
      vertex   2.071725e+01 1.500000e+00 -9.308878e+01
      vertex   2.108768e+01 6.500000e+00 -9.327596e+01
    endloop
  endfacet
  facet normal 4.450229e-01 5.545131e-04 8.955190e-01
    outer loop
      vertex   2.108768e+01 6.500000e+00 -9.327596e+01
      vertex   2.071725e+01 1.500000e+00 -9.308878e+01
      vertex   2.171444e+01 1.500000e+00 -9.358433e+01
    endloop
  endfacet
  facet normal 4.396129e-01 -2.882065e-04 8.981873e-01
    outer loop
      vertex   2.108768e+01 6.500000e+00 -9.327596e+01
      vertex   2.171444e+01 1.500000e+00 -9.358433e+01
      vertex   2.179927e+01 6.500000e+00 -9.362424e+01
    endloop
  endfacet
  facet normal 4.226347e-01 6.460612e-05 9.063001e-01
    outer loop
      vertex   2.179927e+01 6.500000e+00 -9.362424e+01
      vertex   2.171444e+01 1.500000e+00 -9.358433e+01
      vertex   2.251806e+01 6.500000e+00 -9.395944e+01
    endloop
  endfacet
  facet normal 4.210878e-01 3.672125e-04 9.070198e-01
    outer loop
      vertex   2.251806e+01 6.500000e+00 -9.395944e+01
      vertex   2.171444e+01 1.500000e+00 -9.358433e+01
      vertex   2.272548e+01 1.500000e+00 -9.405371e+01
    endloop
  endfacet
  facet normal 4.059125e-01 -3.922811e-04 9.139119e-01
    outer loop
      vertex   2.251806e+01 6.500000e+00 -9.395944e+01
      vertex   2.272548e+01 1.500000e+00 -9.405371e+01
      vertex   2.324417e+01 6.500000e+00 -9.428194e+01
    endloop
  endfacet
  facet normal 3.977060e-01 6.234116e-04 9.175127e-01
    outer loop
      vertex   2.324417e+01 6.500000e+00 -9.428194e+01
      vertex   2.272548e+01 1.500000e+00 -9.405371e+01
      vertex   2.375080e+01 1.500000e+00 -9.449814e+01
    endloop
  endfacet
  facet normal 3.894894e-01 -3.612711e-04 9.210309e-01
    outer loop
      vertex   2.324417e+01 6.500000e+00 -9.428194e+01
      vertex   2.375080e+01 1.500000e+00 -9.449814e+01
      vertex   2.397774e+01 6.500000e+00 -9.459215e+01
    endloop
  endfacet
  facet normal 3.749920e-01 4.094856e-04 9.270280e-01
    outer loop
      vertex   2.397774e+01 6.500000e+00 -9.459215e+01
      vertex   2.375080e+01 1.500000e+00 -9.449814e+01
      vertex   2.479143e+01 1.500000e+00 -9.491909e+01
    endloop
  endfacet
  facet normal 3.734052e-01 1.093917e-04 9.276683e-01
    outer loop
      vertex   2.397774e+01 6.500000e+00 -9.459215e+01
      vertex   2.479143e+01 1.500000e+00 -9.491909e+01
      vertex   2.471889e+01 6.500000e+00 -9.489048e+01
    endloop
  endfacet
  facet normal 3.576967e-01 -1.538147e-04 9.338378e-01
    outer loop
      vertex   2.471889e+01 6.500000e+00 -9.489048e+01
      vertex   2.479143e+01 1.500000e+00 -9.491909e+01
      vertex   2.546773e+01 6.500000e+00 -9.517732e+01
    endloop
  endfacet
  facet normal 3.529644e-01 5.791775e-04 9.356366e-01
    outer loop
      vertex   2.546773e+01 6.500000e+00 -9.517732e+01
      vertex   2.479143e+01 1.500000e+00 -9.491909e+01
      vertex   2.585246e+01 1.500000e+00 -9.531936e+01
    endloop
  endfacet
  facet normal 3.423970e-01 -3.452664e-04 9.395553e-01
    outer loop
      vertex   2.546773e+01 6.500000e+00 -9.517732e+01
      vertex   2.585246e+01 1.500000e+00 -9.531936e+01
      vertex   2.622441e+01 6.500000e+00 -9.545307e+01
    endloop
  endfacet
  facet normal 3.316692e-01 5.554706e-04 9.433956e-01
    outer loop
      vertex   2.622441e+01 6.500000e+00 -9.545307e+01
      vertex   2.585246e+01 1.500000e+00 -9.531936e+01
      vertex   2.693548e+01 1.500000e+00 -9.570011e+01
    endloop
  endfacet
  facet normal 3.275361e-01 -1.036054e-04 9.448387e-01
    outer loop
      vertex   2.622441e+01 6.500000e+00 -9.545307e+01
      vertex   2.693548e+01 1.500000e+00 -9.570011e+01
      vertex   2.698905e+01 6.500000e+00 -9.571814e+01
    endloop
  endfacet
  facet normal 3.131402e-01 6.817469e-05 9.497069e-01
    outer loop
      vertex   2.698905e+01 6.500000e+00 -9.571814e+01
      vertex   2.693548e+01 1.500000e+00 -9.570011e+01
      vertex   2.776176e+01 6.500000e+00 -9.597292e+01
    endloop
  endfacet
  facet normal 3.111711e-01 4.288732e-04 9.503538e-01
    outer loop
      vertex   2.776176e+01 6.500000e+00 -9.597292e+01
      vertex   2.693548e+01 1.500000e+00 -9.570011e+01
      vertex   2.804108e+01 1.500000e+00 -9.606212e+01
    endloop
  endfacet
  facet normal 2.992321e-01 -3.063404e-04 9.541803e-01
    outer loop
      vertex   2.776176e+01 6.500000e+00 -9.597292e+01
      vertex   2.804108e+01 1.500000e+00 -9.606212e+01
      vertex   2.854269e+01 6.500000e+00 -9.621782e+01
    endloop
  endfacet
  facet normal 2.915253e-01 5.410232e-04 9.565630e-01
    outer loop
      vertex   2.854269e+01 6.500000e+00 -9.621782e+01
      vertex   2.804108e+01 1.500000e+00 -9.606212e+01
      vertex   2.916987e+01 1.500000e+00 -9.640613e+01
    endloop
  endfacet
  facet normal 2.858440e-01 -2.361454e-04 9.582761e-01
    outer loop
      vertex   2.854269e+01 6.500000e+00 -9.621782e+01
      vertex   2.916987e+01 1.500000e+00 -9.640613e+01
      vertex   2.933358e+01 6.500000e+00 -9.645373e+01
    endloop
  endfacet
  facet normal 2.729260e-01 2.225903e-04 9.620350e-01
    outer loop
      vertex   2.933358e+01 6.500000e+00 -9.645373e+01
      vertex   2.916987e+01 1.500000e+00 -9.640613e+01
      vertex   3.013579e+01 6.500000e+00 -9.668132e+01
    endloop
  endfacet
  facet normal 2.727746e-01 2.541815e-04 9.620779e-01
    outer loop
      vertex   3.013579e+01 6.500000e+00 -9.668132e+01
      vertex   2.916987e+01 1.500000e+00 -9.640613e+01
      vertex   3.032247e+01 1.500000e+00 -9.673292e+01
    endloop
  endfacet
  facet normal 2.604463e-01 -2.413083e-04 9.654883e-01
    outer loop
      vertex   3.013579e+01 6.500000e+00 -9.668132e+01
      vertex   3.032247e+01 1.500000e+00 -9.673292e+01
      vertex   3.094957e+01 6.500000e+00 -9.690084e+01
    endloop
  endfacet
  facet normal 2.549497e-01 4.972961e-04 9.669542e-01
    outer loop
      vertex   3.094957e+01 6.500000e+00 -9.690084e+01
      vertex   3.032247e+01 1.500000e+00 -9.673292e+01
      vertex   3.149949e+01 1.500000e+00 -9.704326e+01
    endloop
  endfacet
  facet normal 2.484138e-01 -2.699765e-04 9.686540e-01
    outer loop
      vertex   3.094957e+01 6.500000e+00 -9.690084e+01
      vertex   3.149949e+01 1.500000e+00 -9.704326e+01
      vertex   3.177512e+01 6.500000e+00 -9.711255e+01
    endloop
  endfacet
  facet normal 2.380705e-01 3.361525e-04 9.712478e-01
    outer loop
      vertex   3.177512e+01 6.500000e+00 -9.711255e+01
      vertex   3.149949e+01 1.500000e+00 -9.704326e+01
      vertex   3.270153e+01 1.500000e+00 -9.733790e+01
    endloop
  endfacet
  facet normal 2.368346e-01 9.352724e-05 9.715500e-01
    outer loop
      vertex   3.177512e+01 6.500000e+00 -9.711255e+01
      vertex   3.270153e+01 1.500000e+00 -9.733790e+01
      vertex   3.261269e+01 6.500000e+00 -9.731673e+01
    endloop
  endfacet
  facet normal 2.257126e-01 -1.153041e-04 9.741939e-01
    outer loop
      vertex   3.261269e+01 6.500000e+00 -9.731673e+01
      vertex   3.270153e+01 1.500000e+00 -9.733790e+01
      vertex   3.346249e+01 6.500000e+00 -9.751362e+01
    endloop
  endfacet
  facet normal 2.221472e-01 4.561074e-04 9.750130e-01
    outer loop
      vertex   3.346249e+01 6.500000e+00 -9.751362e+01
      vertex   3.270153e+01 1.500000e+00 -9.733790e+01
      vertex   3.392921e+01 1.500000e+00 -9.761762e+01
    endloop
  endfacet
  facet normal 2.150499e-01 -2.394702e-04 9.766030e-01
    outer loop
      vertex   3.346249e+01 6.500000e+00 -9.751362e+01
      vertex   3.392921e+01 1.500000e+00 -9.761762e+01
      vertex   3.432474e+01 6.500000e+00 -9.770349e+01
    endloop
  endfacet
  facet normal 2.071812e-01 4.121799e-04 9.783025e-01
    outer loop
      vertex   3.432474e+01 6.500000e+00 -9.770349e+01
      vertex   3.392921e+01 1.500000e+00 -9.761762e+01
      vertex   3.518314e+01 1.500000e+00 -9.788317e+01
    endloop
  endfacet
  facet normal 2.048462e-01 -6.349020e-06 9.787942e-01
    outer loop
      vertex   3.432474e+01 6.500000e+00 -9.770349e+01
      vertex   3.518314e+01 1.500000e+00 -9.788317e+01
      vertex   3.519969e+01 6.500000e+00 -9.788660e+01
    endloop
  endfacet
  facet normal 1.950999e-01 2.728249e-05 9.807834e-01
    outer loop
      vertex   3.519969e+01 6.500000e+00 -9.788660e+01
      vertex   3.518314e+01 1.500000e+00 -9.788317e+01
      vertex   3.608755e+01 6.500000e+00 -9.806322e+01
    endloop
  endfacet
  facet normal 1.931664e-01 3.907890e-04 9.811659e-01
    outer loop
      vertex   3.608755e+01 6.500000e+00 -9.806322e+01
      vertex   3.518314e+01 1.500000e+00 -9.788317e+01
      vertex   3.646392e+01 1.500000e+00 -9.813532e+01
    endloop
  endfacet
  facet normal 1.858077e-01 -1.836131e-04 9.825861e-01
    outer loop
      vertex   3.608755e+01 6.500000e+00 -9.806322e+01
      vertex   3.646392e+01 1.500000e+00 -9.813532e+01
      vertex   3.698855e+01 6.500000e+00 -9.823360e+01
    endloop
  endfacet
  facet normal 1.800907e-01 4.371527e-04 9.836499e-01
    outer loop
      vertex   3.698855e+01 6.500000e+00 -9.823360e+01
      vertex   3.646392e+01 1.500000e+00 -9.813532e+01
      vertex   3.777216e+01 1.500000e+00 -9.837484e+01
    endloop
  endfacet
  facet normal 1.769648e-01 -6.877487e-05 9.842172e-01
    outer loop
      vertex   3.698855e+01 6.500000e+00 -9.823360e+01
      vertex   3.777216e+01 1.500000e+00 -9.837484e+01
      vertex   3.790291e+01 6.500000e+00 -9.839800e+01
    endloop
  endfacet
  facet normal 1.685654e-01 1.576885e-04 9.856905e-01
    outer loop
      vertex   3.790291e+01 6.500000e+00 -9.839800e+01
      vertex   3.777216e+01 1.500000e+00 -9.837484e+01
      vertex   3.883087e+01 6.500000e+00 -9.855669e+01
    endloop
  endfacet
  facet normal 1.679364e-01 2.947876e-04 9.857978e-01
    outer loop
      vertex   3.883087e+01 6.500000e+00 -9.855669e+01
      vertex   3.777216e+01 1.500000e+00 -9.837484e+01
      vertex   3.910849e+01 1.500000e+00 -9.860249e+01
    endloop
  endfacet
  facet normal 1.606027e-01 -1.235973e-04 9.870191e-01
    outer loop
      vertex   3.883087e+01 6.500000e+00 -9.855669e+01
      vertex   3.910849e+01 1.500000e+00 -9.860249e+01
      vertex   3.977264e+01 6.500000e+00 -9.870993e+01
    endloop
  endfacet
  facet normal 1.566815e-01 4.107822e-04 9.876491e-01
    outer loop
      vertex   3.977264e+01 6.500000e+00 -9.870993e+01
      vertex   3.910849e+01 1.500000e+00 -9.860249e+01
      vertex   4.047349e+01 1.500000e+00 -9.881904e+01
    endloop
  endfacet
  facet normal 1.530687e-01 -1.080002e-04 9.882156e-01
    outer loop
      vertex   3.977264e+01 6.500000e+00 -9.870993e+01
      vertex   4.047349e+01 1.500000e+00 -9.881904e+01
      vertex   4.072845e+01 6.500000e+00 -9.885798e+01
    endloop
  endfacet
  facet normal 1.463009e-01 2.450771e-04 9.892401e-01
    outer loop
      vertex   4.072845e+01 6.500000e+00 -9.885798e+01
      vertex   4.047349e+01 1.500000e+00 -9.881904e+01
      vertex   4.186779e+01 1.500000e+00 -9.902524e+01
    endloop
  endfacet
  facet normal 1.459549e-01 1.645107e-04 9.892912e-01
    outer loop
      vertex   4.072845e+01 6.500000e+00 -9.885798e+01
      vertex   4.186779e+01 1.500000e+00 -9.902524e+01
      vertex   4.169853e+01 6.500000e+00 -9.900110e+01
    endloop
  endfacet
  facet normal 1.392521e-01 -6.705537e-05 9.902570e-01
    outer loop
      vertex   4.169853e+01 6.500000e+00 -9.900110e+01
      vertex   4.186779e+01 1.500000e+00 -9.902524e+01
      vertex   4.268311e+01 6.500000e+00 -9.913956e+01
    endloop
  endfacet
  facet normal 1.367667e-01 3.461485e-04 9.906032e-01
    outer loop
      vertex   4.268311e+01 6.500000e+00 -9.913956e+01
      vertex   4.186779e+01 1.500000e+00 -9.902524e+01
      vertex   4.329200e+01 1.500000e+00 -9.922188e+01
    endloop
  endfacet
  facet normal 1.329507e-01 -1.271054e-04 9.911226e-01
    outer loop
      vertex   4.268311e+01 6.500000e+00 -9.913956e+01
      vertex   4.329200e+01 1.500000e+00 -9.922188e+01
      vertex   4.368241e+01 6.500000e+00 -9.927360e+01
    endloop
  endfacet
  facet normal 1.299974e-01 1.075421e-04 9.915143e-01
    outer loop
      vertex   4.368241e+01 6.500000e+00 -9.927360e+01
      vertex   4.329200e+01 1.500000e+00 -9.922188e+01
      vertex   4.401781e+01 1.500000e+00 -9.931704e+01
    endloop
  endfacet
  facet normal 1.270405e-01 -9.413764e-05 9.918975e-01
    outer loop
      vertex   4.368241e+01 6.500000e+00 -9.927360e+01
      vertex   4.401781e+01 1.500000e+00 -9.931704e+01
      vertex   4.469666e+01 6.500000e+00 -9.940351e+01
    endloop
  endfacet
  facet normal 1.253395e-01 1.405511e-04 9.921139e-01
    outer loop
      vertex   4.469666e+01 6.500000e+00 -9.940351e+01
      vertex   4.401781e+01 1.500000e+00 -9.931704e+01
      vertex   4.476064e+01 1.500000e+00 -9.941088e+01
    endloop
  endfacet
  facet normal 1.210156e-01 8.443137e-05 9.926506e-01
    outer loop
      vertex   4.469666e+01 6.500000e+00 -9.940351e+01
      vertex   4.476064e+01 1.500000e+00 -9.941088e+01
      vertex   4.551994e+01 1.500000e+00 -9.950345e+01
    endloop
  endfacet
  facet normal 1.215111e-01 1.672200e-04 9.925901e-01
    outer loop
      vertex   4.469666e+01 6.500000e+00 -9.940351e+01
      vertex   4.551994e+01 1.500000e+00 -9.950345e+01
      vertex   4.572607e+01 6.500000e+00 -9.952953e+01
    endloop
  endfacet
  facet normal 1.170223e-01 3.550909e-04 9.931292e-01
    outer loop
      vertex   4.572607e+01 6.500000e+00 -9.952953e+01
      vertex   4.551994e+01 1.500000e+00 -9.950345e+01
      vertex   4.629455e+01 1.500000e+00 -9.959472e+01
    endloop
  endfacet
  facet normal 1.163518e-01 2.778316e-04 9.932080e-01
    outer loop
      vertex   4.572607e+01 6.500000e+00 -9.952953e+01
      vertex   4.629455e+01 1.500000e+00 -9.959472e+01
      vertex   4.677089e+01 6.500000e+00 -9.965192e+01
    endloop
  endfacet
  facet normal 1.133236e-01 5.703257e-04 9.935580e-01
    outer loop
      vertex   4.677089e+01 6.500000e+00 -9.965192e+01
      vertex   4.629455e+01 1.500000e+00 -9.959472e+01
      vertex   4.708330e+01 1.500000e+00 -9.968469e+01
    endloop
  endfacet
  facet normal 1.115518e-01 4.583102e-04 9.937585e-01
    outer loop
      vertex   4.677089e+01 6.500000e+00 -9.965192e+01
      vertex   4.708330e+01 1.500000e+00 -9.968469e+01
      vertex   4.783134e+01 6.500000e+00 -9.977096e+01
    endloop
  endfacet
  facet normal 1.098887e-01 7.103116e-04 9.939436e-01
    outer loop
      vertex   4.783134e+01 6.500000e+00 -9.977096e+01
      vertex   4.708330e+01 1.500000e+00 -9.968469e+01
      vertex   4.788501e+01 1.500000e+00 -9.977332e+01
    endloop
  endfacet
  facet normal 1.071003e-01 6.802364e-04 9.942480e-01
    outer loop
      vertex   4.783134e+01 6.500000e+00 -9.977096e+01
      vertex   4.788501e+01 1.500000e+00 -9.977332e+01
      vertex   4.890763e+01 6.500000e+00 -9.988690e+01
    endloop
  endfacet
  facet normal 1.051900e-01 1.075565e-03 9.944516e-01
    outer loop
      vertex   4.890763e+01 6.500000e+00 -9.988690e+01
      vertex   4.788501e+01 1.500000e+00 -9.977332e+01
      vertex   4.952263e+01 1.500000e+00 -9.994654e+01
    endloop
  endfacet
  facet normal 1.029863e-01 8.017524e-04 9.946825e-01
    outer loop
      vertex   4.890763e+01 6.500000e+00 -9.988690e+01
      vertex   4.952263e+01 1.500000e+00 -9.994654e+01
      vertex   5.000000e+01 6.500000e+00 -1.000000e+02
    endloop
  endfacet
  facet normal 9.960475e-02 1.128274e-03 9.950264e-01
    outer loop
      vertex   5.000000e+01 6.500000e+00 -1.000000e+02
      vertex   4.952263e+01 1.500000e+00 -9.994654e+01
      vertex   5.119807e+01 1.500000e+00 -1.001143e+02
    endloop
  endfacet
  facet normal 9.904770e-02 9.935232e-04 9.950822e-01
    outer loop
      vertex   5.000000e+01 6.500000e+00 -1.000000e+02
      vertex   5.119807e+01 1.500000e+00 -1.001143e+02
      vertex   5.119501e+01 6.500000e+00 -1.001189e+02
    endloop
  endfacet
  facet normal 9.528884e-02 9.915634e-04 9.954492e-01
    outer loop
      vertex   5.119501e+01 6.500000e+00 -1.001189e+02
      vertex   5.119807e+01 1.500000e+00 -1.001143e+02
      vertex   5.240922e+01 6.500000e+00 -1.002352e+02
    endloop
  endfacet
  facet normal 9.469412e-02 1.136989e-03 9.955058e-01
    outer loop
      vertex   5.240922e+01 6.500000e+00 -1.002352e+02
      vertex   5.119807e+01 1.500000e+00 -1.001143e+02
      vertex   5.290195e+01 1.500000e+00 -1.002763e+02
    endloop
  endfacet
  facet normal 9.223476e-02 8.927264e-04 9.957369e-01
    outer loop
      vertex   5.240922e+01 6.500000e+00 -1.002352e+02
      vertex   5.290195e+01 1.500000e+00 -1.002763e+02
      vertex   5.362625e+01 6.500000e+00 -1.003479e+02
    endloop
  endfacet
  facet normal 9.034726e-02 1.168624e-03 9.959096e-01
    outer loop
      vertex   5.362625e+01 6.500000e+00 -1.003479e+02
      vertex   5.290195e+01 1.500000e+00 -1.002763e+02
      vertex   5.462491e+01 1.500000e+00 -1.004326e+02
    endloop
  endfacet
  facet normal 8.973574e-02 1.045545e-03 9.959651e-01
    outer loop
      vertex   5.362625e+01 6.500000e+00 -1.003479e+02
      vertex   5.462491e+01 1.500000e+00 -1.004326e+02
      vertex   5.482824e+01 6.500000e+00 -1.004562e+02
    endloop
  endfacet
  facet normal 8.474577e-02 1.250527e-03 9.964018e-01
    outer loop
      vertex   5.482824e+01 6.500000e+00 -1.004562e+02
      vertex   5.462491e+01 1.500000e+00 -1.004326e+02
      vertex   5.809058e+01 1.500000e+00 -1.007274e+02
    endloop
  endfacet
  facet normal 8.595182e-02 2.043114e-03 9.962972e-01
    outer loop
      vertex   5.482824e+01 6.500000e+00 -1.004562e+02
      vertex   5.809058e+01 1.500000e+00 -1.007274e+02
      vertex   5.720801e+01 6.500000e+00 -1.006615e+02
    endloop
  endfacet
  facet normal 8.099717e-02 1.163056e-03 9.967137e-01
    outer loop
      vertex   5.720801e+01 6.500000e+00 -1.006615e+02
      vertex   5.809058e+01 1.500000e+00 -1.007274e+02
      vertex   5.959082e+01 6.500000e+00 -1.008552e+02
    endloop
  endfacet
  facet normal 7.990299e-02 1.493610e-03 9.968015e-01
    outer loop
      vertex   5.959082e+01 6.500000e+00 -1.008552e+02
      vertex   5.809058e+01 1.500000e+00 -1.007274e+02
      vertex   5.981457e+01 1.500000e+00 -1.008656e+02
    endloop
  endfacet
  facet normal 7.748520e-02 1.385016e-03 9.969925e-01
    outer loop
      vertex   5.959082e+01 6.500000e+00 -1.008552e+02
      vertex   5.981457e+01 1.500000e+00 -1.008656e+02
      vertex   6.079661e+01 6.500000e+00 -1.009489e+02
    endloop
  endfacet
  facet normal 7.709894e-02 1.461377e-03 9.970224e-01
    outer loop
      vertex   6.079661e+01 6.500000e+00 -1.009489e+02
      vertex   5.981457e+01 1.500000e+00 -1.008656e+02
      vertex   6.152017e+01 1.500000e+00 -1.009975e+02
    endloop
  endfacet
  facet normal 7.530580e-02 1.200553e-03 9.971598e-01
    outer loop
      vertex   6.079661e+01 6.500000e+00 -1.009489e+02
      vertex   6.152017e+01 1.500000e+00 -1.009975e+02
      vertex   6.201906e+01 6.500000e+00 -1.010412e+02
    endloop
  endfacet
  facet normal 7.456581e-02 1.274872e-03 9.972153e-01
    outer loop
      vertex   6.201906e+01 6.500000e+00 -1.010412e+02
      vertex   6.152017e+01 1.500000e+00 -1.009975e+02
      vertex   6.319802e+01 1.500000e+00 -1.011229e+02
    endloop
  endfacet
  facet normal 7.327890e-02 9.698638e-04 9.973110e-01
    outer loop
      vertex   6.201906e+01 6.500000e+00 -1.010412e+02
      vertex   6.319802e+01 1.500000e+00 -1.011229e+02
      vertex   6.326345e+01 6.500000e+00 -1.011326e+02
    endloop
  endfacet
  facet normal 7.142212e-02 9.944218e-04 9.974457e-01
    outer loop
      vertex   6.326345e+01 6.500000e+00 -1.011326e+02
      vertex   6.319802e+01 1.500000e+00 -1.011229e+02
      vertex   6.453508e+01 6.500000e+00 -1.012237e+02
    endloop
  endfacet
  facet normal 7.227455e-02 7.652371e-04 9.973845e-01
    outer loop
      vertex   6.453508e+01 6.500000e+00 -1.012237e+02
      vertex   6.319802e+01 1.500000e+00 -1.011229e+02
      vertex   6.483875e+01 1.500000e+00 -1.012418e+02
    endloop
  endfacet
  facet normal 6.974763e-02 6.111161e-04 9.975645e-01
    outer loop
      vertex   6.453508e+01 6.500000e+00 -1.012237e+02
      vertex   6.483875e+01 1.500000e+00 -1.012418e+02
      vertex   6.583926e+01 6.500000e+00 -1.013149e+02
    endloop
  endfacet
  facet normal 7.069051e-02 4.214757e-04 9.974982e-01
    outer loop
      vertex   6.583926e+01 6.500000e+00 -1.013149e+02
      vertex   6.483875e+01 1.500000e+00 -1.012418e+02
      vertex   6.564226e+01 1.500000e+00 -1.012988e+02
    endloop
  endfacet
  facet normal 6.970578e-02 4.604956e-04 9.975675e-01
    outer loop
      vertex   6.583926e+01 6.500000e+00 -1.013149e+02
      vertex   6.564226e+01 1.500000e+00 -1.012988e+02
      vertex   6.643299e+01 1.500000e+00 -1.013540e+02
    endloop
  endfacet
  facet normal 6.826213e-02 2.882842e-04 9.976674e-01
    outer loop
      vertex   6.583926e+01 6.500000e+00 -1.013149e+02
      vertex   6.643299e+01 1.500000e+00 -1.013540e+02
      vertex   6.718127e+01 6.500000e+00 -1.014067e+02
    endloop
  endfacet
  facet normal 6.877038e-02 2.118539e-04 9.976325e-01
    outer loop
      vertex   6.718127e+01 6.500000e+00 -1.014067e+02
      vertex   6.643299e+01 1.500000e+00 -1.013540e+02
      vertex   6.720975e+01 1.500000e+00 -1.014076e+02
    endloop
  endfacet
  facet normal 6.726981e-02 2.032886e-04 9.977348e-01
    outer loop
      vertex   6.718127e+01 6.500000e+00 -1.014067e+02
      vertex   6.720975e+01 1.500000e+00 -1.014076e+02
      vertex   6.786812e+01 6.500000e+00 -1.014530e+02
    endloop
  endfacet
  facet normal 6.788271e-02 1.222082e-04 9.976933e-01
    outer loop
      vertex   6.786812e+01 6.500000e+00 -1.014530e+02
      vertex   6.720975e+01 1.500000e+00 -1.014076e+02
      vertex   6.797138e+01 1.500000e+00 -1.014594e+02
    endloop
  endfacet
  facet normal 6.666974e-02 9.705389e-05 9.977751e-01
    outer loop
      vertex   6.786812e+01 6.500000e+00 -1.014530e+02
      vertex   6.797138e+01 1.500000e+00 -1.014594e+02
      vertex   6.856642e+01 6.500000e+00 -1.014996e+02
    endloop
  endfacet
  facet normal 6.704156e-02 5.260402e-05 9.977502e-01
    outer loop
      vertex   6.856642e+01 6.500000e+00 -1.014996e+02
      vertex   6.797138e+01 1.500000e+00 -1.014594e+02
      vertex   6.871671e+01 1.500000e+00 -1.015095e+02
    endloop
  endfacet
  facet normal 6.611640e-02 2.467529e-05 9.978119e-01
    outer loop
      vertex   6.856642e+01 6.500000e+00 -1.014996e+02
      vertex   6.871671e+01 1.500000e+00 -1.015095e+02
      vertex   6.927683e+01 6.500000e+00 -1.015467e+02
    endloop
  endfacet
  facet normal 6.624603e-02 1.009028e-05 9.978033e-01
    outer loop
      vertex   6.927683e+01 6.500000e+00 -1.015467e+02
      vertex   6.871671e+01 1.500000e+00 -1.015095e+02
      vertex   6.944455e+01 1.500000e+00 -1.015578e+02
    endloop
  endfacet
  facet normal 6.560898e-02 -1.137342e-05 9.978454e-01
    outer loop
      vertex   6.927683e+01 6.500000e+00 -1.015467e+02
      vertex   6.944455e+01 1.500000e+00 -1.015578e+02
      vertex   7.000000e+01 6.500000e+00 -1.015943e+02
    endloop
  endfacet
  facet normal 6.549558e-02 1.278503e-06 9.978529e-01
    outer loop
      vertex   7.000000e+01 6.500000e+00 -1.015943e+02
      vertex   6.944455e+01 1.500000e+00 -1.015578e+02
      vertex   7.015376e+01 1.500000e+00 -1.016044e+02
    endloop
  endfacet
  facet normal 6.496556e-02 -1.509029e-05 9.978875e-01
    outer loop
      vertex   7.000000e+01 6.500000e+00 -1.015943e+02
      vertex   7.015376e+01 1.500000e+00 -1.016044e+02
      vertex   7.070233e+01 6.500000e+00 -1.016400e+02
    endloop
  endfacet
  facet normal 6.479008e-02 4.244300e-06 9.978989e-01
    outer loop
      vertex   7.070233e+01 6.500000e+00 -1.016400e+02
      vertex   7.015376e+01 1.500000e+00 -1.016044e+02
      vertex   7.084315e+01 1.500000e+00 -1.016491e+02
    endloop
  endfacet
  facet normal 6.423462e-02 -1.146484e-05 9.979348e-01
    outer loop
      vertex   7.070233e+01 6.500000e+00 -1.016400e+02
      vertex   7.084315e+01 1.500000e+00 -1.016491e+02
      vertex   7.123541e+01 1.519280e+00 -1.016744e+02
    endloop
  endfacet
  facet normal 6.418112e-02 -1.721416e-05 9.979383e-01
    outer loop
      vertex   7.070233e+01 6.500000e+00 -1.016400e+02
      vertex   7.123541e+01 1.519280e+00 -1.016744e+02
      vertex   7.137481e+01 6.500000e+00 -1.016832e+02
    endloop
  endfacet
  facet normal 6.380850e-02 -6.742359e-06 9.979622e-01
    outer loop
      vertex   7.137481e+01 6.500000e+00 -1.016832e+02
      vertex   7.123541e+01 1.519280e+00 -1.016744e+02
      vertex   7.162352e+01 1.576861e+00 -1.016992e+02
    endloop
  endfacet
  facet normal 6.344490e-02 -2.518561e-05 9.979853e-01
    outer loop
      vertex   7.137481e+01 6.500000e+00 -1.016832e+02
      vertex   7.162352e+01 1.576861e+00 -1.016992e+02
      vertex   7.201567e+01 6.500000e+00 -1.017240e+02
    endloop
  endfacet
  facet normal 6.338974e-02 -2.077401e-05 9.979888e-01
    outer loop
      vertex   7.201567e+01 6.500000e+00 -1.017240e+02
      vertex   7.162352e+01 1.576861e+00 -1.016992e+02
      vertex   7.200463e+01 1.672344e+00 -1.017234e+02
    endloop
  endfacet
  facet normal 6.297174e-02 -1.981466e-05 9.980153e-01
    outer loop
      vertex   7.201567e+01 6.500000e+00 -1.017240e+02
      vertex   7.200463e+01 1.672344e+00 -1.017234e+02
      vertex   7.237425e+01 1.804635e+00 -1.017467e+02
    endloop
  endfacet
  facet normal 6.275801e-02 -3.620192e-05 9.980288e-01
    outer loop
      vertex   7.201567e+01 6.500000e+00 -1.017240e+02
      vertex   7.237425e+01 1.804635e+00 -1.017467e+02
      vertex   7.262314e+01 6.500000e+00 -1.017622e+02
    endloop
  endfacet
  facet normal 6.257601e-02 -2.651672e-05 9.980402e-01
    outer loop
      vertex   7.262314e+01 6.500000e+00 -1.017622e+02
      vertex   7.237425e+01 1.804635e+00 -1.017467e+02
      vertex   7.272869e+01 1.972294e+00 -1.017689e+02
    endloop
  endfacet
  facet normal 6.220043e-02 -3.530714e-05 9.980637e-01
    outer loop
      vertex   7.262314e+01 6.500000e+00 -1.017622e+02
      vertex   7.272869e+01 1.972294e+00 -1.017689e+02
      vertex   7.306540e+01 2.174101e+00 -1.017899e+02
    endloop
  endfacet
  facet normal 6.212275e-02 -4.328002e-05 9.980685e-01
    outer loop
      vertex   7.262314e+01 6.500000e+00 -1.017622e+02
      vertex   7.306540e+01 2.174101e+00 -1.017899e+02
      vertex   7.319544e+01 6.500000e+00 -1.017978e+02
    endloop
  endfacet
  facet normal 6.183501e-02 -3.459701e-05 9.980864e-01
    outer loop
      vertex   7.319544e+01 6.500000e+00 -1.017978e+02
      vertex   7.306540e+01 2.174101e+00 -1.017899e+02
      vertex   7.338110e+01 2.408271e+00 -1.018095e+02
    endloop
  endfacet
  facet normal 6.154301e-02 -4.789741e-05 9.981044e-01
    outer loop
      vertex   7.319544e+01 6.500000e+00 -1.017978e+02
      vertex   7.338110e+01 2.408271e+00 -1.018095e+02
      vertex   7.373081e+01 6.500000e+00 -1.018308e+02
    endloop
  endfacet
  facet normal 6.150619e-02 -4.473884e-05 9.981067e-01
    outer loop
      vertex   7.373081e+01 6.500000e+00 -1.018308e+02
      vertex   7.338110e+01 2.408271e+00 -1.018095e+02
      vertex   7.367157e+01 2.671573e+00 -1.018273e+02
    endloop
  endfacet
  facet normal 6.116495e-02 -3.944022e-05 9.981277e-01
    outer loop
      vertex   7.373081e+01 6.500000e+00 -1.018308e+02
      vertex   7.367157e+01 2.671573e+00 -1.018273e+02
      vertex   7.395161e+01 2.951607e+00 -1.018445e+02
    endloop
  endfacet
  facet normal 6.102500e-02 -4.818167e-05 9.981362e-01
    outer loop
      vertex   7.373081e+01 6.500000e+00 -1.018308e+02
      vertex   7.395161e+01 2.951607e+00 -1.018445e+02
      vertex   7.422745e+01 6.500000e+00 -1.018612e+02
    endloop
  endfacet
  facet normal 6.083227e-02 -3.314340e-05 9.981480e-01
    outer loop
      vertex   7.422745e+01 6.500000e+00 -1.018612e+02
      vertex   7.395161e+01 2.951607e+00 -1.018445e+02
      vertex   7.421332e+01 3.213324e+00 -1.018604e+02
    endloop
  endfacet
  facet normal 6.055398e-02 -3.194333e-05 9.981649e-01
    outer loop
      vertex   7.422745e+01 6.500000e+00 -1.018612e+02
      vertex   7.421332e+01 3.213324e+00 -1.018604e+02
      vertex   7.445717e+01 3.457173e+00 -1.018752e+02
    endloop
  endfacet
  facet normal 6.057844e-02 -3.008991e-05 9.981634e-01
    outer loop
      vertex   7.422745e+01 6.500000e+00 -1.018612e+02
      vertex   7.445717e+01 3.457173e+00 -1.018752e+02
      vertex   7.468361e+01 6.500000e+00 -1.018889e+02
    endloop
  endfacet
  facet normal 6.031835e-02 -1.066447e-05 9.981792e-01
    outer loop
      vertex   7.468361e+01 6.500000e+00 -1.018889e+02
      vertex   7.445717e+01 3.457173e+00 -1.018752e+02
      vertex   7.468361e+01 3.683607e+00 -1.018889e+02
    endloop
  endfacet
  facet normal 6.025424e-02 -1.066446e-05 9.981831e-01
    outer loop
      vertex   7.468361e+01 6.500000e+00 -1.018889e+02
      vertex   7.468361e+01 3.683607e+00 -1.018889e+02
      vertex   7.500000e+01 6.500000e+00 -1.019080e+02
    endloop
  endfacet
  facet normal 5.851273e-02 1.856781e-04 9.982866e-01
    outer loop
      vertex   7.500000e+01 6.500000e+00 -1.019080e+02
      vertex   7.468361e+01 3.683607e+00 -1.018889e+02
      vertex   7.532879e+01 6.500000e+00 -1.019272e+02
    endloop
  endfacet
  facet normal 6.046508e-02 -2.631503e-04 9.981703e-01
    outer loop
      vertex   7.532879e+01 6.500000e+00 -1.019272e+02
      vertex   7.468361e+01 3.683607e+00 -1.018889e+02
      vertex   7.567460e+01 6.500000e+00 -1.019482e+02
    endloop
  endfacet
  facet normal 6.036911e-02 -2.292613e-04 9.981761e-01
    outer loop
      vertex   7.567460e+01 6.500000e+00 -1.019482e+02
      vertex   7.468361e+01 3.683607e+00 -1.018889e+02
      vertex   7.642110e+01 5.424240e+00 -1.019936e+02
    endloop
  endfacet
  facet normal 6.040082e-02 -2.071762e-04 9.981742e-01
    outer loop
      vertex   7.567460e+01 6.500000e+00 -1.019482e+02
      vertex   7.642110e+01 5.424240e+00 -1.019936e+02
      vertex   7.603840e+01 6.500000e+00 -1.019702e+02
    endloop
  endfacet
  facet normal 6.098106e-02 1.030851e-08 9.981389e-01
    outer loop
      vertex   7.603840e+01 6.500000e+00 -1.019702e+02
      vertex   7.642110e+01 5.424240e+00 -1.019936e+02
      vertex   7.642110e+01 6.500000e+00 -1.019936e+02
    endloop
  endfacet
  facet normal 8.305664e-02 -2.298991e-02 9.962796e-01
    outer loop
      vertex   7.468361e+01 3.683607e+00 -1.018889e+02
      vertex   7.484675e+01 3.846753e+00 -1.018987e+02
      vertex   7.642110e+01 5.424240e+00 -1.019936e+02
    endloop
  endfacet
  facet normal 6.020883e-02 -7.297670e-05 9.981858e-01
    outer loop
      vertex   7.642110e+01 5.424240e+00 -1.019936e+02
      vertex   7.484675e+01 3.846753e+00 -1.018987e+02
      vertex   7.500000e+01 4.000000e+00 -1.019080e+02
    endloop
  endfacet
  facet normal 6.013946e-02 -3.513379e-06 9.981900e-01
    outer loop
      vertex   7.642110e+01 5.424240e+00 -1.019936e+02
      vertex   7.500000e+01 4.000000e+00 -1.019080e+02
      vertex   7.632843e+01 5.328427e+00 -1.019880e+02
    endloop
  endfacet
  facet normal -6.593458e-01 -7.518398e-01 2.236166e-17
    outer loop
      vertex   -3.890957e-01 1.913293e+00 -1.080000e+02
      vertex   -3.890957e-01 1.913293e+00 -1.025714e+02
      vertex   -5.857864e-01 2.085786e+00 -1.080000e+02
    endloop
  endfacet
  facet normal -6.593458e-01 -7.518398e-01 1.954367e-17
    outer loop
      vertex   -5.857864e-01 2.085786e+00 -1.080000e+02
      vertex   -3.890957e-01 1.913293e+00 -1.025714e+02
      vertex   -3.890957e-01 1.913293e+00 -9.714286e+01
    endloop
  endfacet
  facet normal -6.593458e-01 -7.518398e-01 -1.954367e-17
    outer loop
      vertex   -5.857864e-01 2.085786e+00 -1.080000e+02
      vertex   -3.890957e-01 1.913293e+00 -9.714286e+01
      vertex   -3.890957e-01 1.913293e+00 -9.171429e+01
    endloop
  endfacet
  facet normal -5.555702e-01 -8.314696e-01 -5.082151e-17
    outer loop
      vertex   -3.890957e-01 1.913293e+00 -9.171429e+01
      vertex   -3.890957e-01 1.913293e+00 -9.714286e+01
      vertex   -1.715729e-01 1.767949e+00 -9.171429e+01
    endloop
  endfacet
  facet normal -5.555702e-01 -8.314696e-01 6.351693e-17
    outer loop
      vertex   -3.890957e-01 1.913293e+00 -9.171429e+01
      vertex   -1.715729e-01 1.767949e+00 -9.171429e+01
      vertex   -1.715729e-01 1.767949e+00 -8.628571e+01
    endloop
  endfacet
  facet normal -4.422887e-01 -8.968727e-01 1.155652e-17
    outer loop
      vertex   -1.715729e-01 1.767949e+00 -8.628571e+01
      vertex   -1.715729e-01 1.767949e+00 -9.171429e+01
      vertex   6.306026e-02 1.652241e+00 -8.628571e+01
    endloop
  endfacet
  facet normal -4.422887e-01 -8.968727e-01 -9.771836e-18
    outer loop
      vertex   -1.715729e-01 1.767949e+00 -8.628571e+01
      vertex   6.306026e-02 1.652241e+00 -8.628571e+01
      vertex   6.306026e-02 1.652241e+00 -8.085714e+01
    endloop
  endfacet
  facet normal -3.214395e-01 -9.469301e-01 -9.034310e-17
    outer loop
      vertex   6.306026e-02 1.652241e+00 -8.085714e+01
      vertex   6.306026e-02 1.652241e+00 -8.628571e+01
      vertex   3.107890e-01 1.568148e+00 -8.085714e+01
    endloop
  endfacet
  facet normal -3.214395e-01 -9.469301e-01 6.107397e-17
    outer loop
      vertex   6.306026e-02 1.652241e+00 -8.085714e+01
      vertex   3.107890e-01 1.568148e+00 -8.085714e+01
      vertex   3.107890e-01 1.568148e+00 -7.542857e+01
    endloop
  endfacet
  facet normal -1.950903e-01 -9.807853e-01 -4.497955e-17
    outer loop
      vertex   3.107890e-01 1.568148e+00 -7.542857e+01
      vertex   3.107890e-01 1.568148e+00 -8.085714e+01
      vertex   5.673747e-01 1.517110e+00 -7.542857e+01
    endloop
  endfacet
  facet normal -1.950902e-01 -9.807849e-01 -8.652654e-04
    outer loop
      vertex   3.107890e-01 1.568148e+00 -7.542857e+01
      vertex   5.673747e-01 1.517110e+00 -7.542857e+01
      vertex   4.037148e-01 1.545615e+00 -7.083909e+01
    endloop
  endfacet
  facet normal -1.590263e-01 -9.872742e-01 4.610716e-04
    outer loop
      vertex   4.037148e-01 1.545615e+00 -7.083909e+01
      vertex   5.673747e-01 1.517110e+00 -7.542857e+01
      vertex   6.143234e-01 1.511492e+00 -7.126593e+01
    endloop
  endfacet
  facet normal -5.504138e-02 -9.984838e-01 -7.268584e-04
    outer loop
      vertex   6.143234e-01 1.511492e+00 -7.126593e+01
      vertex   5.673747e-01 1.517110e+00 -7.542857e+01
      vertex   8.284271e-01 1.500000e+00 -7.169242e+01
    endloop
  endfacet
  facet normal -6.540313e-02 -9.978589e-01 -5.252362e-17
    outer loop
      vertex   8.284271e-01 1.500000e+00 -7.169242e+01
      vertex   5.673747e-01 1.517110e+00 -7.542857e+01
      vertex   5.673747e-01 1.517110e+00 -8.085714e+01
    endloop
  endfacet
  facet normal -6.540313e-02 -9.978589e-01 -9.588614e-17
    outer loop
      vertex   8.284271e-01 1.500000e+00 -7.169242e+01
      vertex   5.673747e-01 1.517110e+00 -8.085714e+01
      vertex   5.673747e-01 1.517110e+00 -8.628571e+01
    endloop
  endfacet
  facet normal -1.950903e-01 -9.807853e-01 3.902620e-17
    outer loop
      vertex   5.673747e-01 1.517110e+00 -8.628571e+01
      vertex   5.673747e-01 1.517110e+00 -8.085714e+01
      vertex   3.107890e-01 1.568148e+00 -8.628571e+01
    endloop
  endfacet
  facet normal -1.950903e-01 -9.807853e-01 -1.209265e-16
    outer loop
      vertex   5.673747e-01 1.517110e+00 -8.628571e+01
      vertex   3.107890e-01 1.568148e+00 -8.628571e+01
      vertex   3.107890e-01 1.568148e+00 -9.171429e+01
    endloop
  endfacet
  facet normal -3.214395e-01 -9.469301e-01 -8.169203e-18
    outer loop
      vertex   3.107890e-01 1.568148e+00 -9.171429e+01
      vertex   3.107890e-01 1.568148e+00 -8.628571e+01
      vertex   6.306026e-02 1.652241e+00 -9.171429e+01
    endloop
  endfacet
  facet normal -3.214395e-01 -9.469301e-01 -4.397326e-17
    outer loop
      vertex   3.107890e-01 1.568148e+00 -9.171429e+01
      vertex   6.306026e-02 1.652241e+00 -9.171429e+01
      vertex   6.306026e-02 1.652241e+00 -9.714286e+01
    endloop
  endfacet
  facet normal -4.422887e-01 -8.968727e-01 3.994842e-17
    outer loop
      vertex   6.306026e-02 1.652241e+00 -9.714286e+01
      vertex   6.306026e-02 1.652241e+00 -9.171429e+01
      vertex   -1.715729e-01 1.767949e+00 -9.714286e+01
    endloop
  endfacet
  facet normal -4.422887e-01 -8.968727e-01 -7.328877e-17
    outer loop
      vertex   6.306026e-02 1.652241e+00 -9.714286e+01
      vertex   -1.715729e-01 1.767949e+00 -9.714286e+01
      vertex   -1.715729e-01 1.767949e+00 -1.025714e+02
    endloop
  endfacet
  facet normal -5.555702e-01 -8.314696e-01 -1.942111e-17
    outer loop
      vertex   -1.715729e-01 1.767949e+00 -1.025714e+02
      vertex   -1.715729e-01 1.767949e+00 -9.714286e+01
      vertex   -3.890957e-01 1.913293e+00 -1.025714e+02
    endloop
  endfacet
  facet normal -5.555702e-01 -8.314696e-01 -4.885918e-18
    outer loop
      vertex   -1.715729e-01 1.767949e+00 -1.025714e+02
      vertex   -3.890957e-01 1.913293e+00 -1.025714e+02
      vertex   -3.890957e-01 1.913293e+00 -1.080000e+02
    endloop
  endfacet
  facet normal -5.555702e-01 -8.314696e-01 -4.885918e-18
    outer loop
      vertex   -3.890957e-01 1.913293e+00 -1.080000e+02
      vertex   -1.715729e-01 1.767949e+00 -1.080000e+02
      vertex   -1.715729e-01 1.767949e+00 -1.025714e+02
    endloop
  endfacet
  facet normal -4.422887e-01 -8.968727e-01 -6.181297e-17
    outer loop
      vertex   -1.715729e-01 1.767949e+00 -1.025714e+02
      vertex   -1.715729e-01 1.767949e+00 -1.080000e+02
      vertex   6.306026e-02 1.652241e+00 -1.025714e+02
    endloop
  endfacet
  facet normal -4.422887e-01 -8.968727e-01 2.931551e-17
    outer loop
      vertex   -1.715729e-01 1.767949e+00 -1.025714e+02
      vertex   6.306026e-02 1.652241e+00 -1.025714e+02
      vertex   6.306026e-02 1.652241e+00 -9.714286e+01
    endloop
  endfacet
  facet normal -3.214395e-01 -9.469301e-01 -5.161086e-17
    outer loop
      vertex   6.306026e-02 1.652241e+00 -9.714286e+01
      vertex   6.306026e-02 1.652241e+00 -1.025714e+02
      vertex   3.107890e-01 1.568148e+00 -9.714286e+01
    endloop
  endfacet
  facet normal -3.214395e-01 -9.469301e-01 8.794652e-17
    outer loop
      vertex   6.306026e-02 1.652241e+00 -9.714286e+01
      vertex   3.107890e-01 1.568148e+00 -9.714286e+01
      vertex   3.107890e-01 1.568148e+00 -9.171429e+01
    endloop
  endfacet
  facet normal -1.950903e-01 -9.807853e-01 -1.284231e-17
    outer loop
      vertex   3.107890e-01 1.568148e+00 -9.171429e+01
      vertex   3.107890e-01 1.568148e+00 -9.714286e+01
      vertex   5.673747e-01 1.517110e+00 -9.171429e+01
    endloop
  endfacet
  facet normal -1.950903e-01 -9.807853e-01 4.275178e-17
    outer loop
      vertex   3.107890e-01 1.568148e+00 -9.171429e+01
      vertex   5.673747e-01 1.517110e+00 -9.171429e+01
      vertex   5.673747e-01 1.517110e+00 -8.628571e+01
    endloop
  endfacet
  facet normal -6.540313e-02 -9.978589e-01 -9.504439e-17
    outer loop
      vertex   5.673747e-01 1.517110e+00 -8.628571e+01
      vertex   5.673747e-01 1.517110e+00 -9.171429e+01
      vertex   8.284271e-01 1.500000e+00 -7.169242e+01
    endloop
  endfacet
  facet normal -4.422887e-01 -8.968727e-01 6.351693e-17
    outer loop
      vertex   -1.715729e-01 1.767949e+00 -1.080000e+02
      vertex   6.306026e-02 1.652241e+00 -1.080000e+02
      vertex   6.306026e-02 1.652241e+00 -1.025714e+02
    endloop
  endfacet
  facet normal -3.214395e-01 -9.469301e-01 -1.452210e-17
    outer loop
      vertex   6.306026e-02 1.652241e+00 -1.025714e+02
      vertex   6.306026e-02 1.652241e+00 -1.080000e+02
      vertex   3.107890e-01 1.568148e+00 -1.025714e+02
    endloop
  endfacet
  facet normal -3.214395e-01 -9.469301e-01 6.840285e-17
    outer loop
      vertex   6.306026e-02 1.652241e+00 -1.025714e+02
      vertex   3.107890e-01 1.568148e+00 -1.025714e+02
      vertex   3.107890e-01 1.568148e+00 -9.714286e+01
    endloop
  endfacet
  facet normal -1.950903e-01 -9.807853e-01 -4.098967e-17
    outer loop
      vertex   3.107890e-01 1.568148e+00 -9.714286e+01
      vertex   3.107890e-01 1.568148e+00 -1.025714e+02
      vertex   5.673747e-01 1.517110e+00 -9.714286e+01
    endloop
  endfacet
  facet normal -1.950903e-01 -9.807853e-01 1.233694e-16
    outer loop
      vertex   3.107890e-01 1.568148e+00 -9.714286e+01
      vertex   5.673747e-01 1.517110e+00 -9.714286e+01
      vertex   5.673747e-01 1.517110e+00 -9.171429e+01
    endloop
  endfacet
  facet normal -6.540313e-02 -9.978589e-01 -1.341363e-17
    outer loop
      vertex   5.673747e-01 1.517110e+00 -9.171429e+01
      vertex   5.673747e-01 1.517110e+00 -9.714286e+01
      vertex   8.284271e-01 1.500000e+00 -1.080000e+02
    endloop
  endfacet
  facet normal -6.540313e-02 -9.978589e-01 8.382762e-17
    outer loop
      vertex   5.673747e-01 1.517110e+00 -9.171429e+01
      vertex   8.284271e-01 1.500000e+00 -1.080000e+02
      vertex   8.284271e-01 1.500000e+00 -7.169242e+01
    endloop
  endfacet
  facet normal -3.214395e-01 -9.469301e-01 -9.771836e-18
    outer loop
      vertex   6.306026e-02 1.652241e+00 -1.080000e+02
      vertex   3.107890e-01 1.568148e+00 -1.080000e+02
      vertex   3.107890e-01 1.568148e+00 -1.025714e+02
    endloop
  endfacet
  facet normal -1.950903e-01 -9.807853e-01 -1.212237e-16
    outer loop
      vertex   3.107890e-01 1.568148e+00 -1.025714e+02
      vertex   3.107890e-01 1.568148e+00 -1.080000e+02
      vertex   5.673747e-01 1.517110e+00 -1.025714e+02
    endloop
  endfacet
  facet normal -1.950903e-01 -9.807853e-01 3.908734e-17
    outer loop
      vertex   3.107890e-01 1.568148e+00 -1.025714e+02
      vertex   5.673747e-01 1.517110e+00 -1.025714e+02
      vertex   5.673747e-01 1.517110e+00 -9.714286e+01
    endloop
  endfacet
  facet normal -6.540313e-02 -9.978589e-01 -9.638198e-17
    outer loop
      vertex   5.673747e-01 1.517110e+00 -9.714286e+01
      vertex   5.673747e-01 1.517110e+00 -1.025714e+02
      vertex   8.284271e-01 1.500000e+00 -1.080000e+02
    endloop
  endfacet
  facet normal -1.950903e-01 -9.807853e-01 4.275178e-17
    outer loop
      vertex   3.107890e-01 1.568148e+00 -1.080000e+02
      vertex   5.673747e-01 1.517110e+00 -1.080000e+02
      vertex   5.673747e-01 1.517110e+00 -1.025714e+02
    endloop
  endfacet
  facet normal -6.540313e-02 -9.978589e-01 -9.504439e-17
    outer loop
      vertex   5.673747e-01 1.517110e+00 -1.025714e+02
      vertex   5.673747e-01 1.517110e+00 -1.080000e+02
      vertex   8.284271e-01 1.500000e+00 -1.080000e+02
    endloop
  endfacet
  facet normal -2.629477e-01 -9.648099e-01 5.871136e-04
    outer loop
      vertex   4.037148e-01 1.545615e+00 -7.083909e+01
      vertex   1.983556e-01 1.601841e+00 -7.041581e+01
      vertex   3.107890e-01 1.568148e+00 -7.542857e+01
    endloop
  endfacet
  facet normal -3.214394e-01 -9.469298e-01 -8.450034e-04
    outer loop
      vertex   3.107890e-01 1.568148e+00 -7.542857e+01
      vertex   1.983556e-01 1.601841e+00 -7.041581e+01
      vertex   6.306026e-02 1.652241e+00 -7.542857e+01
    endloop
  endfacet
  facet normal -3.214395e-01 -9.469301e-01 2.442959e-17
    outer loop
      vertex   3.107890e-01 1.568148e+00 -7.542857e+01
      vertex   6.306026e-02 1.652241e+00 -7.542857e+01
      vertex   6.306026e-02 1.652241e+00 -8.085714e+01
    endloop
  endfacet
  facet normal -4.422887e-01 -8.968727e-01 1.020111e-16
    outer loop
      vertex   6.306026e-02 1.652241e+00 -8.085714e+01
      vertex   6.306026e-02 1.652241e+00 -7.542857e+01
      vertex   -1.715729e-01 1.767949e+00 -8.085714e+01
    endloop
  endfacet
  facet normal -4.422887e-01 -8.968727e-01 -1.099332e-16
    outer loop
      vertex   6.306026e-02 1.652241e+00 -8.085714e+01
      vertex   -1.715729e-01 1.767949e+00 -8.085714e+01
      vertex   -1.715729e-01 1.767949e+00 -8.628571e+01
    endloop
  endfacet
  facet normal -5.555702e-01 -8.314696e-01 -5.343068e-17
    outer loop
      vertex   -1.715729e-01 1.767949e+00 -8.628571e+01
      vertex   -1.715729e-01 1.767949e+00 -8.085714e+01
      vertex   -3.890957e-01 1.913293e+00 -8.628571e+01
    endloop
  endfacet
  facet normal -5.555702e-01 -8.314696e-01 4.885918e-17
    outer loop
      vertex   -1.715729e-01 1.767949e+00 -8.628571e+01
      vertex   -3.890957e-01 1.913293e+00 -8.628571e+01
      vertex   -3.890957e-01 1.913293e+00 -9.171429e+01
    endloop
  endfacet
  facet normal -6.593458e-01 -7.518398e-01 7.334102e-17
    outer loop
      vertex   -3.890957e-01 1.913293e+00 -9.171429e+01
      vertex   -3.890957e-01 1.913293e+00 -8.628571e+01
      vertex   -5.857864e-01 2.085786e+00 -1.080000e+02
    endloop
  endfacet
  facet normal -3.642881e-01 -9.312862e-01 4.687772e-04
    outer loop
      vertex   1.983556e-01 1.601841e+00 -7.041581e+01
      vertex   -9.902734e-15 1.679641e+00 -7.000000e+01
      vertex   6.306026e-02 1.652241e+00 -7.542857e+01
    endloop
  endfacet
  facet normal -4.422886e-01 -8.968726e-01 -6.110013e-04
    outer loop
      vertex   6.306026e-02 1.652241e+00 -7.542857e+01
      vertex   -9.902734e-15 1.679641e+00 -7.000000e+01
      vertex   -1.715729e-01 1.767949e+00 -7.542857e+01
    endloop
  endfacet
  facet normal -4.422887e-01 -8.968727e-01 4.885918e-17
    outer loop
      vertex   6.306026e-02 1.652241e+00 -7.542857e+01
      vertex   -1.715729e-01 1.767949e+00 -7.542857e+01
      vertex   -1.715729e-01 1.767949e+00 -8.085714e+01
    endloop
  endfacet
  facet normal -5.555702e-01 -8.314696e-01 9.681037e-17
    outer loop
      vertex   -1.715729e-01 1.767949e+00 -8.085714e+01
      vertex   -1.715729e-01 1.767949e+00 -7.542857e+01
      vertex   -3.890957e-01 1.913293e+00 -8.085714e+01
    endloop
  endfacet
  facet normal -5.555702e-01 -8.314696e-01 -7.817469e-17
    outer loop
      vertex   -1.715729e-01 1.767949e+00 -8.085714e+01
      vertex   -3.890957e-01 1.913293e+00 -8.085714e+01
      vertex   -3.890957e-01 1.913293e+00 -8.628571e+01
    endloop
  endfacet
  facet normal -6.593458e-01 -7.518398e-01 -5.558690e-17
    outer loop
      vertex   -3.890957e-01 1.913293e+00 -8.628571e+01
      vertex   -3.890957e-01 1.913293e+00 -8.085714e+01
      vertex   -5.857864e-01 2.085786e+00 -1.080000e+02
    endloop
  endfacet
  facet normal -4.677987e-01 -8.838350e-01 4.073454e-04
    outer loop
      vertex   -9.902734e-15 1.679641e+00 -7.000000e+01
      vertex   -2.110048e-01 1.791322e+00 -7.000000e+01
      vertex   -1.715729e-01 1.767949e+00 -7.542857e+01
    endloop
  endfacet
  facet normal -5.555702e-01 -8.314695e-01 -4.556650e-04
    outer loop
      vertex   -1.715729e-01 1.767949e+00 -7.542857e+01
      vertex   -2.110048e-01 1.791322e+00 -7.000000e+01
      vertex   -3.890957e-01 1.913293e+00 -7.542857e+01
    endloop
  endfacet
  facet normal -5.555702e-01 -8.314696e-01 1.465775e-17
    outer loop
      vertex   -1.715729e-01 1.767949e+00 -7.542857e+01
      vertex   -3.890957e-01 1.913293e+00 -7.542857e+01
      vertex   -3.890957e-01 1.913293e+00 -8.085714e+01
    endloop
  endfacet
  facet normal -6.593458e-01 -7.518398e-01 3.962953e-17
    outer loop
      vertex   -3.890957e-01 1.913293e+00 -8.085714e+01
      vertex   -3.890957e-01 1.913293e+00 -7.542857e+01
      vertex   -5.857864e-01 2.085786e+00 -1.080000e+02
    endloop
  endfacet
  facet normal -5.697802e-01 -8.217971e-01 2.278363e-04
    outer loop
      vertex   -2.110048e-01 1.791322e+00 -7.000000e+01
      vertex   -4.071988e-01 1.927350e+00 -7.000000e+01
      vertex   -3.890957e-01 1.913293e+00 -7.542857e+01
    endloop
  endfacet
  facet normal -6.437393e-01 -7.652448e-01 -1.652345e-04
    outer loop
      vertex   -3.890957e-01 1.913293e+00 -7.542857e+01
      vertex   -4.071988e-01 1.927350e+00 -7.000000e+01
      vertex   -5.857864e-01 2.085786e+00 -1.080000e+02
    endloop
  endfacet
  facet normal -6.636429e-01 -7.480495e-01 -1.262029e-17
    outer loop
      vertex   -4.071988e-01 1.927350e+00 -7.000000e+01
      vertex   -5.857864e-01 2.085786e+00 -7.000000e+01
      vertex   -5.857864e-01 2.085786e+00 -1.080000e+02
    endloop
  endfacet
  facet normal -5.555702e-01 -8.314696e-01 6.280080e-17
    outer loop
      vertex   -1.715729e-01 1.767949e+00 -9.171429e+01
      vertex   -3.890957e-01 1.913293e+00 -9.714286e+01
      vertex   -1.715729e-01 1.767949e+00 -9.714286e+01
    endloop
  endfacet
  facet normal -5.555702e-01 -8.314696e-01 0.000000e+00
    outer loop
      vertex   -1.715729e-01 1.767949e+00 -9.714286e+01
      vertex   -3.890957e-01 1.913293e+00 -9.714286e+01
      vertex   -3.890957e-01 1.913293e+00 -1.025714e+02
    endloop
  endfacet
  facet normal -4.422887e-01 -8.968727e-01 6.532634e-17
    outer loop
      vertex   6.306026e-02 1.652241e+00 -8.628571e+01
      vertex   -1.715729e-01 1.767949e+00 -9.171429e+01
      vertex   6.306026e-02 1.652241e+00 -9.171429e+01
    endloop
  endfacet
  facet normal -4.422887e-01 -8.968727e-01 9.771836e-18
    outer loop
      vertex   6.306026e-02 1.652241e+00 -9.171429e+01
      vertex   -1.715729e-01 1.767949e+00 -9.171429e+01
      vertex   -1.715729e-01 1.767949e+00 -9.714286e+01
    endloop
  endfacet
  facet normal -3.214395e-01 -9.469301e-01 6.272136e-17
    outer loop
      vertex   3.107890e-01 1.568148e+00 -8.085714e+01
      vertex   6.306026e-02 1.652241e+00 -8.628571e+01
      vertex   3.107890e-01 1.568148e+00 -8.628571e+01
    endloop
  endfacet
  facet normal -3.214395e-01 -9.469301e-01 -1.221479e-17
    outer loop
      vertex   3.107890e-01 1.568148e+00 -8.628571e+01
      vertex   6.306026e-02 1.652241e+00 -8.628571e+01
      vertex   6.306026e-02 1.652241e+00 -9.171429e+01
    endloop
  endfacet
  facet normal -1.950903e-01 -9.807853e-01 8.712299e-17
    outer loop
      vertex   5.673747e-01 1.517110e+00 -7.542857e+01
      vertex   3.107890e-01 1.568148e+00 -8.085714e+01
      vertex   5.673747e-01 1.517110e+00 -8.085714e+01
    endloop
  endfacet
  facet normal -1.950903e-01 -9.807853e-01 -4.519474e-17
    outer loop
      vertex   5.673747e-01 1.517110e+00 -8.085714e+01
      vertex   3.107890e-01 1.568148e+00 -8.085714e+01
      vertex   3.107890e-01 1.568148e+00 -8.628571e+01
    endloop
  endfacet
  facet normal 0.000000e+00 -1.000000e+00 0.000000e+00
    outer loop
      vertex   7.084315e+01 1.500000e+00 -1.080000e+02
      vertex   4.551994e+01 1.500000e+00 -9.950345e+01
      vertex   8.284271e-01 1.500000e+00 -1.080000e+02
    endloop
  endfacet
  facet normal 0.000000e+00 -1.000000e+00 0.000000e+00
    outer loop
      vertex   8.284271e-01 1.500000e+00 -1.080000e+02
      vertex   4.551994e+01 1.500000e+00 -9.950345e+01
      vertex   4.476064e+01 1.500000e+00 -9.941088e+01
    endloop
  endfacet
  facet normal -5.447447e-16 -1.000000e+00 2.786297e-15
    outer loop
      vertex   8.284271e-01 1.500000e+00 -1.080000e+02
      vertex   4.476064e+01 1.500000e+00 -9.941088e+01
      vertex   4.401781e+01 1.500000e+00 -9.931704e+01
    endloop
  endfacet
  facet normal -0.000000e+00 -1.000000e+00 -0.000000e+00
    outer loop
      vertex   7.084315e+01 1.500000e+00 -1.016491e+02
      vertex   7.015376e+01 1.500000e+00 -1.016044e+02
      vertex   7.084315e+01 1.500000e+00 -1.080000e+02
    endloop
  endfacet
  facet normal 0.000000e+00 -1.000000e+00 0.000000e+00
    outer loop
      vertex   7.084315e+01 1.500000e+00 -1.080000e+02
      vertex   7.015376e+01 1.500000e+00 -1.016044e+02
      vertex   6.944455e+01 1.500000e+00 -1.015578e+02
    endloop
  endfacet
  facet normal 0.000000e+00 -1.000000e+00 0.000000e+00
    outer loop
      vertex   7.084315e+01 1.500000e+00 -1.080000e+02
      vertex   6.944455e+01 1.500000e+00 -1.015578e+02
      vertex   6.871671e+01 1.500000e+00 -1.015095e+02
    endloop
  endfacet
  facet normal -0.000000e+00 -1.000000e+00 -0.000000e+00
    outer loop
      vertex   6.871671e+01 1.500000e+00 -1.015095e+02
      vertex   6.797138e+01 1.500000e+00 -1.014594e+02
      vertex   7.084315e+01 1.500000e+00 -1.080000e+02
    endloop
  endfacet
  facet normal 3.005167e-16 -1.000000e+00 1.319472e-16
    outer loop
      vertex   7.084315e+01 1.500000e+00 -1.080000e+02
      vertex   6.797138e+01 1.500000e+00 -1.014594e+02
      vertex   6.720975e+01 1.500000e+00 -1.014076e+02
    endloop
  endfacet
  facet normal -2.995620e-16 -1.000000e+00 -1.987847e-16
    outer loop
      vertex   7.084315e+01 1.500000e+00 -1.080000e+02
      vertex   6.720975e+01 1.500000e+00 -1.014076e+02
      vertex   6.643299e+01 1.500000e+00 -1.013540e+02
    endloop
  endfacet
  facet normal -0.000000e+00 -1.000000e+00 -0.000000e+00
    outer loop
      vertex   6.643299e+01 1.500000e+00 -1.013540e+02
      vertex   6.564226e+01 1.500000e+00 -1.012988e+02
      vertex   7.084315e+01 1.500000e+00 -1.080000e+02
    endloop
  endfacet
  facet normal 0.000000e+00 -1.000000e+00 0.000000e+00
    outer loop
      vertex   7.084315e+01 1.500000e+00 -1.080000e+02
      vertex   6.564226e+01 1.500000e+00 -1.012988e+02
      vertex   6.483875e+01 1.500000e+00 -1.012418e+02
    endloop
  endfacet
  facet normal 0.000000e+00 -1.000000e+00 0.000000e+00
    outer loop
      vertex   7.084315e+01 1.500000e+00 -1.080000e+02
      vertex   6.483875e+01 1.500000e+00 -1.012418e+02
      vertex   6.319802e+01 1.500000e+00 -1.011229e+02
    endloop
  endfacet
  facet normal -0.000000e+00 -1.000000e+00 -0.000000e+00
    outer loop
      vertex   6.319802e+01 1.500000e+00 -1.011229e+02
      vertex   6.152017e+01 1.500000e+00 -1.009975e+02
      vertex   7.084315e+01 1.500000e+00 -1.080000e+02
    endloop
  endfacet
  facet normal 0.000000e+00 -1.000000e+00 0.000000e+00
    outer loop
      vertex   7.084315e+01 1.500000e+00 -1.080000e+02
      vertex   6.152017e+01 1.500000e+00 -1.009975e+02
      vertex   5.981457e+01 1.500000e+00 -1.008656e+02
    endloop
  endfacet
  facet normal 0.000000e+00 -1.000000e+00 0.000000e+00
    outer loop
      vertex   7.084315e+01 1.500000e+00 -1.080000e+02
      vertex   5.981457e+01 1.500000e+00 -1.008656e+02
      vertex   5.809058e+01 1.500000e+00 -1.007274e+02
    endloop
  endfacet
  facet normal -0.000000e+00 -1.000000e+00 -0.000000e+00
    outer loop
      vertex   5.809058e+01 1.500000e+00 -1.007274e+02
      vertex   5.462491e+01 1.500000e+00 -1.004326e+02
      vertex   7.084315e+01 1.500000e+00 -1.080000e+02
    endloop
  endfacet
  facet normal 0.000000e+00 -1.000000e+00 0.000000e+00
    outer loop
      vertex   7.084315e+01 1.500000e+00 -1.080000e+02
      vertex   5.462491e+01 1.500000e+00 -1.004326e+02
      vertex   5.290195e+01 1.500000e+00 -1.002763e+02
    endloop
  endfacet
  facet normal 0.000000e+00 -1.000000e+00 0.000000e+00
    outer loop
      vertex   7.084315e+01 1.500000e+00 -1.080000e+02
      vertex   5.290195e+01 1.500000e+00 -1.002763e+02
      vertex   5.119807e+01 1.500000e+00 -1.001143e+02
    endloop
  endfacet
  facet normal -0.000000e+00 -1.000000e+00 -0.000000e+00
    outer loop
      vertex   5.119807e+01 1.500000e+00 -1.001143e+02
      vertex   4.952263e+01 1.500000e+00 -9.994654e+01
      vertex   7.084315e+01 1.500000e+00 -1.080000e+02
    endloop
  endfacet
  facet normal 0.000000e+00 -1.000000e+00 0.000000e+00
    outer loop
      vertex   7.084315e+01 1.500000e+00 -1.080000e+02
      vertex   4.952263e+01 1.500000e+00 -9.994654e+01
      vertex   4.788501e+01 1.500000e+00 -9.977332e+01
    endloop
  endfacet
  facet normal 0.000000e+00 -1.000000e+00 0.000000e+00
    outer loop
      vertex   7.084315e+01 1.500000e+00 -1.080000e+02
      vertex   4.788501e+01 1.500000e+00 -9.977332e+01
      vertex   4.708330e+01 1.500000e+00 -9.968469e+01
    endloop
  endfacet
  facet normal -0.000000e+00 -1.000000e+00 -0.000000e+00
    outer loop
      vertex   4.708330e+01 1.500000e+00 -9.968469e+01
      vertex   4.629455e+01 1.500000e+00 -9.959472e+01
      vertex   7.084315e+01 1.500000e+00 -1.080000e+02
    endloop
  endfacet
  facet normal 0.000000e+00 -1.000000e+00 0.000000e+00
    outer loop
      vertex   7.084315e+01 1.500000e+00 -1.080000e+02
      vertex   4.629455e+01 1.500000e+00 -9.959472e+01
      vertex   4.551994e+01 1.500000e+00 -9.950345e+01
    endloop
  endfacet
  facet normal 5.615994e-16 -1.000000e+00 -2.716699e-15
    outer loop
      vertex   4.401781e+01 1.500000e+00 -9.931704e+01
      vertex   4.329200e+01 1.500000e+00 -9.922188e+01
      vertex   8.284271e-01 1.500000e+00 -1.080000e+02
    endloop
  endfacet
  facet normal 0.000000e+00 -1.000000e+00 0.000000e+00
    outer loop
      vertex   8.284271e-01 1.500000e+00 -1.080000e+02
      vertex   4.329200e+01 1.500000e+00 -9.922188e+01
      vertex   4.186779e+01 1.500000e+00 -9.902524e+01
    endloop
  endfacet
  facet normal 0.000000e+00 -1.000000e+00 0.000000e+00
    outer loop
      vertex   8.284271e-01 1.500000e+00 -1.080000e+02
      vertex   4.186779e+01 1.500000e+00 -9.902524e+01
      vertex   4.047349e+01 1.500000e+00 -9.881904e+01
    endloop
  endfacet
  facet normal -0.000000e+00 -1.000000e+00 0.000000e+00
    outer loop
      vertex   4.047349e+01 1.500000e+00 -9.881904e+01
      vertex   3.910849e+01 1.500000e+00 -9.860249e+01
      vertex   8.284271e-01 1.500000e+00 -1.080000e+02
    endloop
  endfacet
  facet normal 0.000000e+00 -1.000000e+00 0.000000e+00
    outer loop
      vertex   8.284271e-01 1.500000e+00 -1.080000e+02
      vertex   3.910849e+01 1.500000e+00 -9.860249e+01
      vertex   3.777216e+01 1.500000e+00 -9.837484e+01
    endloop
  endfacet
  facet normal 0.000000e+00 -1.000000e+00 0.000000e+00
    outer loop
      vertex   8.284271e-01 1.500000e+00 -1.080000e+02
      vertex   3.777216e+01 1.500000e+00 -9.837484e+01
      vertex   3.646392e+01 1.500000e+00 -9.813532e+01
    endloop
  endfacet
  facet normal -0.000000e+00 -1.000000e+00 0.000000e+00
    outer loop
      vertex   3.646392e+01 1.500000e+00 -9.813532e+01
      vertex   3.518314e+01 1.500000e+00 -9.788317e+01
      vertex   8.284271e-01 1.500000e+00 -1.080000e+02
    endloop
  endfacet
  facet normal 0.000000e+00 -1.000000e+00 0.000000e+00
    outer loop
      vertex   8.284271e-01 1.500000e+00 -1.080000e+02
      vertex   3.518314e+01 1.500000e+00 -9.788317e+01
      vertex   3.392921e+01 1.500000e+00 -9.761762e+01
    endloop
  endfacet
  facet normal 0.000000e+00 -1.000000e+00 0.000000e+00
    outer loop
      vertex   8.284271e-01 1.500000e+00 -1.080000e+02
      vertex   3.392921e+01 1.500000e+00 -9.761762e+01
      vertex   3.270153e+01 1.500000e+00 -9.733790e+01
    endloop
  endfacet
  facet normal -0.000000e+00 -1.000000e+00 0.000000e+00
    outer loop
      vertex   3.270153e+01 1.500000e+00 -9.733790e+01
      vertex   3.149949e+01 1.500000e+00 -9.704326e+01
      vertex   8.284271e-01 1.500000e+00 -1.080000e+02
    endloop
  endfacet
  facet normal 0.000000e+00 -1.000000e+00 0.000000e+00
    outer loop
      vertex   8.284271e-01 1.500000e+00 -1.080000e+02
      vertex   3.149949e+01 1.500000e+00 -9.704326e+01
      vertex   3.032247e+01 1.500000e+00 -9.673292e+01
    endloop
  endfacet
  facet normal 0.000000e+00 -1.000000e+00 0.000000e+00
    outer loop
      vertex   8.284271e-01 1.500000e+00 -1.080000e+02
      vertex   3.032247e+01 1.500000e+00 -9.673292e+01
      vertex   2.916987e+01 1.500000e+00 -9.640613e+01
    endloop
  endfacet
  facet normal -0.000000e+00 -1.000000e+00 0.000000e+00
    outer loop
      vertex   2.916987e+01 1.500000e+00 -9.640613e+01
      vertex   2.804108e+01 1.500000e+00 -9.606212e+01
      vertex   8.284271e-01 1.500000e+00 -1.080000e+02
    endloop
  endfacet
  facet normal 0.000000e+00 -1.000000e+00 0.000000e+00
    outer loop
      vertex   8.284271e-01 1.500000e+00 -1.080000e+02
      vertex   2.804108e+01 1.500000e+00 -9.606212e+01
      vertex   2.693548e+01 1.500000e+00 -9.570011e+01
    endloop
  endfacet
  facet normal 0.000000e+00 -1.000000e+00 0.000000e+00
    outer loop
      vertex   8.284271e-01 1.500000e+00 -1.080000e+02
      vertex   2.693548e+01 1.500000e+00 -9.570011e+01
      vertex   2.585246e+01 1.500000e+00 -9.531936e+01
    endloop
  endfacet
  facet normal 3.598905e-16 -1.000000e+00 -7.102097e-16
    outer loop
      vertex   2.585246e+01 1.500000e+00 -9.531936e+01
      vertex   2.479143e+01 1.500000e+00 -9.491909e+01
      vertex   8.284271e-01 1.500000e+00 -1.080000e+02
    endloop
  endfacet
  facet normal -3.795055e-16 -1.000000e+00 6.442942e-16
    outer loop
      vertex   8.284271e-01 1.500000e+00 -1.080000e+02
      vertex   2.479143e+01 1.500000e+00 -9.491909e+01
      vertex   2.375080e+01 1.500000e+00 -9.449814e+01
    endloop
  endfacet
  facet normal 0.000000e+00 -1.000000e+00 0.000000e+00
    outer loop
      vertex   8.284271e-01 1.500000e+00 -1.080000e+02
      vertex   2.375080e+01 1.500000e+00 -9.449814e+01
      vertex   2.272548e+01 1.500000e+00 -9.405371e+01
    endloop
  endfacet
  facet normal -0.000000e+00 -1.000000e+00 0.000000e+00
    outer loop
      vertex   2.272548e+01 1.500000e+00 -9.405371e+01
      vertex   2.171444e+01 1.500000e+00 -9.358433e+01
      vertex   8.284271e-01 1.500000e+00 -1.080000e+02
    endloop
  endfacet
  facet normal 0.000000e+00 -1.000000e+00 0.000000e+00
    outer loop
      vertex   8.284271e-01 1.500000e+00 -1.080000e+02
      vertex   2.171444e+01 1.500000e+00 -9.358433e+01
      vertex   2.071725e+01 1.500000e+00 -9.308878e+01
    endloop
  endfacet
  facet normal 0.000000e+00 -1.000000e+00 0.000000e+00
    outer loop
      vertex   8.284271e-01 1.500000e+00 -1.080000e+02
      vertex   2.071725e+01 1.500000e+00 -9.308878e+01
      vertex   1.973350e+01 1.500000e+00 -9.256585e+01
    endloop
  endfacet
  facet normal -0.000000e+00 -1.000000e+00 0.000000e+00
    outer loop
      vertex   1.973350e+01 1.500000e+00 -9.256585e+01
      vertex   1.876275e+01 1.500000e+00 -9.201431e+01
      vertex   8.284271e-01 1.500000e+00 -1.080000e+02
    endloop
  endfacet
  facet normal 0.000000e+00 -1.000000e+00 0.000000e+00
    outer loop
      vertex   8.284271e-01 1.500000e+00 -1.080000e+02
      vertex   1.876275e+01 1.500000e+00 -9.201431e+01
      vertex   1.780460e+01 1.500000e+00 -9.143294e+01
    endloop
  endfacet
  facet normal 0.000000e+00 -1.000000e+00 0.000000e+00
    outer loop
      vertex   8.284271e-01 1.500000e+00 -1.080000e+02
      vertex   1.780460e+01 1.500000e+00 -9.143294e+01
      vertex   1.685860e+01 1.500000e+00 -9.082051e+01
    endloop
  endfacet
  facet normal -0.000000e+00 -1.000000e+00 0.000000e+00
    outer loop
      vertex   1.685860e+01 1.500000e+00 -9.082051e+01
      vertex   1.592435e+01 1.500000e+00 -9.017582e+01
      vertex   8.284271e-01 1.500000e+00 -1.080000e+02
    endloop
  endfacet
  facet normal 0.000000e+00 -1.000000e+00 0.000000e+00
    outer loop
      vertex   8.284271e-01 1.500000e+00 -1.080000e+02
      vertex   1.592435e+01 1.500000e+00 -9.017582e+01
      vertex   1.500141e+01 1.500000e+00 -8.949763e+01
    endloop
  endfacet
  facet normal 0.000000e+00 -1.000000e+00 0.000000e+00
    outer loop
      vertex   8.284271e-01 1.500000e+00 -1.080000e+02
      vertex   1.500141e+01 1.500000e+00 -8.949763e+01
      vertex   1.408937e+01 1.500000e+00 -8.878473e+01
    endloop
  endfacet
  facet normal -0.000000e+00 -1.000000e+00 0.000000e+00
    outer loop
      vertex   1.408937e+01 1.500000e+00 -8.878473e+01
      vertex   1.318781e+01 1.500000e+00 -8.803589e+01
      vertex   8.284271e-01 1.500000e+00 -1.080000e+02
    endloop
  endfacet
  facet normal 0.000000e+00 -1.000000e+00 0.000000e+00
    outer loop
      vertex   8.284271e-01 1.500000e+00 -1.080000e+02
      vertex   1.318781e+01 1.500000e+00 -8.803589e+01
      vertex   1.229629e+01 1.500000e+00 -8.724990e+01
    endloop
  endfacet
  facet normal 0.000000e+00 -1.000000e+00 0.000000e+00
    outer loop
      vertex   8.284271e-01 1.500000e+00 -1.080000e+02
      vertex   1.229629e+01 1.500000e+00 -8.724990e+01
      vertex   1.141441e+01 1.500000e+00 -8.642553e+01
    endloop
  endfacet
  facet normal -0.000000e+00 -1.000000e+00 0.000000e+00
    outer loop
      vertex   1.141441e+01 1.500000e+00 -8.642553e+01
      vertex   1.054444e+01 1.500000e+00 -8.556430e+01
      vertex   8.284271e-01 1.500000e+00 -1.080000e+02
    endloop
  endfacet
  facet normal 0.000000e+00 -1.000000e+00 0.000000e+00
    outer loop
      vertex   8.284271e-01 1.500000e+00 -1.080000e+02
      vertex   1.054444e+01 1.500000e+00 -8.556430e+01
      vertex   9.705844e+00 1.500000e+00 -8.468673e+01
    endloop
  endfacet
  facet normal 0.000000e+00 -1.000000e+00 0.000000e+00
    outer loop
      vertex   8.284271e-01 1.500000e+00 -1.080000e+02
      vertex   9.705844e+00 1.500000e+00 -8.468673e+01
      vertex   8.902282e+00 1.500000e+00 -8.379999e+01
    endloop
  endfacet
  facet normal -0.000000e+00 -1.000000e+00 0.000000e+00
    outer loop
      vertex   8.902282e+00 1.500000e+00 -8.379999e+01
      vertex   8.133419e+00 1.500000e+00 -8.290746e+01
      vertex   8.284271e-01 1.500000e+00 -1.080000e+02
    endloop
  endfacet
  facet normal 0.000000e+00 -1.000000e+00 0.000000e+00
    outer loop
      vertex   8.284271e-01 1.500000e+00 -1.080000e+02
      vertex   8.133419e+00 1.500000e+00 -8.290746e+01
      vertex   7.398927e+00 1.500000e+00 -8.201251e+01
    endloop
  endfacet
  facet normal 0.000000e+00 -1.000000e+00 0.000000e+00
    outer loop
      vertex   8.284271e-01 1.500000e+00 -1.080000e+02
      vertex   7.398927e+00 1.500000e+00 -8.201251e+01
      vertex   6.698476e+00 1.500000e+00 -8.111850e+01
    endloop
  endfacet
  facet normal -0.000000e+00 -1.000000e+00 0.000000e+00
    outer loop
      vertex   6.698476e+00 1.500000e+00 -8.111850e+01
      vertex   6.031737e+00 1.500000e+00 -8.022883e+01
      vertex   8.284271e-01 1.500000e+00 -1.080000e+02
    endloop
  endfacet
  facet normal 0.000000e+00 -1.000000e+00 0.000000e+00
    outer loop
      vertex   8.284271e-01 1.500000e+00 -1.080000e+02
      vertex   6.031737e+00 1.500000e+00 -8.022883e+01
      vertex   5.398380e+00 1.500000e+00 -7.934685e+01
    endloop
  endfacet
  facet normal 0.000000e+00 -1.000000e+00 0.000000e+00
    outer loop
      vertex   8.284271e-01 1.500000e+00 -1.080000e+02
      vertex   5.398380e+00 1.500000e+00 -7.934685e+01
      vertex   4.798078e+00 1.500000e+00 -7.847593e+01
    endloop
  endfacet
  facet normal -0.000000e+00 -1.000000e+00 0.000000e+00
    outer loop
      vertex   4.798078e+00 1.500000e+00 -7.847593e+01
      vertex   4.230499e+00 1.500000e+00 -7.761947e+01
      vertex   8.284271e-01 1.500000e+00 -1.080000e+02
    endloop
  endfacet
  facet normal 0.000000e+00 -1.000000e+00 0.000000e+00
    outer loop
      vertex   8.284271e-01 1.500000e+00 -1.080000e+02
      vertex   4.230499e+00 1.500000e+00 -7.761947e+01
      vertex   3.695315e+00 1.500000e+00 -7.678081e+01
    endloop
  endfacet
  facet normal 0.000000e+00 -1.000000e+00 0.000000e+00
    outer loop
      vertex   8.284271e-01 1.500000e+00 -1.080000e+02
      vertex   3.695315e+00 1.500000e+00 -7.678081e+01
      vertex   3.192197e+00 1.500000e+00 -7.596335e+01
    endloop
  endfacet
  facet normal -0.000000e+00 -1.000000e+00 0.000000e+00
    outer loop
      vertex   3.192197e+00 1.500000e+00 -7.596335e+01
      vertex   2.720815e+00 1.500000e+00 -7.517045e+01
      vertex   8.284271e-01 1.500000e+00 -1.080000e+02
    endloop
  endfacet
  facet normal 0.000000e+00 -1.000000e+00 0.000000e+00
    outer loop
      vertex   8.284271e-01 1.500000e+00 -1.080000e+02
      vertex   2.720815e+00 1.500000e+00 -7.517045e+01
      vertex   2.280840e+00 1.500000e+00 -7.440548e+01
    endloop
  endfacet
  facet normal 0.000000e+00 -1.000000e+00 0.000000e+00
    outer loop
      vertex   8.284271e-01 1.500000e+00 -1.080000e+02
      vertex   2.280840e+00 1.500000e+00 -7.440548e+01
      vertex   2.072528e+00 1.500000e+00 -7.403453e+01
    endloop
  endfacet
  facet normal -0.000000e+00 -1.000000e+00 0.000000e+00
    outer loop
      vertex   2.072528e+00 1.500000e+00 -7.403453e+01
      vertex   1.871943e+00 1.500000e+00 -7.367182e+01
      vertex   8.284271e-01 1.500000e+00 -1.080000e+02
    endloop
  endfacet
  facet normal 0.000000e+00 -1.000000e+00 0.000000e+00
    outer loop
      vertex   8.284271e-01 1.500000e+00 -1.080000e+02
      vertex   1.871943e+00 1.500000e+00 -7.367182e+01
      vertex   1.679046e+00 1.500000e+00 -7.331779e+01
    endloop
  endfacet
  facet normal 0.000000e+00 -1.000000e+00 0.000000e+00
    outer loop
      vertex   8.284271e-01 1.500000e+00 -1.080000e+02
      vertex   1.679046e+00 1.500000e+00 -7.331779e+01
      vertex   1.493795e+00 1.500000e+00 -7.297285e+01
    endloop
  endfacet
  facet normal -0.000000e+00 -1.000000e+00 0.000000e+00
    outer loop
      vertex   1.493795e+00 1.500000e+00 -7.297285e+01
      vertex   1.316149e+00 1.500000e+00 -7.263742e+01
      vertex   8.284271e-01 1.500000e+00 -1.080000e+02
    endloop
  endfacet
  facet normal 0.000000e+00 -1.000000e+00 0.000000e+00
    outer loop
      vertex   8.284271e-01 1.500000e+00 -1.080000e+02
      vertex   1.316149e+00 1.500000e+00 -7.263742e+01
      vertex   1.146066e+00 1.500000e+00 -7.231192e+01
    endloop
  endfacet
  facet normal 0.000000e+00 -1.000000e+00 0.000000e+00
    outer loop
      vertex   8.284271e-01 1.500000e+00 -1.080000e+02
      vertex   1.146066e+00 1.500000e+00 -7.231192e+01
      vertex   9.835059e-01 1.500000e+00 -7.199678e+01
    endloop
  endfacet
  facet normal -0.000000e+00 -1.000000e+00 0.000000e+00
    outer loop
      vertex   9.835059e-01 1.500000e+00 -7.199678e+01
      vertex   8.284271e-01 1.500000e+00 -7.169242e+01
      vertex   8.284271e-01 1.500000e+00 -1.080000e+02
    endloop
  endfacet
  facet normal 7.071068e-01 7.071068e-01 0.000000e+00
    outer loop
      vertex   7.632843e+01 5.767157e+01 -1.019880e+02
      vertex   7.632843e+01 5.767157e+01 -1.080000e+02
      vertex   7.500000e+01 5.900000e+01 -1.019080e+02
    endloop
  endfacet
  facet normal 7.071068e-01 7.071068e-01 -4.171224e-16
    outer loop
      vertex   7.500000e+01 5.900000e+01 -1.019080e+02
      vertex   7.632843e+01 5.767157e+01 -1.080000e+02
      vertex   7.367157e+01 6.032843e+01 -1.080000e+02
    endloop
  endfacet
  facet normal 7.071068e-01 7.071068e-01 -2.741044e-14
    outer loop
      vertex   7.500000e+01 5.900000e+01 -1.019080e+02
      vertex   7.367157e+01 6.032843e+01 -1.080000e+02
      vertex   7.484675e+01 5.915325e+01 -1.018987e+02
    endloop
  endfacet
  facet normal 7.071068e-01 7.071068e-01 3.410839e-15
    outer loop
      vertex   7.484675e+01 5.915325e+01 -1.018987e+02
      vertex   7.367157e+01 6.032843e+01 -1.080000e+02
      vertex   7.468361e+01 5.931639e+01 -1.018889e+02
    endloop
  endfacet
  facet normal 7.071068e-01 7.071068e-01 2.008108e-15
    outer loop
      vertex   7.468361e+01 5.931639e+01 -1.018889e+02
      vertex   7.367157e+01 6.032843e+01 -1.080000e+02
      vertex   7.445717e+01 5.954283e+01 -1.018752e+02
    endloop
  endfacet
  facet normal 7.071068e-01 7.071068e-01 7.054318e-15
    outer loop
      vertex   7.445717e+01 5.954283e+01 -1.018752e+02
      vertex   7.367157e+01 6.032843e+01 -1.080000e+02
      vertex   7.421332e+01 5.978668e+01 -1.018604e+02
    endloop
  endfacet
  facet normal 7.071068e-01 7.071068e-01 -6.791253e-15
    outer loop
      vertex   7.421332e+01 5.978668e+01 -1.018604e+02
      vertex   7.367157e+01 6.032843e+01 -1.080000e+02
      vertex   7.395161e+01 6.004839e+01 -1.018445e+02
    endloop
  endfacet
  facet normal 7.071068e-01 7.071068e-01 8.118165e-16
    outer loop
      vertex   7.395161e+01 6.004839e+01 -1.018445e+02
      vertex   7.367157e+01 6.032843e+01 -1.080000e+02
      vertex   7.367157e+01 6.032843e+01 -1.018273e+02
    endloop
  endfacet
  facet normal 4.909225e-02 -9.987942e-01 1.373122e-14
    outer loop
      vertex   7.084315e+01 1.500000e+00 -1.016491e+02
      vertex   7.084315e+01 1.500000e+00 -1.080000e+02
      vertex   7.123541e+01 1.519280e+00 -1.016744e+02
    endloop
  endfacet
  facet normal 4.906767e-02 -9.987955e-01 1.527624e-06
    outer loop
      vertex   7.123541e+01 1.519280e+00 -1.016744e+02
      vertex   7.084315e+01 1.500000e+00 -1.080000e+02
      vertex   7.123521e+01 1.519261e+00 -1.080000e+02
    endloop
  endfacet
  facet normal 1.467305e-01 -9.891765e-01 -1.475196e-06
    outer loop
      vertex   7.123541e+01 1.519280e+00 -1.016744e+02
      vertex   7.123521e+01 1.519261e+00 -1.080000e+02
      vertex   7.162351e+01 1.576859e+00 -1.080000e+02
    endloop
  endfacet
  facet normal 1.467554e-01 -9.891728e-01 8.593586e-08
    outer loop
      vertex   7.123541e+01 1.519280e+00 -1.016744e+02
      vertex   7.162351e+01 1.576859e+00 -1.080000e+02
      vertex   7.162352e+01 1.576861e+00 -1.016992e+02
    endloop
  endfacet
  facet normal 2.429802e-01 -9.700313e-01 -5.049058e-08
    outer loop
      vertex   7.162352e+01 1.576861e+00 -1.016992e+02
      vertex   7.162351e+01 1.576859e+00 -1.080000e+02
      vertex   7.200428e+01 1.672239e+00 -1.080000e+02
    endloop
  endfacet
  facet normal 2.430251e-01 -9.700200e-01 2.832289e-06
    outer loop
      vertex   7.162352e+01 1.576861e+00 -1.016992e+02
      vertex   7.200428e+01 1.672239e+00 -1.080000e+02
      vertex   7.200463e+01 1.672344e+00 -1.017234e+02
    endloop
  endfacet
  facet normal 3.368899e-01 -9.415441e-01 -2.829305e-06
    outer loop
      vertex   7.200463e+01 1.672344e+00 -1.017234e+02
      vertex   7.200428e+01 1.672239e+00 -1.080000e+02
      vertex   7.237388e+01 1.804482e+00 -1.080000e+02
    endloop
  endfacet
  facet normal 3.369806e-01 -9.415116e-01 3.193085e-06
    outer loop
      vertex   7.200463e+01 1.672344e+00 -1.017234e+02
      vertex   7.237388e+01 1.804482e+00 -1.080000e+02
      vertex   7.237425e+01 1.804635e+00 -1.017467e+02
    endloop
  endfacet
  facet normal 4.275551e-01 -9.039893e-01 -3.070854e-06
    outer loop
      vertex   7.237425e+01 1.804635e+00 -1.017467e+02
      vertex   7.237388e+01 1.804482e+00 -1.080000e+02
      vertex   7.272873e+01 1.972315e+00 -1.080000e+02
    endloop
  endfacet
  facet normal 4.275951e-01 -9.039704e-01 -2.983225e-07
    outer loop
      vertex   7.237425e+01 1.804635e+00 -1.017467e+02
      vertex   7.272873e+01 1.972315e+00 -1.080000e+02
      vertex   7.272869e+01 1.972294e+00 -1.017689e+02
    endloop
  endfacet
  facet normal 5.140930e-01 -8.577345e-01 4.209535e-07
    outer loop
      vertex   7.272869e+01 1.972294e+00 -1.017689e+02
      vertex   7.272873e+01 1.972315e+00 -1.080000e+02
      vertex   7.306540e+01 2.174101e+00 -1.017899e+02
    endloop
  endfacet
  facet normal 5.141027e-01 -8.577286e-01 -2.999304e-07
    outer loop
      vertex   7.306540e+01 2.174101e+00 -1.017899e+02
      vertex   7.272873e+01 1.972315e+00 -1.080000e+02
      vertex   7.306543e+01 2.174122e+00 -1.080000e+02
    endloop
  endfacet
  facet normal 5.957448e-01 -8.031738e-01 2.969027e-07
    outer loop
      vertex   7.306540e+01 2.174101e+00 -1.017899e+02
      vertex   7.306543e+01 2.174122e+00 -1.080000e+02
      vertex   7.338110e+01 2.408271e+00 -1.018095e+02
    endloop
  endfacet
  facet normal 5.956993e-01 -8.032075e-01 3.896656e-06
    outer loop
      vertex   7.338110e+01 2.408271e+00 -1.018095e+02
      vertex   7.306543e+01 2.174122e+00 -1.080000e+02
      vertex   7.338072e+01 2.407958e+00 -1.080000e+02
    endloop
  endfacet
  facet normal 6.715590e-01 -7.409511e-01 -3.928015e-06
    outer loop
      vertex   7.338110e+01 2.408271e+00 -1.018095e+02
      vertex   7.338072e+01 2.407958e+00 -1.080000e+02
      vertex   7.367157e+01 2.671573e+00 -1.080000e+02
    endloop
  endfacet
  facet normal 6.716049e-01 -7.409095e-01 1.602716e-16
    outer loop
      vertex   7.367157e+01 2.671573e+00 -1.080000e+02
      vertex   7.367157e+01 2.671573e+00 -1.018273e+02
      vertex   7.338110e+01 2.408271e+00 -1.018095e+02
    endloop
  endfacet
  facet normal 1.000000e+00 0.000000e+00 -0.000000e+00
    outer loop
      vertex   7.750000e+01 5.484315e+01 -1.080000e+02
      vertex   7.750000e+01 5.484315e+01 -1.019080e+02
      vertex   7.750000e+01 8.156854e+00 -1.080000e+02
    endloop
  endfacet
  facet normal 1.000000e+00 0.000000e+00 0.000000e+00
    outer loop
      vertex   7.750000e+01 8.156854e+00 -1.080000e+02
      vertex   7.750000e+01 5.484315e+01 -1.019080e+02
      vertex   7.750000e+01 8.156854e+00 -1.019080e+02
    endloop
  endfacet
  facet normal -1.000000e+00 0.000000e+00 0.000000e+00
    outer loop
      vertex   7.500000e+01 6.500000e+00 -1.039080e+02
      vertex   7.500000e+01 5.650000e+01 -1.039080e+02
      vertex   7.500000e+01 6.500000e+00 -1.050000e+02
    endloop
  endfacet
  facet normal -1.000000e+00 0.000000e+00 0.000000e+00
    outer loop
      vertex   7.500000e+01 6.500000e+00 -1.050000e+02
      vertex   7.500000e+01 5.650000e+01 -1.039080e+02
      vertex   7.500000e+01 5.650000e+01 -1.050000e+02
    endloop
  endfacet
  facet normal -3.426819e-08 1.000000e+00 3.277808e-07
    outer loop
      vertex   4.890763e+01 6.500000e+00 -9.988690e+01
      vertex   5.000000e+01 6.500000e+00 -1.000000e+02
      vertex   3.330669e-15 6.500000e+00 -1.050000e+02
    endloop
  endfacet
  facet normal 3.050279e-08 1.000000e+00 -3.199291e-07
    outer loop
      vertex   3.330669e-15 6.500000e+00 -1.050000e+02
      vertex   5.000000e+01 6.500000e+00 -1.000000e+02
      vertex   5.119501e+01 6.500000e+00 -1.001189e+02
    endloop
  endfacet
  facet normal -9.934107e-10 1.000000e+00 1.041941e-08
    outer loop
      vertex   3.330669e-15 6.500000e+00 -1.050000e+02
      vertex   5.119501e+01 6.500000e+00 -1.001189e+02
      vertex   7.500000e+01 6.500000e+00 -1.050000e+02
    endloop
  endfacet
  facet normal 2.740629e-09 1.000000e+00 2.863040e-08
    outer loop
      vertex   7.500000e+01 6.500000e+00 -1.050000e+02
      vertex   5.119501e+01 6.500000e+00 -1.001189e+02
      vertex   5.240922e+01 6.500000e+00 -1.002352e+02
    endloop
  endfacet
  facet normal 2.582638e-09 1.000000e+00 2.788134e-08
    outer loop
      vertex   7.500000e+01 6.500000e+00 -1.050000e+02
      vertex   5.240922e+01 6.500000e+00 -1.002352e+02
      vertex   5.362625e+01 6.500000e+00 -1.003479e+02
    endloop
  endfacet
  facet normal 2.462255e-09 1.000000e+00 2.732824e-08
    outer loop
      vertex   5.362625e+01 6.500000e+00 -1.003479e+02
      vertex   5.482824e+01 6.500000e+00 -1.004562e+02
      vertex   7.500000e+01 6.500000e+00 -1.050000e+02
    endloop
  endfacet
  facet normal 2.292706e-09 1.000000e+00 2.657554e-08
    outer loop
      vertex   7.500000e+01 6.500000e+00 -1.050000e+02
      vertex   5.482824e+01 6.500000e+00 -1.004562e+02
      vertex   5.720801e+01 6.500000e+00 -1.006615e+02
    endloop
  endfacet
  facet normal 2.093130e-09 1.000000e+00 2.575709e-08
    outer loop
      vertex   7.500000e+01 6.500000e+00 -1.050000e+02
      vertex   5.720801e+01 6.500000e+00 -1.006615e+02
      vertex   5.959082e+01 6.500000e+00 -1.008552e+02
    endloop
  endfacet
  facet normal 1.964706e-09 1.000000e+00 2.527965e-08
    outer loop
      vertex   5.959082e+01 6.500000e+00 -1.008552e+02
      vertex   6.079661e+01 6.500000e+00 -1.009489e+02
      vertex   7.500000e+01 6.500000e+00 -1.050000e+02
    endloop
  endfacet
  facet normal 1.889113e-09 1.000000e+00 2.501462e-08
    outer loop
      vertex   7.500000e+01 6.500000e+00 -1.050000e+02
      vertex   6.079661e+01 6.500000e+00 -1.009489e+02
      vertex   6.201906e+01 6.500000e+00 -1.010412e+02
    endloop
  endfacet
  facet normal 1.821759e-09 1.000000e+00 2.479377e-08
    outer loop
      vertex   7.500000e+01 6.500000e+00 -1.050000e+02
      vertex   6.201906e+01 6.500000e+00 -1.010412e+02
      vertex   6.326345e+01 6.500000e+00 -1.011326e+02
    endloop
  endfacet
  facet normal 1.762477e-09 1.000000e+00 2.461386e-08
    outer loop
      vertex   6.326345e+01 6.500000e+00 -1.011326e+02
      vertex   6.453508e+01 6.500000e+00 -1.012237e+02
      vertex   7.500000e+01 6.500000e+00 -1.050000e+02
    endloop
  endfacet
  facet normal 1.710969e-09 1.000000e+00 2.447112e-08
    outer loop
      vertex   7.500000e+01 6.500000e+00 -1.050000e+02
      vertex   6.453508e+01 6.500000e+00 -1.012237e+02
      vertex   6.583926e+01 6.500000e+00 -1.013149e+02
    endloop
  endfacet
  facet normal 1.666850e-09 1.000000e+00 2.436145e-08
    outer loop
      vertex   7.500000e+01 6.500000e+00 -1.050000e+02
      vertex   6.583926e+01 6.500000e+00 -1.013149e+02
      vertex   6.718127e+01 6.500000e+00 -1.014067e+02
    endloop
  endfacet
  facet normal 1.638334e-09 1.000000e+00 2.429940e-08
    outer loop
      vertex   6.718127e+01 6.500000e+00 -1.014067e+02
      vertex   6.786812e+01 6.500000e+00 -1.014530e+02
      vertex   7.500000e+01 6.500000e+00 -1.050000e+02
    endloop
  endfacet
  facet normal 1.621366e-09 1.000000e+00 2.426528e-08
    outer loop
      vertex   7.500000e+01 6.500000e+00 -1.050000e+02
      vertex   6.786812e+01 6.500000e+00 -1.014530e+02
      vertex   6.856642e+01 6.500000e+00 -1.014996e+02
    endloop
  endfacet
  facet normal 1.605977e-09 1.000000e+00 2.423700e-08
    outer loop
      vertex   7.500000e+01 6.500000e+00 -1.050000e+02
      vertex   6.856642e+01 6.500000e+00 -1.014996e+02
      vertex   6.927683e+01 6.500000e+00 -1.015467e+02
    endloop
  endfacet
  facet normal -1.301827e-08 1.000000e+00 0.000000e+00
    outer loop
      vertex   7.500000e+01 6.500000e+00 -1.050000e+02
      vertex   6.927683e+01 6.500000e+00 -1.015467e+02
      vertex   7.500000e+01 6.500000e+00 -1.039080e+02
    endloop
  endfacet
  facet normal 2.467986e-09 1.000000e+00 3.753555e-08
    outer loop
      vertex   7.500000e+01 6.500000e+00 -1.039080e+02
      vertex   6.927683e+01 6.500000e+00 -1.015467e+02
      vertex   7.000000e+01 6.500000e+00 -1.015943e+02
    endloop
  endfacet
  facet normal -2.024430e-09 1.000000e+00 2.782722e-08
    outer loop
      vertex   7.500000e+01 6.500000e+00 -1.039080e+02
      vertex   7.000000e+01 6.500000e+00 -1.015943e+02
      vertex   7.070233e+01 6.500000e+00 -1.016400e+02
    endloop
  endfacet
  facet normal 1.178730e-07 1.000000e+00 2.550260e-07
    outer loop
      vertex   7.500000e+01 6.500000e+00 -1.039080e+02
      vertex   7.070233e+01 6.500000e+00 -1.016400e+02
      vertex   7.502010e+01 6.500000e+00 -1.036251e+02
    endloop
  endfacet
  facet normal -1.253946e-08 1.000000e+00 -2.863152e-08
    outer loop
      vertex   7.502010e+01 6.500000e+00 -1.036251e+02
      vertex   7.070233e+01 6.500000e+00 -1.016400e+02
      vertex   7.137481e+01 6.500000e+00 -1.016832e+02
    endloop
  endfacet
  facet normal -1.872736e-08 1.000000e+00 -4.024754e-08
    outer loop
      vertex   7.502010e+01 6.500000e+00 -1.036251e+02
      vertex   7.137481e+01 6.500000e+00 -1.016832e+02
      vertex   7.201567e+01 6.500000e+00 -1.017240e+02
    endloop
  endfacet
  facet normal 5.929267e-09 1.000000e+00 -1.281500e-09
    outer loop
      vertex   7.502010e+01 6.500000e+00 -1.036251e+02
      vertex   7.201567e+01 6.500000e+00 -1.017240e+02
      vertex   7.508001e+01 6.500000e+00 -1.033479e+02
    endloop
  endfacet
  facet normal -2.367154e-08 1.000000e+00 -5.713723e-08
    outer loop
      vertex   7.508001e+01 6.500000e+00 -1.033479e+02
      vertex   7.201567e+01 6.500000e+00 -1.017240e+02
      vertex   7.262314e+01 6.500000e+00 -1.017622e+02
    endloop
  endfacet
  facet normal 1.065851e-08 1.000000e+00 -3.948279e-09
    outer loop
      vertex   7.508001e+01 6.500000e+00 -1.033479e+02
      vertex   7.262314e+01 6.500000e+00 -1.017622e+02
      vertex   7.517851e+01 6.500000e+00 -1.030820e+02
    endloop
  endfacet
  facet normal -2.697161e-08 1.000000e+00 -7.680495e-08
    outer loop
      vertex   7.517851e+01 6.500000e+00 -1.030820e+02
      vertex   7.262314e+01 6.500000e+00 -1.017622e+02
      vertex   7.319544e+01 6.500000e+00 -1.017978e+02
    endloop
  endfacet
  facet normal -2.690178e-08 1.000000e+00 -7.669712e-08
    outer loop
      vertex   7.517851e+01 6.500000e+00 -1.030820e+02
      vertex   7.319544e+01 6.500000e+00 -1.017978e+02
      vertex   7.373081e+01 6.500000e+00 -1.018308e+02
    endloop
  endfacet
  facet normal 2.682135e-08 1.000000e+00 -1.453670e-08
    outer loop
      vertex   7.517851e+01 6.500000e+00 -1.030820e+02
      vertex   7.373081e+01 6.500000e+00 -1.018308e+02
      vertex   7.531363e+01 6.500000e+00 -1.028327e+02
    endloop
  endfacet
  facet normal -2.548922e-08 1.000000e+00 -9.717877e-08
    outer loop
      vertex   7.531363e+01 6.500000e+00 -1.028327e+02
      vertex   7.373081e+01 6.500000e+00 -1.018308e+02
      vertex   7.422745e+01 6.500000e+00 -1.018612e+02
    endloop
  endfacet
  facet normal 3.691885e-08 1.000000e+00 -2.740583e-08
    outer loop
      vertex   7.531363e+01 6.500000e+00 -1.028327e+02
      vertex   7.422745e+01 6.500000e+00 -1.018612e+02
      vertex   7.548266e+01 6.500000e+00 -1.026050e+02
    endloop
  endfacet
  facet normal -2.124190e-08 1.000000e+00 -1.255505e-07
    outer loop
      vertex   7.548266e+01 6.500000e+00 -1.026050e+02
      vertex   7.422745e+01 6.500000e+00 -1.018612e+02
      vertex   7.468361e+01 6.500000e+00 -1.018889e+02
    endloop
  endfacet
  facet normal 4.836280e-08 1.000000e+00 -4.788909e-08
    outer loop
      vertex   7.548266e+01 6.500000e+00 -1.026050e+02
      vertex   7.468361e+01 6.500000e+00 -1.018889e+02
      vertex   7.568218e+01 6.500000e+00 -1.024035e+02
    endloop
  endfacet
  facet normal -1.529530e-08 1.000000e+00 -1.714039e-07
    outer loop
      vertex   7.568218e+01 6.500000e+00 -1.024035e+02
      vertex   7.468361e+01 6.500000e+00 -1.018889e+02
      vertex   7.500000e+01 6.500000e+00 -1.019080e+02
    endloop
  endfacet
  facet normal 2.369123e-07 1.000000e+00 1.757860e-07
    outer loop
      vertex   7.568218e+01 6.500000e+00 -1.024035e+02
      vertex   7.500000e+01 6.500000e+00 -1.019080e+02
      vertex   7.532879e+01 6.500000e+00 -1.019272e+02
    endloop
  endfacet
  facet normal -3.617901e-15 1.000000e+00 4.774807e-15
    outer loop
      vertex   7.568218e+01 6.500000e+00 -1.024035e+02
      vertex   7.532879e+01 6.500000e+00 -1.019272e+02
      vertex   7.590820e+01 6.500000e+00 -1.022323e+02
    endloop
  endfacet
  facet normal 7.972793e-16 1.000000e+00 1.316166e-14
    outer loop
      vertex   7.590820e+01 6.500000e+00 -1.022323e+02
      vertex   7.532879e+01 6.500000e+00 -1.019272e+02
      vertex   7.567460e+01 6.500000e+00 -1.019482e+02
    endloop
  endfacet
  facet normal -4.764536e-15 1.000000e+00 8.588065e-15
    outer loop
      vertex   7.590820e+01 6.500000e+00 -1.022323e+02
      vertex   7.567460e+01 6.500000e+00 -1.019482e+02
      vertex   7.615617e+01 6.500000e+00 -1.020947e+02
    endloop
  endfacet
  facet normal 1.831627e-15 1.000000e+00 3.026917e-14
    outer loop
      vertex   7.615617e+01 6.500000e+00 -1.020947e+02
      vertex   7.567460e+01 6.500000e+00 -1.019482e+02
      vertex   7.603840e+01 6.500000e+00 -1.019702e+02
    endloop
  endfacet
  facet normal -8.002296e-15 1.000000e+00 2.096655e-14
    outer loop
      vertex   7.615617e+01 6.500000e+00 -1.020947e+02
      vertex   7.603840e+01 6.500000e+00 -1.019702e+02
      vertex   7.642110e+01 6.500000e+00 -1.019936e+02
    endloop
  endfacet
  facet normal 1.330901e-16 1.000000e+00 0.000000e+00
    outer loop
      vertex   3.330669e-15 6.500000e+00 -7.500000e+01
      vertex   6.673514e+00 6.500000e+00 -8.109524e+01
      vertex   3.330669e-15 6.500000e+00 -1.050000e+02
    endloop
  endfacet
  facet normal 3.515926e-17 1.000000e+00 2.733943e-17
    outer loop
      vertex   3.330669e-15 6.500000e+00 -1.050000e+02
      vertex   6.673514e+00 6.500000e+00 -8.109524e+01
      vertex   7.214341e+00 6.500000e+00 -8.179076e+01
    endloop
  endfacet
  facet normal -1.133887e-15 1.000000e+00 3.907248e-16
    outer loop
      vertex   3.330669e-15 6.500000e+00 -1.050000e+02
      vertex   7.214341e+00 6.500000e+00 -8.179076e+01
      vertex   7.763063e+00 6.500000e+00 -8.247151e+01
    endloop
  endfacet
  facet normal 0.000000e+00 1.000000e+00 2.131459e-14
    outer loop
      vertex   1.951450e-01 6.500000e+00 -7.491666e+01
      vertex   2.622654e+00 6.500000e+00 -7.500000e+01
      vertex   3.330669e-15 6.500000e+00 -7.500000e+01
    endloop
  endfacet
  facet normal -0.000000e+00 1.000000e+00 0.000000e+00
    outer loop
      vertex   3.330669e-15 6.500000e+00 -7.500000e+01
      vertex   2.622654e+00 6.500000e+00 -7.500000e+01
      vertex   3.102860e+00 6.500000e+00 -7.581352e+01
    endloop
  endfacet
  facet normal -3.470676e-16 1.000000e+00 -1.323759e-15
    outer loop
      vertex   3.330669e-15 6.500000e+00 -7.500000e+01
      vertex   3.102860e+00 6.500000e+00 -7.581352e+01
      vertex   3.590397e+00 6.500000e+00 -7.661229e+01
    endloop
  endfacet
  facet normal -9.675569e-16 1.000000e+00 -6.868206e-15
    outer loop
      vertex   1.951450e-01 6.500000e+00 -7.491666e+01
      vertex   3.799457e-01 6.500000e+00 -7.481338e+01
      vertex   2.622654e+00 6.500000e+00 -7.500000e+01
    endloop
  endfacet
  facet normal 1.863745e-16 1.000000e+00 6.998911e-15
    outer loop
      vertex   2.622654e+00 6.500000e+00 -7.500000e+01
      vertex   3.799457e-01 6.500000e+00 -7.481338e+01
      vertex   5.528692e-01 6.500000e+00 -7.469108e+01
    endloop
  endfacet
  facet normal -7.337807e-16 1.000000e+00 8.338331e-16
    outer loop
      vertex   2.622654e+00 6.500000e+00 -7.500000e+01
      vertex   5.528692e-01 6.500000e+00 -7.469108e+01
      vertex   7.122978e-01 6.500000e+00 -7.455078e+01
    endloop
  endfacet
  facet normal -7.646789e-16 1.000000e+00 7.024355e-16
    outer loop
      vertex   7.122978e-01 6.500000e+00 -7.455078e+01
      vertex   8.556946e-01 6.500000e+00 -7.439468e+01
      vertex   2.622654e+00 6.500000e+00 -7.500000e+01
    endloop
  endfacet
  facet normal -8.020137e-16 1.000000e+00 5.934538e-16
    outer loop
      vertex   2.622654e+00 6.500000e+00 -7.500000e+01
      vertex   8.556946e-01 6.500000e+00 -7.439468e+01
      vertex   9.816010e-01 6.500000e+00 -7.422452e+01
    endloop
  endfacet
  facet normal -8.472756e-16 1.000000e+00 4.976712e-16
    outer loop
      vertex   2.622654e+00 6.500000e+00 -7.500000e+01
      vertex   9.816010e-01 6.500000e+00 -7.422452e+01
      vertex   1.088952e+00 6.500000e+00 -7.404176e+01
    endloop
  endfacet
  facet normal -1.171788e-15 1.000000e+00 -2.172405e-17
    outer loop
      vertex   2.622654e+00 6.500000e+00 -7.500000e+01
      vertex   1.088952e+00 6.500000e+00 -7.404176e+01
      vertex   1.838924e+00 6.500000e+00 -7.361041e+01
    endloop
  endfacet
  facet normal -1.600962e-15 1.000000e+00 7.244718e-16
    outer loop
      vertex   1.838924e+00 6.500000e+00 -7.361041e+01
      vertex   1.088952e+00 6.500000e+00 -7.404176e+01
      vertex   1.176509e+00 6.500000e+00 -7.384827e+01
    endloop
  endfacet
  facet normal -1.521131e-15 1.000000e+00 5.021499e-16
    outer loop
      vertex   1.838924e+00 6.500000e+00 -7.361041e+01
      vertex   1.176509e+00 6.500000e+00 -7.384827e+01
      vertex   1.242905e+00 6.500000e+00 -7.364714e+01
    endloop
  endfacet
  facet normal -1.510309e-15 1.000000e+00 3.265414e-16
    outer loop
      vertex   1.242905e+00 6.500000e+00 -7.364714e+01
      vertex   1.287643e+00 6.500000e+00 -7.344022e+01
      vertex   1.838924e+00 6.500000e+00 -7.361041e+01
    endloop
  endfacet
  facet normal 9.565944e-16 1.000000e+00 8.317253e-15
    outer loop
      vertex   1.838924e+00 6.500000e+00 -7.361041e+01
      vertex   1.287643e+00 6.500000e+00 -7.344022e+01
      vertex   1.310285e+00 6.500000e+00 -7.322925e+01
    endloop
  endfacet
  facet normal -1.106539e-14 1.000000e+00 -8.356161e-15
    outer loop
      vertex   1.838924e+00 6.500000e+00 -7.361041e+01
      vertex   1.310285e+00 6.500000e+00 -7.322925e+01
      vertex   1.310437e+00 6.500000e+00 -7.301687e+01
    endloop
  endfacet
  facet normal -1.263631e-14 1.000000e+00 -9.754905e-15
    outer loop
      vertex   1.310437e+00 6.500000e+00 -7.301687e+01
      vertex   1.288093e+00 6.500000e+00 -7.280583e+01
      vertex   1.838924e+00 6.500000e+00 -7.361041e+01
    endloop
  endfacet
  facet normal 2.055593e-14 1.000000e+00 1.296900e-14
    outer loop
      vertex   1.838924e+00 6.500000e+00 -7.361041e+01
      vertex   1.288093e+00 6.500000e+00 -7.280583e+01
      vertex   1.243444e+00 6.500000e+00 -7.259809e+01
    endloop
  endfacet
  facet normal -3.385795e-15 1.000000e+00 -1.114262e-15
    outer loop
      vertex   1.838924e+00 6.500000e+00 -7.361041e+01
      vertex   1.243444e+00 6.500000e+00 -7.259809e+01
      vertex   1.177101e+00 6.500000e+00 -7.239650e+01
    endloop
  endfacet
  facet normal -7.812048e-15 1.000000e+00 -3.527447e-15
    outer loop
      vertex   1.177101e+00 6.500000e+00 -7.239650e+01
      vertex   1.089704e+00 6.500000e+00 -7.220295e+01
      vertex   1.838924e+00 6.500000e+00 -7.361041e+01
    endloop
  endfacet
  facet normal 1.055214e-15 1.000000e+00 1.798964e-15
    outer loop
      vertex   3.590397e+00 6.500000e+00 -7.661229e+01
      vertex   4.085336e+00 6.500000e+00 -7.739633e+01
      vertex   3.330669e-15 6.500000e+00 -7.500000e+01
    endloop
  endfacet
  facet normal 0.000000e+00 1.000000e+00 0.000000e+00
    outer loop
      vertex   3.330669e-15 6.500000e+00 -7.500000e+01
      vertex   4.085336e+00 6.500000e+00 -7.739633e+01
      vertex   4.587745e+00 6.500000e+00 -7.816561e+01
    endloop
  endfacet
  facet normal 0.000000e+00 1.000000e+00 0.000000e+00
    outer loop
      vertex   3.330669e-15 6.500000e+00 -7.500000e+01
      vertex   4.587745e+00 6.500000e+00 -7.816561e+01
      vertex   5.097698e+00 6.500000e+00 -7.892015e+01
    endloop
  endfacet
  facet normal 0.000000e+00 1.000000e+00 0.000000e+00
    outer loop
      vertex   5.097698e+00 6.500000e+00 -7.892015e+01
      vertex   5.615263e+00 6.500000e+00 -7.965993e+01
      vertex   3.330669e-15 6.500000e+00 -7.500000e+01
    endloop
  endfacet
  facet normal 0.000000e+00 1.000000e+00 0.000000e+00
    outer loop
      vertex   3.330669e-15 6.500000e+00 -7.500000e+01
      vertex   5.615263e+00 6.500000e+00 -7.965993e+01
      vertex   6.140511e+00 6.500000e+00 -8.038496e+01
    endloop
  endfacet
  facet normal -3.207226e-15 1.000000e+00 -3.657224e-15
    outer loop
      vertex   3.330669e-15 6.500000e+00 -7.500000e+01
      vertex   6.140511e+00 6.500000e+00 -8.038496e+01
      vertex   6.673514e+00 6.500000e+00 -8.109524e+01
    endloop
  endfacet
  facet normal 0.000000e+00 1.000000e+00 0.000000e+00
    outer loop
      vertex   7.763063e+00 6.500000e+00 -8.247151e+01
      vertex   8.319751e+00 6.500000e+00 -8.313751e+01
      vertex   3.330669e-15 6.500000e+00 -1.050000e+02
    endloop
  endfacet
  facet normal 0.000000e+00 1.000000e+00 0.000000e+00
    outer loop
      vertex   3.330669e-15 6.500000e+00 -1.050000e+02
      vertex   8.319751e+00 6.500000e+00 -8.313751e+01
      vertex   8.884475e+00 6.500000e+00 -8.378874e+01
    endloop
  endfacet
  facet normal 0.000000e+00 1.000000e+00 0.000000e+00
    outer loop
      vertex   3.330669e-15 6.500000e+00 -1.050000e+02
      vertex   8.884475e+00 6.500000e+00 -8.378874e+01
      vertex   9.457306e+00 6.500000e+00 -8.442521e+01
    endloop
  endfacet
  facet normal 0.000000e+00 1.000000e+00 0.000000e+00
    outer loop
      vertex   9.457306e+00 6.500000e+00 -8.442521e+01
      vertex   1.003831e+01 6.500000e+00 -8.504691e+01
      vertex   3.330669e-15 6.500000e+00 -1.050000e+02
    endloop
  endfacet
  facet normal 0.000000e+00 1.000000e+00 0.000000e+00
    outer loop
      vertex   3.330669e-15 6.500000e+00 -1.050000e+02
      vertex   1.003831e+01 6.500000e+00 -8.504691e+01
      vertex   1.062757e+01 6.500000e+00 -8.565384e+01
    endloop
  endfacet
  facet normal 0.000000e+00 1.000000e+00 0.000000e+00
    outer loop
      vertex   3.330669e-15 6.500000e+00 -1.050000e+02
      vertex   1.062757e+01 6.500000e+00 -8.565384e+01
      vertex   1.122514e+01 6.500000e+00 -8.624599e+01
    endloop
  endfacet
  facet normal 0.000000e+00 1.000000e+00 0.000000e+00
    outer loop
      vertex   1.122514e+01 6.500000e+00 -8.624599e+01
      vertex   1.183111e+01 6.500000e+00 -8.682337e+01
      vertex   3.330669e-15 6.500000e+00 -1.050000e+02
    endloop
  endfacet
  facet normal 9.057311e-16 1.000000e+00 -5.895375e-16
    outer loop
      vertex   3.330669e-15 6.500000e+00 -1.050000e+02
      vertex   1.183111e+01 6.500000e+00 -8.682337e+01
      vertex   1.244553e+01 6.500000e+00 -8.738598e+01
    endloop
  endfacet
  facet normal -8.520090e-16 1.000000e+00 6.524281e-16
    outer loop
      vertex   3.330669e-15 6.500000e+00 -1.050000e+02
      vertex   1.244553e+01 6.500000e+00 -8.738598e+01
      vertex   1.306848e+01 6.500000e+00 -8.793380e+01
    endloop
  endfacet
  facet normal 0.000000e+00 1.000000e+00 0.000000e+00
    outer loop
      vertex   1.306848e+01 6.500000e+00 -8.793380e+01
      vertex   1.370004e+01 6.500000e+00 -8.846685e+01
      vertex   3.330669e-15 6.500000e+00 -1.050000e+02
    endloop
  endfacet
  facet normal 0.000000e+00 1.000000e+00 0.000000e+00
    outer loop
      vertex   3.330669e-15 6.500000e+00 -1.050000e+02
      vertex   1.370004e+01 6.500000e+00 -8.846685e+01
      vertex   1.434009e+01 6.500000e+00 -8.898495e+01
    endloop
  endfacet
  facet normal 0.000000e+00 1.000000e+00 0.000000e+00
    outer loop
      vertex   3.330669e-15 6.500000e+00 -1.050000e+02
      vertex   1.434009e+01 6.500000e+00 -8.898495e+01
      vertex   1.498661e+01 6.500000e+00 -8.948618e+01
    endloop
  endfacet
  facet normal 0.000000e+00 1.000000e+00 0.000000e+00
    outer loop
      vertex   1.498661e+01 6.500000e+00 -8.948618e+01
      vertex   1.563906e+01 6.500000e+00 -8.997032e+01
      vertex   3.330669e-15 6.500000e+00 -1.050000e+02
    endloop
  endfacet
  facet normal -2.327279e-15 1.000000e+00 2.421640e-15
    outer loop
      vertex   3.330669e-15 6.500000e+00 -1.050000e+02
      vertex   1.563906e+01 6.500000e+00 -8.997032e+01
      vertex   1.629758e+01 6.500000e+00 -9.043776e+01
    endloop
  endfacet
  facet normal 2.207547e-15 1.000000e+00 -2.653591e-15
    outer loop
      vertex   3.330669e-15 6.500000e+00 -1.050000e+02
      vertex   1.629758e+01 6.500000e+00 -9.043776e+01
      vertex   1.696230e+01 6.500000e+00 -9.088891e+01
    endloop
  endfacet
  facet normal 7.437299e-16 1.000000e+00 -8.940035e-16
    outer loop
      vertex   1.696230e+01 6.500000e+00 -9.088891e+01
      vertex   1.763333e+01 6.500000e+00 -9.132415e+01
      vertex   3.330669e-15 6.500000e+00 -1.050000e+02
    endloop
  endfacet
  facet normal -7.064269e-16 1.000000e+00 9.757959e-16
    outer loop
      vertex   3.330669e-15 6.500000e+00 -1.050000e+02
      vertex   1.763333e+01 6.500000e+00 -9.132415e+01
      vertex   1.831081e+01 6.500000e+00 -9.174390e+01
    endloop
  endfacet
  facet normal 0.000000e+00 1.000000e+00 0.000000e+00
    outer loop
      vertex   3.330669e-15 6.500000e+00 -1.050000e+02
      vertex   1.831081e+01 6.500000e+00 -9.174390e+01
      vertex   1.899486e+01 6.500000e+00 -9.214856e+01
    endloop
  endfacet
  facet normal -1.401887e-15 1.000000e+00 2.072034e-15
    outer loop
      vertex   1.899486e+01 6.500000e+00 -9.214856e+01
      vertex   1.968560e+01 6.500000e+00 -9.253852e+01
      vertex   3.330669e-15 6.500000e+00 -1.050000e+02
    endloop
  endfacet
  facet normal -4.147945e-17 1.000000e+00 -7.702206e-17
    outer loop
      vertex   3.330669e-15 6.500000e+00 -1.050000e+02
      vertex   1.968560e+01 6.500000e+00 -9.253852e+01
      vertex   2.038317e+01 6.500000e+00 -9.291418e+01
    endloop
  endfacet
  facet normal 1.310743e-15 1.000000e+00 -2.357595e-15
    outer loop
      vertex   3.330669e-15 6.500000e+00 -1.050000e+02
      vertex   2.038317e+01 6.500000e+00 -9.291418e+01
      vertex   2.108768e+01 6.500000e+00 -9.327596e+01
    endloop
  endfacet
  facet normal 0.000000e+00 1.000000e+00 0.000000e+00
    outer loop
      vertex   2.108768e+01 6.500000e+00 -9.327596e+01
      vertex   2.179927e+01 6.500000e+00 -9.362424e+01
      vertex   3.330669e-15 6.500000e+00 -1.050000e+02
    endloop
  endfacet
  facet normal 0.000000e+00 1.000000e+00 0.000000e+00
    outer loop
      vertex   3.330669e-15 6.500000e+00 -1.050000e+02
      vertex   2.179927e+01 6.500000e+00 -9.362424e+01
      vertex   2.251806e+01 6.500000e+00 -9.395944e+01
    endloop
  endfacet
  facet normal 0.000000e+00 1.000000e+00 0.000000e+00
    outer loop
      vertex   3.330669e-15 6.500000e+00 -1.050000e+02
      vertex   2.251806e+01 6.500000e+00 -9.395944e+01
      vertex   2.324417e+01 6.500000e+00 -9.428194e+01
    endloop
  endfacet
  facet normal 0.000000e+00 1.000000e+00 0.000000e+00
    outer loop
      vertex   2.324417e+01 6.500000e+00 -9.428194e+01
      vertex   2.397774e+01 6.500000e+00 -9.459215e+01
      vertex   3.330669e-15 6.500000e+00 -1.050000e+02
    endloop
  endfacet
  facet normal 0.000000e+00 1.000000e+00 0.000000e+00
    outer loop
      vertex   3.330669e-15 6.500000e+00 -1.050000e+02
      vertex   2.397774e+01 6.500000e+00 -9.459215e+01
      vertex   2.471889e+01 6.500000e+00 -9.489048e+01
    endloop
  endfacet
  facet normal 0.000000e+00 1.000000e+00 0.000000e+00
    outer loop
      vertex   3.330669e-15 6.500000e+00 -1.050000e+02
      vertex   2.471889e+01 6.500000e+00 -9.489048e+01
      vertex   2.546773e+01 6.500000e+00 -9.517732e+01
    endloop
  endfacet
  facet normal 0.000000e+00 1.000000e+00 0.000000e+00
    outer loop
      vertex   2.546773e+01 6.500000e+00 -9.517732e+01
      vertex   2.622441e+01 6.500000e+00 -9.545307e+01
      vertex   3.330669e-15 6.500000e+00 -1.050000e+02
    endloop
  endfacet
  facet normal -1.784991e-15 1.000000e+00 4.903183e-15
    outer loop
      vertex   3.330669e-15 6.500000e+00 -1.050000e+02
      vertex   2.622441e+01 6.500000e+00 -9.545307e+01
      vertex   2.698905e+01 6.500000e+00 -9.571814e+01
    endloop
  endfacet
  facet normal 1.712131e-15 1.000000e+00 -5.265463e-15
    outer loop
      vertex   3.330669e-15 6.500000e+00 -1.050000e+02
      vertex   2.698905e+01 6.500000e+00 -9.571814e+01
      vertex   2.776176e+01 6.500000e+00 -9.597292e+01
    endloop
  endfacet
  facet normal 0.000000e+00 1.000000e+00 0.000000e+00
    outer loop
      vertex   2.776176e+01 6.500000e+00 -9.597292e+01
      vertex   2.854269e+01 6.500000e+00 -9.621782e+01
      vertex   3.330669e-15 6.500000e+00 -1.050000e+02
    endloop
  endfacet
  facet normal -1.140432e-15 1.000000e+00 3.706481e-15
    outer loop
      vertex   3.330669e-15 6.500000e+00 -1.050000e+02
      vertex   2.854269e+01 6.500000e+00 -9.621782e+01
      vertex   2.933358e+01 6.500000e+00 -9.645373e+01
    endloop
  endfacet
  facet normal 1.092012e-15 1.000000e+00 -3.955993e-15
    outer loop
      vertex   3.330669e-15 6.500000e+00 -1.050000e+02
      vertex   2.933358e+01 6.500000e+00 -9.645373e+01
      vertex   3.013579e+01 6.500000e+00 -9.668132e+01
    endloop
  endfacet
  facet normal 0.000000e+00 1.000000e+00 0.000000e+00
    outer loop
      vertex   3.013579e+01 6.500000e+00 -9.668132e+01
      vertex   3.094957e+01 6.500000e+00 -9.690084e+01
      vertex   3.330669e-15 6.500000e+00 -1.050000e+02
    endloop
  endfacet
  facet normal 0.000000e+00 1.000000e+00 0.000000e+00
    outer loop
      vertex   3.330669e-15 6.500000e+00 -1.050000e+02
      vertex   3.094957e+01 6.500000e+00 -9.690084e+01
      vertex   3.177512e+01 6.500000e+00 -9.711255e+01
    endloop
  endfacet
  facet normal -1.070038e-15 1.000000e+00 4.310720e-15
    outer loop
      vertex   3.330669e-15 6.500000e+00 -1.050000e+02
      vertex   3.177512e+01 6.500000e+00 -9.711255e+01
      vertex   3.261269e+01 6.500000e+00 -9.731673e+01
    endloop
  endfacet
  facet normal 1.026879e-15 1.000000e+00 -4.589924e-15
    outer loop
      vertex   3.261269e+01 6.500000e+00 -9.731673e+01
      vertex   3.346249e+01 6.500000e+00 -9.751362e+01
      vertex   3.330669e-15 6.500000e+00 -1.050000e+02
    endloop
  endfacet
  facet normal 5.191166e-16 1.000000e+00 -2.320337e-15
    outer loop
      vertex   3.330669e-15 6.500000e+00 -1.050000e+02
      vertex   3.346249e+01 6.500000e+00 -9.751362e+01
      vertex   3.432474e+01 6.500000e+00 -9.770349e+01
    endloop
  endfacet
  facet normal -4.986814e-16 1.000000e+00 2.467657e-15
    outer loop
      vertex   3.330669e-15 6.500000e+00 -1.050000e+02
      vertex   3.432474e+01 6.500000e+00 -9.770349e+01
      vertex   3.519969e+01 6.500000e+00 -9.788660e+01
    endloop
  endfacet
  facet normal -1.008253e-15 1.000000e+00 4.989206e-15
    outer loop
      vertex   3.519969e+01 6.500000e+00 -9.788660e+01
      vertex   3.608755e+01 6.500000e+00 -9.806322e+01
      vertex   3.330669e-15 6.500000e+00 -1.050000e+02
    endloop
  endfacet
  facet normal 9.694278e-16 1.000000e+00 -5.299376e-15
    outer loop
      vertex   3.330669e-15 6.500000e+00 -1.050000e+02
      vertex   3.608755e+01 6.500000e+00 -9.806322e+01
      vertex   3.698855e+01 6.500000e+00 -9.823360e+01
    endloop
  endfacet
  facet normal 0.000000e+00 1.000000e+00 0.000000e+00
    outer loop
      vertex   3.330669e-15 6.500000e+00 -1.050000e+02
      vertex   3.698855e+01 6.500000e+00 -9.823360e+01
      vertex   3.790291e+01 6.500000e+00 -9.839800e+01
    endloop
  endfacet
  facet normal 0.000000e+00 1.000000e+00 0.000000e+00
    outer loop
      vertex   3.790291e+01 6.500000e+00 -9.839800e+01
      vertex   3.883087e+01 6.500000e+00 -9.855669e+01
      vertex   3.330669e-15 6.500000e+00 -1.050000e+02
    endloop
  endfacet
  facet normal 0.000000e+00 1.000000e+00 0.000000e+00
    outer loop
      vertex   3.330669e-15 6.500000e+00 -1.050000e+02
      vertex   3.883087e+01 6.500000e+00 -9.855669e+01
      vertex   3.977264e+01 6.500000e+00 -9.870993e+01
    endloop
  endfacet
  facet normal 4.694524e-16 1.000000e+00 -2.968388e-15
    outer loop
      vertex   3.330669e-15 6.500000e+00 -1.050000e+02
      vertex   3.977264e+01 6.500000e+00 -9.870993e+01
      vertex   4.072845e+01 6.500000e+00 -9.885798e+01
    endloop
  endfacet
  facet normal -4.520173e-16 1.000000e+00 3.141987e-15
    outer loop
      vertex   4.072845e+01 6.500000e+00 -9.885798e+01
      vertex   4.169853e+01 6.500000e+00 -9.900110e+01
      vertex   3.330669e-15 6.500000e+00 -1.050000e+02
    endloop
  endfacet
  facet normal 4.561843e-16 1.000000e+00 -3.170952e-15
    outer loop
      vertex   3.330669e-15 6.500000e+00 -1.050000e+02
      vertex   4.169853e+01 6.500000e+00 -9.900110e+01
      vertex   4.268311e+01 6.500000e+00 -9.913956e+01
    endloop
  endfacet
  facet normal -4.392906e-16 1.000000e+00 3.351021e-15
    outer loop
      vertex   3.330669e-15 6.500000e+00 -1.050000e+02
      vertex   4.268311e+01 6.500000e+00 -9.913956e+01
      vertex   4.368241e+01 6.500000e+00 -9.927360e+01
    endloop
  endfacet
  facet normal 0.000000e+00 1.000000e+00 0.000000e+00
    outer loop
      vertex   4.368241e+01 6.500000e+00 -9.927360e+01
      vertex   4.469666e+01 6.500000e+00 -9.940351e+01
      vertex   3.330669e-15 6.500000e+00 -1.050000e+02
    endloop
  endfacet
  facet normal -8.725253e-16 1.000000e+00 6.968464e-15
    outer loop
      vertex   3.330669e-15 6.500000e+00 -1.050000e+02
      vertex   4.469666e+01 6.500000e+00 -9.940351e+01
      vertex   4.572607e+01 6.500000e+00 -9.952953e+01
    endloop
  endfacet
  facet normal 8.397933e-16 1.000000e+00 -7.344301e-15
    outer loop
      vertex   3.330669e-15 6.500000e+00 -1.050000e+02
      vertex   4.572607e+01 6.500000e+00 -9.952953e+01
      vertex   4.677089e+01 6.500000e+00 -9.965192e+01
    endloop
  endfacet
  facet normal 0.000000e+00 1.000000e+00 0.000000e+00
    outer loop
      vertex   4.677089e+01 6.500000e+00 -9.965192e+01
      vertex   4.783134e+01 6.500000e+00 -9.977096e+01
      vertex   3.330669e-15 6.500000e+00 -1.050000e+02
    endloop
  endfacet
  facet normal 8.313122e-16 1.000000e+00 -7.604222e-15
    outer loop
      vertex   3.330669e-15 6.500000e+00 -1.050000e+02
      vertex   4.783134e+01 6.500000e+00 -9.977096e+01
      vertex   4.890763e+01 6.500000e+00 -9.988690e+01
    endloop
  endfacet
  facet normal 1.986821e-09 0.000000e+00 1.000000e+00
    outer loop
      vertex   7.500000e+01 5.650000e+01 -1.050000e+02
      vertex   3.330669e-15 5.650000e+01 -1.050000e+02
      vertex   7.500000e+01 6.500000e+00 -1.050000e+02
    endloop
  endfacet
  facet normal 1.986821e-09 0.000000e+00 1.000000e+00
    outer loop
      vertex   7.500000e+01 6.500000e+00 -1.050000e+02
      vertex   3.330669e-15 5.650000e+01 -1.050000e+02
      vertex   3.330669e-15 6.500000e+00 -1.050000e+02
    endloop
  endfacet
  facet normal 1.092752e-08 -1.000000e+00 -1.144564e-07
    outer loop
      vertex   7.500000e+01 5.650000e+01 -1.050000e+02
      vertex   5.115962e+01 5.650000e+01 -1.001156e+02
      vertex   3.330669e-15 5.650000e+01 -1.050000e+02
    endloop
  endfacet
  facet normal 0.000000e+00 -1.000000e+00 0.000000e+00
    outer loop
      vertex   3.330669e-15 5.650000e+01 -1.050000e+02
      vertex   5.115962e+01 5.650000e+01 -1.001156e+02
      vertex   5.000000e+01 5.650000e+01 -1.000000e+02
    endloop
  endfacet
  facet normal 0.000000e+00 -1.000000e+00 0.000000e+00
    outer loop
      vertex   3.330669e-15 5.650000e+01 -1.050000e+02
      vertex   5.000000e+01 5.650000e+01 -1.000000e+02
      vertex   4.890276e+01 5.650000e+01 -9.988628e+01
    endloop
  endfacet
  facet normal 1.639128e-07 -1.000000e+00 0.000000e+00
    outer loop
      vertex   7.500000e+01 5.650000e+01 -1.039080e+02
      vertex   7.000000e+01 5.650000e+01 -1.015943e+02
      vertex   7.500000e+01 5.650000e+01 -1.050000e+02
    endloop
  endfacet
  facet normal -1.779645e-08 -1.000000e+00 -2.667700e-07
    outer loop
      vertex   7.500000e+01 5.650000e+01 -1.050000e+02
      vertex   7.000000e+01 5.650000e+01 -1.015943e+02
      vertex   6.739216e+01 5.650000e+01 -1.014203e+02
    endloop
  endfacet
  facet normal -1.864403e-08 -1.000000e+00 -2.685713e-07
    outer loop
      vertex   7.500000e+01 5.650000e+01 -1.050000e+02
      vertex   6.739216e+01 5.650000e+01 -1.014203e+02
      vertex   6.479908e+01 5.650000e+01 -1.012403e+02
    endloop
  endfacet
  facet normal 2.226825e-08 -1.000000e+00 -3.061005e-07
    outer loop
      vertex   7.000000e+01 5.650000e+01 -1.015943e+02
      vertex   7.500000e+01 5.650000e+01 -1.039080e+02
      vertex   7.070234e+01 5.650000e+01 -1.016400e+02
    endloop
  endfacet
  facet normal -1.296605e-06 -1.000000e+00 -2.805286e-06
    outer loop
      vertex   7.070234e+01 5.650000e+01 -1.016400e+02
      vertex   7.500000e+01 5.650000e+01 -1.039080e+02
      vertex   7.502010e+01 5.650000e+01 -1.036251e+02
    endloop
  endfacet
  facet normal 1.379334e-07 -1.000000e+00 3.149447e-07
    outer loop
      vertex   7.070234e+01 5.650000e+01 -1.016400e+02
      vertex   7.502010e+01 5.650000e+01 -1.036251e+02
      vertex   7.137482e+01 5.650000e+01 -1.016832e+02
    endloop
  endfacet
  facet normal 2.060006e-07 -1.000000e+00 4.427213e-07
    outer loop
      vertex   7.137482e+01 5.650000e+01 -1.016832e+02
      vertex   7.502010e+01 5.650000e+01 -1.036251e+02
      vertex   7.201568e+01 5.650000e+01 -1.017240e+02
    endloop
  endfacet
  facet normal -6.522217e-08 -1.000000e+00 1.409655e-08
    outer loop
      vertex   7.201568e+01 5.650000e+01 -1.017240e+02
      vertex   7.502010e+01 5.650000e+01 -1.036251e+02
      vertex   7.508001e+01 5.650000e+01 -1.033479e+02
    endloop
  endfacet
  facet normal 2.603873e-07 -1.000000e+00 6.285086e-07
    outer loop
      vertex   7.201568e+01 5.650000e+01 -1.017240e+02
      vertex   7.508001e+01 5.650000e+01 -1.033479e+02
      vertex   7.262315e+01 5.650000e+01 -1.017622e+02
    endloop
  endfacet
  facet normal -1.172440e-07 -1.000000e+00 4.343123e-08
    outer loop
      vertex   7.262315e+01 5.650000e+01 -1.017622e+02
      vertex   7.508001e+01 5.650000e+01 -1.033479e+02
      vertex   7.517851e+01 5.650000e+01 -1.030820e+02
    endloop
  endfacet
  facet normal 2.966886e-07 -1.000000e+00 8.448544e-07
    outer loop
      vertex   7.262315e+01 5.650000e+01 -1.017622e+02
      vertex   7.517851e+01 5.650000e+01 -1.030820e+02
      vertex   7.319545e+01 5.650000e+01 -1.017978e+02
    endloop
  endfacet
  facet normal 2.959209e-07 -1.000000e+00 8.436689e-07
    outer loop
      vertex   7.319545e+01 5.650000e+01 -1.017978e+02
      vertex   7.517851e+01 5.650000e+01 -1.030820e+02
      vertex   7.373081e+01 5.650000e+01 -1.018308e+02
    endloop
  endfacet
  facet normal -2.950357e-07 -1.000000e+00 1.599042e-07
    outer loop
      vertex   7.373081e+01 5.650000e+01 -1.018308e+02
      vertex   7.517851e+01 5.650000e+01 -1.030820e+02
      vertex   7.531363e+01 5.650000e+01 -1.028327e+02
    endloop
  endfacet
  facet normal 2.803825e-07 -1.000000e+00 1.068967e-06
    outer loop
      vertex   7.373081e+01 5.650000e+01 -1.018308e+02
      vertex   7.531363e+01 5.650000e+01 -1.028327e+02
      vertex   7.422745e+01 5.650000e+01 -1.018612e+02
    endloop
  endfacet
  facet normal -4.061079e-07 -1.000000e+00 3.014645e-07
    outer loop
      vertex   7.422745e+01 5.650000e+01 -1.018612e+02
      vertex   7.531363e+01 5.650000e+01 -1.028327e+02
      vertex   7.548266e+01 5.650000e+01 -1.026050e+02
    endloop
  endfacet
  facet normal 2.336615e-07 -1.000000e+00 1.381056e-06
    outer loop
      vertex   7.422745e+01 5.650000e+01 -1.018612e+02
      vertex   7.548266e+01 5.650000e+01 -1.026050e+02
      vertex   7.468361e+01 5.650000e+01 -1.018889e+02
    endloop
  endfacet
  facet normal -5.319911e-07 -1.000000e+00 5.267802e-07
    outer loop
      vertex   7.468361e+01 5.650000e+01 -1.018889e+02
      vertex   7.548266e+01 5.650000e+01 -1.026050e+02
      vertex   7.568218e+01 5.650000e+01 -1.024035e+02
    endloop
  endfacet
  facet normal 1.682484e-07 -1.000000e+00 1.885443e-06
    outer loop
      vertex   7.468361e+01 5.650000e+01 -1.018889e+02
      vertex   7.568218e+01 5.650000e+01 -1.024035e+02
      vertex   7.500000e+01 5.650000e+01 -1.019080e+02
    endloop
  endfacet
  facet normal -2.606035e-06 -1.000000e+00 -1.933646e-06
    outer loop
      vertex   7.500000e+01 5.650000e+01 -1.019080e+02
      vertex   7.568218e+01 5.650000e+01 -1.024035e+02
      vertex   7.532879e+01 5.650000e+01 -1.019272e+02
    endloop
  endfacet
  facet normal 0.000000e+00 -1.000000e+00 0.000000e+00
    outer loop
      vertex   7.532879e+01 5.650000e+01 -1.019272e+02
      vertex   7.568218e+01 5.650000e+01 -1.024035e+02
      vertex   7.590820e+01 5.650000e+01 -1.022323e+02
    endloop
  endfacet
  facet normal 0.000000e+00 -1.000000e+00 0.000000e+00
    outer loop
      vertex   7.532879e+01 5.650000e+01 -1.019272e+02
      vertex   7.590820e+01 5.650000e+01 -1.022323e+02
      vertex   7.567460e+01 5.650000e+01 -1.019482e+02
    endloop
  endfacet
  facet normal 0.000000e+00 -1.000000e+00 0.000000e+00
    outer loop
      vertex   7.567460e+01 5.650000e+01 -1.019482e+02
      vertex   7.590820e+01 5.650000e+01 -1.022323e+02
      vertex   7.615617e+01 5.650000e+01 -1.020947e+02
    endloop
  endfacet
  facet normal 0.000000e+00 -1.000000e+00 0.000000e+00
    outer loop
      vertex   7.567460e+01 5.650000e+01 -1.019482e+02
      vertex   7.615617e+01 5.650000e+01 -1.020947e+02
      vertex   7.603840e+01 5.650000e+01 -1.019702e+02
    endloop
  endfacet
  facet normal 0.000000e+00 -1.000000e+00 0.000000e+00
    outer loop
      vertex   7.603840e+01 5.650000e+01 -1.019702e+02
      vertex   7.615617e+01 5.650000e+01 -1.020947e+02
      vertex   7.642110e+01 5.650000e+01 -1.019936e+02
    endloop
  endfacet
  facet normal -1.971332e-08 -1.000000e+00 -2.714725e-07
    outer loop
      vertex   6.479908e+01 5.650000e+01 -1.012403e+02
      vertex   6.222878e+01 5.650000e+01 -1.010536e+02
      vertex   7.500000e+01 5.650000e+01 -1.050000e+02
    endloop
  endfacet
  facet normal -2.105781e-08 -1.000000e+00 -2.758235e-07
    outer loop
      vertex   7.500000e+01 5.650000e+01 -1.050000e+02
      vertex   6.222878e+01 5.650000e+01 -1.010536e+02
      vertex   5.968929e+01 5.650000e+01 -1.008598e+02
    endloop
  endfacet
  facet normal -2.275450e-08 -1.000000e+00 -2.820980e-07
    outer loop
      vertex   7.500000e+01 5.650000e+01 -1.050000e+02
      vertex   5.968929e+01 5.650000e+01 -1.008598e+02
      vertex   5.718864e+01 5.650000e+01 -1.006581e+02
    endloop
  endfacet
  facet normal -2.432788e-08 -1.000000e+00 -2.885522e-07
    outer loop
      vertex   5.718864e+01 5.650000e+01 -1.006581e+02
      vertex   5.595539e+01 5.650000e+01 -1.005541e+02
      vertex   7.500000e+01 5.650000e+01 -1.050000e+02
    endloop
  endfacet
  facet normal -2.555376e-08 -1.000000e+00 -2.938034e-07
    outer loop
      vertex   7.500000e+01 5.650000e+01 -1.050000e+02
      vertex   5.595539e+01 5.650000e+01 -1.005541e+02
      vertex   5.473486e+01 5.650000e+01 -1.004479e+02
    endloop
  endfacet
  facet normal -2.695311e-08 -1.000000e+00 -3.000331e-07
    outer loop
      vertex   7.500000e+01 5.650000e+01 -1.050000e+02
      vertex   5.473486e+01 5.650000e+01 -1.004479e+02
      vertex   5.352805e+01 5.650000e+01 -1.003395e+02
    endloop
  endfacet
  facet normal -2.856055e-08 -1.000000e+00 -3.074390e-07
    outer loop
      vertex   5.352805e+01 5.650000e+01 -1.003395e+02
      vertex   5.233597e+01 5.650000e+01 -1.002288e+02
      vertex   7.500000e+01 5.650000e+01 -1.050000e+02
    endloop
  endfacet
  facet normal -3.042094e-08 -1.000000e+00 -3.162761e-07
    outer loop
      vertex   7.500000e+01 5.650000e+01 -1.050000e+02
      vertex   5.233597e+01 5.650000e+01 -1.002288e+02
      vertex   5.115962e+01 5.650000e+01 -1.001156e+02
    endloop
  endfacet
  facet normal -0.000000e+00 -1.000000e+00 0.000000e+00
    outer loop
      vertex   4.890276e+01 5.650000e+01 -9.988628e+01
      vertex   4.782283e+01 5.650000e+01 -9.976970e+01
      vertex   3.330669e-15 5.650000e+01 -1.050000e+02
    endloop
  endfacet
  facet normal 0.000000e+00 -1.000000e+00 0.000000e+00
    outer loop
      vertex   3.330669e-15 5.650000e+01 -1.050000e+02
      vertex   4.782283e+01 5.650000e+01 -9.976970e+01
      vertex   4.676108e+01 5.650000e+01 -9.965023e+01
    endloop
  endfacet
  facet normal 0.000000e+00 -1.000000e+00 0.000000e+00
    outer loop
      vertex   3.330669e-15 5.650000e+01 -1.050000e+02
      vertex   4.676108e+01 5.650000e+01 -9.965023e+01
      vertex   4.571840e+01 5.650000e+01 -9.952785e+01
    endloop
  endfacet
  facet normal -0.000000e+00 -1.000000e+00 0.000000e+00
    outer loop
      vertex   4.571840e+01 5.650000e+01 -9.952785e+01
      vertex   4.469568e+01 5.650000e+01 -9.940256e+01
      vertex   3.330669e-15 5.650000e+01 -1.050000e+02
    endloop
  endfacet
  facet normal 0.000000e+00 -1.000000e+00 0.000000e+00
    outer loop
      vertex   3.330669e-15 5.650000e+01 -1.050000e+02
      vertex   4.469568e+01 5.650000e+01 -9.940256e+01
      vertex   4.369381e+01 5.650000e+01 -9.927434e+01
    endloop
  endfacet
  facet normal 0.000000e+00 -1.000000e+00 0.000000e+00
    outer loop
      vertex   3.330669e-15 5.650000e+01 -1.050000e+02
      vertex   4.369381e+01 5.650000e+01 -9.927434e+01
      vertex   4.271366e+01 5.650000e+01 -9.914316e+01
    endloop
  endfacet
  facet normal -0.000000e+00 -1.000000e+00 0.000000e+00
    outer loop
      vertex   4.271366e+01 5.650000e+01 -9.914316e+01
      vertex   4.175611e+01 5.650000e+01 -9.900901e+01
      vertex   3.330669e-15 5.650000e+01 -1.050000e+02
    endloop
  endfacet
  facet normal 0.000000e+00 -1.000000e+00 0.000000e+00
    outer loop
      vertex   3.330669e-15 5.650000e+01 -1.050000e+02
      vertex   4.175611e+01 5.650000e+01 -9.900901e+01
      vertex   4.082207e+01 5.650000e+01 -9.887188e+01
    endloop
  endfacet
  facet normal 3.848783e-15 -1.000000e+00 -2.563843e-14
    outer loop
      vertex   3.330669e-15 5.650000e+01 -1.050000e+02
      vertex   4.082207e+01 5.650000e+01 -9.887188e+01
      vertex   3.991075e+01 5.650000e+01 -9.873155e+01
    endloop
  endfacet
  facet normal -4.000650e-15 -1.000000e+00 2.433830e-14
    outer loop
      vertex   3.991075e+01 5.650000e+01 -9.873155e+01
      vertex   3.901453e+01 5.650000e+01 -9.858692e+01
      vertex   3.330669e-15 5.650000e+01 -1.050000e+02
    endloop
  endfacet
  facet normal 0.000000e+00 -1.000000e+00 0.000000e+00
    outer loop
      vertex   3.330669e-15 5.650000e+01 -1.050000e+02
      vertex   3.901453e+01 5.650000e+01 -9.858692e+01
      vertex   3.813212e+01 5.650000e+01 -9.843768e+01
    endloop
  endfacet
  facet normal 0.000000e+00 -1.000000e+00 0.000000e+00
    outer loop
      vertex   3.330669e-15 5.650000e+01 -1.050000e+02
      vertex   3.813212e+01 5.650000e+01 -9.843768e+01
      vertex   3.726329e+01 5.650000e+01 -9.828363e+01
    endloop
  endfacet
  facet normal -0.000000e+00 -1.000000e+00 0.000000e+00
    outer loop
      vertex   3.726329e+01 5.650000e+01 -9.828363e+01
      vertex   3.640780e+01 5.650000e+01 -9.812458e+01
      vertex   3.330669e-15 5.650000e+01 -1.050000e+02
    endloop
  endfacet
  facet normal 0.000000e+00 -1.000000e+00 0.000000e+00
    outer loop
      vertex   3.330669e-15 5.650000e+01 -1.050000e+02
      vertex   3.640780e+01 5.650000e+01 -9.812458e+01
      vertex   3.556541e+01 5.650000e+01 -9.796033e+01
    endloop
  endfacet
  facet normal 0.000000e+00 -1.000000e+00 0.000000e+00
    outer loop
      vertex   3.330669e-15 5.650000e+01 -1.050000e+02
      vertex   3.556541e+01 5.650000e+01 -9.796033e+01
      vertex   3.473587e+01 5.650000e+01 -9.779068e+01
    endloop
  endfacet
  facet normal -0.000000e+00 -1.000000e+00 0.000000e+00
    outer loop
      vertex   3.473587e+01 5.650000e+01 -9.779068e+01
      vertex   3.391896e+01 5.650000e+01 -9.761545e+01
      vertex   3.330669e-15 5.650000e+01 -1.050000e+02
    endloop
  endfacet
  facet normal 0.000000e+00 -1.000000e+00 0.000000e+00
    outer loop
      vertex   3.330669e-15 5.650000e+01 -1.050000e+02
      vertex   3.391896e+01 5.650000e+01 -9.761545e+01
      vertex   3.311443e+01 5.650000e+01 -9.743443e+01
    endloop
  endfacet
  facet normal -8.821827e-15 -1.000000e+00 3.861305e-14
    outer loop
      vertex   3.330669e-15 5.650000e+01 -1.050000e+02
      vertex   3.311443e+01 5.650000e+01 -9.743443e+01
      vertex   3.232204e+01 5.650000e+01 -9.724743e+01
    endloop
  endfacet
  facet normal 9.184289e-15 -1.000000e+00 -3.645812e-14
    outer loop
      vertex   3.232204e+01 5.650000e+01 -9.724743e+01
      vertex   3.154156e+01 5.650000e+01 -9.705426e+01
      vertex   3.330669e-15 5.650000e+01 -1.050000e+02
    endloop
  endfacet
  facet normal 0.000000e+00 -1.000000e+00 0.000000e+00
    outer loop
      vertex   3.330669e-15 5.650000e+01 -1.050000e+02
      vertex   3.154156e+01 5.650000e+01 -9.705426e+01
      vertex   3.077274e+01 5.650000e+01 -9.685472e+01
    endloop
  endfacet
  facet normal 0.000000e+00 -1.000000e+00 0.000000e+00
    outer loop
      vertex   3.330669e-15 5.650000e+01 -1.050000e+02
      vertex   3.077274e+01 5.650000e+01 -9.685472e+01
      vertex   3.001536e+01 5.650000e+01 -9.664861e+01
    endloop
  endfacet
  facet normal -0.000000e+00 -1.000000e+00 0.000000e+00
    outer loop
      vertex   3.001536e+01 5.650000e+01 -9.664861e+01
      vertex   2.926915e+01 5.650000e+01 -9.643575e+01
      vertex   3.330669e-15 5.650000e+01 -1.050000e+02
    endloop
  endfacet
  facet normal 0.000000e+00 -1.000000e+00 0.000000e+00
    outer loop
      vertex   3.330669e-15 5.650000e+01 -1.050000e+02
      vertex   2.926915e+01 5.650000e+01 -9.643575e+01
      vertex   2.853390e+01 5.650000e+01 -9.621593e+01
    endloop
  endfacet
  facet normal 0.000000e+00 -1.000000e+00 0.000000e+00
    outer loop
      vertex   3.330669e-15 5.650000e+01 -1.050000e+02
      vertex   2.853390e+01 5.650000e+01 -9.621593e+01
      vertex   2.780936e+01 5.650000e+01 -9.598896e+01
    endloop
  endfacet
  facet normal -0.000000e+00 -1.000000e+00 0.000000e+00
    outer loop
      vertex   2.780936e+01 5.650000e+01 -9.598896e+01
      vertex   2.709530e+01 5.650000e+01 -9.575465e+01
      vertex   3.330669e-15 5.650000e+01 -1.050000e+02
    endloop
  endfacet
  facet normal 0.000000e+00 -1.000000e+00 0.000000e+00
    outer loop
      vertex   3.330669e-15 5.650000e+01 -1.050000e+02
      vertex   2.709530e+01 5.650000e+01 -9.575465e+01
      vertex   2.639146e+01 5.650000e+01 -9.551280e+01
    endloop
  endfacet
  facet normal 0.000000e+00 -1.000000e+00 0.000000e+00
    outer loop
      vertex   3.330669e-15 5.650000e+01 -1.050000e+02
      vertex   2.639146e+01 5.650000e+01 -9.551280e+01
      vertex   2.569762e+01 5.650000e+01 -9.526321e+01
    endloop
  endfacet
  facet normal -0.000000e+00 -1.000000e+00 0.000000e+00
    outer loop
      vertex   2.569762e+01 5.650000e+01 -9.526321e+01
      vertex   2.501354e+01 5.650000e+01 -9.500570e+01
      vertex   3.330669e-15 5.650000e+01 -1.050000e+02
    endloop
  endfacet
  facet normal 0.000000e+00 -1.000000e+00 0.000000e+00
    outer loop
      vertex   3.330669e-15 5.650000e+01 -1.050000e+02
      vertex   2.501354e+01 5.650000e+01 -9.500570e+01
      vertex   2.433897e+01 5.650000e+01 -9.474006e+01
    endloop
  endfacet
  facet normal 0.000000e+00 -1.000000e+00 0.000000e+00
    outer loop
      vertex   3.330669e-15 5.650000e+01 -1.050000e+02
      vertex   2.433897e+01 5.650000e+01 -9.474006e+01
      vertex   2.367368e+01 5.650000e+01 -9.446610e+01
    endloop
  endfacet
  facet normal -0.000000e+00 -1.000000e+00 0.000000e+00
    outer loop
      vertex   2.367368e+01 5.650000e+01 -9.446610e+01
      vertex   2.301743e+01 5.650000e+01 -9.418363e+01
      vertex   3.330669e-15 5.650000e+01 -1.050000e+02
    endloop
  endfacet
  facet normal 0.000000e+00 -1.000000e+00 0.000000e+00
    outer loop
      vertex   3.330669e-15 5.650000e+01 -1.050000e+02
      vertex   2.301743e+01 5.650000e+01 -9.418363e+01
      vertex   2.236998e+01 5.650000e+01 -9.389245e+01
    endloop
  endfacet
  facet normal 0.000000e+00 -1.000000e+00 0.000000e+00
    outer loop
      vertex   3.330669e-15 5.650000e+01 -1.050000e+02
      vertex   2.236998e+01 5.650000e+01 -9.389245e+01
      vertex   2.173109e+01 5.650000e+01 -9.359236e+01
    endloop
  endfacet
  facet normal 5.826259e-15 -1.000000e+00 -1.109879e-14
    outer loop
      vertex   2.173109e+01 5.650000e+01 -9.359236e+01
      vertex   2.110052e+01 5.650000e+01 -9.328318e+01
      vertex   3.330669e-15 5.650000e+01 -1.050000e+02
    endloop
  endfacet
  facet normal -2.392496e-14 -1.000000e+00 4.247941e-14
    outer loop
      vertex   3.330669e-15 5.650000e+01 -1.050000e+02
      vertex   2.110052e+01 5.650000e+01 -9.328318e+01
      vertex   2.047804e+01 5.650000e+01 -9.296470e+01
    endloop
  endfacet
  facet normal 1.867281e-14 -1.000000e+00 -3.000059e-14
    outer loop
      vertex   3.330669e-15 5.650000e+01 -1.050000e+02
      vertex   2.047804e+01 5.650000e+01 -9.296470e+01
      vertex   1.986340e+01 5.650000e+01 -9.263673e+01
    endloop
  endfacet
  facet normal -0.000000e+00 -1.000000e+00 0.000000e+00
    outer loop
      vertex   1.986340e+01 5.650000e+01 -9.263673e+01
      vertex   1.925637e+01 5.650000e+01 -9.229907e+01
      vertex   3.330669e-15 5.650000e+01 -1.050000e+02
    endloop
  endfacet
  facet normal 1.261424e-14 -1.000000e+00 -1.912494e-14
    outer loop
      vertex   3.330669e-15 5.650000e+01 -1.050000e+02
      vertex   1.925637e+01 5.650000e+01 -9.229907e+01
      vertex   1.865670e+01 5.650000e+01 -9.195154e+01
    endloop
  endfacet
  facet normal -1.321671e-14 -1.000000e+00 1.780819e-14
    outer loop
      vertex   3.330669e-15 5.650000e+01 -1.050000e+02
      vertex   1.865670e+01 5.650000e+01 -9.195154e+01
      vertex   1.806371e+01 5.650000e+01 -9.159365e+01
    endloop
  endfacet
  facet normal 6.428977e-15 -1.000000e+00 -8.662399e-15
    outer loop
      vertex   1.806371e+01 5.650000e+01 -9.159365e+01
      vertex   1.746528e+01 5.650000e+01 -9.121753e+01
      vertex   3.330669e-15 5.650000e+01 -1.050000e+02
    endloop
  endfacet
  facet normal 6.194761e-15 -1.000000e+00 -8.365599e-15
    outer loop
      vertex   3.330669e-15 5.650000e+01 -1.050000e+02
      vertex   1.746528e+01 5.650000e+01 -9.121753e+01
      vertex   1.685660e+01 5.650000e+01 -9.081889e+01
    endloop
  endfacet
  facet normal -1.306406e-14 -1.000000e+00 1.452671e-14
    outer loop
      vertex   3.330669e-15 5.650000e+01 -1.050000e+02
      vertex   1.685660e+01 5.650000e+01 -9.081889e+01
      vertex   1.623831e+01 5.650000e+01 -9.039668e+01
    endloop
  endfacet
  facet normal -0.000000e+00 -1.000000e+00 0.000000e+00
    outer loop
      vertex   1.623831e+01 5.650000e+01 -9.039668e+01
      vertex   1.561102e+01 5.650000e+01 -8.994981e+01
      vertex   3.330669e-15 5.650000e+01 -1.050000e+02
    endloop
  endfacet
  facet normal 0.000000e+00 -1.000000e+00 0.000000e+00
    outer loop
      vertex   3.330669e-15 5.650000e+01 -1.050000e+02
      vertex   1.561102e+01 5.650000e+01 -8.994981e+01
      vertex   1.497538e+01 5.650000e+01 -8.947722e+01
    endloop
  endfacet
  facet normal 0.000000e+00 -1.000000e+00 0.000000e+00
    outer loop
      vertex   3.330669e-15 5.650000e+01 -1.050000e+02
      vertex   1.497538e+01 5.650000e+01 -8.947722e+01
      vertex   1.433201e+01 5.650000e+01 -8.897783e+01
    endloop
  endfacet
  facet normal -0.000000e+00 -1.000000e+00 0.000000e+00
    outer loop
      vertex   1.433201e+01 5.650000e+01 -8.897783e+01
      vertex   1.368153e+01 5.650000e+01 -8.845059e+01
      vertex   3.330669e-15 5.650000e+01 -1.050000e+02
    endloop
  endfacet
  facet normal 0.000000e+00 -1.000000e+00 0.000000e+00
    outer loop
      vertex   3.330669e-15 5.650000e+01 -1.050000e+02
      vertex   1.368153e+01 5.650000e+01 -8.845059e+01
      vertex   1.302458e+01 5.650000e+01 -8.789441e+01
    endloop
  endfacet
  facet normal 0.000000e+00 -1.000000e+00 0.000000e+00
    outer loop
      vertex   3.330669e-15 5.650000e+01 -1.050000e+02
      vertex   1.302458e+01 5.650000e+01 -8.789441e+01
      vertex   1.236178e+01 5.650000e+01 -8.730823e+01
    endloop
  endfacet
  facet normal -0.000000e+00 -1.000000e+00 0.000000e+00
    outer loop
      vertex   1.236178e+01 5.650000e+01 -8.730823e+01
      vertex   1.169376e+01 5.650000e+01 -8.669098e+01
      vertex   3.330669e-15 5.650000e+01 -1.050000e+02
    endloop
  endfacet
  facet normal 0.000000e+00 -1.000000e+00 0.000000e+00
    outer loop
      vertex   3.330669e-15 5.650000e+01 -1.050000e+02
      vertex   1.169376e+01 5.650000e+01 -8.669098e+01
      vertex   1.102115e+01 5.650000e+01 -8.604159e+01
    endloop
  endfacet
  facet normal 0.000000e+00 -1.000000e+00 0.000000e+00
    outer loop
      vertex   3.330669e-15 5.650000e+01 -1.050000e+02
      vertex   1.102115e+01 5.650000e+01 -8.604159e+01
      vertex   1.034457e+01 5.650000e+01 -8.535899e+01
    endloop
  endfacet
  facet normal -0.000000e+00 -1.000000e+00 0.000000e+00
    outer loop
      vertex   1.034457e+01 5.650000e+01 -8.535899e+01
      vertex   9.664667e+00 5.650000e+01 -8.464211e+01
      vertex   3.330669e-15 5.650000e+01 -1.050000e+02
    endloop
  endfacet
  facet normal -1.366787e-14 -1.000000e+00 6.488657e-15
    outer loop
      vertex   3.330669e-15 5.650000e+01 -1.050000e+02
      vertex   9.664667e+00 5.650000e+01 -8.464211e+01
      vertex   8.982053e+00 5.650000e+01 -8.388987e+01
    endloop
  endfacet
  facet normal 1.444913e-14 -1.000000e+00 -5.474719e-15
    outer loop
      vertex   3.330669e-15 5.650000e+01 -1.050000e+02
      vertex   8.982053e+00 5.650000e+01 -8.388987e+01
      vertex   8.297361e+00 5.650000e+01 -8.310122e+01
    endloop
  endfacet
  facet normal -0.000000e+00 -1.000000e+00 0.000000e+00
    outer loop
      vertex   8.297361e+00 5.650000e+01 -8.310122e+01
      vertex   7.611220e+00 5.650000e+01 -8.227508e+01
      vertex   3.330669e-15 5.650000e+01 -1.050000e+02
    endloop
  endfacet
  facet normal 0.000000e+00 -1.000000e+00 0.000000e+00
    outer loop
      vertex   3.330669e-15 5.650000e+01 -1.050000e+02
      vertex   7.611220e+00 5.650000e+01 -8.227508e+01
      vertex   6.927660e+00 5.650000e+01 -8.141475e+01
    endloop
  endfacet
  facet normal 0.000000e+00 -1.000000e+00 0.000000e+00
    outer loop
      vertex   3.330669e-15 5.650000e+01 -1.050000e+02
      vertex   6.927660e+00 5.650000e+01 -8.141475e+01
      vertex   3.330669e-15 5.650000e+01 -7.500000e+01
    endloop
  endfacet
  facet normal 0.000000e+00 -1.000000e+00 0.000000e+00
    outer loop
      vertex   3.330669e-15 5.650000e+01 -7.500000e+01
      vertex   6.927660e+00 5.650000e+01 -8.141475e+01
      vertex   6.260308e+00 5.650000e+01 -8.053715e+01
    endloop
  endfacet
  facet normal 0.000000e+00 -1.000000e+00 0.000000e+00
    outer loop
      vertex   3.330669e-15 5.650000e+01 -7.500000e+01
      vertex   6.260308e+00 5.650000e+01 -8.053715e+01
      vertex   5.610475e+00 5.650000e+01 -7.964496e+01
    endloop
  endfacet
  facet normal 0.000000e+00 -1.000000e+00 0.000000e+00
    outer loop
      vertex   5.610475e+00 5.650000e+01 -7.964496e+01
      vertex   4.978122e+00 5.650000e+01 -7.873916e+01
      vertex   3.330669e-15 5.650000e+01 -7.500000e+01
    endloop
  endfacet
  facet normal 0.000000e+00 -1.000000e+00 0.000000e+00
    outer loop
      vertex   3.330669e-15 5.650000e+01 -7.500000e+01
      vertex   4.978122e+00 5.650000e+01 -7.873916e+01
      vertex   4.363205e+00 5.650000e+01 -7.782076e+01
    endloop
  endfacet
  facet normal 0.000000e+00 -1.000000e+00 0.000000e+00
    outer loop
      vertex   3.330669e-15 5.650000e+01 -7.500000e+01
      vertex   4.363205e+00 5.650000e+01 -7.782076e+01
      vertex   3.765683e+00 5.650000e+01 -7.689077e+01
    endloop
  endfacet
  facet normal 0.000000e+00 -1.000000e+00 0.000000e+00
    outer loop
      vertex   3.765683e+00 5.650000e+01 -7.689077e+01
      vertex   3.185513e+00 5.650000e+01 -7.595018e+01
      vertex   3.330669e-15 5.650000e+01 -7.500000e+01
    endloop
  endfacet
  facet normal 0.000000e+00 -1.000000e+00 0.000000e+00
    outer loop
      vertex   3.330669e-15 5.650000e+01 -7.500000e+01
      vertex   3.185513e+00 5.650000e+01 -7.595018e+01
      vertex   2.622654e+00 5.650000e+01 -7.500000e+01
    endloop
  endfacet
  facet normal 0.000000e+00 -1.000000e+00 0.000000e+00
    outer loop
      vertex   3.330669e-15 5.650000e+01 -7.500000e+01
      vertex   2.622654e+00 5.650000e+01 -7.500000e+01
      vertex   1.953026e-01 5.650000e+01 -7.491658e+01
    endloop
  endfacet
  facet normal 0.000000e+00 -1.000000e+00 0.000000e+00
    outer loop
      vertex   1.953026e-01 5.650000e+01 -7.491658e+01
      vertex   2.622654e+00 5.650000e+01 -7.500000e+01
      vertex   3.805352e-01 5.650000e+01 -7.481301e+01
    endloop
  endfacet
  facet normal 0.000000e+00 -1.000000e+00 0.000000e+00
    outer loop
      vertex   3.805352e-01 5.650000e+01 -7.481301e+01
      vertex   2.622654e+00 5.650000e+01 -7.500000e+01
      vertex   5.539516e-01 5.650000e+01 -7.469022e+01
    endloop
  endfacet
  facet normal 0.000000e+00 -1.000000e+00 0.000000e+00
    outer loop
      vertex   5.539516e-01 5.650000e+01 -7.469022e+01
      vertex   2.622654e+00 5.650000e+01 -7.500000e+01
      vertex   7.131775e-01 5.650000e+01 -7.454992e+01
    endloop
  endfacet
  facet normal 0.000000e+00 -1.000000e+00 0.000000e+00
    outer loop
      vertex   7.131775e-01 5.650000e+01 -7.454992e+01
      vertex   2.622654e+00 5.650000e+01 -7.500000e+01
      vertex   8.567395e-01 5.650000e+01 -7.439341e+01
    endloop
  endfacet
  facet normal 0.000000e+00 -1.000000e+00 0.000000e+00
    outer loop
      vertex   8.567395e-01 5.650000e+01 -7.439341e+01
      vertex   2.622654e+00 5.650000e+01 -7.500000e+01
      vertex   9.827875e-01 5.650000e+01 -7.422273e+01
    endloop
  endfacet
  facet normal 0.000000e+00 -1.000000e+00 0.000000e+00
    outer loop
      vertex   9.827875e-01 5.650000e+01 -7.422273e+01
      vertex   2.622654e+00 5.650000e+01 -7.500000e+01
      vertex   1.089822e+00 5.650000e+01 -7.404008e+01
    endloop
  endfacet
  facet normal 0.000000e+00 -1.000000e+00 0.000000e+00
    outer loop
      vertex   1.089822e+00 5.650000e+01 -7.404008e+01
      vertex   2.622654e+00 5.650000e+01 -7.500000e+01
      vertex   1.838923e+00 5.650000e+01 -7.361041e+01
    endloop
  endfacet
  facet normal 0.000000e+00 -1.000000e+00 0.000000e+00
    outer loop
      vertex   1.089822e+00 5.650000e+01 -7.404008e+01
      vertex   1.838923e+00 5.650000e+01 -7.361041e+01
      vertex   1.176990e+00 5.650000e+01 -7.384704e+01
    endloop
  endfacet
  facet normal 0.000000e+00 -1.000000e+00 0.000000e+00
    outer loop
      vertex   1.176990e+00 5.650000e+01 -7.384704e+01
      vertex   1.838923e+00 5.650000e+01 -7.361041e+01
      vertex   1.243403e+00 5.650000e+01 -7.364531e+01
    endloop
  endfacet
  facet normal 0.000000e+00 -1.000000e+00 0.000000e+00
    outer loop
      vertex   1.243403e+00 5.650000e+01 -7.364531e+01
      vertex   1.838923e+00 5.650000e+01 -7.361041e+01
      vertex   1.287985e+00 5.650000e+01 -7.343810e+01
    endloop
  endfacet
  facet normal 0.000000e+00 -1.000000e+00 0.000000e+00
    outer loop
      vertex   1.287985e+00 5.650000e+01 -7.343810e+01
      vertex   1.838923e+00 5.650000e+01 -7.361041e+01
      vertex   1.310372e+00 5.650000e+01 -7.322761e+01
    endloop
  endfacet
  facet normal 0.000000e+00 -1.000000e+00 0.000000e+00
    outer loop
      vertex   1.310372e+00 5.650000e+01 -7.322761e+01
      vertex   1.838923e+00 5.650000e+01 -7.361041e+01
      vertex   1.310372e+00 5.650000e+01 -7.301564e+01
    endloop
  endfacet
  facet normal 0.000000e+00 -1.000000e+00 0.000000e+00
    outer loop
      vertex   1.310372e+00 5.650000e+01 -7.301564e+01
      vertex   1.838923e+00 5.650000e+01 -7.361041e+01
      vertex   1.287875e+00 5.650000e+01 -7.280447e+01
    endloop
  endfacet
  facet normal 0.000000e+00 -1.000000e+00 0.000000e+00
    outer loop
      vertex   1.287875e+00 5.650000e+01 -7.280447e+01
      vertex   1.838923e+00 5.650000e+01 -7.361041e+01
      vertex   1.243261e+00 5.650000e+01 -7.259742e+01
    endloop
  endfacet
  facet normal 0.000000e+00 -1.000000e+00 0.000000e+00
    outer loop
      vertex   1.243261e+00 5.650000e+01 -7.259742e+01
      vertex   1.838923e+00 5.650000e+01 -7.361041e+01
      vertex   1.177037e+00 5.650000e+01 -7.239634e+01
    endloop
  endfacet
  facet normal 0.000000e+00 -1.000000e+00 0.000000e+00
    outer loop
      vertex   1.177037e+00 5.650000e+01 -7.239634e+01
      vertex   1.838923e+00 5.650000e+01 -7.361041e+01
      vertex   1.089704e+00 5.650000e+01 -7.220295e+01
    endloop
  endfacet
  facet normal 1.000000e+00 -0.000000e+00 0.000000e+00
    outer loop
      vertex   3.330669e-15 6.500000e+00 -7.500000e+01
      vertex   3.330669e-15 6.500000e+00 -1.050000e+02
      vertex   3.330669e-15 3.150000e+01 -7.500000e+01
    endloop
  endfacet
  facet normal 1.000000e+00 0.000000e+00 0.000000e+00
    outer loop
      vertex   3.330669e-15 3.150000e+01 -7.500000e+01
      vertex   3.330669e-15 6.500000e+00 -1.050000e+02
      vertex   3.330669e-15 5.650000e+01 -1.050000e+02
    endloop
  endfacet
  facet normal 1.000000e+00 -0.000000e+00 0.000000e+00
    outer loop
      vertex   3.330669e-15 3.150000e+01 -7.500000e+01
      vertex   3.330669e-15 5.650000e+01 -1.050000e+02
      vertex   3.330669e-15 5.650000e+01 -7.500000e+01
    endloop
  endfacet
  facet normal 0.000000e+00 0.000000e+00 1.000000e+00
    outer loop
      vertex   1.101296e-14 6.132036e+01 -7.000000e+01
      vertex   -2.110048e-01 6.120868e+01 -7.000000e+01
      vertex   -9.902734e-15 1.679641e+00 -7.000000e+01
    endloop
  endfacet
  facet normal 0.000000e+00 0.000000e+00 1.000000e+00
    outer loop
      vertex   -9.902734e-15 1.679641e+00 -7.000000e+01
      vertex   -2.110048e-01 6.120868e+01 -7.000000e+01
      vertex   -2.110048e-01 1.791322e+00 -7.000000e+01
    endloop
  endfacet
  facet normal 0.000000e+00 -0.000000e+00 1.000000e+00
    outer loop
      vertex   -2.110048e-01 1.791322e+00 -7.000000e+01
      vertex   -2.110048e-01 6.120868e+01 -7.000000e+01
      vertex   -4.071988e-01 1.927350e+00 -7.000000e+01
    endloop
  endfacet
  facet normal 0.000000e+00 0.000000e+00 1.000000e+00
    outer loop
      vertex   -4.071988e-01 1.927350e+00 -7.000000e+01
      vertex   -2.110048e-01 6.120868e+01 -7.000000e+01
      vertex   -4.071988e-01 6.107265e+01 -7.000000e+01
    endloop
  endfacet
  facet normal 0.000000e+00 -0.000000e+00 1.000000e+00
    outer loop
      vertex   -4.071988e-01 1.927350e+00 -7.000000e+01
      vertex   -4.071988e-01 6.107265e+01 -7.000000e+01
      vertex   -5.857864e-01 2.085786e+00 -7.000000e+01
    endloop
  endfacet
  facet normal 0.000000e+00 -0.000000e+00 1.000000e+00
    outer loop
      vertex   -5.857864e-01 2.085786e+00 -7.000000e+01
      vertex   -4.071988e-01 6.107265e+01 -7.000000e+01
      vertex   -5.857864e-01 6.091421e+01 -7.000000e+01
    endloop
  endfacet
  facet normal 0.000000e+00 0.000000e+00 1.000000e+00
    outer loop
      vertex   -5.857864e-01 2.085786e+00 -7.000000e+01
      vertex   -5.857864e-01 6.091421e+01 -7.000000e+01
      vertex   -4.414214e+00 5.914214e+00 -7.000000e+01
    endloop
  endfacet
  facet normal 0.000000e+00 -0.000000e+00 1.000000e+00
    outer loop
      vertex   -4.414214e+00 5.914214e+00 -7.000000e+01
      vertex   -5.857864e-01 6.091421e+01 -7.000000e+01
      vertex   -4.414214e+00 5.708579e+01 -7.000000e+01
    endloop
  endfacet
  facet normal 0.000000e+00 0.000000e+00 1.000000e+00
    outer loop
      vertex   -4.414214e+00 5.914214e+00 -7.000000e+01
      vertex   -4.414214e+00 5.708579e+01 -7.000000e+01
      vertex   -4.586707e+00 6.110904e+00 -7.000000e+01
    endloop
  endfacet
  facet normal 0.000000e+00 -0.000000e+00 1.000000e+00
    outer loop
      vertex   -4.586707e+00 6.110904e+00 -7.000000e+01
      vertex   -4.414214e+00 5.708579e+01 -7.000000e+01
      vertex   -5.000000e+00 7.328427e+00 -7.000000e+01
    endloop
  endfacet
  facet normal 0.000000e+00 0.000000e+00 1.000000e+00
    outer loop
      vertex   -4.586707e+00 6.110904e+00 -7.000000e+01
      vertex   -5.000000e+00 7.328427e+00 -7.000000e+01
      vertex   -4.732051e+00 6.328427e+00 -7.000000e+01
    endloop
  endfacet
  facet normal 0.000000e+00 0.000000e+00 1.000000e+00
    outer loop
      vertex   -4.732051e+00 6.328427e+00 -7.000000e+01
      vertex   -5.000000e+00 7.328427e+00 -7.000000e+01
      vertex   -4.847759e+00 6.563060e+00 -7.000000e+01
    endloop
  endfacet
  facet normal 0.000000e+00 0.000000e+00 1.000000e+00
    outer loop
      vertex   -4.847759e+00 6.563060e+00 -7.000000e+01
      vertex   -5.000000e+00 7.328427e+00 -7.000000e+01
      vertex   -4.931852e+00 6.810789e+00 -7.000000e+01
    endloop
  endfacet
  facet normal 0.000000e+00 0.000000e+00 1.000000e+00
    outer loop
      vertex   -4.931852e+00 6.810789e+00 -7.000000e+01
      vertex   -5.000000e+00 7.328427e+00 -7.000000e+01
      vertex   -4.982890e+00 7.067375e+00 -7.000000e+01
    endloop
  endfacet
  facet normal 0.000000e+00 0.000000e+00 1.000000e+00
    outer loop
      vertex   -4.414214e+00 5.708579e+01 -7.000000e+01
      vertex   -4.586707e+00 5.688910e+01 -7.000000e+01
      vertex   -5.000000e+00 7.328427e+00 -7.000000e+01
    endloop
  endfacet
  facet normal 0.000000e+00 0.000000e+00 1.000000e+00
    outer loop
      vertex   -5.000000e+00 7.328427e+00 -7.000000e+01
      vertex   -4.586707e+00 5.688910e+01 -7.000000e+01
      vertex   -5.000000e+00 5.567157e+01 -7.000000e+01
    endloop
  endfacet
  facet normal 0.000000e+00 0.000000e+00 1.000000e+00
    outer loop
      vertex   -5.000000e+00 5.567157e+01 -7.000000e+01
      vertex   -4.586707e+00 5.688910e+01 -7.000000e+01
      vertex   -4.732051e+00 5.667157e+01 -7.000000e+01
    endloop
  endfacet
  facet normal 0.000000e+00 0.000000e+00 1.000000e+00
    outer loop
      vertex   -5.000000e+00 5.567157e+01 -7.000000e+01
      vertex   -4.732051e+00 5.667157e+01 -7.000000e+01
      vertex   -4.847759e+00 5.643694e+01 -7.000000e+01
    endloop
  endfacet
  facet normal 0.000000e+00 0.000000e+00 1.000000e+00
    outer loop
      vertex   -4.847759e+00 5.643694e+01 -7.000000e+01
      vertex   -4.931852e+00 5.618921e+01 -7.000000e+01
      vertex   -5.000000e+00 5.567157e+01 -7.000000e+01
    endloop
  endfacet
  facet normal 0.000000e+00 0.000000e+00 1.000000e+00
    outer loop
      vertex   -5.000000e+00 5.567157e+01 -7.000000e+01
      vertex   -4.931852e+00 5.618921e+01 -7.000000e+01
      vertex   -4.982890e+00 5.593263e+01 -7.000000e+01
    endloop
  endfacet
endsolid
