solid ASCII
  facet normal 1.892680e-09 -8.715574e-02 9.961947e-01
    outer loop
      vertex   5.000000e+01 5.517365e+01 -9.484808e+00
      vertex   4.625000e+01 5.517365e+01 -9.484808e+00
      vertex   5.000000e+01 5.500000e+01 -9.500000e+00
    endloop
  endfacet
  facet normal 1.892680e-09 -8.715574e-02 9.961947e-01
    outer loop
      vertex   5.000000e+01 5.500000e+01 -9.500000e+00
      vertex   4.625000e+01 5.517365e+01 -9.484808e+00
      vertex   4.250000e+01 5.517365e+01 -9.484808e+00
    endloop
  endfacet
  facet normal 1.892680e-09 -8.715574e-02 9.961947e-01
    outer loop
      vertex   5.000000e+01 5.500000e+01 -9.500000e+00
      vertex   4.250000e+01 5.517365e+01 -9.484808e+00
      vertex   3.875000e+01 5.517365e+01 -9.484808e+00
    endloop
  endfacet
  facet normal 1.662009e-09 -2.588190e-01 9.659258e-01
    outer loop
      vertex   3.875000e+01 5.517365e+01 -9.484808e+00
      vertex   4.250000e+01 5.517365e+01 -9.484808e+00
      vertex   3.875000e+01 5.534202e+01 -9.439693e+00
    endloop
  endfacet
  facet normal 1.662008e-09 -2.588190e-01 9.659258e-01
    outer loop
      vertex   3.875000e+01 5.517365e+01 -9.484808e+00
      vertex   3.875000e+01 5.534202e+01 -9.439693e+00
      vertex   3.500000e+01 5.534202e+01 -9.439693e+00
    endloop
  endfacet
  facet normal 1.380837e-09 -4.226183e-01 9.063078e-01
    outer loop
      vertex   3.500000e+01 5.534202e+01 -9.439693e+00
      vertex   3.875000e+01 5.534202e+01 -9.439693e+00
      vertex   3.500000e+01 5.550000e+01 -9.366026e+00
    endloop
  endfacet
  facet normal 1.380838e-09 -4.226183e-01 9.063078e-01
    outer loop
      vertex   3.500000e+01 5.534202e+01 -9.439693e+00
      vertex   3.500000e+01 5.550000e+01 -9.366026e+00
      vertex   3.125000e+01 5.550000e+01 -9.366026e+00
    endloop
  endfacet
  facet normal 1.057712e-09 -5.735764e-01 8.191520e-01
    outer loop
      vertex   3.125000e+01 5.550000e+01 -9.366026e+00
      vertex   3.500000e+01 5.550000e+01 -9.366026e+00
      vertex   3.125000e+01 5.564279e+01 -9.266045e+00
    endloop
  endfacet
  facet normal 1.057712e-09 -5.735764e-01 8.191520e-01
    outer loop
      vertex   3.125000e+01 5.550000e+01 -9.366026e+00
      vertex   3.125000e+01 5.564279e+01 -9.266045e+00
      vertex   2.750000e+01 5.564279e+01 -9.266045e+00
    endloop
  endfacet
  facet normal 7.024471e-10 -7.071068e-01 7.071068e-01
    outer loop
      vertex   2.750000e+01 5.564279e+01 -9.266045e+00
      vertex   3.125000e+01 5.564279e+01 -9.266045e+00
      vertex   2.750000e+01 5.576604e+01 -9.142788e+00
    endloop
  endfacet
  facet normal 7.024465e-10 -7.071068e-01 7.071068e-01
    outer loop
      vertex   2.750000e+01 5.564279e+01 -9.266045e+00
      vertex   2.750000e+01 5.576604e+01 -9.142788e+00
      vertex   2.375000e+01 5.576604e+01 -9.142788e+00
    endloop
  endfacet
  facet normal 3.258383e-10 -8.191520e-01 5.735764e-01
    outer loop
      vertex   2.375000e+01 5.576604e+01 -9.142788e+00
      vertex   2.750000e+01 5.576604e+01 -9.142788e+00
      vertex   2.375000e+01 5.586603e+01 -9.000000e+00
    endloop
  endfacet
  facet normal 3.258411e-10 -8.191520e-01 5.735764e-01
    outer loop
      vertex   2.375000e+01 5.576604e+01 -9.142788e+00
      vertex   2.375000e+01 5.586603e+01 -9.000000e+00
      vertex   2.000000e+01 5.586603e+01 -9.000000e+00
    endloop
  endfacet
  facet normal -6.066713e-11 -9.063078e-01 4.226183e-01
    outer loop
      vertex   2.000000e+01 5.586603e+01 -9.000000e+00
      vertex   2.375000e+01 5.586603e+01 -9.000000e+00
      vertex   2.000000e+01 5.593969e+01 -8.842020e+00
    endloop
  endfacet
  facet normal -6.067037e-11 -9.063078e-01 4.226183e-01
    outer loop
      vertex   2.000000e+01 5.586603e+01 -9.000000e+00
      vertex   2.000000e+01 5.593969e+01 -8.842020e+00
      vertex   1.625000e+01 5.593969e+01 -8.842020e+00
    endloop
  endfacet
  facet normal -4.453356e-10 -9.659258e-01 2.588190e-01
    outer loop
      vertex   1.625000e+01 5.593969e+01 -8.842020e+00
      vertex   2.000000e+01 5.593969e+01 -8.842020e+00
      vertex   1.625000e+01 5.598481e+01 -8.673648e+00
    endloop
  endfacet
  facet normal -4.453340e-10 -9.659258e-01 2.588190e-01
    outer loop
      vertex   1.625000e+01 5.593969e+01 -8.842020e+00
      vertex   1.625000e+01 5.598481e+01 -8.673648e+00
      vertex   1.250000e+01 5.598481e+01 -8.673648e+00
    endloop
  endfacet
  facet normal -8.164677e-10 -9.961947e-01 8.715574e-02
    outer loop
      vertex   1.250000e+01 5.598481e+01 -8.673648e+00
      vertex   1.625000e+01 5.598481e+01 -8.673648e+00
      vertex   1.250000e+01 5.600000e+01 -8.500000e+00
    endloop
  endfacet
  facet normal -8.164676e-10 -9.961947e-01 8.715574e-02
    outer loop
      vertex   1.250000e+01 5.598481e+01 -8.673648e+00
      vertex   1.250000e+01 5.600000e+01 -8.500000e+00
      vertex   8.750000e+00 5.600000e+01 -8.500000e+00
    endloop
  endfacet
  facet normal -1.162793e-09 -9.961947e-01 -8.715574e-02
    outer loop
      vertex   8.750000e+00 5.600000e+01 -8.500000e+00
      vertex   1.250000e+01 5.600000e+01 -8.500000e+00
      vertex   8.750000e+00 5.598481e+01 -8.326352e+00
    endloop
  endfacet
  facet normal -1.162795e-09 -9.961947e-01 -8.715574e-02
    outer loop
      vertex   8.750000e+00 5.600000e+01 -8.500000e+00
      vertex   8.750000e+00 5.598481e+01 -8.326352e+00
      vertex   5.000000e+00 5.598481e+01 -8.326352e+00
    endloop
  endfacet
  facet normal -1.473790e-09 -9.659258e-01 -2.588190e-01
    outer loop
      vertex   5.000000e+00 5.598481e+01 -8.326352e+00
      vertex   8.750000e+00 5.598481e+01 -8.326352e+00
      vertex   5.000000e+00 5.593969e+01 -8.157980e+00
    endloop
  endfacet
  facet normal -1.473787e-09 -9.659258e-01 -2.588190e-01
    outer loop
      vertex   5.000000e+00 5.598481e+01 -8.326352e+00
      vertex   5.000000e+00 5.593969e+01 -8.157980e+00
      vertex   1.250000e+00 5.593969e+01 -8.157980e+00
    endloop
  endfacet
  facet normal -1.740001e-09 -9.063078e-01 -4.226183e-01
    outer loop
      vertex   1.250000e+00 5.593969e+01 -8.157980e+00
      vertex   5.000000e+00 5.593969e+01 -8.157980e+00
      vertex   1.250000e+00 5.586603e+01 -8.000000e+00
    endloop
  endfacet
  facet normal -1.740005e-09 -9.063078e-01 -4.226183e-01
    outer loop
      vertex   1.250000e+00 5.593969e+01 -8.157980e+00
      vertex   1.250000e+00 5.586603e+01 -8.000000e+00
      vertex   -2.500000e+00 5.586603e+01 -8.000000e+00
    endloop
  endfacet
  facet normal -1.953350e-09 -8.191520e-01 -5.735764e-01
    outer loop
      vertex   -2.500000e+00 5.586603e+01 -8.000000e+00
      vertex   1.250000e+00 5.586603e+01 -8.000000e+00
      vertex   -2.500000e+00 5.576604e+01 -7.857212e+00
    endloop
  endfacet
  facet normal -1.953347e-09 -8.191520e-01 -5.735764e-01
    outer loop
      vertex   -2.500000e+00 5.586603e+01 -8.000000e+00
      vertex   -2.500000e+00 5.576604e+01 -7.857212e+00
      vertex   -6.250000e+00 5.576604e+01 -7.857212e+00
    endloop
  endfacet
  facet normal -2.107341e-09 -7.071068e-01 -7.071068e-01
    outer loop
      vertex   -6.250000e+00 5.576604e+01 -7.857212e+00
      vertex   -2.500000e+00 5.576604e+01 -7.857212e+00
      vertex   -6.250000e+00 5.564279e+01 -7.733956e+00
    endloop
  endfacet
  facet normal -2.107342e-09 -7.071068e-01 -7.071068e-01
    outer loop
      vertex   -6.250000e+00 5.576604e+01 -7.857212e+00
      vertex   -6.250000e+00 5.564279e+01 -7.733956e+00
      vertex   -1.000000e+01 5.564279e+01 -7.733956e+00
    endloop
  endfacet
  facet normal -2.197306e-09 -5.735764e-01 -8.191520e-01
    outer loop
      vertex   -1.000000e+01 5.564279e+01 -7.733956e+00
      vertex   -6.250000e+00 5.564279e+01 -7.733956e+00
      vertex   -1.000000e+01 5.550000e+01 -7.633975e+00
    endloop
  endfacet
  facet normal -2.197306e-09 -5.735764e-01 -8.191520e-01
    outer loop
      vertex   -1.000000e+01 5.564279e+01 -7.733956e+00
      vertex   -1.000000e+01 5.550000e+01 -7.633975e+00
      vertex   -1.375000e+01 5.550000e+01 -7.633975e+00
    endloop
  endfacet
  facet normal -2.220506e-09 -4.226183e-01 -9.063078e-01
    outer loop
      vertex   -1.375000e+01 5.550000e+01 -7.633975e+00
      vertex   -1.000000e+01 5.550000e+01 -7.633975e+00
      vertex   -1.375000e+01 5.534202e+01 -7.560307e+00
    endloop
  endfacet
  facet normal -2.220505e-09 -4.226183e-01 -9.063078e-01
    outer loop
      vertex   -1.375000e+01 5.550000e+01 -7.633975e+00
      vertex   -1.375000e+01 5.534202e+01 -7.560307e+00
      vertex   -1.750000e+01 5.534202e+01 -7.560307e+00
    endloop
  endfacet
  facet normal -2.176235e-09 -2.588190e-01 -9.659258e-01
    outer loop
      vertex   -1.750000e+01 5.534202e+01 -7.560307e+00
      vertex   -1.375000e+01 5.534202e+01 -7.560307e+00
      vertex   -1.750000e+01 5.517365e+01 -7.515192e+00
    endloop
  endfacet
  facet normal -2.176236e-09 -2.588190e-01 -9.659258e-01
    outer loop
      vertex   -1.750000e+01 5.534202e+01 -7.560307e+00
      vertex   -1.750000e+01 5.517365e+01 -7.515192e+00
      vertex   -2.125000e+01 5.517365e+01 -7.515192e+00
    endloop
  endfacet
  facet normal -2.065843e-09 -8.715574e-02 -9.961947e-01
    outer loop
      vertex   -2.125000e+01 5.517365e+01 -7.515192e+00
      vertex   -1.750000e+01 5.517365e+01 -7.515192e+00
      vertex   -2.500000e+01 5.500000e+01 -7.500000e+00
    endloop
  endfacet
  facet normal -2.065842e-09 -8.715574e-02 -9.961947e-01
    outer loop
      vertex   -2.125000e+01 5.517365e+01 -7.515192e+00
      vertex   -2.500000e+01 5.500000e+01 -7.500000e+00
      vertex   -2.500000e+01 5.517365e+01 -7.515192e+00
    endloop
  endfacet
  facet normal 1.662009e-09 -2.588190e-01 9.659258e-01
    outer loop
      vertex   4.625000e+01 5.517365e+01 -9.484808e+00
      vertex   5.000000e+01 5.517365e+01 -9.484808e+00
      vertex   4.625000e+01 5.534202e+01 -9.439693e+00
    endloop
  endfacet
  facet normal 1.662009e-09 -2.588190e-01 9.659258e-01
    outer loop
      vertex   4.625000e+01 5.534202e+01 -9.439693e+00
      vertex   5.000000e+01 5.517365e+01 -9.484808e+00
      vertex   5.000000e+01 5.534202e+01 -9.439693e+00
    endloop
  endfacet
  facet normal 1.380839e-09 -4.226183e-01 9.063078e-01
    outer loop
      vertex   4.625000e+01 5.534202e+01 -9.439693e+00
      vertex   5.000000e+01 5.534202e+01 -9.439693e+00
      vertex   4.625000e+01 5.550000e+01 -9.366026e+00
    endloop
  endfacet
  facet normal 1.380838e-09 -4.226183e-01 9.063078e-01
    outer loop
      vertex   4.625000e+01 5.550000e+01 -9.366026e+00
      vertex   5.000000e+01 5.534202e+01 -9.439693e+00
      vertex   5.000000e+01 5.550000e+01 -9.366026e+00
    endloop
  endfacet
  facet normal 1.057712e-09 -5.735764e-01 8.191520e-01
    outer loop
      vertex   4.625000e+01 5.550000e+01 -9.366026e+00
      vertex   5.000000e+01 5.550000e+01 -9.366026e+00
      vertex   4.625000e+01 5.564279e+01 -9.266045e+00
    endloop
  endfacet
  facet normal 1.057711e-09 -5.735764e-01 8.191520e-01
    outer loop
      vertex   4.625000e+01 5.564279e+01 -9.266045e+00
      vertex   5.000000e+01 5.550000e+01 -9.366026e+00
      vertex   5.000000e+01 5.564279e+01 -9.266045e+00
    endloop
  endfacet
  facet normal 7.024468e-10 -7.071068e-01 7.071068e-01
    outer loop
      vertex   4.625000e+01 5.564279e+01 -9.266045e+00
      vertex   5.000000e+01 5.564279e+01 -9.266045e+00
      vertex   4.625000e+01 5.576604e+01 -9.142788e+00
    endloop
  endfacet
  facet normal 7.024475e-10 -7.071068e-01 7.071068e-01
    outer loop
      vertex   4.625000e+01 5.576604e+01 -9.142788e+00
      vertex   5.000000e+01 5.564279e+01 -9.266045e+00
      vertex   5.000000e+01 5.576604e+01 -9.142788e+00
    endloop
  endfacet
  facet normal 3.258395e-10 -8.191520e-01 5.735764e-01
    outer loop
      vertex   4.625000e+01 5.576604e+01 -9.142788e+00
      vertex   5.000000e+01 5.576604e+01 -9.142788e+00
      vertex   4.625000e+01 5.586603e+01 -9.000000e+00
    endloop
  endfacet
  facet normal 3.258411e-10 -8.191520e-01 5.735764e-01
    outer loop
      vertex   4.625000e+01 5.586603e+01 -9.000000e+00
      vertex   5.000000e+01 5.576604e+01 -9.142788e+00
      vertex   5.000000e+01 5.586603e+01 -9.000000e+00
    endloop
  endfacet
  facet normal -6.066713e-11 -9.063078e-01 4.226183e-01
    outer loop
      vertex   4.625000e+01 5.586603e+01 -9.000000e+00
      vertex   5.000000e+01 5.586603e+01 -9.000000e+00
      vertex   4.625000e+01 5.593969e+01 -8.842020e+00
    endloop
  endfacet
  facet normal -6.066885e-11 -9.063078e-01 4.226183e-01
    outer loop
      vertex   4.625000e+01 5.593969e+01 -8.842020e+00
      vertex   5.000000e+01 5.586603e+01 -9.000000e+00
      vertex   5.000000e+01 5.593969e+01 -8.842020e+00
    endloop
  endfacet
  facet normal -4.453339e-10 -9.659258e-01 2.588190e-01
    outer loop
      vertex   4.625000e+01 5.593969e+01 -8.842020e+00
      vertex   5.000000e+01 5.593969e+01 -8.842020e+00
      vertex   4.625000e+01 5.598481e+01 -8.673648e+00
    endloop
  endfacet
  facet normal -4.453320e-10 -9.659258e-01 2.588190e-01
    outer loop
      vertex   4.625000e+01 5.598481e+01 -8.673648e+00
      vertex   5.000000e+01 5.593969e+01 -8.842020e+00
      vertex   5.000000e+01 5.598481e+01 -8.673648e+00
    endloop
  endfacet
  facet normal -8.164657e-10 -9.961947e-01 8.715574e-02
    outer loop
      vertex   4.625000e+01 5.598481e+01 -8.673648e+00
      vertex   5.000000e+01 5.598481e+01 -8.673648e+00
      vertex   4.625000e+01 5.600000e+01 -8.500000e+00
    endloop
  endfacet
  facet normal -8.164676e-10 -9.961947e-01 8.715574e-02
    outer loop
      vertex   4.625000e+01 5.600000e+01 -8.500000e+00
      vertex   5.000000e+01 5.598481e+01 -8.673648e+00
      vertex   5.000000e+01 5.600000e+01 -8.500000e+00
    endloop
  endfacet
  facet normal -1.162793e-09 -9.961947e-01 -8.715574e-02
    outer loop
      vertex   4.625000e+01 5.600000e+01 -8.500000e+00
      vertex   5.000000e+01 5.600000e+01 -8.500000e+00
      vertex   4.625000e+01 5.598481e+01 -8.326352e+00
    endloop
  endfacet
  facet normal -1.162791e-09 -9.961947e-01 -8.715574e-02
    outer loop
      vertex   4.625000e+01 5.598481e+01 -8.326352e+00
      vertex   5.000000e+01 5.600000e+01 -8.500000e+00
      vertex   5.000000e+01 5.598481e+01 -8.326352e+00
    endloop
  endfacet
  facet normal -1.473786e-09 -9.659258e-01 -2.588190e-01
    outer loop
      vertex   4.625000e+01 5.598481e+01 -8.326352e+00
      vertex   5.000000e+01 5.598481e+01 -8.326352e+00
      vertex   4.625000e+01 5.593969e+01 -8.157980e+00
    endloop
  endfacet
  facet normal -1.473788e-09 -9.659258e-01 -2.588190e-01
    outer loop
      vertex   4.625000e+01 5.593969e+01 -8.157980e+00
      vertex   5.000000e+01 5.598481e+01 -8.326352e+00
      vertex   5.000000e+01 5.593969e+01 -8.157980e+00
    endloop
  endfacet
  facet normal -1.740003e-09 -9.063078e-01 -4.226183e-01
    outer loop
      vertex   4.625000e+01 5.593969e+01 -8.157980e+00
      vertex   5.000000e+01 5.593969e+01 -8.157980e+00
      vertex   4.625000e+01 5.586603e+01 -8.000000e+00
    endloop
  endfacet
  facet normal -1.740001e-09 -9.063078e-01 -4.226183e-01
    outer loop
      vertex   4.625000e+01 5.586603e+01 -8.000000e+00
      vertex   5.000000e+01 5.593969e+01 -8.157980e+00
      vertex   5.000000e+01 5.586603e+01 -8.000000e+00
    endloop
  endfacet
  facet normal -1.953347e-09 -8.191520e-01 -5.735764e-01
    outer loop
      vertex   4.625000e+01 5.586603e+01 -8.000000e+00
      vertex   5.000000e+01 5.586603e+01 -8.000000e+00
      vertex   4.625000e+01 5.576604e+01 -7.857212e+00
    endloop
  endfacet
  facet normal -1.953348e-09 -8.191520e-01 -5.735764e-01
    outer loop
      vertex   4.625000e+01 5.576604e+01 -7.857212e+00
      vertex   5.000000e+01 5.586603e+01 -8.000000e+00
      vertex   5.000000e+01 5.576604e+01 -7.857213e+00
    endloop
  endfacet
  facet normal -2.107342e-09 -7.071068e-01 -7.071068e-01
    outer loop
      vertex   4.625000e+01 5.576604e+01 -7.857212e+00
      vertex   5.000000e+01 5.576604e+01 -7.857213e+00
      vertex   4.625000e+01 5.564279e+01 -7.733956e+00
    endloop
  endfacet
  facet normal -2.107343e-09 -7.071068e-01 -7.071068e-01
    outer loop
      vertex   4.625000e+01 5.564279e+01 -7.733956e+00
      vertex   5.000000e+01 5.576604e+01 -7.857213e+00
      vertex   5.000000e+01 5.564279e+01 -7.733956e+00
    endloop
  endfacet
  facet normal -2.197306e-09 -5.735764e-01 -8.191520e-01
    outer loop
      vertex   4.625000e+01 5.564279e+01 -7.733956e+00
      vertex   5.000000e+01 5.564279e+01 -7.733956e+00
      vertex   4.625000e+01 5.550000e+01 -7.633975e+00
    endloop
  endfacet
  facet normal -2.197306e-09 -5.735764e-01 -8.191520e-01
    outer loop
      vertex   4.625000e+01 5.550000e+01 -7.633975e+00
      vertex   5.000000e+01 5.564279e+01 -7.733956e+00
      vertex   5.000000e+01 5.550000e+01 -7.633975e+00
    endloop
  endfacet
  facet normal -2.220505e-09 -4.226183e-01 -9.063078e-01
    outer loop
      vertex   4.625000e+01 5.550000e+01 -7.633975e+00
      vertex   5.000000e+01 5.550000e+01 -7.633975e+00
      vertex   4.625000e+01 5.534202e+01 -7.560307e+00
    endloop
  endfacet
  facet normal -2.220505e-09 -4.226183e-01 -9.063078e-01
    outer loop
      vertex   4.625000e+01 5.534202e+01 -7.560307e+00
      vertex   5.000000e+01 5.550000e+01 -7.633975e+00
      vertex   5.000000e+01 5.534202e+01 -7.560307e+00
    endloop
  endfacet
  facet normal -2.176236e-09 -2.588190e-01 -9.659258e-01
    outer loop
      vertex   4.625000e+01 5.534202e+01 -7.560307e+00
      vertex   5.000000e+01 5.534202e+01 -7.560307e+00
      vertex   4.625000e+01 5.517365e+01 -7.515192e+00
    endloop
  endfacet
  facet normal -2.176236e-09 -2.588190e-01 -9.659258e-01
    outer loop
      vertex   4.625000e+01 5.517365e+01 -7.515192e+00
      vertex   5.000000e+01 5.534202e+01 -7.560307e+00
      vertex   5.000000e+01 5.517365e+01 -7.515192e+00
    endloop
  endfacet
  facet normal -2.065842e-09 -8.715574e-02 -9.961947e-01
    outer loop
      vertex   4.625000e+01 5.517365e+01 -7.515192e+00
      vertex   5.000000e+01 5.517365e+01 -7.515192e+00
      vertex   5.000000e+01 5.500000e+01 -7.500000e+00
    endloop
  endfacet
  facet normal -2.065842e-09 -8.715574e-02 -9.961947e-01
    outer loop
      vertex   -2.500000e+01 5.500000e+01 -7.500000e+00
      vertex   1.250000e+01 5.517365e+01 -7.515192e+00
      vertex   5.000000e+01 5.500000e+01 -7.500000e+00
    endloop
  endfacet
  facet normal -2.065842e-09 -8.715574e-02 -9.961947e-01
    outer loop
      vertex   5.000000e+01 5.500000e+01 -7.500000e+00
      vertex   1.250000e+01 5.517365e+01 -7.515192e+00
      vertex   1.625000e+01 5.517365e+01 -7.515192e+00
    endloop
  endfacet
  facet normal -2.065843e-09 -8.715574e-02 -9.961947e-01
    outer loop
      vertex   5.000000e+01 5.500000e+01 -7.500000e+00
      vertex   1.625000e+01 5.517365e+01 -7.515192e+00
      vertex   2.000000e+01 5.517365e+01 -7.515192e+00
    endloop
  endfacet
  facet normal -2.176236e-09 -2.588190e-01 -9.659258e-01
    outer loop
      vertex   2.000000e+01 5.517365e+01 -7.515192e+00
      vertex   1.625000e+01 5.517365e+01 -7.515192e+00
      vertex   2.000000e+01 5.534202e+01 -7.560307e+00
    endloop
  endfacet
  facet normal -2.176235e-09 -2.588190e-01 -9.659258e-01
    outer loop
      vertex   2.000000e+01 5.517365e+01 -7.515192e+00
      vertex   2.000000e+01 5.534202e+01 -7.560307e+00
      vertex   2.375000e+01 5.534202e+01 -7.560307e+00
    endloop
  endfacet
  facet normal -2.220505e-09 -4.226183e-01 -9.063078e-01
    outer loop
      vertex   2.375000e+01 5.534202e+01 -7.560307e+00
      vertex   2.000000e+01 5.534202e+01 -7.560307e+00
      vertex   2.375000e+01 5.550000e+01 -7.633975e+00
    endloop
  endfacet
  facet normal -2.220506e-09 -4.226183e-01 -9.063078e-01
    outer loop
      vertex   2.375000e+01 5.534202e+01 -7.560307e+00
      vertex   2.375000e+01 5.550000e+01 -7.633975e+00
      vertex   2.750000e+01 5.550000e+01 -7.633975e+00
    endloop
  endfacet
  facet normal -2.197306e-09 -5.735764e-01 -8.191520e-01
    outer loop
      vertex   2.750000e+01 5.550000e+01 -7.633975e+00
      vertex   2.375000e+01 5.550000e+01 -7.633975e+00
      vertex   2.750000e+01 5.564279e+01 -7.733956e+00
    endloop
  endfacet
  facet normal -2.197306e-09 -5.735764e-01 -8.191520e-01
    outer loop
      vertex   2.750000e+01 5.550000e+01 -7.633975e+00
      vertex   2.750000e+01 5.564279e+01 -7.733956e+00
      vertex   3.125000e+01 5.564279e+01 -7.733956e+00
    endloop
  endfacet
  facet normal -2.107342e-09 -7.071068e-01 -7.071068e-01
    outer loop
      vertex   3.125000e+01 5.564279e+01 -7.733956e+00
      vertex   2.750000e+01 5.564279e+01 -7.733956e+00
      vertex   3.125000e+01 5.576604e+01 -7.857212e+00
    endloop
  endfacet
  facet normal -2.107341e-09 -7.071068e-01 -7.071068e-01
    outer loop
      vertex   3.125000e+01 5.564279e+01 -7.733956e+00
      vertex   3.125000e+01 5.576604e+01 -7.857212e+00
      vertex   3.500000e+01 5.576604e+01 -7.857212e+00
    endloop
  endfacet
  facet normal -1.953347e-09 -8.191520e-01 -5.735764e-01
    outer loop
      vertex   3.500000e+01 5.576604e+01 -7.857212e+00
      vertex   3.125000e+01 5.576604e+01 -7.857212e+00
      vertex   3.500000e+01 5.586603e+01 -8.000000e+00
    endloop
  endfacet
  facet normal -1.953350e-09 -8.191520e-01 -5.735764e-01
    outer loop
      vertex   3.500000e+01 5.576604e+01 -7.857212e+00
      vertex   3.500000e+01 5.586603e+01 -8.000000e+00
      vertex   3.875000e+01 5.586603e+01 -8.000000e+00
    endloop
  endfacet
  facet normal -1.740005e-09 -9.063078e-01 -4.226183e-01
    outer loop
      vertex   3.875000e+01 5.586603e+01 -8.000000e+00
      vertex   3.500000e+01 5.586603e+01 -8.000000e+00
      vertex   3.875000e+01 5.593969e+01 -8.157980e+00
    endloop
  endfacet
  facet normal -1.740001e-09 -9.063078e-01 -4.226183e-01
    outer loop
      vertex   3.875000e+01 5.586603e+01 -8.000000e+00
      vertex   3.875000e+01 5.593969e+01 -8.157980e+00
      vertex   4.250000e+01 5.593969e+01 -8.157980e+00
    endloop
  endfacet
  facet normal -1.473787e-09 -9.659258e-01 -2.588190e-01
    outer loop
      vertex   4.250000e+01 5.593969e+01 -8.157980e+00
      vertex   3.875000e+01 5.593969e+01 -8.157980e+00
      vertex   4.250000e+01 5.598481e+01 -8.326352e+00
    endloop
  endfacet
  facet normal -1.473790e-09 -9.659258e-01 -2.588190e-01
    outer loop
      vertex   4.250000e+01 5.593969e+01 -8.157980e+00
      vertex   4.250000e+01 5.598481e+01 -8.326352e+00
      vertex   4.625000e+01 5.598481e+01 -8.326352e+00
    endloop
  endfacet
  facet normal -1.162795e-09 -9.961947e-01 -8.715574e-02
    outer loop
      vertex   4.625000e+01 5.598481e+01 -8.326352e+00
      vertex   4.250000e+01 5.598481e+01 -8.326352e+00
      vertex   4.625000e+01 5.600000e+01 -8.500000e+00
    endloop
  endfacet
  facet normal -2.176236e-09 -2.588190e-01 -9.659258e-01
    outer loop
      vertex   -2.125000e+01 5.517365e+01 -7.515192e+00
      vertex   -2.500000e+01 5.517365e+01 -7.515192e+00
      vertex   -2.125000e+01 5.534202e+01 -7.560307e+00
    endloop
  endfacet
  facet normal -2.176236e-09 -2.588190e-01 -9.659258e-01
    outer loop
      vertex   -2.125000e+01 5.534202e+01 -7.560307e+00
      vertex   -2.500000e+01 5.517365e+01 -7.515192e+00
      vertex   -2.500000e+01 5.534202e+01 -7.560307e+00
    endloop
  endfacet
  facet normal -2.220505e-09 -4.226183e-01 -9.063078e-01
    outer loop
      vertex   -2.125000e+01 5.534202e+01 -7.560307e+00
      vertex   -2.500000e+01 5.534202e+01 -7.560307e+00
      vertex   -2.125000e+01 5.550000e+01 -7.633975e+00
    endloop
  endfacet
  facet normal -2.220505e-09 -4.226183e-01 -9.063078e-01
    outer loop
      vertex   -2.125000e+01 5.550000e+01 -7.633975e+00
      vertex   -2.500000e+01 5.534202e+01 -7.560307e+00
      vertex   -2.500000e+01 5.550000e+01 -7.633975e+00
    endloop
  endfacet
  facet normal -2.197306e-09 -5.735764e-01 -8.191520e-01
    outer loop
      vertex   -2.125000e+01 5.550000e+01 -7.633975e+00
      vertex   -2.500000e+01 5.550000e+01 -7.633975e+00
      vertex   -2.125000e+01 5.564279e+01 -7.733956e+00
    endloop
  endfacet
  facet normal -2.197304e-09 -5.735764e-01 -8.191520e-01
    outer loop
      vertex   -2.125000e+01 5.564279e+01 -7.733956e+00
      vertex   -2.500000e+01 5.550000e+01 -7.633975e+00
      vertex   -2.500000e+01 5.564279e+01 -7.733956e+00
    endloop
  endfacet
  facet normal -2.107341e-09 -7.071068e-01 -7.071068e-01
    outer loop
      vertex   -2.125000e+01 5.564279e+01 -7.733956e+00
      vertex   -2.500000e+01 5.564279e+01 -7.733956e+00
      vertex   -2.125000e+01 5.576604e+01 -7.857212e+00
    endloop
  endfacet
  facet normal -2.107341e-09 -7.071068e-01 -7.071068e-01
    outer loop
      vertex   -2.125000e+01 5.576604e+01 -7.857212e+00
      vertex   -2.500000e+01 5.564279e+01 -7.733956e+00
      vertex   -2.500000e+01 5.576604e+01 -7.857212e+00
    endloop
  endfacet
  facet normal -1.953347e-09 -8.191520e-01 -5.735764e-01
    outer loop
      vertex   -2.125000e+01 5.576604e+01 -7.857212e+00
      vertex   -2.500000e+01 5.576604e+01 -7.857212e+00
      vertex   -2.125000e+01 5.586603e+01 -8.000000e+00
    endloop
  endfacet
  facet normal -1.953348e-09 -8.191520e-01 -5.735764e-01
    outer loop
      vertex   -2.125000e+01 5.586603e+01 -8.000000e+00
      vertex   -2.500000e+01 5.576604e+01 -7.857212e+00
      vertex   -2.500000e+01 5.586603e+01 -8.000000e+00
    endloop
  endfacet
  facet normal -1.740003e-09 -9.063078e-01 -4.226183e-01
    outer loop
      vertex   -2.125000e+01 5.586603e+01 -8.000000e+00
      vertex   -2.500000e+01 5.586603e+01 -8.000000e+00
      vertex   -2.125000e+01 5.593969e+01 -8.157980e+00
    endloop
  endfacet
  facet normal -1.740001e-09 -9.063078e-01 -4.226183e-01
    outer loop
      vertex   -2.125000e+01 5.593969e+01 -8.157980e+00
      vertex   -2.500000e+01 5.586603e+01 -8.000000e+00
      vertex   -2.500000e+01 5.593969e+01 -8.157980e+00
    endloop
  endfacet
  facet normal -1.473787e-09 -9.659258e-01 -2.588190e-01
    outer loop
      vertex   -2.125000e+01 5.593969e+01 -8.157980e+00
      vertex   -2.500000e+01 5.593969e+01 -8.157980e+00
      vertex   -2.125000e+01 5.598481e+01 -8.326352e+00
    endloop
  endfacet
  facet normal -1.473788e-09 -9.659258e-01 -2.588190e-01
    outer loop
      vertex   -2.125000e+01 5.598481e+01 -8.326352e+00
      vertex   -2.500000e+01 5.593969e+01 -8.157980e+00
      vertex   -2.500000e+01 5.598481e+01 -8.326352e+00
    endloop
  endfacet
  facet normal -1.162793e-09 -9.961947e-01 -8.715574e-02
    outer loop
      vertex   -2.125000e+01 5.598481e+01 -8.326352e+00
      vertex   -2.500000e+01 5.598481e+01 -8.326352e+00
      vertex   -2.125000e+01 5.600000e+01 -8.500000e+00
    endloop
  endfacet
  facet normal -1.162793e-09 -9.961947e-01 -8.715574e-02
    outer loop
      vertex   -2.125000e+01 5.600000e+01 -8.500000e+00
      vertex   -2.500000e+01 5.598481e+01 -8.326352e+00
      vertex   -2.500000e+01 5.600000e+01 -8.500000e+00
    endloop
  endfacet
  facet normal -8.164676e-10 -9.961947e-01 8.715574e-02
    outer loop
      vertex   -2.125000e+01 5.600000e+01 -8.500000e+00
      vertex   -2.500000e+01 5.600000e+01 -8.500000e+00
      vertex   -2.125000e+01 5.598481e+01 -8.673648e+00
    endloop
  endfacet
  facet normal -8.164677e-10 -9.961947e-01 8.715574e-02
    outer loop
      vertex   -2.125000e+01 5.598481e+01 -8.673648e+00
      vertex   -2.500000e+01 5.600000e+01 -8.500000e+00
      vertex   -2.500000e+01 5.598481e+01 -8.673648e+00
    endloop
  endfacet
  facet normal -4.453340e-10 -9.659258e-01 2.588190e-01
    outer loop
      vertex   -2.125000e+01 5.598481e+01 -8.673648e+00
      vertex   -2.500000e+01 5.598481e+01 -8.673648e+00
      vertex   -2.125000e+01 5.593969e+01 -8.842020e+00
    endloop
  endfacet
  facet normal -4.453321e-10 -9.659258e-01 2.588190e-01
    outer loop
      vertex   -2.125000e+01 5.593969e+01 -8.842020e+00
      vertex   -2.500000e+01 5.598481e+01 -8.673648e+00
      vertex   -2.500000e+01 5.593969e+01 -8.842020e+00
    endloop
  endfacet
  facet normal -6.066733e-11 -9.063078e-01 4.226183e-01
    outer loop
      vertex   -2.125000e+01 5.593969e+01 -8.842020e+00
      vertex   -2.500000e+01 5.593969e+01 -8.842020e+00
      vertex   -2.125000e+01 5.586603e+01 -9.000000e+00
    endloop
  endfacet
  facet normal -6.066885e-11 -9.063078e-01 4.226183e-01
    outer loop
      vertex   -2.125000e+01 5.586603e+01 -9.000000e+00
      vertex   -2.500000e+01 5.593969e+01 -8.842020e+00
      vertex   -2.500000e+01 5.586603e+01 -9.000000e+00
    endloop
  endfacet
  facet normal 3.258395e-10 -8.191520e-01 5.735764e-01
    outer loop
      vertex   -2.125000e+01 5.586603e+01 -9.000000e+00
      vertex   -2.500000e+01 5.586603e+01 -9.000000e+00
      vertex   -2.125000e+01 5.576604e+01 -9.142788e+00
    endloop
  endfacet
  facet normal 3.258411e-10 -8.191520e-01 5.735764e-01
    outer loop
      vertex   -2.125000e+01 5.576604e+01 -9.142788e+00
      vertex   -2.500000e+01 5.586603e+01 -9.000000e+00
      vertex   -2.500000e+01 5.576604e+01 -9.142788e+00
    endloop
  endfacet
  facet normal 7.024488e-10 -7.071068e-01 7.071068e-01
    outer loop
      vertex   -2.125000e+01 5.576604e+01 -9.142788e+00
      vertex   -2.500000e+01 5.576604e+01 -9.142788e+00
      vertex   -2.125000e+01 5.564279e+01 -9.266044e+00
    endloop
  endfacet
  facet normal 7.024492e-10 -7.071068e-01 7.071068e-01
    outer loop
      vertex   -2.125000e+01 5.564279e+01 -9.266044e+00
      vertex   -2.500000e+01 5.576604e+01 -9.142788e+00
      vertex   -2.500000e+01 5.564279e+01 -9.266044e+00
    endloop
  endfacet
  facet normal 1.057713e-09 -5.735764e-01 8.191520e-01
    outer loop
      vertex   -2.125000e+01 5.564279e+01 -9.266044e+00
      vertex   -2.500000e+01 5.564279e+01 -9.266044e+00
      vertex   -2.125000e+01 5.550000e+01 -9.366025e+00
    endloop
  endfacet
  facet normal 1.057712e-09 -5.735764e-01 8.191520e-01
    outer loop
      vertex   -2.125000e+01 5.550000e+01 -9.366025e+00
      vertex   -2.500000e+01 5.564279e+01 -9.266044e+00
      vertex   -2.500000e+01 5.550000e+01 -9.366025e+00
    endloop
  endfacet
  facet normal 1.380838e-09 -4.226183e-01 9.063078e-01
    outer loop
      vertex   -2.125000e+01 5.550000e+01 -9.366025e+00
      vertex   -2.500000e+01 5.550000e+01 -9.366025e+00
      vertex   -2.125000e+01 5.534202e+01 -9.439693e+00
    endloop
  endfacet
  facet normal 1.380839e-09 -4.226183e-01 9.063078e-01
    outer loop
      vertex   -2.125000e+01 5.534202e+01 -9.439693e+00
      vertex   -2.500000e+01 5.550000e+01 -9.366025e+00
      vertex   -2.500000e+01 5.534202e+01 -9.439693e+00
    endloop
  endfacet
  facet normal 1.662009e-09 -2.588190e-01 9.659258e-01
    outer loop
      vertex   -2.125000e+01 5.534202e+01 -9.439693e+00
      vertex   -2.500000e+01 5.534202e+01 -9.439693e+00
      vertex   -2.125000e+01 5.517365e+01 -9.484808e+00
    endloop
  endfacet
  facet normal 1.662008e-09 -2.588190e-01 9.659258e-01
    outer loop
      vertex   -2.125000e+01 5.517365e+01 -9.484808e+00
      vertex   -2.500000e+01 5.534202e+01 -9.439693e+00
      vertex   -2.500000e+01 5.517365e+01 -9.484808e+00
    endloop
  endfacet
  facet normal 1.892679e-09 -8.715574e-02 9.961947e-01
    outer loop
      vertex   -2.125000e+01 5.517365e+01 -9.484808e+00
      vertex   -2.500000e+01 5.517365e+01 -9.484808e+00
      vertex   -2.500000e+01 5.500000e+01 -9.500000e+00
    endloop
  endfacet
  facet normal 1.892680e-09 -8.715574e-02 9.961947e-01
    outer loop
      vertex   5.000000e+01 5.500000e+01 -9.500000e+00
      vertex   1.250000e+01 5.517365e+01 -9.484808e+00
      vertex   -2.500000e+01 5.500000e+01 -9.500000e+00
    endloop
  endfacet
  facet normal 1.892680e-09 -8.715574e-02 9.961947e-01
    outer loop
      vertex   -2.500000e+01 5.500000e+01 -9.500000e+00
      vertex   1.250000e+01 5.517365e+01 -9.484808e+00
      vertex   8.750000e+00 5.517365e+01 -9.484808e+00
    endloop
  endfacet
  facet normal 1.892680e-09 -8.715574e-02 9.961947e-01
    outer loop
      vertex   -2.500000e+01 5.500000e+01 -9.500000e+00
      vertex   8.750000e+00 5.517365e+01 -9.484808e+00
      vertex   5.000000e+00 5.517365e+01 -9.484808e+00
    endloop
  endfacet
  facet normal 1.662009e-09 -2.588190e-01 9.659258e-01
    outer loop
      vertex   5.000000e+00 5.517365e+01 -9.484808e+00
      vertex   8.750000e+00 5.517365e+01 -9.484808e+00
      vertex   5.000000e+00 5.534202e+01 -9.439693e+00
    endloop
  endfacet
  facet normal 1.662009e-09 -2.588190e-01 9.659258e-01
    outer loop
      vertex   5.000000e+00 5.517365e+01 -9.484808e+00
      vertex   5.000000e+00 5.534202e+01 -9.439693e+00
      vertex   1.250000e+00 5.534202e+01 -9.439693e+00
    endloop
  endfacet
  facet normal 1.380839e-09 -4.226183e-01 9.063078e-01
    outer loop
      vertex   1.250000e+00 5.534202e+01 -9.439693e+00
      vertex   5.000000e+00 5.534202e+01 -9.439693e+00
      vertex   1.250000e+00 5.550000e+01 -9.366025e+00
    endloop
  endfacet
  facet normal 1.380839e-09 -4.226183e-01 9.063078e-01
    outer loop
      vertex   1.250000e+00 5.534202e+01 -9.439693e+00
      vertex   1.250000e+00 5.550000e+01 -9.366025e+00
      vertex   -2.500000e+00 5.550000e+01 -9.366025e+00
    endloop
  endfacet
  facet normal 1.057712e-09 -5.735764e-01 8.191520e-01
    outer loop
      vertex   -2.500000e+00 5.550000e+01 -9.366025e+00
      vertex   1.250000e+00 5.550000e+01 -9.366025e+00
      vertex   -2.500000e+00 5.564279e+01 -9.266044e+00
    endloop
  endfacet
  facet normal 1.057713e-09 -5.735764e-01 8.191520e-01
    outer loop
      vertex   -2.500000e+00 5.550000e+01 -9.366025e+00
      vertex   -2.500000e+00 5.564279e+01 -9.266044e+00
      vertex   -6.250000e+00 5.564279e+01 -9.266044e+00
    endloop
  endfacet
  facet normal 7.024488e-10 -7.071068e-01 7.071068e-01
    outer loop
      vertex   -6.250000e+00 5.564279e+01 -9.266044e+00
      vertex   -2.500000e+00 5.564279e+01 -9.266044e+00
      vertex   -6.250000e+00 5.576604e+01 -9.142788e+00
    endloop
  endfacet
  facet normal 7.024475e-10 -7.071068e-01 7.071068e-01
    outer loop
      vertex   -6.250000e+00 5.564279e+01 -9.266044e+00
      vertex   -6.250000e+00 5.576604e+01 -9.142788e+00
      vertex   -1.000000e+01 5.576604e+01 -9.142788e+00
    endloop
  endfacet
  facet normal 3.258395e-10 -8.191520e-01 5.735764e-01
    outer loop
      vertex   -1.000000e+01 5.576604e+01 -9.142788e+00
      vertex   -6.250000e+00 5.576604e+01 -9.142788e+00
      vertex   -1.000000e+01 5.586603e+01 -9.000000e+00
    endloop
  endfacet
  facet normal 3.258380e-10 -8.191520e-01 5.735764e-01
    outer loop
      vertex   -1.000000e+01 5.576604e+01 -9.142788e+00
      vertex   -1.000000e+01 5.586603e+01 -9.000000e+00
      vertex   -1.375000e+01 5.586603e+01 -9.000000e+00
    endloop
  endfacet
  facet normal -6.067057e-11 -9.063078e-01 4.226183e-01
    outer loop
      vertex   -1.375000e+01 5.586603e+01 -9.000000e+00
      vertex   -1.000000e+01 5.586603e+01 -9.000000e+00
      vertex   -1.375000e+01 5.593969e+01 -8.842020e+00
    endloop
  endfacet
  facet normal -6.066713e-11 -9.063078e-01 4.226183e-01
    outer loop
      vertex   -1.375000e+01 5.586603e+01 -9.000000e+00
      vertex   -1.375000e+01 5.593969e+01 -8.842020e+00
      vertex   -1.750000e+01 5.593969e+01 -8.842020e+00
    endloop
  endfacet
  facet normal -4.453320e-10 -9.659258e-01 2.588190e-01
    outer loop
      vertex   -1.750000e+01 5.593969e+01 -8.842020e+00
      vertex   -1.375000e+01 5.593969e+01 -8.842020e+00
      vertex   -1.750000e+01 5.598481e+01 -8.673648e+00
    endloop
  endfacet
  facet normal -4.453337e-10 -9.659258e-01 2.588190e-01
    outer loop
      vertex   -1.750000e+01 5.593969e+01 -8.842020e+00
      vertex   -1.750000e+01 5.598481e+01 -8.673648e+00
      vertex   -2.125000e+01 5.598481e+01 -8.673648e+00
    endloop
  endfacet
  facet normal -8.164676e-10 -9.961947e-01 8.715574e-02
    outer loop
      vertex   -2.125000e+01 5.598481e+01 -8.673648e+00
      vertex   -1.750000e+01 5.598481e+01 -8.673648e+00
      vertex   -2.125000e+01 5.600000e+01 -8.500000e+00
    endloop
  endfacet
  facet normal 1.662009e-09 -2.588190e-01 9.659258e-01
    outer loop
      vertex   4.250000e+01 5.517365e+01 -9.484808e+00
      vertex   4.625000e+01 5.517365e+01 -9.484808e+00
      vertex   4.250000e+01 5.534202e+01 -9.439693e+00
    endloop
  endfacet
  facet normal 1.662008e-09 -2.588190e-01 9.659258e-01
    outer loop
      vertex   4.250000e+01 5.534202e+01 -9.439693e+00
      vertex   4.625000e+01 5.517365e+01 -9.484808e+00
      vertex   4.625000e+01 5.534202e+01 -9.439693e+00
    endloop
  endfacet
  facet normal 1.380837e-09 -4.226183e-01 9.063078e-01
    outer loop
      vertex   4.250000e+01 5.534202e+01 -9.439693e+00
      vertex   4.625000e+01 5.534202e+01 -9.439693e+00
      vertex   4.250000e+01 5.550000e+01 -9.366026e+00
    endloop
  endfacet
  facet normal 1.380839e-09 -4.226183e-01 9.063078e-01
    outer loop
      vertex   4.250000e+01 5.550000e+01 -9.366026e+00
      vertex   4.625000e+01 5.534202e+01 -9.439693e+00
      vertex   4.625000e+01 5.550000e+01 -9.366026e+00
    endloop
  endfacet
  facet normal 1.057712e-09 -5.735764e-01 8.191520e-01
    outer loop
      vertex   4.250000e+01 5.550000e+01 -9.366026e+00
      vertex   4.625000e+01 5.550000e+01 -9.366026e+00
      vertex   4.250000e+01 5.564279e+01 -9.266045e+00
    endloop
  endfacet
  facet normal 1.057711e-09 -5.735764e-01 8.191520e-01
    outer loop
      vertex   4.250000e+01 5.564279e+01 -9.266045e+00
      vertex   4.625000e+01 5.550000e+01 -9.366026e+00
      vertex   4.625000e+01 5.564279e+01 -9.266045e+00
    endloop
  endfacet
  facet normal 7.024465e-10 -7.071068e-01 7.071068e-01
    outer loop
      vertex   4.250000e+01 5.564279e+01 -9.266045e+00
      vertex   4.625000e+01 5.564279e+01 -9.266045e+00
      vertex   4.250000e+01 5.576604e+01 -9.142788e+00
    endloop
  endfacet
  facet normal 7.024465e-10 -7.071068e-01 7.071068e-01
    outer loop
      vertex   4.250000e+01 5.576604e+01 -9.142788e+00
      vertex   4.625000e+01 5.564279e+01 -9.266045e+00
      vertex   4.625000e+01 5.576604e+01 -9.142788e+00
    endloop
  endfacet
  facet normal 3.258383e-10 -8.191520e-01 5.735764e-01
    outer loop
      vertex   4.250000e+01 5.576604e+01 -9.142788e+00
      vertex   4.625000e+01 5.576604e+01 -9.142788e+00
      vertex   4.250000e+01 5.586603e+01 -9.000000e+00
    endloop
  endfacet
  facet normal 3.258380e-10 -8.191520e-01 5.735764e-01
    outer loop
      vertex   4.250000e+01 5.586603e+01 -9.000000e+00
      vertex   4.625000e+01 5.576604e+01 -9.142788e+00
      vertex   4.625000e+01 5.586603e+01 -9.000000e+00
    endloop
  endfacet
  facet normal -6.067057e-11 -9.063078e-01 4.226183e-01
    outer loop
      vertex   4.250000e+01 5.586603e+01 -9.000000e+00
      vertex   4.625000e+01 5.586603e+01 -9.000000e+00
      vertex   4.250000e+01 5.593969e+01 -8.842020e+00
    endloop
  endfacet
  facet normal -6.067057e-11 -9.063078e-01 4.226183e-01
    outer loop
      vertex   4.250000e+01 5.593969e+01 -8.842020e+00
      vertex   4.625000e+01 5.586603e+01 -9.000000e+00
      vertex   4.625000e+01 5.593969e+01 -8.842020e+00
    endloop
  endfacet
  facet normal -4.453357e-10 -9.659258e-01 2.588190e-01
    outer loop
      vertex   4.250000e+01 5.593969e+01 -8.842020e+00
      vertex   4.625000e+01 5.593969e+01 -8.842020e+00
      vertex   4.250000e+01 5.598481e+01 -8.673648e+00
    endloop
  endfacet
  facet normal -4.453356e-10 -9.659258e-01 2.588190e-01
    outer loop
      vertex   4.250000e+01 5.598481e+01 -8.673648e+00
      vertex   4.625000e+01 5.593969e+01 -8.842020e+00
      vertex   4.625000e+01 5.598481e+01 -8.673648e+00
    endloop
  endfacet
  facet normal -8.164695e-10 -9.961947e-01 8.715574e-02
    outer loop
      vertex   4.250000e+01 5.598481e+01 -8.673648e+00
      vertex   4.625000e+01 5.598481e+01 -8.673648e+00
      vertex   4.250000e+01 5.600000e+01 -8.500000e+00
    endloop
  endfacet
  facet normal -8.164676e-10 -9.961947e-01 8.715574e-02
    outer loop
      vertex   4.250000e+01 5.600000e+01 -8.500000e+00
      vertex   4.625000e+01 5.598481e+01 -8.673648e+00
      vertex   4.625000e+01 5.600000e+01 -8.500000e+00
    endloop
  endfacet
  facet normal -1.162793e-09 -9.961947e-01 -8.715574e-02
    outer loop
      vertex   4.250000e+01 5.600000e+01 -8.500000e+00
      vertex   4.625000e+01 5.600000e+01 -8.500000e+00
      vertex   4.250000e+01 5.598481e+01 -8.326352e+00
    endloop
  endfacet
  facet normal 1.892680e-09 -8.715574e-02 9.961947e-01
    outer loop
      vertex   3.875000e+01 5.517365e+01 -9.484808e+00
      vertex   3.500000e+01 5.517365e+01 -9.484808e+00
      vertex   5.000000e+01 5.500000e+01 -9.500000e+00
    endloop
  endfacet
  facet normal 1.892679e-09 -8.715574e-02 9.961947e-01
    outer loop
      vertex   5.000000e+01 5.500000e+01 -9.500000e+00
      vertex   3.500000e+01 5.517365e+01 -9.484808e+00
      vertex   3.125000e+01 5.517365e+01 -9.484808e+00
    endloop
  endfacet
  facet normal 1.892680e-09 -8.715574e-02 9.961947e-01
    outer loop
      vertex   5.000000e+01 5.500000e+01 -9.500000e+00
      vertex   3.125000e+01 5.517365e+01 -9.484808e+00
      vertex   2.750000e+01 5.517365e+01 -9.484808e+00
    endloop
  endfacet
  facet normal 1.662009e-09 -2.588190e-01 9.659258e-01
    outer loop
      vertex   2.750000e+01 5.517365e+01 -9.484808e+00
      vertex   3.125000e+01 5.517365e+01 -9.484808e+00
      vertex   2.750000e+01 5.534202e+01 -9.439693e+00
    endloop
  endfacet
  facet normal 1.662008e-09 -2.588190e-01 9.659258e-01
    outer loop
      vertex   2.750000e+01 5.517365e+01 -9.484808e+00
      vertex   2.750000e+01 5.534202e+01 -9.439693e+00
      vertex   2.375000e+01 5.534202e+01 -9.439693e+00
    endloop
  endfacet
  facet normal 1.380837e-09 -4.226183e-01 9.063078e-01
    outer loop
      vertex   2.375000e+01 5.534202e+01 -9.439693e+00
      vertex   2.750000e+01 5.534202e+01 -9.439693e+00
      vertex   2.375000e+01 5.550000e+01 -9.366025e+00
    endloop
  endfacet
  facet normal 1.380838e-09 -4.226183e-01 9.063078e-01
    outer loop
      vertex   2.375000e+01 5.534202e+01 -9.439693e+00
      vertex   2.375000e+01 5.550000e+01 -9.366025e+00
      vertex   2.000000e+01 5.550000e+01 -9.366025e+00
    endloop
  endfacet
  facet normal 1.057712e-09 -5.735764e-01 8.191520e-01
    outer loop
      vertex   2.000000e+01 5.550000e+01 -9.366025e+00
      vertex   2.375000e+01 5.550000e+01 -9.366025e+00
      vertex   2.000000e+01 5.564279e+01 -9.266045e+00
    endloop
  endfacet
  facet normal 1.057711e-09 -5.735764e-01 8.191520e-01
    outer loop
      vertex   2.000000e+01 5.550000e+01 -9.366025e+00
      vertex   2.000000e+01 5.564279e+01 -9.266045e+00
      vertex   1.625000e+01 5.564279e+01 -9.266045e+00
    endloop
  endfacet
  facet normal 7.024461e-10 -7.071068e-01 7.071068e-01
    outer loop
      vertex   1.625000e+01 5.564279e+01 -9.266045e+00
      vertex   2.000000e+01 5.564279e+01 -9.266045e+00
      vertex   1.625000e+01 5.576604e+01 -9.142788e+00
    endloop
  endfacet
  facet normal 7.024485e-10 -7.071068e-01 7.071068e-01
    outer loop
      vertex   1.625000e+01 5.564279e+01 -9.266045e+00
      vertex   1.625000e+01 5.576604e+01 -9.142788e+00
      vertex   1.250000e+01 5.576604e+01 -9.142788e+00
    endloop
  endfacet
  facet normal 3.258408e-10 -8.191520e-01 5.735764e-01
    outer loop
      vertex   1.250000e+01 5.576604e+01 -9.142788e+00
      vertex   1.625000e+01 5.576604e+01 -9.142788e+00
      vertex   1.250000e+01 5.586603e+01 -9.000000e+00
    endloop
  endfacet
  facet normal 3.258411e-10 -8.191520e-01 5.735764e-01
    outer loop
      vertex   1.250000e+01 5.576604e+01 -9.142788e+00
      vertex   1.250000e+01 5.586603e+01 -9.000000e+00
      vertex   8.750000e+00 5.586603e+01 -9.000000e+00
    endloop
  endfacet
  facet normal -6.066713e-11 -9.063078e-01 4.226183e-01
    outer loop
      vertex   8.750000e+00 5.586603e+01 -9.000000e+00
      vertex   1.250000e+01 5.586603e+01 -9.000000e+00
      vertex   8.750000e+00 5.593969e+01 -8.842020e+00
    endloop
  endfacet
  facet normal -6.067057e-11 -9.063078e-01 4.226183e-01
    outer loop
      vertex   8.750000e+00 5.586603e+01 -9.000000e+00
      vertex   8.750000e+00 5.593969e+01 -8.842020e+00
      vertex   5.000000e+00 5.593969e+01 -8.842020e+00
    endloop
  endfacet
  facet normal -4.453357e-10 -9.659258e-01 2.588190e-01
    outer loop
      vertex   5.000000e+00 5.593969e+01 -8.842020e+00
      vertex   8.750000e+00 5.593969e+01 -8.842020e+00
      vertex   5.000000e+00 5.598481e+01 -8.673648e+00
    endloop
  endfacet
  facet normal -4.453340e-10 -9.659258e-01 2.588190e-01
    outer loop
      vertex   5.000000e+00 5.593969e+01 -8.842020e+00
      vertex   5.000000e+00 5.598481e+01 -8.673648e+00
      vertex   1.250000e+00 5.598481e+01 -8.673648e+00
    endloop
  endfacet
  facet normal -8.164677e-10 -9.961947e-01 8.715574e-02
    outer loop
      vertex   1.250000e+00 5.598481e+01 -8.673648e+00
      vertex   5.000000e+00 5.598481e+01 -8.673648e+00
      vertex   1.250000e+00 5.600000e+01 -8.500000e+00
    endloop
  endfacet
  facet normal -8.164676e-10 -9.961947e-01 8.715574e-02
    outer loop
      vertex   1.250000e+00 5.598481e+01 -8.673648e+00
      vertex   1.250000e+00 5.600000e+01 -8.500000e+00
      vertex   -2.500000e+00 5.600000e+01 -8.500000e+00
    endloop
  endfacet
  facet normal -1.162793e-09 -9.961947e-01 -8.715574e-02
    outer loop
      vertex   -2.500000e+00 5.600000e+01 -8.500000e+00
      vertex   1.250000e+00 5.600000e+01 -8.500000e+00
      vertex   -2.500000e+00 5.598481e+01 -8.326352e+00
    endloop
  endfacet
  facet normal -1.162793e-09 -9.961947e-01 -8.715574e-02
    outer loop
      vertex   -2.500000e+00 5.600000e+01 -8.500000e+00
      vertex   -2.500000e+00 5.598481e+01 -8.326352e+00
      vertex   -6.250000e+00 5.598481e+01 -8.326352e+00
    endloop
  endfacet
  facet normal -1.473788e-09 -9.659258e-01 -2.588190e-01
    outer loop
      vertex   -6.250000e+00 5.598481e+01 -8.326352e+00
      vertex   -2.500000e+00 5.598481e+01 -8.326352e+00
      vertex   -6.250000e+00 5.593969e+01 -8.157980e+00
    endloop
  endfacet
  facet normal -1.473788e-09 -9.659258e-01 -2.588190e-01
    outer loop
      vertex   -6.250000e+00 5.598481e+01 -8.326352e+00
      vertex   -6.250000e+00 5.593969e+01 -8.157980e+00
      vertex   -1.000000e+01 5.593969e+01 -8.157980e+00
    endloop
  endfacet
  facet normal -1.740003e-09 -9.063078e-01 -4.226183e-01
    outer loop
      vertex   -1.000000e+01 5.593969e+01 -8.157980e+00
      vertex   -6.250000e+00 5.593969e+01 -8.157980e+00
      vertex   -1.000000e+01 5.586603e+01 -8.000000e+00
    endloop
  endfacet
  facet normal -1.740005e-09 -9.063078e-01 -4.226183e-01
    outer loop
      vertex   -1.000000e+01 5.593969e+01 -8.157980e+00
      vertex   -1.000000e+01 5.586603e+01 -8.000000e+00
      vertex   -1.375000e+01 5.586603e+01 -8.000000e+00
    endloop
  endfacet
  facet normal -1.953350e-09 -8.191520e-01 -5.735764e-01
    outer loop
      vertex   -1.375000e+01 5.586603e+01 -8.000000e+00
      vertex   -1.000000e+01 5.586603e+01 -8.000000e+00
      vertex   -1.375000e+01 5.576604e+01 -7.857212e+00
    endloop
  endfacet
  facet normal -1.953347e-09 -8.191520e-01 -5.735764e-01
    outer loop
      vertex   -1.375000e+01 5.586603e+01 -8.000000e+00
      vertex   -1.375000e+01 5.576604e+01 -7.857212e+00
      vertex   -1.750000e+01 5.576604e+01 -7.857212e+00
    endloop
  endfacet
  facet normal -2.107341e-09 -7.071068e-01 -7.071068e-01
    outer loop
      vertex   -1.750000e+01 5.576604e+01 -7.857212e+00
      vertex   -1.375000e+01 5.576604e+01 -7.857212e+00
      vertex   -1.750000e+01 5.564279e+01 -7.733956e+00
    endloop
  endfacet
  facet normal -2.107344e-09 -7.071068e-01 -7.071068e-01
    outer loop
      vertex   -1.750000e+01 5.576604e+01 -7.857212e+00
      vertex   -1.750000e+01 5.564279e+01 -7.733956e+00
      vertex   -2.125000e+01 5.564279e+01 -7.733956e+00
    endloop
  endfacet
  facet normal -2.197307e-09 -5.735764e-01 -8.191520e-01
    outer loop
      vertex   -2.125000e+01 5.564279e+01 -7.733956e+00
      vertex   -1.750000e+01 5.564279e+01 -7.733956e+00
      vertex   -2.125000e+01 5.550000e+01 -7.633975e+00
    endloop
  endfacet
  facet normal 1.662009e-09 -2.588190e-01 9.659258e-01
    outer loop
      vertex   3.875000e+01 5.517365e+01 -9.484808e+00
      vertex   3.500000e+01 5.534202e+01 -9.439693e+00
      vertex   3.500000e+01 5.517365e+01 -9.484808e+00
    endloop
  endfacet
  facet normal 1.662009e-09 -2.588190e-01 9.659258e-01
    outer loop
      vertex   3.500000e+01 5.517365e+01 -9.484808e+00
      vertex   3.500000e+01 5.534202e+01 -9.439693e+00
      vertex   3.125000e+01 5.534202e+01 -9.439693e+00
    endloop
  endfacet
  facet normal 1.662008e-09 -2.588190e-01 9.659258e-01
    outer loop
      vertex   3.500000e+01 5.517365e+01 -9.484808e+00
      vertex   3.125000e+01 5.534202e+01 -9.439693e+00
      vertex   3.125000e+01 5.517365e+01 -9.484808e+00
    endloop
  endfacet
  facet normal 1.662009e-09 -2.588190e-01 9.659258e-01
    outer loop
      vertex   3.125000e+01 5.517365e+01 -9.484808e+00
      vertex   3.125000e+01 5.534202e+01 -9.439693e+00
      vertex   2.750000e+01 5.534202e+01 -9.439693e+00
    endloop
  endfacet
  facet normal 1.892680e-09 -8.715574e-02 9.961947e-01
    outer loop
      vertex   2.750000e+01 5.517365e+01 -9.484808e+00
      vertex   2.375000e+01 5.517365e+01 -9.484808e+00
      vertex   5.000000e+01 5.500000e+01 -9.500000e+00
    endloop
  endfacet
  facet normal 1.892680e-09 -8.715574e-02 9.961947e-01
    outer loop
      vertex   5.000000e+01 5.500000e+01 -9.500000e+00
      vertex   2.375000e+01 5.517365e+01 -9.484808e+00
      vertex   2.000000e+01 5.517365e+01 -9.484808e+00
    endloop
  endfacet
  facet normal 1.892680e-09 -8.715574e-02 9.961947e-01
    outer loop
      vertex   5.000000e+01 5.500000e+01 -9.500000e+00
      vertex   2.000000e+01 5.517365e+01 -9.484808e+00
      vertex   1.625000e+01 5.517365e+01 -9.484808e+00
    endloop
  endfacet
  facet normal 1.662009e-09 -2.588190e-01 9.659258e-01
    outer loop
      vertex   1.625000e+01 5.517365e+01 -9.484808e+00
      vertex   2.000000e+01 5.517365e+01 -9.484808e+00
      vertex   1.625000e+01 5.534202e+01 -9.439693e+00
    endloop
  endfacet
  facet normal 1.662009e-09 -2.588190e-01 9.659258e-01
    outer loop
      vertex   1.625000e+01 5.517365e+01 -9.484808e+00
      vertex   1.625000e+01 5.534202e+01 -9.439693e+00
      vertex   1.250000e+01 5.534202e+01 -9.439693e+00
    endloop
  endfacet
  facet normal 1.380839e-09 -4.226183e-01 9.063078e-01
    outer loop
      vertex   1.250000e+01 5.534202e+01 -9.439693e+00
      vertex   1.625000e+01 5.534202e+01 -9.439693e+00
      vertex   1.250000e+01 5.550000e+01 -9.366025e+00
    endloop
  endfacet
  facet normal 1.380838e-09 -4.226183e-01 9.063078e-01
    outer loop
      vertex   1.250000e+01 5.534202e+01 -9.439693e+00
      vertex   1.250000e+01 5.550000e+01 -9.366025e+00
      vertex   8.750000e+00 5.550000e+01 -9.366025e+00
    endloop
  endfacet
  facet normal 1.057712e-09 -5.735764e-01 8.191520e-01
    outer loop
      vertex   8.750000e+00 5.550000e+01 -9.366025e+00
      vertex   1.250000e+01 5.550000e+01 -9.366025e+00
      vertex   8.750000e+00 5.564279e+01 -9.266044e+00
    endloop
  endfacet
  facet normal 1.057711e-09 -5.735764e-01 8.191520e-01
    outer loop
      vertex   8.750000e+00 5.550000e+01 -9.366025e+00
      vertex   8.750000e+00 5.564279e+01 -9.266044e+00
      vertex   5.000000e+00 5.564279e+01 -9.266044e+00
    endloop
  endfacet
  facet normal 7.024465e-10 -7.071068e-01 7.071068e-01
    outer loop
      vertex   5.000000e+00 5.564279e+01 -9.266044e+00
      vertex   8.750000e+00 5.564279e+01 -9.266044e+00
      vertex   5.000000e+00 5.576604e+01 -9.142788e+00
    endloop
  endfacet
  facet normal 7.024485e-10 -7.071068e-01 7.071068e-01
    outer loop
      vertex   5.000000e+00 5.564279e+01 -9.266044e+00
      vertex   5.000000e+00 5.576604e+01 -9.142788e+00
      vertex   1.250000e+00 5.576604e+01 -9.142788e+00
    endloop
  endfacet
  facet normal 3.258408e-10 -8.191520e-01 5.735764e-01
    outer loop
      vertex   1.250000e+00 5.576604e+01 -9.142788e+00
      vertex   5.000000e+00 5.576604e+01 -9.142788e+00
      vertex   1.250000e+00 5.586603e+01 -9.000000e+00
    endloop
  endfacet
  facet normal 3.258380e-10 -8.191520e-01 5.735764e-01
    outer loop
      vertex   1.250000e+00 5.576604e+01 -9.142788e+00
      vertex   1.250000e+00 5.586603e+01 -9.000000e+00
      vertex   -2.500000e+00 5.586603e+01 -9.000000e+00
    endloop
  endfacet
  facet normal -6.067057e-11 -9.063078e-01 4.226183e-01
    outer loop
      vertex   -2.500000e+00 5.586603e+01 -9.000000e+00
      vertex   1.250000e+00 5.586603e+01 -9.000000e+00
      vertex   -2.500000e+00 5.593969e+01 -8.842020e+00
    endloop
  endfacet
  facet normal -6.066733e-11 -9.063078e-01 4.226183e-01
    outer loop
      vertex   -2.500000e+00 5.586603e+01 -9.000000e+00
      vertex   -2.500000e+00 5.593969e+01 -8.842020e+00
      vertex   -6.250000e+00 5.593969e+01 -8.842020e+00
    endloop
  endfacet
  facet normal -4.453321e-10 -9.659258e-01 2.588190e-01
    outer loop
      vertex   -6.250000e+00 5.593969e+01 -8.842020e+00
      vertex   -2.500000e+00 5.593969e+01 -8.842020e+00
      vertex   -6.250000e+00 5.598481e+01 -8.673648e+00
    endloop
  endfacet
  facet normal -4.453320e-10 -9.659258e-01 2.588190e-01
    outer loop
      vertex   -6.250000e+00 5.593969e+01 -8.842020e+00
      vertex   -6.250000e+00 5.598481e+01 -8.673648e+00
      vertex   -1.000000e+01 5.598481e+01 -8.673648e+00
    endloop
  endfacet
  facet normal -8.164657e-10 -9.961947e-01 8.715574e-02
    outer loop
      vertex   -1.000000e+01 5.598481e+01 -8.673648e+00
      vertex   -6.250000e+00 5.598481e+01 -8.673648e+00
      vertex   -1.000000e+01 5.600000e+01 -8.500000e+00
    endloop
  endfacet
  facet normal -8.164676e-10 -9.961947e-01 8.715574e-02
    outer loop
      vertex   -1.000000e+01 5.598481e+01 -8.673648e+00
      vertex   -1.000000e+01 5.600000e+01 -8.500000e+00
      vertex   -1.375000e+01 5.600000e+01 -8.500000e+00
    endloop
  endfacet
  facet normal -1.162793e-09 -9.961947e-01 -8.715574e-02
    outer loop
      vertex   -1.375000e+01 5.600000e+01 -8.500000e+00
      vertex   -1.000000e+01 5.600000e+01 -8.500000e+00
      vertex   -1.375000e+01 5.598481e+01 -8.326352e+00
    endloop
  endfacet
  facet normal -1.162793e-09 -9.961947e-01 -8.715574e-02
    outer loop
      vertex   -1.375000e+01 5.600000e+01 -8.500000e+00
      vertex   -1.375000e+01 5.598481e+01 -8.326352e+00
      vertex   -1.750000e+01 5.598481e+01 -8.326352e+00
    endloop
  endfacet
  facet normal -1.473788e-09 -9.659258e-01 -2.588190e-01
    outer loop
      vertex   -1.750000e+01 5.598481e+01 -8.326352e+00
      vertex   -1.375000e+01 5.598481e+01 -8.326352e+00
      vertex   -1.750000e+01 5.593969e+01 -8.157980e+00
    endloop
  endfacet
  facet normal -1.473790e-09 -9.659258e-01 -2.588190e-01
    outer loop
      vertex   -1.750000e+01 5.598481e+01 -8.326352e+00
      vertex   -1.750000e+01 5.593969e+01 -8.157980e+00
      vertex   -2.125000e+01 5.593969e+01 -8.157980e+00
    endloop
  endfacet
  facet normal -1.740005e-09 -9.063078e-01 -4.226183e-01
    outer loop
      vertex   -2.125000e+01 5.593969e+01 -8.157980e+00
      vertex   -1.750000e+01 5.593969e+01 -8.157980e+00
      vertex   -2.125000e+01 5.586603e+01 -8.000000e+00
    endloop
  endfacet
  facet normal 1.662009e-09 -2.588190e-01 9.659258e-01
    outer loop
      vertex   2.750000e+01 5.517365e+01 -9.484808e+00
      vertex   2.375000e+01 5.534202e+01 -9.439693e+00
      vertex   2.375000e+01 5.517365e+01 -9.484808e+00
    endloop
  endfacet
  facet normal 1.662009e-09 -2.588190e-01 9.659258e-01
    outer loop
      vertex   2.375000e+01 5.517365e+01 -9.484808e+00
      vertex   2.375000e+01 5.534202e+01 -9.439693e+00
      vertex   2.000000e+01 5.534202e+01 -9.439693e+00
    endloop
  endfacet
  facet normal 1.662009e-09 -2.588190e-01 9.659258e-01
    outer loop
      vertex   2.375000e+01 5.517365e+01 -9.484808e+00
      vertex   2.000000e+01 5.534202e+01 -9.439693e+00
      vertex   2.000000e+01 5.517365e+01 -9.484808e+00
    endloop
  endfacet
  facet normal 1.662008e-09 -2.588190e-01 9.659258e-01
    outer loop
      vertex   2.000000e+01 5.517365e+01 -9.484808e+00
      vertex   2.000000e+01 5.534202e+01 -9.439693e+00
      vertex   1.625000e+01 5.534202e+01 -9.439693e+00
    endloop
  endfacet
  facet normal 1.892679e-09 -8.715574e-02 9.961947e-01
    outer loop
      vertex   1.250000e+01 5.517365e+01 -9.484808e+00
      vertex   5.000000e+01 5.500000e+01 -9.500000e+00
      vertex   1.625000e+01 5.517365e+01 -9.484808e+00
    endloop
  endfacet
  facet normal 1.662008e-09 -2.588190e-01 9.659258e-01
    outer loop
      vertex   1.625000e+01 5.517365e+01 -9.484808e+00
      vertex   1.250000e+01 5.534202e+01 -9.439693e+00
      vertex   1.250000e+01 5.517365e+01 -9.484808e+00
    endloop
  endfacet
  facet normal 1.662009e-09 -2.588190e-01 9.659258e-01
    outer loop
      vertex   1.250000e+01 5.517365e+01 -9.484808e+00
      vertex   1.250000e+01 5.534202e+01 -9.439693e+00
      vertex   8.750000e+00 5.534202e+01 -9.439693e+00
    endloop
  endfacet
  facet normal 1.662009e-09 -2.588190e-01 9.659258e-01
    outer loop
      vertex   1.250000e+01 5.517365e+01 -9.484808e+00
      vertex   8.750000e+00 5.534202e+01 -9.439693e+00
      vertex   8.750000e+00 5.517365e+01 -9.484808e+00
    endloop
  endfacet
  facet normal 1.662008e-09 -2.588190e-01 9.659258e-01
    outer loop
      vertex   8.750000e+00 5.517365e+01 -9.484808e+00
      vertex   8.750000e+00 5.534202e+01 -9.439693e+00
      vertex   5.000000e+00 5.534202e+01 -9.439693e+00
    endloop
  endfacet
  facet normal 1.892680e-09 -8.715574e-02 9.961947e-01
    outer loop
      vertex   5.000000e+00 5.517365e+01 -9.484808e+00
      vertex   1.250000e+00 5.517365e+01 -9.484808e+00
      vertex   -2.500000e+01 5.500000e+01 -9.500000e+00
    endloop
  endfacet
  facet normal 1.892680e-09 -8.715574e-02 9.961947e-01
    outer loop
      vertex   -2.500000e+01 5.500000e+01 -9.500000e+00
      vertex   1.250000e+00 5.517365e+01 -9.484808e+00
      vertex   -2.500000e+00 5.517365e+01 -9.484808e+00
    endloop
  endfacet
  facet normal 1.892679e-09 -8.715574e-02 9.961947e-01
    outer loop
      vertex   -2.500000e+01 5.500000e+01 -9.500000e+00
      vertex   -2.500000e+00 5.517365e+01 -9.484808e+00
      vertex   -6.250000e+00 5.517365e+01 -9.484808e+00
    endloop
  endfacet
  facet normal 1.662008e-09 -2.588190e-01 9.659258e-01
    outer loop
      vertex   -6.250000e+00 5.517365e+01 -9.484808e+00
      vertex   -2.500000e+00 5.517365e+01 -9.484808e+00
      vertex   -6.250000e+00 5.534202e+01 -9.439693e+00
    endloop
  endfacet
  facet normal 1.662009e-09 -2.588190e-01 9.659258e-01
    outer loop
      vertex   -6.250000e+00 5.517365e+01 -9.484808e+00
      vertex   -6.250000e+00 5.534202e+01 -9.439693e+00
      vertex   -1.000000e+01 5.534202e+01 -9.439693e+00
    endloop
  endfacet
  facet normal 1.380838e-09 -4.226183e-01 9.063078e-01
    outer loop
      vertex   -1.000000e+01 5.534202e+01 -9.439693e+00
      vertex   -6.250000e+00 5.534202e+01 -9.439693e+00
      vertex   -1.000000e+01 5.550000e+01 -9.366025e+00
    endloop
  endfacet
  facet normal 1.380839e-09 -4.226183e-01 9.063078e-01
    outer loop
      vertex   -1.000000e+01 5.534202e+01 -9.439693e+00
      vertex   -1.000000e+01 5.550000e+01 -9.366025e+00
      vertex   -1.375000e+01 5.550000e+01 -9.366025e+00
    endloop
  endfacet
  facet normal 1.057712e-09 -5.735764e-01 8.191520e-01
    outer loop
      vertex   -1.375000e+01 5.550000e+01 -9.366025e+00
      vertex   -1.000000e+01 5.550000e+01 -9.366025e+00
      vertex   -1.375000e+01 5.564279e+01 -9.266044e+00
    endloop
  endfacet
  facet normal 1.057713e-09 -5.735764e-01 8.191520e-01
    outer loop
      vertex   -1.375000e+01 5.550000e+01 -9.366025e+00
      vertex   -1.375000e+01 5.564279e+01 -9.266044e+00
      vertex   -1.750000e+01 5.564279e+01 -9.266044e+00
    endloop
  endfacet
  facet normal 7.024488e-10 -7.071068e-01 7.071068e-01
    outer loop
      vertex   -1.750000e+01 5.564279e+01 -9.266044e+00
      vertex   -1.375000e+01 5.564279e+01 -9.266044e+00
      vertex   -1.750000e+01 5.576604e+01 -9.142788e+00
    endloop
  endfacet
  facet normal 7.024465e-10 -7.071068e-01 7.071068e-01
    outer loop
      vertex   -1.750000e+01 5.564279e+01 -9.266044e+00
      vertex   -1.750000e+01 5.576604e+01 -9.142788e+00
      vertex   -2.125000e+01 5.576604e+01 -9.142788e+00
    endloop
  endfacet
  facet normal 3.258383e-10 -8.191520e-01 5.735764e-01
    outer loop
      vertex   -2.125000e+01 5.576604e+01 -9.142788e+00
      vertex   -1.750000e+01 5.576604e+01 -9.142788e+00
      vertex   -2.125000e+01 5.586603e+01 -9.000000e+00
    endloop
  endfacet
  facet normal 1.662009e-09 -2.588190e-01 9.659258e-01
    outer loop
      vertex   5.000000e+00 5.517365e+01 -9.484808e+00
      vertex   1.250000e+00 5.534202e+01 -9.439693e+00
      vertex   1.250000e+00 5.517365e+01 -9.484808e+00
    endloop
  endfacet
  facet normal 1.662008e-09 -2.588190e-01 9.659258e-01
    outer loop
      vertex   1.250000e+00 5.517365e+01 -9.484808e+00
      vertex   1.250000e+00 5.534202e+01 -9.439693e+00
      vertex   -2.500000e+00 5.534202e+01 -9.439693e+00
    endloop
  endfacet
  facet normal 1.662009e-09 -2.588190e-01 9.659258e-01
    outer loop
      vertex   1.250000e+00 5.517365e+01 -9.484808e+00
      vertex   -2.500000e+00 5.534202e+01 -9.439693e+00
      vertex   -2.500000e+00 5.517365e+01 -9.484808e+00
    endloop
  endfacet
  facet normal 1.662009e-09 -2.588190e-01 9.659258e-01
    outer loop
      vertex   -2.500000e+00 5.517365e+01 -9.484808e+00
      vertex   -2.500000e+00 5.534202e+01 -9.439693e+00
      vertex   -6.250000e+00 5.534202e+01 -9.439693e+00
    endloop
  endfacet
  facet normal 1.892680e-09 -8.715574e-02 9.961947e-01
    outer loop
      vertex   -6.250000e+00 5.517365e+01 -9.484808e+00
      vertex   -1.000000e+01 5.517365e+01 -9.484808e+00
      vertex   -2.500000e+01 5.500000e+01 -9.500000e+00
    endloop
  endfacet
  facet normal 1.892680e-09 -8.715574e-02 9.961947e-01
    outer loop
      vertex   -2.500000e+01 5.500000e+01 -9.500000e+00
      vertex   -1.000000e+01 5.517365e+01 -9.484808e+00
      vertex   -1.375000e+01 5.517365e+01 -9.484808e+00
    endloop
  endfacet
  facet normal 1.892680e-09 -8.715574e-02 9.961947e-01
    outer loop
      vertex   -2.500000e+01 5.500000e+01 -9.500000e+00
      vertex   -1.375000e+01 5.517365e+01 -9.484808e+00
      vertex   -1.750000e+01 5.517365e+01 -9.484808e+00
    endloop
  endfacet
  facet normal 1.662009e-09 -2.588190e-01 9.659258e-01
    outer loop
      vertex   -1.750000e+01 5.517365e+01 -9.484808e+00
      vertex   -1.375000e+01 5.517365e+01 -9.484808e+00
      vertex   -1.750000e+01 5.534202e+01 -9.439693e+00
    endloop
  endfacet
  facet normal 1.662008e-09 -2.588190e-01 9.659258e-01
    outer loop
      vertex   -1.750000e+01 5.517365e+01 -9.484808e+00
      vertex   -1.750000e+01 5.534202e+01 -9.439693e+00
      vertex   -2.125000e+01 5.534202e+01 -9.439693e+00
    endloop
  endfacet
  facet normal 1.380837e-09 -4.226183e-01 9.063078e-01
    outer loop
      vertex   -2.125000e+01 5.534202e+01 -9.439693e+00
      vertex   -1.750000e+01 5.534202e+01 -9.439693e+00
      vertex   -2.125000e+01 5.550000e+01 -9.366025e+00
    endloop
  endfacet
  facet normal 1.662009e-09 -2.588190e-01 9.659258e-01
    outer loop
      vertex   -6.250000e+00 5.517365e+01 -9.484808e+00
      vertex   -1.000000e+01 5.534202e+01 -9.439693e+00
      vertex   -1.000000e+01 5.517365e+01 -9.484808e+00
    endloop
  endfacet
  facet normal 1.662008e-09 -2.588190e-01 9.659258e-01
    outer loop
      vertex   -1.000000e+01 5.517365e+01 -9.484808e+00
      vertex   -1.000000e+01 5.534202e+01 -9.439693e+00
      vertex   -1.375000e+01 5.534202e+01 -9.439693e+00
    endloop
  endfacet
  facet normal 1.662009e-09 -2.588190e-01 9.659258e-01
    outer loop
      vertex   -1.000000e+01 5.517365e+01 -9.484808e+00
      vertex   -1.375000e+01 5.534202e+01 -9.439693e+00
      vertex   -1.375000e+01 5.517365e+01 -9.484808e+00
    endloop
  endfacet
  facet normal 1.662009e-09 -2.588190e-01 9.659258e-01
    outer loop
      vertex   -1.375000e+01 5.517365e+01 -9.484808e+00
      vertex   -1.375000e+01 5.534202e+01 -9.439693e+00
      vertex   -1.750000e+01 5.534202e+01 -9.439693e+00
    endloop
  endfacet
  facet normal 1.892680e-09 -8.715574e-02 9.961947e-01
    outer loop
      vertex   -2.125000e+01 5.517365e+01 -9.484808e+00
      vertex   -2.500000e+01 5.500000e+01 -9.500000e+00
      vertex   -1.750000e+01 5.517365e+01 -9.484808e+00
    endloop
  endfacet
  facet normal 1.662009e-09 -2.588190e-01 9.659258e-01
    outer loop
      vertex   -2.125000e+01 5.534202e+01 -9.439693e+00
      vertex   -2.125000e+01 5.517365e+01 -9.484808e+00
      vertex   -1.750000e+01 5.517365e+01 -9.484808e+00
    endloop
  endfacet
  facet normal 1.662009e-09 -2.588190e-01 9.659258e-01
    outer loop
      vertex   4.250000e+01 5.517365e+01 -9.484808e+00
      vertex   4.250000e+01 5.534202e+01 -9.439693e+00
      vertex   3.875000e+01 5.534202e+01 -9.439693e+00
    endloop
  endfacet
  facet normal 1.380839e-09 -4.226183e-01 9.063078e-01
    outer loop
      vertex   3.875000e+01 5.534202e+01 -9.439693e+00
      vertex   4.250000e+01 5.534202e+01 -9.439693e+00
      vertex   3.875000e+01 5.550000e+01 -9.366026e+00
    endloop
  endfacet
  facet normal 1.380839e-09 -4.226183e-01 9.063078e-01
    outer loop
      vertex   3.875000e+01 5.534202e+01 -9.439693e+00
      vertex   3.875000e+01 5.550000e+01 -9.366026e+00
      vertex   3.500000e+01 5.550000e+01 -9.366026e+00
    endloop
  endfacet
  facet normal 1.057712e-09 -5.735764e-01 8.191520e-01
    outer loop
      vertex   3.500000e+01 5.550000e+01 -9.366026e+00
      vertex   3.875000e+01 5.550000e+01 -9.366026e+00
      vertex   3.500000e+01 5.564279e+01 -9.266045e+00
    endloop
  endfacet
  facet normal 1.057713e-09 -5.735764e-01 8.191520e-01
    outer loop
      vertex   3.500000e+01 5.550000e+01 -9.366026e+00
      vertex   3.500000e+01 5.564279e+01 -9.266045e+00
      vertex   3.125000e+01 5.564279e+01 -9.266045e+00
    endloop
  endfacet
  facet normal 7.024488e-10 -7.071068e-01 7.071068e-01
    outer loop
      vertex   3.125000e+01 5.564279e+01 -9.266045e+00
      vertex   3.500000e+01 5.564279e+01 -9.266045e+00
      vertex   3.125000e+01 5.576604e+01 -9.142788e+00
    endloop
  endfacet
  facet normal 7.024475e-10 -7.071068e-01 7.071068e-01
    outer loop
      vertex   3.125000e+01 5.564279e+01 -9.266045e+00
      vertex   3.125000e+01 5.576604e+01 -9.142788e+00
      vertex   2.750000e+01 5.576604e+01 -9.142788e+00
    endloop
  endfacet
  facet normal 3.258395e-10 -8.191520e-01 5.735764e-01
    outer loop
      vertex   2.750000e+01 5.576604e+01 -9.142788e+00
      vertex   3.125000e+01 5.576604e+01 -9.142788e+00
      vertex   2.750000e+01 5.586603e+01 -9.000000e+00
    endloop
  endfacet
  facet normal 3.258380e-10 -8.191520e-01 5.735764e-01
    outer loop
      vertex   2.750000e+01 5.576604e+01 -9.142788e+00
      vertex   2.750000e+01 5.586603e+01 -9.000000e+00
      vertex   2.375000e+01 5.586603e+01 -9.000000e+00
    endloop
  endfacet
  facet normal -6.067057e-11 -9.063078e-01 4.226183e-01
    outer loop
      vertex   2.375000e+01 5.586603e+01 -9.000000e+00
      vertex   2.750000e+01 5.586603e+01 -9.000000e+00
      vertex   2.375000e+01 5.593969e+01 -8.842020e+00
    endloop
  endfacet
  facet normal -6.066713e-11 -9.063078e-01 4.226183e-01
    outer loop
      vertex   2.375000e+01 5.586603e+01 -9.000000e+00
      vertex   2.375000e+01 5.593969e+01 -8.842020e+00
      vertex   2.000000e+01 5.593969e+01 -8.842020e+00
    endloop
  endfacet
  facet normal -4.453320e-10 -9.659258e-01 2.588190e-01
    outer loop
      vertex   2.000000e+01 5.593969e+01 -8.842020e+00
      vertex   2.375000e+01 5.593969e+01 -8.842020e+00
      vertex   2.000000e+01 5.598481e+01 -8.673648e+00
    endloop
  endfacet
  facet normal -4.453337e-10 -9.659258e-01 2.588190e-01
    outer loop
      vertex   2.000000e+01 5.593969e+01 -8.842020e+00
      vertex   2.000000e+01 5.598481e+01 -8.673648e+00
      vertex   1.625000e+01 5.598481e+01 -8.673648e+00
    endloop
  endfacet
  facet normal -8.164676e-10 -9.961947e-01 8.715574e-02
    outer loop
      vertex   1.625000e+01 5.598481e+01 -8.673648e+00
      vertex   2.000000e+01 5.598481e+01 -8.673648e+00
      vertex   1.625000e+01 5.600000e+01 -8.500000e+00
    endloop
  endfacet
  facet normal -8.164676e-10 -9.961947e-01 8.715574e-02
    outer loop
      vertex   1.625000e+01 5.598481e+01 -8.673648e+00
      vertex   1.625000e+01 5.600000e+01 -8.500000e+00
      vertex   1.250000e+01 5.600000e+01 -8.500000e+00
    endloop
  endfacet
  facet normal -1.162793e-09 -9.961947e-01 -8.715574e-02
    outer loop
      vertex   1.250000e+01 5.600000e+01 -8.500000e+00
      vertex   1.625000e+01 5.600000e+01 -8.500000e+00
      vertex   1.250000e+01 5.598481e+01 -8.326352e+00
    endloop
  endfacet
  facet normal -1.162791e-09 -9.961947e-01 -8.715574e-02
    outer loop
      vertex   1.250000e+01 5.600000e+01 -8.500000e+00
      vertex   1.250000e+01 5.598481e+01 -8.326352e+00
      vertex   8.750000e+00 5.598481e+01 -8.326352e+00
    endloop
  endfacet
  facet normal -1.473786e-09 -9.659258e-01 -2.588190e-01
    outer loop
      vertex   8.750000e+00 5.598481e+01 -8.326352e+00
      vertex   1.250000e+01 5.598481e+01 -8.326352e+00
      vertex   8.750000e+00 5.593969e+01 -8.157980e+00
    endloop
  endfacet
  facet normal -1.473790e-09 -9.659258e-01 -2.588190e-01
    outer loop
      vertex   8.750000e+00 5.598481e+01 -8.326352e+00
      vertex   8.750000e+00 5.593969e+01 -8.157980e+00
      vertex   5.000000e+00 5.593969e+01 -8.157980e+00
    endloop
  endfacet
  facet normal -1.740005e-09 -9.063078e-01 -4.226183e-01
    outer loop
      vertex   5.000000e+00 5.593969e+01 -8.157980e+00
      vertex   8.750000e+00 5.593969e+01 -8.157980e+00
      vertex   5.000000e+00 5.586603e+01 -8.000000e+00
    endloop
  endfacet
  facet normal -1.740001e-09 -9.063078e-01 -4.226183e-01
    outer loop
      vertex   5.000000e+00 5.593969e+01 -8.157980e+00
      vertex   5.000000e+00 5.586603e+01 -8.000000e+00
      vertex   1.250000e+00 5.586603e+01 -8.000000e+00
    endloop
  endfacet
  facet normal -1.953347e-09 -8.191520e-01 -5.735764e-01
    outer loop
      vertex   1.250000e+00 5.586603e+01 -8.000000e+00
      vertex   5.000000e+00 5.586603e+01 -8.000000e+00
      vertex   1.250000e+00 5.576604e+01 -7.857212e+00
    endloop
  endfacet
  facet normal -1.953350e-09 -8.191520e-01 -5.735764e-01
    outer loop
      vertex   1.250000e+00 5.586603e+01 -8.000000e+00
      vertex   1.250000e+00 5.576604e+01 -7.857212e+00
      vertex   -2.500000e+00 5.576604e+01 -7.857212e+00
    endloop
  endfacet
  facet normal -2.107344e-09 -7.071068e-01 -7.071068e-01
    outer loop
      vertex   -2.500000e+00 5.576604e+01 -7.857212e+00
      vertex   1.250000e+00 5.576604e+01 -7.857212e+00
      vertex   -2.500000e+00 5.564279e+01 -7.733956e+00
    endloop
  endfacet
  facet normal -2.107341e-09 -7.071068e-01 -7.071068e-01
    outer loop
      vertex   -2.500000e+00 5.576604e+01 -7.857212e+00
      vertex   -2.500000e+00 5.564279e+01 -7.733956e+00
      vertex   -6.250000e+00 5.564279e+01 -7.733956e+00
    endloop
  endfacet
  facet normal -2.197305e-09 -5.735764e-01 -8.191520e-01
    outer loop
      vertex   -6.250000e+00 5.564279e+01 -7.733956e+00
      vertex   -2.500000e+00 5.564279e+01 -7.733956e+00
      vertex   -6.250000e+00 5.550000e+01 -7.633975e+00
    endloop
  endfacet
  facet normal -2.197306e-09 -5.735764e-01 -8.191520e-01
    outer loop
      vertex   -6.250000e+00 5.564279e+01 -7.733956e+00
      vertex   -6.250000e+00 5.550000e+01 -7.633975e+00
      vertex   -1.000000e+01 5.550000e+01 -7.633975e+00
    endloop
  endfacet
  facet normal -2.220505e-09 -4.226183e-01 -9.063078e-01
    outer loop
      vertex   -1.000000e+01 5.550000e+01 -7.633975e+00
      vertex   -6.250000e+00 5.550000e+01 -7.633975e+00
      vertex   -1.000000e+01 5.534202e+01 -7.560307e+00
    endloop
  endfacet
  facet normal -2.220506e-09 -4.226183e-01 -9.063078e-01
    outer loop
      vertex   -1.000000e+01 5.550000e+01 -7.633975e+00
      vertex   -1.000000e+01 5.534202e+01 -7.560307e+00
      vertex   -1.375000e+01 5.534202e+01 -7.560307e+00
    endloop
  endfacet
  facet normal -2.176236e-09 -2.588190e-01 -9.659258e-01
    outer loop
      vertex   -1.375000e+01 5.534202e+01 -7.560307e+00
      vertex   -1.000000e+01 5.534202e+01 -7.560307e+00
      vertex   -1.375000e+01 5.517365e+01 -7.515192e+00
    endloop
  endfacet
  facet normal -2.176236e-09 -2.588190e-01 -9.659258e-01
    outer loop
      vertex   -1.375000e+01 5.534202e+01 -7.560307e+00
      vertex   -1.375000e+01 5.517365e+01 -7.515192e+00
      vertex   -1.750000e+01 5.517365e+01 -7.515192e+00
    endloop
  endfacet
  facet normal -2.065842e-09 -8.715574e-02 -9.961947e-01
    outer loop
      vertex   -1.750000e+01 5.517365e+01 -7.515192e+00
      vertex   -1.375000e+01 5.517365e+01 -7.515192e+00
      vertex   -2.500000e+01 5.500000e+01 -7.500000e+00
    endloop
  endfacet
  facet normal 1.380838e-09 -4.226183e-01 9.063078e-01
    outer loop
      vertex   3.875000e+01 5.550000e+01 -9.366026e+00
      vertex   4.250000e+01 5.534202e+01 -9.439693e+00
      vertex   4.250000e+01 5.550000e+01 -9.366026e+00
    endloop
  endfacet
  facet normal 1.380839e-09 -4.226183e-01 9.063078e-01
    outer loop
      vertex   3.500000e+01 5.534202e+01 -9.439693e+00
      vertex   3.125000e+01 5.550000e+01 -9.366026e+00
      vertex   3.125000e+01 5.534202e+01 -9.439693e+00
    endloop
  endfacet
  facet normal 1.380838e-09 -4.226183e-01 9.063078e-01
    outer loop
      vertex   3.125000e+01 5.534202e+01 -9.439693e+00
      vertex   3.125000e+01 5.550000e+01 -9.366026e+00
      vertex   2.750000e+01 5.550000e+01 -9.366025e+00
    endloop
  endfacet
  facet normal 1.380838e-09 -4.226183e-01 9.063078e-01
    outer loop
      vertex   3.125000e+01 5.534202e+01 -9.439693e+00
      vertex   2.750000e+01 5.550000e+01 -9.366025e+00
      vertex   2.750000e+01 5.534202e+01 -9.439693e+00
    endloop
  endfacet
  facet normal 1.380839e-09 -4.226183e-01 9.063078e-01
    outer loop
      vertex   2.750000e+01 5.534202e+01 -9.439693e+00
      vertex   2.750000e+01 5.550000e+01 -9.366025e+00
      vertex   2.375000e+01 5.550000e+01 -9.366025e+00
    endloop
  endfacet
  facet normal 1.380839e-09 -4.226183e-01 9.063078e-01
    outer loop
      vertex   2.375000e+01 5.534202e+01 -9.439693e+00
      vertex   2.000000e+01 5.550000e+01 -9.366025e+00
      vertex   2.000000e+01 5.534202e+01 -9.439693e+00
    endloop
  endfacet
  facet normal 1.380839e-09 -4.226183e-01 9.063078e-01
    outer loop
      vertex   2.000000e+01 5.534202e+01 -9.439693e+00
      vertex   2.000000e+01 5.550000e+01 -9.366025e+00
      vertex   1.625000e+01 5.550000e+01 -9.366025e+00
    endloop
  endfacet
  facet normal 1.380837e-09 -4.226183e-01 9.063078e-01
    outer loop
      vertex   2.000000e+01 5.534202e+01 -9.439693e+00
      vertex   1.625000e+01 5.550000e+01 -9.366025e+00
      vertex   1.625000e+01 5.534202e+01 -9.439693e+00
    endloop
  endfacet
  facet normal 1.380838e-09 -4.226183e-01 9.063078e-01
    outer loop
      vertex   1.625000e+01 5.534202e+01 -9.439693e+00
      vertex   1.625000e+01 5.550000e+01 -9.366025e+00
      vertex   1.250000e+01 5.550000e+01 -9.366025e+00
    endloop
  endfacet
  facet normal 1.380838e-09 -4.226183e-01 9.063078e-01
    outer loop
      vertex   1.250000e+01 5.534202e+01 -9.439693e+00
      vertex   8.750000e+00 5.550000e+01 -9.366025e+00
      vertex   8.750000e+00 5.534202e+01 -9.439693e+00
    endloop
  endfacet
  facet normal 1.380839e-09 -4.226183e-01 9.063078e-01
    outer loop
      vertex   8.750000e+00 5.534202e+01 -9.439693e+00
      vertex   8.750000e+00 5.550000e+01 -9.366025e+00
      vertex   5.000000e+00 5.550000e+01 -9.366025e+00
    endloop
  endfacet
  facet normal 1.380837e-09 -4.226183e-01 9.063078e-01
    outer loop
      vertex   8.750000e+00 5.534202e+01 -9.439693e+00
      vertex   5.000000e+00 5.550000e+01 -9.366025e+00
      vertex   5.000000e+00 5.534202e+01 -9.439693e+00
    endloop
  endfacet
  facet normal 1.380838e-09 -4.226183e-01 9.063078e-01
    outer loop
      vertex   5.000000e+00 5.534202e+01 -9.439693e+00
      vertex   5.000000e+00 5.550000e+01 -9.366025e+00
      vertex   1.250000e+00 5.550000e+01 -9.366025e+00
    endloop
  endfacet
  facet normal 1.380837e-09 -4.226183e-01 9.063078e-01
    outer loop
      vertex   1.250000e+00 5.534202e+01 -9.439693e+00
      vertex   -2.500000e+00 5.550000e+01 -9.366025e+00
      vertex   -2.500000e+00 5.534202e+01 -9.439693e+00
    endloop
  endfacet
  facet normal 1.380838e-09 -4.226183e-01 9.063078e-01
    outer loop
      vertex   -2.500000e+00 5.534202e+01 -9.439693e+00
      vertex   -2.500000e+00 5.550000e+01 -9.366025e+00
      vertex   -6.250000e+00 5.550000e+01 -9.366025e+00
    endloop
  endfacet
  facet normal 1.380839e-09 -4.226183e-01 9.063078e-01
    outer loop
      vertex   -2.500000e+00 5.534202e+01 -9.439693e+00
      vertex   -6.250000e+00 5.550000e+01 -9.366025e+00
      vertex   -6.250000e+00 5.534202e+01 -9.439693e+00
    endloop
  endfacet
  facet normal 1.380838e-09 -4.226183e-01 9.063078e-01
    outer loop
      vertex   -6.250000e+00 5.534202e+01 -9.439693e+00
      vertex   -6.250000e+00 5.550000e+01 -9.366025e+00
      vertex   -1.000000e+01 5.550000e+01 -9.366025e+00
    endloop
  endfacet
  facet normal 1.380837e-09 -4.226183e-01 9.063078e-01
    outer loop
      vertex   -1.000000e+01 5.534202e+01 -9.439693e+00
      vertex   -1.375000e+01 5.550000e+01 -9.366025e+00
      vertex   -1.375000e+01 5.534202e+01 -9.439693e+00
    endloop
  endfacet
  facet normal 1.380838e-09 -4.226183e-01 9.063078e-01
    outer loop
      vertex   -1.375000e+01 5.534202e+01 -9.439693e+00
      vertex   -1.375000e+01 5.550000e+01 -9.366025e+00
      vertex   -1.750000e+01 5.550000e+01 -9.366025e+00
    endloop
  endfacet
  facet normal 1.380839e-09 -4.226183e-01 9.063078e-01
    outer loop
      vertex   -1.375000e+01 5.534202e+01 -9.439693e+00
      vertex   -1.750000e+01 5.550000e+01 -9.366025e+00
      vertex   -1.750000e+01 5.534202e+01 -9.439693e+00
    endloop
  endfacet
  facet normal 1.380839e-09 -4.226183e-01 9.063078e-01
    outer loop
      vertex   -1.750000e+01 5.534202e+01 -9.439693e+00
      vertex   -1.750000e+01 5.550000e+01 -9.366025e+00
      vertex   -2.125000e+01 5.550000e+01 -9.366025e+00
    endloop
  endfacet
  facet normal 1.057712e-09 -5.735764e-01 8.191520e-01
    outer loop
      vertex   3.875000e+01 5.550000e+01 -9.366026e+00
      vertex   4.250000e+01 5.550000e+01 -9.366026e+00
      vertex   3.875000e+01 5.564279e+01 -9.266045e+00
    endloop
  endfacet
  facet normal 1.057713e-09 -5.735764e-01 8.191520e-01
    outer loop
      vertex   3.875000e+01 5.564279e+01 -9.266045e+00
      vertex   4.250000e+01 5.550000e+01 -9.366026e+00
      vertex   4.250000e+01 5.564279e+01 -9.266045e+00
    endloop
  endfacet
  facet normal 7.024488e-10 -7.071068e-01 7.071068e-01
    outer loop
      vertex   3.875000e+01 5.564279e+01 -9.266045e+00
      vertex   4.250000e+01 5.564279e+01 -9.266045e+00
      vertex   3.875000e+01 5.576604e+01 -9.142788e+00
    endloop
  endfacet
  facet normal 7.024485e-10 -7.071068e-01 7.071068e-01
    outer loop
      vertex   3.875000e+01 5.576604e+01 -9.142788e+00
      vertex   4.250000e+01 5.564279e+01 -9.266045e+00
      vertex   4.250000e+01 5.576604e+01 -9.142788e+00
    endloop
  endfacet
  facet normal 3.258408e-10 -8.191520e-01 5.735764e-01
    outer loop
      vertex   3.875000e+01 5.576604e+01 -9.142788e+00
      vertex   4.250000e+01 5.576604e+01 -9.142788e+00
      vertex   3.875000e+01 5.586603e+01 -9.000000e+00
    endloop
  endfacet
  facet normal 3.258411e-10 -8.191520e-01 5.735764e-01
    outer loop
      vertex   3.875000e+01 5.586603e+01 -9.000000e+00
      vertex   4.250000e+01 5.576604e+01 -9.142788e+00
      vertex   4.250000e+01 5.586603e+01 -9.000000e+00
    endloop
  endfacet
  facet normal -6.066713e-11 -9.063078e-01 4.226183e-01
    outer loop
      vertex   3.875000e+01 5.586603e+01 -9.000000e+00
      vertex   4.250000e+01 5.586603e+01 -9.000000e+00
      vertex   3.875000e+01 5.593969e+01 -8.842020e+00
    endloop
  endfacet
  facet normal -6.066713e-11 -9.063078e-01 4.226183e-01
    outer loop
      vertex   3.875000e+01 5.593969e+01 -8.842020e+00
      vertex   4.250000e+01 5.586603e+01 -9.000000e+00
      vertex   4.250000e+01 5.593969e+01 -8.842020e+00
    endloop
  endfacet
  facet normal -4.453320e-10 -9.659258e-01 2.588190e-01
    outer loop
      vertex   3.875000e+01 5.593969e+01 -8.842020e+00
      vertex   4.250000e+01 5.593969e+01 -8.842020e+00
      vertex   3.875000e+01 5.598481e+01 -8.673648e+00
    endloop
  endfacet
  facet normal -4.453340e-10 -9.659258e-01 2.588190e-01
    outer loop
      vertex   3.875000e+01 5.598481e+01 -8.673648e+00
      vertex   4.250000e+01 5.593969e+01 -8.842020e+00
      vertex   4.250000e+01 5.598481e+01 -8.673648e+00
    endloop
  endfacet
  facet normal -8.164677e-10 -9.961947e-01 8.715574e-02
    outer loop
      vertex   3.875000e+01 5.598481e+01 -8.673648e+00
      vertex   4.250000e+01 5.598481e+01 -8.673648e+00
      vertex   3.875000e+01 5.600000e+01 -8.500000e+00
    endloop
  endfacet
  facet normal -8.164676e-10 -9.961947e-01 8.715574e-02
    outer loop
      vertex   3.875000e+01 5.600000e+01 -8.500000e+00
      vertex   4.250000e+01 5.598481e+01 -8.673648e+00
      vertex   4.250000e+01 5.600000e+01 -8.500000e+00
    endloop
  endfacet
  facet normal -1.162793e-09 -9.961947e-01 -8.715574e-02
    outer loop
      vertex   3.875000e+01 5.600000e+01 -8.500000e+00
      vertex   4.250000e+01 5.600000e+01 -8.500000e+00
      vertex   3.875000e+01 5.598481e+01 -8.326352e+00
    endloop
  endfacet
  facet normal -1.162793e-09 -9.961947e-01 -8.715574e-02
    outer loop
      vertex   3.875000e+01 5.598481e+01 -8.326352e+00
      vertex   4.250000e+01 5.600000e+01 -8.500000e+00
      vertex   4.250000e+01 5.598481e+01 -8.326352e+00
    endloop
  endfacet
  facet normal -1.473788e-09 -9.659258e-01 -2.588190e-01
    outer loop
      vertex   3.875000e+01 5.598481e+01 -8.326352e+00
      vertex   4.250000e+01 5.598481e+01 -8.326352e+00
      vertex   3.875000e+01 5.593969e+01 -8.157980e+00
    endloop
  endfacet
  facet normal 1.057712e-09 -5.735764e-01 8.191520e-01
    outer loop
      vertex   3.125000e+01 5.550000e+01 -9.366026e+00
      vertex   2.750000e+01 5.564279e+01 -9.266045e+00
      vertex   2.750000e+01 5.550000e+01 -9.366025e+00
    endloop
  endfacet
  facet normal 1.057711e-09 -5.735764e-01 8.191520e-01
    outer loop
      vertex   2.750000e+01 5.550000e+01 -9.366025e+00
      vertex   2.750000e+01 5.564279e+01 -9.266045e+00
      vertex   2.375000e+01 5.564279e+01 -9.266045e+00
    endloop
  endfacet
  facet normal 1.057712e-09 -5.735764e-01 8.191520e-01
    outer loop
      vertex   2.750000e+01 5.550000e+01 -9.366025e+00
      vertex   2.375000e+01 5.564279e+01 -9.266045e+00
      vertex   2.375000e+01 5.550000e+01 -9.366025e+00
    endloop
  endfacet
  facet normal 1.057713e-09 -5.735764e-01 8.191520e-01
    outer loop
      vertex   2.375000e+01 5.550000e+01 -9.366025e+00
      vertex   2.375000e+01 5.564279e+01 -9.266045e+00
      vertex   2.000000e+01 5.564279e+01 -9.266045e+00
    endloop
  endfacet
  facet normal 1.057712e-09 -5.735764e-01 8.191520e-01
    outer loop
      vertex   2.000000e+01 5.550000e+01 -9.366025e+00
      vertex   1.625000e+01 5.564279e+01 -9.266045e+00
      vertex   1.625000e+01 5.550000e+01 -9.366025e+00
    endloop
  endfacet
  facet normal 1.057713e-09 -5.735764e-01 8.191520e-01
    outer loop
      vertex   1.625000e+01 5.550000e+01 -9.366025e+00
      vertex   1.625000e+01 5.564279e+01 -9.266045e+00
      vertex   1.250000e+01 5.564279e+01 -9.266045e+00
    endloop
  endfacet
  facet normal 1.057712e-09 -5.735764e-01 8.191520e-01
    outer loop
      vertex   1.625000e+01 5.550000e+01 -9.366025e+00
      vertex   1.250000e+01 5.564279e+01 -9.266045e+00
      vertex   1.250000e+01 5.550000e+01 -9.366025e+00
    endloop
  endfacet
  facet normal 1.057712e-09 -5.735764e-01 8.191520e-01
    outer loop
      vertex   1.250000e+01 5.550000e+01 -9.366025e+00
      vertex   1.250000e+01 5.564279e+01 -9.266045e+00
      vertex   8.750000e+00 5.564279e+01 -9.266044e+00
    endloop
  endfacet
  facet normal 1.057712e-09 -5.735764e-01 8.191520e-01
    outer loop
      vertex   8.750000e+00 5.550000e+01 -9.366025e+00
      vertex   5.000000e+00 5.564279e+01 -9.266044e+00
      vertex   5.000000e+00 5.550000e+01 -9.366025e+00
    endloop
  endfacet
  facet normal 1.057713e-09 -5.735764e-01 8.191520e-01
    outer loop
      vertex   5.000000e+00 5.550000e+01 -9.366025e+00
      vertex   5.000000e+00 5.564279e+01 -9.266044e+00
      vertex   1.250000e+00 5.564279e+01 -9.266044e+00
    endloop
  endfacet
  facet normal 1.057712e-09 -5.735764e-01 8.191520e-01
    outer loop
      vertex   5.000000e+00 5.550000e+01 -9.366025e+00
      vertex   1.250000e+00 5.564279e+01 -9.266044e+00
      vertex   1.250000e+00 5.550000e+01 -9.366025e+00
    endloop
  endfacet
  facet normal 1.057711e-09 -5.735764e-01 8.191520e-01
    outer loop
      vertex   1.250000e+00 5.550000e+01 -9.366025e+00
      vertex   1.250000e+00 5.564279e+01 -9.266044e+00
      vertex   -2.500000e+00 5.564279e+01 -9.266044e+00
    endloop
  endfacet
  facet normal 1.057712e-09 -5.735764e-01 8.191520e-01
    outer loop
      vertex   -2.500000e+00 5.550000e+01 -9.366025e+00
      vertex   -6.250000e+00 5.564279e+01 -9.266044e+00
      vertex   -6.250000e+00 5.550000e+01 -9.366025e+00
    endloop
  endfacet
  facet normal 1.057712e-09 -5.735764e-01 8.191520e-01
    outer loop
      vertex   -6.250000e+00 5.550000e+01 -9.366025e+00
      vertex   -6.250000e+00 5.564279e+01 -9.266044e+00
      vertex   -1.000000e+01 5.564279e+01 -9.266044e+00
    endloop
  endfacet
  facet normal 1.057712e-09 -5.735764e-01 8.191520e-01
    outer loop
      vertex   -6.250000e+00 5.550000e+01 -9.366025e+00
      vertex   -1.000000e+01 5.564279e+01 -9.266044e+00
      vertex   -1.000000e+01 5.550000e+01 -9.366025e+00
    endloop
  endfacet
  facet normal 1.057711e-09 -5.735764e-01 8.191520e-01
    outer loop
      vertex   -1.000000e+01 5.550000e+01 -9.366025e+00
      vertex   -1.000000e+01 5.564279e+01 -9.266044e+00
      vertex   -1.375000e+01 5.564279e+01 -9.266044e+00
    endloop
  endfacet
  facet normal 1.057712e-09 -5.735764e-01 8.191520e-01
    outer loop
      vertex   -2.125000e+01 5.564279e+01 -9.266044e+00
      vertex   -2.125000e+01 5.550000e+01 -9.366025e+00
      vertex   -1.750000e+01 5.550000e+01 -9.366025e+00
    endloop
  endfacet
  facet normal 1.057711e-09 -5.735764e-01 8.191520e-01
    outer loop
      vertex   -2.125000e+01 5.564279e+01 -9.266044e+00
      vertex   -1.750000e+01 5.550000e+01 -9.366025e+00
      vertex   -1.750000e+01 5.564279e+01 -9.266044e+00
    endloop
  endfacet
  facet normal 1.057712e-09 -5.735764e-01 8.191520e-01
    outer loop
      vertex   -1.750000e+01 5.564279e+01 -9.266044e+00
      vertex   -1.750000e+01 5.550000e+01 -9.366025e+00
      vertex   -1.375000e+01 5.550000e+01 -9.366025e+00
    endloop
  endfacet
  facet normal 1.057711e-09 -5.735764e-01 8.191520e-01
    outer loop
      vertex   3.875000e+01 5.550000e+01 -9.366026e+00
      vertex   3.875000e+01 5.564279e+01 -9.266045e+00
      vertex   3.500000e+01 5.564279e+01 -9.266045e+00
    endloop
  endfacet
  facet normal 7.024461e-10 -7.071068e-01 7.071068e-01
    outer loop
      vertex   3.500000e+01 5.564279e+01 -9.266045e+00
      vertex   3.875000e+01 5.564279e+01 -9.266045e+00
      vertex   3.500000e+01 5.576604e+01 -9.142788e+00
    endloop
  endfacet
  facet normal 7.024485e-10 -7.071068e-01 7.071068e-01
    outer loop
      vertex   3.500000e+01 5.564279e+01 -9.266045e+00
      vertex   3.500000e+01 5.576604e+01 -9.142788e+00
      vertex   3.125000e+01 5.576604e+01 -9.142788e+00
    endloop
  endfacet
  facet normal 3.258408e-10 -8.191520e-01 5.735764e-01
    outer loop
      vertex   3.125000e+01 5.576604e+01 -9.142788e+00
      vertex   3.500000e+01 5.576604e+01 -9.142788e+00
      vertex   3.125000e+01 5.586603e+01 -9.000000e+00
    endloop
  endfacet
  facet normal 3.258411e-10 -8.191520e-01 5.735764e-01
    outer loop
      vertex   3.125000e+01 5.576604e+01 -9.142788e+00
      vertex   3.125000e+01 5.586603e+01 -9.000000e+00
      vertex   2.750000e+01 5.586603e+01 -9.000000e+00
    endloop
  endfacet
  facet normal -6.066713e-11 -9.063078e-01 4.226183e-01
    outer loop
      vertex   2.750000e+01 5.586603e+01 -9.000000e+00
      vertex   3.125000e+01 5.586603e+01 -9.000000e+00
      vertex   2.750000e+01 5.593969e+01 -8.842020e+00
    endloop
  endfacet
  facet normal -6.067057e-11 -9.063078e-01 4.226183e-01
    outer loop
      vertex   2.750000e+01 5.586603e+01 -9.000000e+00
      vertex   2.750000e+01 5.593969e+01 -8.842020e+00
      vertex   2.375000e+01 5.593969e+01 -8.842020e+00
    endloop
  endfacet
  facet normal -4.453357e-10 -9.659258e-01 2.588190e-01
    outer loop
      vertex   2.375000e+01 5.593969e+01 -8.842020e+00
      vertex   2.750000e+01 5.593969e+01 -8.842020e+00
      vertex   2.375000e+01 5.598481e+01 -8.673648e+00
    endloop
  endfacet
  facet normal -4.453340e-10 -9.659258e-01 2.588190e-01
    outer loop
      vertex   2.375000e+01 5.593969e+01 -8.842020e+00
      vertex   2.375000e+01 5.598481e+01 -8.673648e+00
      vertex   2.000000e+01 5.598481e+01 -8.673648e+00
    endloop
  endfacet
  facet normal -8.164677e-10 -9.961947e-01 8.715574e-02
    outer loop
      vertex   2.000000e+01 5.598481e+01 -8.673648e+00
      vertex   2.375000e+01 5.598481e+01 -8.673648e+00
      vertex   2.000000e+01 5.600000e+01 -8.500000e+00
    endloop
  endfacet
  facet normal -8.164676e-10 -9.961947e-01 8.715574e-02
    outer loop
      vertex   2.000000e+01 5.598481e+01 -8.673648e+00
      vertex   2.000000e+01 5.600000e+01 -8.500000e+00
      vertex   1.625000e+01 5.600000e+01 -8.500000e+00
    endloop
  endfacet
  facet normal -1.162793e-09 -9.961947e-01 -8.715574e-02
    outer loop
      vertex   1.625000e+01 5.600000e+01 -8.500000e+00
      vertex   2.000000e+01 5.600000e+01 -8.500000e+00
      vertex   1.625000e+01 5.598481e+01 -8.326352e+00
    endloop
  endfacet
  facet normal -1.162793e-09 -9.961947e-01 -8.715574e-02
    outer loop
      vertex   1.625000e+01 5.600000e+01 -8.500000e+00
      vertex   1.625000e+01 5.598481e+01 -8.326352e+00
      vertex   1.250000e+01 5.598481e+01 -8.326352e+00
    endloop
  endfacet
  facet normal -1.473788e-09 -9.659258e-01 -2.588190e-01
    outer loop
      vertex   1.250000e+01 5.598481e+01 -8.326352e+00
      vertex   1.625000e+01 5.598481e+01 -8.326352e+00
      vertex   1.250000e+01 5.593969e+01 -8.157980e+00
    endloop
  endfacet
  facet normal -1.473788e-09 -9.659258e-01 -2.588190e-01
    outer loop
      vertex   1.250000e+01 5.598481e+01 -8.326352e+00
      vertex   1.250000e+01 5.593969e+01 -8.157980e+00
      vertex   8.750000e+00 5.593969e+01 -8.157980e+00
    endloop
  endfacet
  facet normal -1.740003e-09 -9.063078e-01 -4.226183e-01
    outer loop
      vertex   8.750000e+00 5.593969e+01 -8.157980e+00
      vertex   1.250000e+01 5.593969e+01 -8.157980e+00
      vertex   8.750000e+00 5.586603e+01 -8.000000e+00
    endloop
  endfacet
  facet normal -1.740005e-09 -9.063078e-01 -4.226183e-01
    outer loop
      vertex   8.750000e+00 5.593969e+01 -8.157980e+00
      vertex   8.750000e+00 5.586603e+01 -8.000000e+00
      vertex   5.000000e+00 5.586603e+01 -8.000000e+00
    endloop
  endfacet
  facet normal -1.953350e-09 -8.191520e-01 -5.735764e-01
    outer loop
      vertex   5.000000e+00 5.586603e+01 -8.000000e+00
      vertex   8.750000e+00 5.586603e+01 -8.000000e+00
      vertex   5.000000e+00 5.576604e+01 -7.857212e+00
    endloop
  endfacet
  facet normal -1.953347e-09 -8.191520e-01 -5.735764e-01
    outer loop
      vertex   5.000000e+00 5.586603e+01 -8.000000e+00
      vertex   5.000000e+00 5.576604e+01 -7.857212e+00
      vertex   1.250000e+00 5.576604e+01 -7.857212e+00
    endloop
  endfacet
  facet normal -2.107341e-09 -7.071068e-01 -7.071068e-01
    outer loop
      vertex   1.250000e+00 5.576604e+01 -7.857212e+00
      vertex   5.000000e+00 5.576604e+01 -7.857212e+00
      vertex   1.250000e+00 5.564279e+01 -7.733956e+00
    endloop
  endfacet
  facet normal -2.107344e-09 -7.071068e-01 -7.071068e-01
    outer loop
      vertex   1.250000e+00 5.576604e+01 -7.857212e+00
      vertex   1.250000e+00 5.564279e+01 -7.733956e+00
      vertex   -2.500000e+00 5.564279e+01 -7.733956e+00
    endloop
  endfacet
  facet normal -2.197307e-09 -5.735764e-01 -8.191520e-01
    outer loop
      vertex   -2.500000e+00 5.564279e+01 -7.733956e+00
      vertex   1.250000e+00 5.564279e+01 -7.733956e+00
      vertex   -2.500000e+00 5.550000e+01 -7.633975e+00
    endloop
  endfacet
  facet normal -2.197306e-09 -5.735764e-01 -8.191520e-01
    outer loop
      vertex   -2.500000e+00 5.564279e+01 -7.733956e+00
      vertex   -2.500000e+00 5.550000e+01 -7.633975e+00
      vertex   -6.250000e+00 5.550000e+01 -7.633975e+00
    endloop
  endfacet
  facet normal -2.220505e-09 -4.226183e-01 -9.063078e-01
    outer loop
      vertex   -6.250000e+00 5.550000e+01 -7.633975e+00
      vertex   -2.500000e+00 5.550000e+01 -7.633975e+00
      vertex   -6.250000e+00 5.534202e+01 -7.560307e+00
    endloop
  endfacet
  facet normal -2.220505e-09 -4.226183e-01 -9.063078e-01
    outer loop
      vertex   -6.250000e+00 5.550000e+01 -7.633975e+00
      vertex   -6.250000e+00 5.534202e+01 -7.560307e+00
      vertex   -1.000000e+01 5.534202e+01 -7.560307e+00
    endloop
  endfacet
  facet normal -2.176236e-09 -2.588190e-01 -9.659258e-01
    outer loop
      vertex   -1.000000e+01 5.534202e+01 -7.560307e+00
      vertex   -6.250000e+00 5.534202e+01 -7.560307e+00
      vertex   -1.000000e+01 5.517365e+01 -7.515192e+00
    endloop
  endfacet
  facet normal -2.176236e-09 -2.588190e-01 -9.659258e-01
    outer loop
      vertex   -1.000000e+01 5.534202e+01 -7.560307e+00
      vertex   -1.000000e+01 5.517365e+01 -7.515192e+00
      vertex   -1.375000e+01 5.517365e+01 -7.515192e+00
    endloop
  endfacet
  facet normal -2.065843e-09 -8.715574e-02 -9.961947e-01
    outer loop
      vertex   -1.375000e+01 5.517365e+01 -7.515192e+00
      vertex   -1.000000e+01 5.517365e+01 -7.515192e+00
      vertex   -2.500000e+01 5.500000e+01 -7.500000e+00
    endloop
  endfacet
  facet normal 7.024465e-10 -7.071068e-01 7.071068e-01
    outer loop
      vertex   3.500000e+01 5.576604e+01 -9.142788e+00
      vertex   3.875000e+01 5.564279e+01 -9.266045e+00
      vertex   3.875000e+01 5.576604e+01 -9.142788e+00
    endloop
  endfacet
  facet normal 7.024465e-10 -7.071068e-01 7.071068e-01
    outer loop
      vertex   2.750000e+01 5.564279e+01 -9.266045e+00
      vertex   2.375000e+01 5.576604e+01 -9.142788e+00
      vertex   2.375000e+01 5.564279e+01 -9.266045e+00
    endloop
  endfacet
  facet normal 7.024485e-10 -7.071068e-01 7.071068e-01
    outer loop
      vertex   2.375000e+01 5.564279e+01 -9.266045e+00
      vertex   2.375000e+01 5.576604e+01 -9.142788e+00
      vertex   2.000000e+01 5.576604e+01 -9.142788e+00
    endloop
  endfacet
  facet normal 7.024488e-10 -7.071068e-01 7.071068e-01
    outer loop
      vertex   2.375000e+01 5.564279e+01 -9.266045e+00
      vertex   2.000000e+01 5.576604e+01 -9.142788e+00
      vertex   2.000000e+01 5.564279e+01 -9.266045e+00
    endloop
  endfacet
  facet normal 7.024465e-10 -7.071068e-01 7.071068e-01
    outer loop
      vertex   2.000000e+01 5.564279e+01 -9.266045e+00
      vertex   2.000000e+01 5.576604e+01 -9.142788e+00
      vertex   1.625000e+01 5.576604e+01 -9.142788e+00
    endloop
  endfacet
  facet normal 7.024488e-10 -7.071068e-01 7.071068e-01
    outer loop
      vertex   1.625000e+01 5.564279e+01 -9.266045e+00
      vertex   1.250000e+01 5.576604e+01 -9.142788e+00
      vertex   1.250000e+01 5.564279e+01 -9.266045e+00
    endloop
  endfacet
  facet normal 7.024475e-10 -7.071068e-01 7.071068e-01
    outer loop
      vertex   1.250000e+01 5.564279e+01 -9.266045e+00
      vertex   1.250000e+01 5.576604e+01 -9.142788e+00
      vertex   8.750000e+00 5.576604e+01 -9.142788e+00
    endloop
  endfacet
  facet normal 7.024471e-10 -7.071068e-01 7.071068e-01
    outer loop
      vertex   1.250000e+01 5.564279e+01 -9.266045e+00
      vertex   8.750000e+00 5.576604e+01 -9.142788e+00
      vertex   8.750000e+00 5.564279e+01 -9.266044e+00
    endloop
  endfacet
  facet normal 7.024465e-10 -7.071068e-01 7.071068e-01
    outer loop
      vertex   8.750000e+00 5.564279e+01 -9.266044e+00
      vertex   8.750000e+00 5.576604e+01 -9.142788e+00
      vertex   5.000000e+00 5.576604e+01 -9.142788e+00
    endloop
  endfacet
  facet normal 7.024488e-10 -7.071068e-01 7.071068e-01
    outer loop
      vertex   5.000000e+00 5.564279e+01 -9.266044e+00
      vertex   1.250000e+00 5.576604e+01 -9.142788e+00
      vertex   1.250000e+00 5.564279e+01 -9.266044e+00
    endloop
  endfacet
  facet normal 7.024465e-10 -7.071068e-01 7.071068e-01
    outer loop
      vertex   1.250000e+00 5.564279e+01 -9.266044e+00
      vertex   1.250000e+00 5.576604e+01 -9.142788e+00
      vertex   -2.500000e+00 5.576604e+01 -9.142788e+00
    endloop
  endfacet
  facet normal 7.024461e-10 -7.071068e-01 7.071068e-01
    outer loop
      vertex   1.250000e+00 5.564279e+01 -9.266044e+00
      vertex   -2.500000e+00 5.576604e+01 -9.142788e+00
      vertex   -2.500000e+00 5.564279e+01 -9.266044e+00
    endloop
  endfacet
  facet normal 7.024485e-10 -7.071068e-01 7.071068e-01
    outer loop
      vertex   -2.500000e+00 5.564279e+01 -9.266044e+00
      vertex   -2.500000e+00 5.576604e+01 -9.142788e+00
      vertex   -6.250000e+00 5.576604e+01 -9.142788e+00
    endloop
  endfacet
  facet normal 7.024471e-10 -7.071068e-01 7.071068e-01
    outer loop
      vertex   -6.250000e+00 5.564279e+01 -9.266044e+00
      vertex   -1.000000e+01 5.576604e+01 -9.142788e+00
      vertex   -1.000000e+01 5.564279e+01 -9.266044e+00
    endloop
  endfacet
  facet normal 7.024465e-10 -7.071068e-01 7.071068e-01
    outer loop
      vertex   -1.000000e+01 5.564279e+01 -9.266044e+00
      vertex   -1.000000e+01 5.576604e+01 -9.142788e+00
      vertex   -1.375000e+01 5.576604e+01 -9.142788e+00
    endloop
  endfacet
  facet normal 7.024465e-10 -7.071068e-01 7.071068e-01
    outer loop
      vertex   -1.000000e+01 5.564279e+01 -9.266044e+00
      vertex   -1.375000e+01 5.576604e+01 -9.142788e+00
      vertex   -1.375000e+01 5.564279e+01 -9.266044e+00
    endloop
  endfacet
  facet normal 7.024485e-10 -7.071068e-01 7.071068e-01
    outer loop
      vertex   -1.375000e+01 5.564279e+01 -9.266044e+00
      vertex   -1.375000e+01 5.576604e+01 -9.142788e+00
      vertex   -1.750000e+01 5.576604e+01 -9.142788e+00
    endloop
  endfacet
  facet normal 7.024461e-10 -7.071068e-01 7.071068e-01
    outer loop
      vertex   -2.125000e+01 5.576604e+01 -9.142788e+00
      vertex   -2.125000e+01 5.564279e+01 -9.266044e+00
      vertex   -1.750000e+01 5.564279e+01 -9.266044e+00
    endloop
  endfacet
  facet normal 3.258383e-10 -8.191520e-01 5.735764e-01
    outer loop
      vertex   3.500000e+01 5.576604e+01 -9.142788e+00
      vertex   3.875000e+01 5.576604e+01 -9.142788e+00
      vertex   3.500000e+01 5.586603e+01 -9.000000e+00
    endloop
  endfacet
  facet normal 3.258380e-10 -8.191520e-01 5.735764e-01
    outer loop
      vertex   3.500000e+01 5.586603e+01 -9.000000e+00
      vertex   3.875000e+01 5.576604e+01 -9.142788e+00
      vertex   3.875000e+01 5.586603e+01 -9.000000e+00
    endloop
  endfacet
  facet normal -6.067057e-11 -9.063078e-01 4.226183e-01
    outer loop
      vertex   3.500000e+01 5.586603e+01 -9.000000e+00
      vertex   3.875000e+01 5.586603e+01 -9.000000e+00
      vertex   3.500000e+01 5.593969e+01 -8.842020e+00
    endloop
  endfacet
  facet normal -6.067037e-11 -9.063078e-01 4.226183e-01
    outer loop
      vertex   3.500000e+01 5.593969e+01 -8.842020e+00
      vertex   3.875000e+01 5.586603e+01 -9.000000e+00
      vertex   3.875000e+01 5.593969e+01 -8.842020e+00
    endloop
  endfacet
  facet normal -4.453356e-10 -9.659258e-01 2.588190e-01
    outer loop
      vertex   3.500000e+01 5.593969e+01 -8.842020e+00
      vertex   3.875000e+01 5.593969e+01 -8.842020e+00
      vertex   3.500000e+01 5.598481e+01 -8.673648e+00
    endloop
  endfacet
  facet normal -4.453337e-10 -9.659258e-01 2.588190e-01
    outer loop
      vertex   3.500000e+01 5.598481e+01 -8.673648e+00
      vertex   3.875000e+01 5.593969e+01 -8.842020e+00
      vertex   3.875000e+01 5.598481e+01 -8.673648e+00
    endloop
  endfacet
  facet normal -8.164676e-10 -9.961947e-01 8.715574e-02
    outer loop
      vertex   3.500000e+01 5.598481e+01 -8.673648e+00
      vertex   3.875000e+01 5.598481e+01 -8.673648e+00
      vertex   3.500000e+01 5.600000e+01 -8.500000e+00
    endloop
  endfacet
  facet normal -8.164676e-10 -9.961947e-01 8.715574e-02
    outer loop
      vertex   3.500000e+01 5.600000e+01 -8.500000e+00
      vertex   3.875000e+01 5.598481e+01 -8.673648e+00
      vertex   3.875000e+01 5.600000e+01 -8.500000e+00
    endloop
  endfacet
  facet normal -1.162793e-09 -9.961947e-01 -8.715574e-02
    outer loop
      vertex   3.500000e+01 5.600000e+01 -8.500000e+00
      vertex   3.875000e+01 5.600000e+01 -8.500000e+00
      vertex   3.500000e+01 5.598481e+01 -8.326352e+00
    endloop
  endfacet
  facet normal -1.162793e-09 -9.961947e-01 -8.715574e-02
    outer loop
      vertex   3.500000e+01 5.598481e+01 -8.326352e+00
      vertex   3.875000e+01 5.600000e+01 -8.500000e+00
      vertex   3.875000e+01 5.598481e+01 -8.326352e+00
    endloop
  endfacet
  facet normal -1.473788e-09 -9.659258e-01 -2.588190e-01
    outer loop
      vertex   3.500000e+01 5.598481e+01 -8.326352e+00
      vertex   3.875000e+01 5.598481e+01 -8.326352e+00
      vertex   3.500000e+01 5.593969e+01 -8.157980e+00
    endloop
  endfacet
  facet normal -1.473790e-09 -9.659258e-01 -2.588190e-01
    outer loop
      vertex   3.500000e+01 5.593969e+01 -8.157980e+00
      vertex   3.875000e+01 5.598481e+01 -8.326352e+00
      vertex   3.875000e+01 5.593969e+01 -8.157980e+00
    endloop
  endfacet
  facet normal -1.740005e-09 -9.063078e-01 -4.226183e-01
    outer loop
      vertex   3.500000e+01 5.593969e+01 -8.157980e+00
      vertex   3.875000e+01 5.593969e+01 -8.157980e+00
      vertex   3.500000e+01 5.586603e+01 -8.000000e+00
    endloop
  endfacet
  facet normal 3.258408e-10 -8.191520e-01 5.735764e-01
    outer loop
      vertex   2.375000e+01 5.576604e+01 -9.142788e+00
      vertex   2.000000e+01 5.586603e+01 -9.000000e+00
      vertex   2.000000e+01 5.576604e+01 -9.142788e+00
    endloop
  endfacet
  facet normal 3.258380e-10 -8.191520e-01 5.735764e-01
    outer loop
      vertex   2.000000e+01 5.576604e+01 -9.142788e+00
      vertex   2.000000e+01 5.586603e+01 -9.000000e+00
      vertex   1.625000e+01 5.586603e+01 -9.000000e+00
    endloop
  endfacet
  facet normal 3.258383e-10 -8.191520e-01 5.735764e-01
    outer loop
      vertex   2.000000e+01 5.576604e+01 -9.142788e+00
      vertex   1.625000e+01 5.586603e+01 -9.000000e+00
      vertex   1.625000e+01 5.576604e+01 -9.142788e+00
    endloop
  endfacet
  facet normal 3.258395e-10 -8.191520e-01 5.735764e-01
    outer loop
      vertex   1.625000e+01 5.576604e+01 -9.142788e+00
      vertex   1.625000e+01 5.586603e+01 -9.000000e+00
      vertex   1.250000e+01 5.586603e+01 -9.000000e+00
    endloop
  endfacet
  facet normal 3.258395e-10 -8.191520e-01 5.735764e-01
    outer loop
      vertex   1.250000e+01 5.576604e+01 -9.142788e+00
      vertex   8.750000e+00 5.586603e+01 -9.000000e+00
      vertex   8.750000e+00 5.576604e+01 -9.142788e+00
    endloop
  endfacet
  facet normal 3.258380e-10 -8.191520e-01 5.735764e-01
    outer loop
      vertex   8.750000e+00 5.576604e+01 -9.142788e+00
      vertex   8.750000e+00 5.586603e+01 -9.000000e+00
      vertex   5.000000e+00 5.586603e+01 -9.000000e+00
    endloop
  endfacet
  facet normal 3.258383e-10 -8.191520e-01 5.735764e-01
    outer loop
      vertex   8.750000e+00 5.576604e+01 -9.142788e+00
      vertex   5.000000e+00 5.586603e+01 -9.000000e+00
      vertex   5.000000e+00 5.576604e+01 -9.142788e+00
    endloop
  endfacet
  facet normal 3.258411e-10 -8.191520e-01 5.735764e-01
    outer loop
      vertex   5.000000e+00 5.576604e+01 -9.142788e+00
      vertex   5.000000e+00 5.586603e+01 -9.000000e+00
      vertex   1.250000e+00 5.586603e+01 -9.000000e+00
    endloop
  endfacet
  facet normal 3.258383e-10 -8.191520e-01 5.735764e-01
    outer loop
      vertex   1.250000e+00 5.576604e+01 -9.142788e+00
      vertex   -2.500000e+00 5.586603e+01 -9.000000e+00
      vertex   -2.500000e+00 5.576604e+01 -9.142788e+00
    endloop
  endfacet
  facet normal 3.258395e-10 -8.191520e-01 5.735764e-01
    outer loop
      vertex   -2.500000e+00 5.576604e+01 -9.142788e+00
      vertex   -2.500000e+00 5.586603e+01 -9.000000e+00
      vertex   -6.250000e+00 5.586603e+01 -9.000000e+00
    endloop
  endfacet
  facet normal 3.258408e-10 -8.191520e-01 5.735764e-01
    outer loop
      vertex   -2.500000e+00 5.576604e+01 -9.142788e+00
      vertex   -6.250000e+00 5.586603e+01 -9.000000e+00
      vertex   -6.250000e+00 5.576604e+01 -9.142788e+00
    endloop
  endfacet
  facet normal 3.258411e-10 -8.191520e-01 5.735764e-01
    outer loop
      vertex   -6.250000e+00 5.576604e+01 -9.142788e+00
      vertex   -6.250000e+00 5.586603e+01 -9.000000e+00
      vertex   -1.000000e+01 5.586603e+01 -9.000000e+00
    endloop
  endfacet
  facet normal 3.258383e-10 -8.191520e-01 5.735764e-01
    outer loop
      vertex   -1.000000e+01 5.576604e+01 -9.142788e+00
      vertex   -1.375000e+01 5.586603e+01 -9.000000e+00
      vertex   -1.375000e+01 5.576604e+01 -9.142788e+00
    endloop
  endfacet
  facet normal 3.258411e-10 -8.191520e-01 5.735764e-01
    outer loop
      vertex   -1.375000e+01 5.576604e+01 -9.142788e+00
      vertex   -1.375000e+01 5.586603e+01 -9.000000e+00
      vertex   -1.750000e+01 5.586603e+01 -9.000000e+00
    endloop
  endfacet
  facet normal 3.258408e-10 -8.191520e-01 5.735764e-01
    outer loop
      vertex   -1.375000e+01 5.576604e+01 -9.142788e+00
      vertex   -1.750000e+01 5.586603e+01 -9.000000e+00
      vertex   -1.750000e+01 5.576604e+01 -9.142788e+00
    endloop
  endfacet
  facet normal 3.258380e-10 -8.191520e-01 5.735764e-01
    outer loop
      vertex   -1.750000e+01 5.576604e+01 -9.142788e+00
      vertex   -1.750000e+01 5.586603e+01 -9.000000e+00
      vertex   -2.125000e+01 5.586603e+01 -9.000000e+00
    endloop
  endfacet
  facet normal 3.258395e-10 -8.191520e-01 5.735764e-01
    outer loop
      vertex   3.500000e+01 5.576604e+01 -9.142788e+00
      vertex   3.500000e+01 5.586603e+01 -9.000000e+00
      vertex   3.125000e+01 5.586603e+01 -9.000000e+00
    endloop
  endfacet
  facet normal -6.066885e-11 -9.063078e-01 4.226183e-01
    outer loop
      vertex   3.125000e+01 5.586603e+01 -9.000000e+00
      vertex   3.500000e+01 5.586603e+01 -9.000000e+00
      vertex   3.125000e+01 5.593969e+01 -8.842020e+00
    endloop
  endfacet
  facet normal -6.066885e-11 -9.063078e-01 4.226183e-01
    outer loop
      vertex   3.125000e+01 5.586603e+01 -9.000000e+00
      vertex   3.125000e+01 5.593969e+01 -8.842020e+00
      vertex   2.750000e+01 5.593969e+01 -8.842020e+00
    endloop
  endfacet
  facet normal -4.453339e-10 -9.659258e-01 2.588190e-01
    outer loop
      vertex   2.750000e+01 5.593969e+01 -8.842020e+00
      vertex   3.125000e+01 5.593969e+01 -8.842020e+00
      vertex   2.750000e+01 5.598481e+01 -8.673648e+00
    endloop
  endfacet
  facet normal -4.453356e-10 -9.659258e-01 2.588190e-01
    outer loop
      vertex   2.750000e+01 5.593969e+01 -8.842020e+00
      vertex   2.750000e+01 5.598481e+01 -8.673648e+00
      vertex   2.375000e+01 5.598481e+01 -8.673648e+00
    endloop
  endfacet
  facet normal -8.164695e-10 -9.961947e-01 8.715574e-02
    outer loop
      vertex   2.375000e+01 5.598481e+01 -8.673648e+00
      vertex   2.750000e+01 5.598481e+01 -8.673648e+00
      vertex   2.375000e+01 5.600000e+01 -8.500000e+00
    endloop
  endfacet
  facet normal -8.164676e-10 -9.961947e-01 8.715574e-02
    outer loop
      vertex   2.375000e+01 5.598481e+01 -8.673648e+00
      vertex   2.375000e+01 5.600000e+01 -8.500000e+00
      vertex   2.000000e+01 5.600000e+01 -8.500000e+00
    endloop
  endfacet
  facet normal -1.162793e-09 -9.961947e-01 -8.715574e-02
    outer loop
      vertex   2.000000e+01 5.600000e+01 -8.500000e+00
      vertex   2.375000e+01 5.600000e+01 -8.500000e+00
      vertex   2.000000e+01 5.598481e+01 -8.326352e+00
    endloop
  endfacet
  facet normal -1.162793e-09 -9.961947e-01 -8.715574e-02
    outer loop
      vertex   2.000000e+01 5.600000e+01 -8.500000e+00
      vertex   2.000000e+01 5.598481e+01 -8.326352e+00
      vertex   1.625000e+01 5.598481e+01 -8.326352e+00
    endloop
  endfacet
  facet normal -1.473788e-09 -9.659258e-01 -2.588190e-01
    outer loop
      vertex   1.625000e+01 5.598481e+01 -8.326352e+00
      vertex   2.000000e+01 5.598481e+01 -8.326352e+00
      vertex   1.625000e+01 5.593969e+01 -8.157980e+00
    endloop
  endfacet
  facet normal -1.473787e-09 -9.659258e-01 -2.588190e-01
    outer loop
      vertex   1.625000e+01 5.598481e+01 -8.326352e+00
      vertex   1.625000e+01 5.593969e+01 -8.157980e+00
      vertex   1.250000e+01 5.593969e+01 -8.157980e+00
    endloop
  endfacet
  facet normal -1.740001e-09 -9.063078e-01 -4.226183e-01
    outer loop
      vertex   1.250000e+01 5.593969e+01 -8.157980e+00
      vertex   1.625000e+01 5.593969e+01 -8.157980e+00
      vertex   1.250000e+01 5.586603e+01 -8.000000e+00
    endloop
  endfacet
  facet normal -1.740001e-09 -9.063078e-01 -4.226183e-01
    outer loop
      vertex   1.250000e+01 5.593969e+01 -8.157980e+00
      vertex   1.250000e+01 5.586603e+01 -8.000000e+00
      vertex   8.750000e+00 5.586603e+01 -8.000000e+00
    endloop
  endfacet
  facet normal -1.953347e-09 -8.191520e-01 -5.735764e-01
    outer loop
      vertex   8.750000e+00 5.586603e+01 -8.000000e+00
      vertex   1.250000e+01 5.586603e+01 -8.000000e+00
      vertex   8.750000e+00 5.576604e+01 -7.857212e+00
    endloop
  endfacet
  facet normal -1.953350e-09 -8.191520e-01 -5.735764e-01
    outer loop
      vertex   8.750000e+00 5.586603e+01 -8.000000e+00
      vertex   8.750000e+00 5.576604e+01 -7.857212e+00
      vertex   5.000000e+00 5.576604e+01 -7.857212e+00
    endloop
  endfacet
  facet normal -2.107344e-09 -7.071068e-01 -7.071068e-01
    outer loop
      vertex   5.000000e+00 5.576604e+01 -7.857212e+00
      vertex   8.750000e+00 5.576604e+01 -7.857212e+00
      vertex   5.000000e+00 5.564279e+01 -7.733956e+00
    endloop
  endfacet
  facet normal -2.107341e-09 -7.071068e-01 -7.071068e-01
    outer loop
      vertex   5.000000e+00 5.576604e+01 -7.857212e+00
      vertex   5.000000e+00 5.564279e+01 -7.733956e+00
      vertex   1.250000e+00 5.564279e+01 -7.733956e+00
    endloop
  endfacet
  facet normal -2.197305e-09 -5.735764e-01 -8.191520e-01
    outer loop
      vertex   1.250000e+00 5.564279e+01 -7.733956e+00
      vertex   5.000000e+00 5.564279e+01 -7.733956e+00
      vertex   1.250000e+00 5.550000e+01 -7.633975e+00
    endloop
  endfacet
  facet normal -2.197306e-09 -5.735764e-01 -8.191520e-01
    outer loop
      vertex   1.250000e+00 5.564279e+01 -7.733956e+00
      vertex   1.250000e+00 5.550000e+01 -7.633975e+00
      vertex   -2.500000e+00 5.550000e+01 -7.633975e+00
    endloop
  endfacet
  facet normal -2.220506e-09 -4.226183e-01 -9.063078e-01
    outer loop
      vertex   -2.500000e+00 5.550000e+01 -7.633975e+00
      vertex   1.250000e+00 5.550000e+01 -7.633975e+00
      vertex   -2.500000e+00 5.534202e+01 -7.560307e+00
    endloop
  endfacet
  facet normal -2.220505e-09 -4.226183e-01 -9.063078e-01
    outer loop
      vertex   -2.500000e+00 5.550000e+01 -7.633975e+00
      vertex   -2.500000e+00 5.534202e+01 -7.560307e+00
      vertex   -6.250000e+00 5.534202e+01 -7.560307e+00
    endloop
  endfacet
  facet normal -2.176235e-09 -2.588190e-01 -9.659258e-01
    outer loop
      vertex   -6.250000e+00 5.534202e+01 -7.560307e+00
      vertex   -2.500000e+00 5.534202e+01 -7.560307e+00
      vertex   -6.250000e+00 5.517365e+01 -7.515192e+00
    endloop
  endfacet
  facet normal -2.176236e-09 -2.588190e-01 -9.659258e-01
    outer loop
      vertex   -6.250000e+00 5.534202e+01 -7.560307e+00
      vertex   -6.250000e+00 5.517365e+01 -7.515192e+00
      vertex   -1.000000e+01 5.517365e+01 -7.515192e+00
    endloop
  endfacet
  facet normal -2.065842e-09 -8.715574e-02 -9.961947e-01
    outer loop
      vertex   -1.000000e+01 5.517365e+01 -7.515192e+00
      vertex   -6.250000e+00 5.517365e+01 -7.515192e+00
      vertex   -2.500000e+01 5.500000e+01 -7.500000e+00
    endloop
  endfacet
  facet normal -6.066733e-11 -9.063078e-01 4.226183e-01
    outer loop
      vertex   3.125000e+01 5.593969e+01 -8.842020e+00
      vertex   3.500000e+01 5.586603e+01 -9.000000e+00
      vertex   3.500000e+01 5.593969e+01 -8.842020e+00
    endloop
  endfacet
  facet normal -6.067057e-11 -9.063078e-01 4.226183e-01
    outer loop
      vertex   2.000000e+01 5.586603e+01 -9.000000e+00
      vertex   1.625000e+01 5.593969e+01 -8.842020e+00
      vertex   1.625000e+01 5.586603e+01 -9.000000e+00
    endloop
  endfacet
  facet normal -6.066733e-11 -9.063078e-01 4.226183e-01
    outer loop
      vertex   1.625000e+01 5.586603e+01 -9.000000e+00
      vertex   1.625000e+01 5.593969e+01 -8.842020e+00
      vertex   1.250000e+01 5.593969e+01 -8.842020e+00
    endloop
  endfacet
  facet normal -6.066885e-11 -9.063078e-01 4.226183e-01
    outer loop
      vertex   1.625000e+01 5.586603e+01 -9.000000e+00
      vertex   1.250000e+01 5.593969e+01 -8.842020e+00
      vertex   1.250000e+01 5.586603e+01 -9.000000e+00
    endloop
  endfacet
  facet normal -6.066885e-11 -9.063078e-01 4.226183e-01
    outer loop
      vertex   1.250000e+01 5.586603e+01 -9.000000e+00
      vertex   1.250000e+01 5.593969e+01 -8.842020e+00
      vertex   8.750000e+00 5.593969e+01 -8.842020e+00
    endloop
  endfacet
  facet normal -6.067057e-11 -9.063078e-01 4.226183e-01
    outer loop
      vertex   8.750000e+00 5.586603e+01 -9.000000e+00
      vertex   5.000000e+00 5.593969e+01 -8.842020e+00
      vertex   5.000000e+00 5.586603e+01 -9.000000e+00
    endloop
  endfacet
  facet normal -6.066713e-11 -9.063078e-01 4.226183e-01
    outer loop
      vertex   5.000000e+00 5.586603e+01 -9.000000e+00
      vertex   5.000000e+00 5.593969e+01 -8.842020e+00
      vertex   1.250000e+00 5.593969e+01 -8.842020e+00
    endloop
  endfacet
  facet normal -6.066713e-11 -9.063078e-01 4.226183e-01
    outer loop
      vertex   5.000000e+00 5.586603e+01 -9.000000e+00
      vertex   1.250000e+00 5.593969e+01 -8.842020e+00
      vertex   1.250000e+00 5.586603e+01 -9.000000e+00
    endloop
  endfacet
  facet normal -6.067037e-11 -9.063078e-01 4.226183e-01
    outer loop
      vertex   1.250000e+00 5.586603e+01 -9.000000e+00
      vertex   1.250000e+00 5.593969e+01 -8.842020e+00
      vertex   -2.500000e+00 5.593969e+01 -8.842020e+00
    endloop
  endfacet
  facet normal -6.066885e-11 -9.063078e-01 4.226183e-01
    outer loop
      vertex   -2.500000e+00 5.586603e+01 -9.000000e+00
      vertex   -6.250000e+00 5.593969e+01 -8.842020e+00
      vertex   -6.250000e+00 5.586603e+01 -9.000000e+00
    endloop
  endfacet
  facet normal -6.066885e-11 -9.063078e-01 4.226183e-01
    outer loop
      vertex   -6.250000e+00 5.586603e+01 -9.000000e+00
      vertex   -6.250000e+00 5.593969e+01 -8.842020e+00
      vertex   -1.000000e+01 5.593969e+01 -8.842020e+00
    endloop
  endfacet
  facet normal -6.066713e-11 -9.063078e-01 4.226183e-01
    outer loop
      vertex   -6.250000e+00 5.586603e+01 -9.000000e+00
      vertex   -1.000000e+01 5.593969e+01 -8.842020e+00
      vertex   -1.000000e+01 5.586603e+01 -9.000000e+00
    endloop
  endfacet
  facet normal -6.067057e-11 -9.063078e-01 4.226183e-01
    outer loop
      vertex   -1.000000e+01 5.586603e+01 -9.000000e+00
      vertex   -1.000000e+01 5.593969e+01 -8.842020e+00
      vertex   -1.375000e+01 5.593969e+01 -8.842020e+00
    endloop
  endfacet
  facet normal -6.067057e-11 -9.063078e-01 4.226183e-01
    outer loop
      vertex   -2.125000e+01 5.593969e+01 -8.842020e+00
      vertex   -2.125000e+01 5.586603e+01 -9.000000e+00
      vertex   -1.750000e+01 5.586603e+01 -9.000000e+00
    endloop
  endfacet
  facet normal -6.067037e-11 -9.063078e-01 4.226183e-01
    outer loop
      vertex   -2.125000e+01 5.593969e+01 -8.842020e+00
      vertex   -1.750000e+01 5.586603e+01 -9.000000e+00
      vertex   -1.750000e+01 5.593969e+01 -8.842020e+00
    endloop
  endfacet
  facet normal -6.066713e-11 -9.063078e-01 4.226183e-01
    outer loop
      vertex   -1.750000e+01 5.593969e+01 -8.842020e+00
      vertex   -1.750000e+01 5.586603e+01 -9.000000e+00
      vertex   -1.375000e+01 5.586603e+01 -9.000000e+00
    endloop
  endfacet
  facet normal -4.453321e-10 -9.659258e-01 2.588190e-01
    outer loop
      vertex   3.125000e+01 5.593969e+01 -8.842020e+00
      vertex   3.500000e+01 5.593969e+01 -8.842020e+00
      vertex   3.125000e+01 5.598481e+01 -8.673648e+00
    endloop
  endfacet
  facet normal -4.453340e-10 -9.659258e-01 2.588190e-01
    outer loop
      vertex   3.125000e+01 5.598481e+01 -8.673648e+00
      vertex   3.500000e+01 5.593969e+01 -8.842020e+00
      vertex   3.500000e+01 5.598481e+01 -8.673648e+00
    endloop
  endfacet
  facet normal -8.164677e-10 -9.961947e-01 8.715574e-02
    outer loop
      vertex   3.125000e+01 5.598481e+01 -8.673648e+00
      vertex   3.500000e+01 5.598481e+01 -8.673648e+00
      vertex   3.125000e+01 5.600000e+01 -8.500000e+00
    endloop
  endfacet
  facet normal -8.164676e-10 -9.961947e-01 8.715574e-02
    outer loop
      vertex   3.125000e+01 5.600000e+01 -8.500000e+00
      vertex   3.500000e+01 5.598481e+01 -8.673648e+00
      vertex   3.500000e+01 5.600000e+01 -8.500000e+00
    endloop
  endfacet
  facet normal -1.162793e-09 -9.961947e-01 -8.715574e-02
    outer loop
      vertex   3.125000e+01 5.600000e+01 -8.500000e+00
      vertex   3.500000e+01 5.600000e+01 -8.500000e+00
      vertex   3.125000e+01 5.598481e+01 -8.326352e+00
    endloop
  endfacet
  facet normal -1.162793e-09 -9.961947e-01 -8.715574e-02
    outer loop
      vertex   3.125000e+01 5.598481e+01 -8.326352e+00
      vertex   3.500000e+01 5.600000e+01 -8.500000e+00
      vertex   3.500000e+01 5.598481e+01 -8.326352e+00
    endloop
  endfacet
  facet normal -1.473788e-09 -9.659258e-01 -2.588190e-01
    outer loop
      vertex   3.125000e+01 5.598481e+01 -8.326352e+00
      vertex   3.500000e+01 5.598481e+01 -8.326352e+00
      vertex   3.125000e+01 5.593969e+01 -8.157980e+00
    endloop
  endfacet
  facet normal -1.473787e-09 -9.659258e-01 -2.588190e-01
    outer loop
      vertex   3.125000e+01 5.593969e+01 -8.157980e+00
      vertex   3.500000e+01 5.598481e+01 -8.326352e+00
      vertex   3.500000e+01 5.593969e+01 -8.157980e+00
    endloop
  endfacet
  facet normal -1.740001e-09 -9.063078e-01 -4.226183e-01
    outer loop
      vertex   3.125000e+01 5.593969e+01 -8.157980e+00
      vertex   3.500000e+01 5.593969e+01 -8.157980e+00
      vertex   3.125000e+01 5.586603e+01 -8.000000e+00
    endloop
  endfacet
  facet normal -1.740003e-09 -9.063078e-01 -4.226183e-01
    outer loop
      vertex   3.125000e+01 5.586603e+01 -8.000000e+00
      vertex   3.500000e+01 5.593969e+01 -8.157980e+00
      vertex   3.500000e+01 5.586603e+01 -8.000000e+00
    endloop
  endfacet
  facet normal -1.953348e-09 -8.191520e-01 -5.735764e-01
    outer loop
      vertex   3.125000e+01 5.586603e+01 -8.000000e+00
      vertex   3.500000e+01 5.586603e+01 -8.000000e+00
      vertex   3.125000e+01 5.576604e+01 -7.857212e+00
    endloop
  endfacet
  facet normal -4.453321e-10 -9.659258e-01 2.588190e-01
    outer loop
      vertex   1.625000e+01 5.593969e+01 -8.842020e+00
      vertex   1.250000e+01 5.598481e+01 -8.673648e+00
      vertex   1.250000e+01 5.593969e+01 -8.842020e+00
    endloop
  endfacet
  facet normal -4.453320e-10 -9.659258e-01 2.588190e-01
    outer loop
      vertex   1.250000e+01 5.593969e+01 -8.842020e+00
      vertex   1.250000e+01 5.598481e+01 -8.673648e+00
      vertex   8.750000e+00 5.598481e+01 -8.673648e+00
    endloop
  endfacet
  facet normal -4.453339e-10 -9.659258e-01 2.588190e-01
    outer loop
      vertex   1.250000e+01 5.593969e+01 -8.842020e+00
      vertex   8.750000e+00 5.598481e+01 -8.673648e+00
      vertex   8.750000e+00 5.593969e+01 -8.842020e+00
    endloop
  endfacet
  facet normal -4.453356e-10 -9.659258e-01 2.588190e-01
    outer loop
      vertex   8.750000e+00 5.593969e+01 -8.842020e+00
      vertex   8.750000e+00 5.598481e+01 -8.673648e+00
      vertex   5.000000e+00 5.598481e+01 -8.673648e+00
    endloop
  endfacet
  facet normal -4.453320e-10 -9.659258e-01 2.588190e-01
    outer loop
      vertex   5.000000e+00 5.593969e+01 -8.842020e+00
      vertex   1.250000e+00 5.598481e+01 -8.673648e+00
      vertex   1.250000e+00 5.593969e+01 -8.842020e+00
    endloop
  endfacet
  facet normal -4.453337e-10 -9.659258e-01 2.588190e-01
    outer loop
      vertex   1.250000e+00 5.593969e+01 -8.842020e+00
      vertex   1.250000e+00 5.598481e+01 -8.673648e+00
      vertex   -2.500000e+00 5.598481e+01 -8.673648e+00
    endloop
  endfacet
  facet normal -4.453356e-10 -9.659258e-01 2.588190e-01
    outer loop
      vertex   1.250000e+00 5.593969e+01 -8.842020e+00
      vertex   -2.500000e+00 5.598481e+01 -8.673648e+00
      vertex   -2.500000e+00 5.593969e+01 -8.842020e+00
    endloop
  endfacet
  facet normal -4.453340e-10 -9.659258e-01 2.588190e-01
    outer loop
      vertex   -2.500000e+00 5.593969e+01 -8.842020e+00
      vertex   -2.500000e+00 5.598481e+01 -8.673648e+00
      vertex   -6.250000e+00 5.598481e+01 -8.673648e+00
    endloop
  endfacet
  facet normal -4.453339e-10 -9.659258e-01 2.588190e-01
    outer loop
      vertex   -6.250000e+00 5.593969e+01 -8.842020e+00
      vertex   -1.000000e+01 5.598481e+01 -8.673648e+00
      vertex   -1.000000e+01 5.593969e+01 -8.842020e+00
    endloop
  endfacet
  facet normal -4.453356e-10 -9.659258e-01 2.588190e-01
    outer loop
      vertex   -1.000000e+01 5.593969e+01 -8.842020e+00
      vertex   -1.000000e+01 5.598481e+01 -8.673648e+00
      vertex   -1.375000e+01 5.598481e+01 -8.673648e+00
    endloop
  endfacet
  facet normal -4.453357e-10 -9.659258e-01 2.588190e-01
    outer loop
      vertex   -1.000000e+01 5.593969e+01 -8.842020e+00
      vertex   -1.375000e+01 5.598481e+01 -8.673648e+00
      vertex   -1.375000e+01 5.593969e+01 -8.842020e+00
    endloop
  endfacet
  facet normal -4.453340e-10 -9.659258e-01 2.588190e-01
    outer loop
      vertex   -1.375000e+01 5.593969e+01 -8.842020e+00
      vertex   -1.375000e+01 5.598481e+01 -8.673648e+00
      vertex   -1.750000e+01 5.598481e+01 -8.673648e+00
    endloop
  endfacet
  facet normal -4.453356e-10 -9.659258e-01 2.588190e-01
    outer loop
      vertex   -2.125000e+01 5.598481e+01 -8.673648e+00
      vertex   -2.125000e+01 5.593969e+01 -8.842020e+00
      vertex   -1.750000e+01 5.593969e+01 -8.842020e+00
    endloop
  endfacet
  facet normal -4.453320e-10 -9.659258e-01 2.588190e-01
    outer loop
      vertex   3.125000e+01 5.593969e+01 -8.842020e+00
      vertex   3.125000e+01 5.598481e+01 -8.673648e+00
      vertex   2.750000e+01 5.598481e+01 -8.673648e+00
    endloop
  endfacet
  facet normal -8.164657e-10 -9.961947e-01 8.715574e-02
    outer loop
      vertex   2.750000e+01 5.598481e+01 -8.673648e+00
      vertex   3.125000e+01 5.598481e+01 -8.673648e+00
      vertex   2.750000e+01 5.600000e+01 -8.500000e+00
    endloop
  endfacet
  facet normal -8.164676e-10 -9.961947e-01 8.715574e-02
    outer loop
      vertex   2.750000e+01 5.598481e+01 -8.673648e+00
      vertex   2.750000e+01 5.600000e+01 -8.500000e+00
      vertex   2.375000e+01 5.600000e+01 -8.500000e+00
    endloop
  endfacet
  facet normal -1.162793e-09 -9.961947e-01 -8.715574e-02
    outer loop
      vertex   2.375000e+01 5.600000e+01 -8.500000e+00
      vertex   2.750000e+01 5.600000e+01 -8.500000e+00
      vertex   2.375000e+01 5.598481e+01 -8.326352e+00
    endloop
  endfacet
  facet normal -1.162793e-09 -9.961947e-01 -8.715574e-02
    outer loop
      vertex   2.375000e+01 5.600000e+01 -8.500000e+00
      vertex   2.375000e+01 5.598481e+01 -8.326352e+00
      vertex   2.000000e+01 5.598481e+01 -8.326352e+00
    endloop
  endfacet
  facet normal -1.473788e-09 -9.659258e-01 -2.588190e-01
    outer loop
      vertex   2.000000e+01 5.598481e+01 -8.326352e+00
      vertex   2.375000e+01 5.598481e+01 -8.326352e+00
      vertex   2.000000e+01 5.593969e+01 -8.157980e+00
    endloop
  endfacet
  facet normal -1.473790e-09 -9.659258e-01 -2.588190e-01
    outer loop
      vertex   2.000000e+01 5.598481e+01 -8.326352e+00
      vertex   2.000000e+01 5.593969e+01 -8.157980e+00
      vertex   1.625000e+01 5.593969e+01 -8.157980e+00
    endloop
  endfacet
  facet normal -1.740005e-09 -9.063078e-01 -4.226183e-01
    outer loop
      vertex   1.625000e+01 5.593969e+01 -8.157980e+00
      vertex   2.000000e+01 5.593969e+01 -8.157980e+00
      vertex   1.625000e+01 5.586603e+01 -8.000000e+00
    endloop
  endfacet
  facet normal -1.740003e-09 -9.063078e-01 -4.226183e-01
    outer loop
      vertex   1.625000e+01 5.593969e+01 -8.157980e+00
      vertex   1.625000e+01 5.586603e+01 -8.000000e+00
      vertex   1.250000e+01 5.586603e+01 -8.000000e+00
    endloop
  endfacet
  facet normal -1.953348e-09 -8.191520e-01 -5.735764e-01
    outer loop
      vertex   1.250000e+01 5.586603e+01 -8.000000e+00
      vertex   1.625000e+01 5.586603e+01 -8.000000e+00
      vertex   1.250000e+01 5.576604e+01 -7.857212e+00
    endloop
  endfacet
  facet normal -1.953348e-09 -8.191520e-01 -5.735764e-01
    outer loop
      vertex   1.250000e+01 5.586603e+01 -8.000000e+00
      vertex   1.250000e+01 5.576604e+01 -7.857212e+00
      vertex   8.750000e+00 5.576604e+01 -7.857212e+00
    endloop
  endfacet
  facet normal -2.107342e-09 -7.071068e-01 -7.071068e-01
    outer loop
      vertex   8.750000e+00 5.576604e+01 -7.857212e+00
      vertex   1.250000e+01 5.576604e+01 -7.857212e+00
      vertex   8.750000e+00 5.564279e+01 -7.733956e+00
    endloop
  endfacet
  facet normal -2.107344e-09 -7.071068e-01 -7.071068e-01
    outer loop
      vertex   8.750000e+00 5.576604e+01 -7.857212e+00
      vertex   8.750000e+00 5.564279e+01 -7.733956e+00
      vertex   5.000000e+00 5.564279e+01 -7.733956e+00
    endloop
  endfacet
  facet normal -2.197307e-09 -5.735764e-01 -8.191520e-01
    outer loop
      vertex   5.000000e+00 5.564279e+01 -7.733956e+00
      vertex   8.750000e+00 5.564279e+01 -7.733956e+00
      vertex   5.000000e+00 5.550000e+01 -7.633975e+00
    endloop
  endfacet
  facet normal -2.197306e-09 -5.735764e-01 -8.191520e-01
    outer loop
      vertex   5.000000e+00 5.564279e+01 -7.733956e+00
      vertex   5.000000e+00 5.550000e+01 -7.633975e+00
      vertex   1.250000e+00 5.550000e+01 -7.633975e+00
    endloop
  endfacet
  facet normal -2.220505e-09 -4.226183e-01 -9.063078e-01
    outer loop
      vertex   1.250000e+00 5.550000e+01 -7.633975e+00
      vertex   5.000000e+00 5.550000e+01 -7.633975e+00
      vertex   1.250000e+00 5.534202e+01 -7.560307e+00
    endloop
  endfacet
  facet normal -2.220506e-09 -4.226183e-01 -9.063078e-01
    outer loop
      vertex   1.250000e+00 5.550000e+01 -7.633975e+00
      vertex   1.250000e+00 5.534202e+01 -7.560307e+00
      vertex   -2.500000e+00 5.534202e+01 -7.560307e+00
    endloop
  endfacet
  facet normal -2.176236e-09 -2.588190e-01 -9.659258e-01
    outer loop
      vertex   -2.500000e+00 5.534202e+01 -7.560307e+00
      vertex   1.250000e+00 5.534202e+01 -7.560307e+00
      vertex   -2.500000e+00 5.517365e+01 -7.515192e+00
    endloop
  endfacet
  facet normal -2.176236e-09 -2.588190e-01 -9.659258e-01
    outer loop
      vertex   -2.500000e+00 5.534202e+01 -7.560307e+00
      vertex   -2.500000e+00 5.517365e+01 -7.515192e+00
      vertex   -6.250000e+00 5.517365e+01 -7.515192e+00
    endloop
  endfacet
  facet normal -2.065842e-09 -8.715574e-02 -9.961947e-01
    outer loop
      vertex   -6.250000e+00 5.517365e+01 -7.515192e+00
      vertex   -2.500000e+00 5.517365e+01 -7.515192e+00
      vertex   -2.500000e+01 5.500000e+01 -7.500000e+00
    endloop
  endfacet
  facet normal -8.164676e-10 -9.961947e-01 8.715574e-02
    outer loop
      vertex   2.750000e+01 5.600000e+01 -8.500000e+00
      vertex   3.125000e+01 5.598481e+01 -8.673648e+00
      vertex   3.125000e+01 5.600000e+01 -8.500000e+00
    endloop
  endfacet
  facet normal -8.164657e-10 -9.961947e-01 8.715574e-02
    outer loop
      vertex   1.250000e+01 5.598481e+01 -8.673648e+00
      vertex   8.750000e+00 5.600000e+01 -8.500000e+00
      vertex   8.750000e+00 5.598481e+01 -8.673648e+00
    endloop
  endfacet
  facet normal -8.164676e-10 -9.961947e-01 8.715574e-02
    outer loop
      vertex   8.750000e+00 5.598481e+01 -8.673648e+00
      vertex   8.750000e+00 5.600000e+01 -8.500000e+00
      vertex   5.000000e+00 5.600000e+01 -8.500000e+00
    endloop
  endfacet
  facet normal -8.164695e-10 -9.961947e-01 8.715574e-02
    outer loop
      vertex   8.750000e+00 5.598481e+01 -8.673648e+00
      vertex   5.000000e+00 5.600000e+01 -8.500000e+00
      vertex   5.000000e+00 5.598481e+01 -8.673648e+00
    endloop
  endfacet
  facet normal -8.164676e-10 -9.961947e-01 8.715574e-02
    outer loop
      vertex   5.000000e+00 5.598481e+01 -8.673648e+00
      vertex   5.000000e+00 5.600000e+01 -8.500000e+00
      vertex   1.250000e+00 5.600000e+01 -8.500000e+00
    endloop
  endfacet
  facet normal -8.164676e-10 -9.961947e-01 8.715574e-02
    outer loop
      vertex   1.250000e+00 5.598481e+01 -8.673648e+00
      vertex   -2.500000e+00 5.600000e+01 -8.500000e+00
      vertex   -2.500000e+00 5.598481e+01 -8.673648e+00
    endloop
  endfacet
  facet normal -8.164676e-10 -9.961947e-01 8.715574e-02
    outer loop
      vertex   -2.500000e+00 5.598481e+01 -8.673648e+00
      vertex   -2.500000e+00 5.600000e+01 -8.500000e+00
      vertex   -6.250000e+00 5.600000e+01 -8.500000e+00
    endloop
  endfacet
  facet normal -8.164677e-10 -9.961947e-01 8.715574e-02
    outer loop
      vertex   -2.500000e+00 5.598481e+01 -8.673648e+00
      vertex   -6.250000e+00 5.600000e+01 -8.500000e+00
      vertex   -6.250000e+00 5.598481e+01 -8.673648e+00
    endloop
  endfacet
  facet normal -8.164676e-10 -9.961947e-01 8.715574e-02
    outer loop
      vertex   -6.250000e+00 5.598481e+01 -8.673648e+00
      vertex   -6.250000e+00 5.600000e+01 -8.500000e+00
      vertex   -1.000000e+01 5.600000e+01 -8.500000e+00
    endloop
  endfacet
  facet normal -8.164695e-10 -9.961947e-01 8.715574e-02
    outer loop
      vertex   -1.000000e+01 5.598481e+01 -8.673648e+00
      vertex   -1.375000e+01 5.600000e+01 -8.500000e+00
      vertex   -1.375000e+01 5.598481e+01 -8.673648e+00
    endloop
  endfacet
  facet normal -8.164676e-10 -9.961947e-01 8.715574e-02
    outer loop
      vertex   -1.375000e+01 5.598481e+01 -8.673648e+00
      vertex   -1.375000e+01 5.600000e+01 -8.500000e+00
      vertex   -1.750000e+01 5.600000e+01 -8.500000e+00
    endloop
  endfacet
  facet normal -8.164677e-10 -9.961947e-01 8.715574e-02
    outer loop
      vertex   -1.375000e+01 5.598481e+01 -8.673648e+00
      vertex   -1.750000e+01 5.600000e+01 -8.500000e+00
      vertex   -1.750000e+01 5.598481e+01 -8.673648e+00
    endloop
  endfacet
  facet normal -8.164676e-10 -9.961947e-01 8.715574e-02
    outer loop
      vertex   -1.750000e+01 5.598481e+01 -8.673648e+00
      vertex   -1.750000e+01 5.600000e+01 -8.500000e+00
      vertex   -2.125000e+01 5.600000e+01 -8.500000e+00
    endloop
  endfacet
  facet normal -1.162793e-09 -9.961947e-01 -8.715574e-02
    outer loop
      vertex   2.750000e+01 5.600000e+01 -8.500000e+00
      vertex   3.125000e+01 5.600000e+01 -8.500000e+00
      vertex   2.750000e+01 5.598481e+01 -8.326352e+00
    endloop
  endfacet
  facet normal -1.162791e-09 -9.961947e-01 -8.715574e-02
    outer loop
      vertex   2.750000e+01 5.598481e+01 -8.326352e+00
      vertex   3.125000e+01 5.600000e+01 -8.500000e+00
      vertex   3.125000e+01 5.598481e+01 -8.326352e+00
    endloop
  endfacet
  facet normal -1.473786e-09 -9.659258e-01 -2.588190e-01
    outer loop
      vertex   2.750000e+01 5.598481e+01 -8.326352e+00
      vertex   3.125000e+01 5.598481e+01 -8.326352e+00
      vertex   2.750000e+01 5.593969e+01 -8.157980e+00
    endloop
  endfacet
  facet normal -1.473788e-09 -9.659258e-01 -2.588190e-01
    outer loop
      vertex   2.750000e+01 5.593969e+01 -8.157980e+00
      vertex   3.125000e+01 5.598481e+01 -8.326352e+00
      vertex   3.125000e+01 5.593969e+01 -8.157980e+00
    endloop
  endfacet
  facet normal -1.740003e-09 -9.063078e-01 -4.226183e-01
    outer loop
      vertex   2.750000e+01 5.593969e+01 -8.157980e+00
      vertex   3.125000e+01 5.593969e+01 -8.157980e+00
      vertex   2.750000e+01 5.586603e+01 -8.000000e+00
    endloop
  endfacet
  facet normal -1.740001e-09 -9.063078e-01 -4.226183e-01
    outer loop
      vertex   2.750000e+01 5.586603e+01 -8.000000e+00
      vertex   3.125000e+01 5.593969e+01 -8.157980e+00
      vertex   3.125000e+01 5.586603e+01 -8.000000e+00
    endloop
  endfacet
  facet normal -1.953347e-09 -8.191520e-01 -5.735764e-01
    outer loop
      vertex   2.750000e+01 5.586603e+01 -8.000000e+00
      vertex   3.125000e+01 5.586603e+01 -8.000000e+00
      vertex   2.750000e+01 5.576604e+01 -7.857212e+00
    endloop
  endfacet
  facet normal -1.953348e-09 -8.191520e-01 -5.735764e-01
    outer loop
      vertex   2.750000e+01 5.576604e+01 -7.857212e+00
      vertex   3.125000e+01 5.586603e+01 -8.000000e+00
      vertex   3.125000e+01 5.576604e+01 -7.857212e+00
    endloop
  endfacet
  facet normal -2.107342e-09 -7.071068e-01 -7.071068e-01
    outer loop
      vertex   2.750000e+01 5.576604e+01 -7.857212e+00
      vertex   3.125000e+01 5.576604e+01 -7.857212e+00
      vertex   2.750000e+01 5.564279e+01 -7.733956e+00
    endloop
  endfacet
  facet normal -1.162793e-09 -9.961947e-01 -8.715574e-02
    outer loop
      vertex   8.750000e+00 5.600000e+01 -8.500000e+00
      vertex   5.000000e+00 5.598481e+01 -8.326352e+00
      vertex   5.000000e+00 5.600000e+01 -8.500000e+00
    endloop
  endfacet
  facet normal -1.162793e-09 -9.961947e-01 -8.715574e-02
    outer loop
      vertex   5.000000e+00 5.600000e+01 -8.500000e+00
      vertex   5.000000e+00 5.598481e+01 -8.326352e+00
      vertex   1.250000e+00 5.598481e+01 -8.326352e+00
    endloop
  endfacet
  facet normal -1.162793e-09 -9.961947e-01 -8.715574e-02
    outer loop
      vertex   5.000000e+00 5.600000e+01 -8.500000e+00
      vertex   1.250000e+00 5.598481e+01 -8.326352e+00
      vertex   1.250000e+00 5.600000e+01 -8.500000e+00
    endloop
  endfacet
  facet normal -1.162793e-09 -9.961947e-01 -8.715574e-02
    outer loop
      vertex   1.250000e+00 5.600000e+01 -8.500000e+00
      vertex   1.250000e+00 5.598481e+01 -8.326352e+00
      vertex   -2.500000e+00 5.598481e+01 -8.326352e+00
    endloop
  endfacet
  facet normal -1.162793e-09 -9.961947e-01 -8.715574e-02
    outer loop
      vertex   -2.500000e+00 5.600000e+01 -8.500000e+00
      vertex   -6.250000e+00 5.598481e+01 -8.326352e+00
      vertex   -6.250000e+00 5.600000e+01 -8.500000e+00
    endloop
  endfacet
  facet normal -1.162791e-09 -9.961947e-01 -8.715574e-02
    outer loop
      vertex   -6.250000e+00 5.600000e+01 -8.500000e+00
      vertex   -6.250000e+00 5.598481e+01 -8.326352e+00
      vertex   -1.000000e+01 5.598481e+01 -8.326352e+00
    endloop
  endfacet
  facet normal -1.162793e-09 -9.961947e-01 -8.715574e-02
    outer loop
      vertex   -6.250000e+00 5.600000e+01 -8.500000e+00
      vertex   -1.000000e+01 5.598481e+01 -8.326352e+00
      vertex   -1.000000e+01 5.600000e+01 -8.500000e+00
    endloop
  endfacet
  facet normal -1.162795e-09 -9.961947e-01 -8.715574e-02
    outer loop
      vertex   -1.000000e+01 5.600000e+01 -8.500000e+00
      vertex   -1.000000e+01 5.598481e+01 -8.326352e+00
      vertex   -1.375000e+01 5.598481e+01 -8.326352e+00
    endloop
  endfacet
  facet normal -1.162793e-09 -9.961947e-01 -8.715574e-02
    outer loop
      vertex   -2.125000e+01 5.598481e+01 -8.326352e+00
      vertex   -2.125000e+01 5.600000e+01 -8.500000e+00
      vertex   -1.750000e+01 5.600000e+01 -8.500000e+00
    endloop
  endfacet
  facet normal -1.162793e-09 -9.961947e-01 -8.715574e-02
    outer loop
      vertex   -2.125000e+01 5.598481e+01 -8.326352e+00
      vertex   -1.750000e+01 5.600000e+01 -8.500000e+00
      vertex   -1.750000e+01 5.598481e+01 -8.326352e+00
    endloop
  endfacet
  facet normal -1.162793e-09 -9.961947e-01 -8.715574e-02
    outer loop
      vertex   -1.750000e+01 5.598481e+01 -8.326352e+00
      vertex   -1.750000e+01 5.600000e+01 -8.500000e+00
      vertex   -1.375000e+01 5.600000e+01 -8.500000e+00
    endloop
  endfacet
  facet normal -1.473790e-09 -9.659258e-01 -2.588190e-01
    outer loop
      vertex   4.250000e+01 5.593969e+01 -8.157980e+00
      vertex   4.625000e+01 5.598481e+01 -8.326352e+00
      vertex   4.625000e+01 5.593969e+01 -8.157980e+00
    endloop
  endfacet
  facet normal -1.162795e-09 -9.961947e-01 -8.715574e-02
    outer loop
      vertex   2.750000e+01 5.600000e+01 -8.500000e+00
      vertex   2.750000e+01 5.598481e+01 -8.326352e+00
      vertex   2.375000e+01 5.598481e+01 -8.326352e+00
    endloop
  endfacet
  facet normal -1.473790e-09 -9.659258e-01 -2.588190e-01
    outer loop
      vertex   2.375000e+01 5.598481e+01 -8.326352e+00
      vertex   2.750000e+01 5.598481e+01 -8.326352e+00
      vertex   2.375000e+01 5.593969e+01 -8.157980e+00
    endloop
  endfacet
  facet normal -1.473787e-09 -9.659258e-01 -2.588190e-01
    outer loop
      vertex   2.375000e+01 5.598481e+01 -8.326352e+00
      vertex   2.375000e+01 5.593969e+01 -8.157980e+00
      vertex   2.000000e+01 5.593969e+01 -8.157980e+00
    endloop
  endfacet
  facet normal -1.740001e-09 -9.063078e-01 -4.226183e-01
    outer loop
      vertex   2.000000e+01 5.593969e+01 -8.157980e+00
      vertex   2.375000e+01 5.593969e+01 -8.157980e+00
      vertex   2.000000e+01 5.586603e+01 -8.000000e+00
    endloop
  endfacet
  facet normal -1.740005e-09 -9.063078e-01 -4.226183e-01
    outer loop
      vertex   2.000000e+01 5.593969e+01 -8.157980e+00
      vertex   2.000000e+01 5.586603e+01 -8.000000e+00
      vertex   1.625000e+01 5.586603e+01 -8.000000e+00
    endloop
  endfacet
  facet normal -1.953350e-09 -8.191520e-01 -5.735764e-01
    outer loop
      vertex   1.625000e+01 5.586603e+01 -8.000000e+00
      vertex   2.000000e+01 5.586603e+01 -8.000000e+00
      vertex   1.625000e+01 5.576604e+01 -7.857212e+00
    endloop
  endfacet
  facet normal -1.953347e-09 -8.191520e-01 -5.735764e-01
    outer loop
      vertex   1.625000e+01 5.586603e+01 -8.000000e+00
      vertex   1.625000e+01 5.576604e+01 -7.857212e+00
      vertex   1.250000e+01 5.576604e+01 -7.857212e+00
    endloop
  endfacet
  facet normal -2.107341e-09 -7.071068e-01 -7.071068e-01
    outer loop
      vertex   1.250000e+01 5.576604e+01 -7.857212e+00
      vertex   1.625000e+01 5.576604e+01 -7.857212e+00
      vertex   1.250000e+01 5.564279e+01 -7.733956e+00
    endloop
  endfacet
  facet normal -2.107342e-09 -7.071068e-01 -7.071068e-01
    outer loop
      vertex   1.250000e+01 5.576604e+01 -7.857212e+00
      vertex   1.250000e+01 5.564279e+01 -7.733956e+00
      vertex   8.750000e+00 5.564279e+01 -7.733956e+00
    endloop
  endfacet
  facet normal -2.197306e-09 -5.735764e-01 -8.191520e-01
    outer loop
      vertex   8.750000e+00 5.564279e+01 -7.733956e+00
      vertex   1.250000e+01 5.564279e+01 -7.733956e+00
      vertex   8.750000e+00 5.550000e+01 -7.633975e+00
    endloop
  endfacet
  facet normal -2.197306e-09 -5.735764e-01 -8.191520e-01
    outer loop
      vertex   8.750000e+00 5.564279e+01 -7.733956e+00
      vertex   8.750000e+00 5.550000e+01 -7.633975e+00
      vertex   5.000000e+00 5.550000e+01 -7.633975e+00
    endloop
  endfacet
  facet normal -2.220506e-09 -4.226183e-01 -9.063078e-01
    outer loop
      vertex   5.000000e+00 5.550000e+01 -7.633975e+00
      vertex   8.750000e+00 5.550000e+01 -7.633975e+00
      vertex   5.000000e+00 5.534202e+01 -7.560307e+00
    endloop
  endfacet
  facet normal -2.220505e-09 -4.226183e-01 -9.063078e-01
    outer loop
      vertex   5.000000e+00 5.550000e+01 -7.633975e+00
      vertex   5.000000e+00 5.534202e+01 -7.560307e+00
      vertex   1.250000e+00 5.534202e+01 -7.560307e+00
    endloop
  endfacet
  facet normal -2.176235e-09 -2.588190e-01 -9.659258e-01
    outer loop
      vertex   1.250000e+00 5.534202e+01 -7.560307e+00
      vertex   5.000000e+00 5.534202e+01 -7.560307e+00
      vertex   1.250000e+00 5.517365e+01 -7.515192e+00
    endloop
  endfacet
  facet normal -2.176236e-09 -2.588190e-01 -9.659258e-01
    outer loop
      vertex   1.250000e+00 5.534202e+01 -7.560307e+00
      vertex   1.250000e+00 5.517365e+01 -7.515192e+00
      vertex   -2.500000e+00 5.517365e+01 -7.515192e+00
    endloop
  endfacet
  facet normal -2.065843e-09 -8.715574e-02 -9.961947e-01
    outer loop
      vertex   -2.500000e+00 5.517365e+01 -7.515192e+00
      vertex   1.250000e+00 5.517365e+01 -7.515192e+00
      vertex   -2.500000e+01 5.500000e+01 -7.500000e+00
    endloop
  endfacet
  facet normal -1.473790e-09 -9.659258e-01 -2.588190e-01
    outer loop
      vertex   2.375000e+01 5.593969e+01 -8.157980e+00
      vertex   2.750000e+01 5.598481e+01 -8.326352e+00
      vertex   2.750000e+01 5.593969e+01 -8.157980e+00
    endloop
  endfacet
  facet normal -1.473788e-09 -9.659258e-01 -2.588190e-01
    outer loop
      vertex   5.000000e+00 5.598481e+01 -8.326352e+00
      vertex   1.250000e+00 5.593969e+01 -8.157980e+00
      vertex   1.250000e+00 5.598481e+01 -8.326352e+00
    endloop
  endfacet
  facet normal -1.473790e-09 -9.659258e-01 -2.588190e-01
    outer loop
      vertex   1.250000e+00 5.598481e+01 -8.326352e+00
      vertex   1.250000e+00 5.593969e+01 -8.157980e+00
      vertex   -2.500000e+00 5.593969e+01 -8.157980e+00
    endloop
  endfacet
  facet normal -1.473788e-09 -9.659258e-01 -2.588190e-01
    outer loop
      vertex   1.250000e+00 5.598481e+01 -8.326352e+00
      vertex   -2.500000e+00 5.593969e+01 -8.157980e+00
      vertex   -2.500000e+00 5.598481e+01 -8.326352e+00
    endloop
  endfacet
  facet normal -1.473787e-09 -9.659258e-01 -2.588190e-01
    outer loop
      vertex   -2.500000e+00 5.598481e+01 -8.326352e+00
      vertex   -2.500000e+00 5.593969e+01 -8.157980e+00
      vertex   -6.250000e+00 5.593969e+01 -8.157980e+00
    endloop
  endfacet
  facet normal -1.473786e-09 -9.659258e-01 -2.588190e-01
    outer loop
      vertex   -6.250000e+00 5.598481e+01 -8.326352e+00
      vertex   -1.000000e+01 5.593969e+01 -8.157980e+00
      vertex   -1.000000e+01 5.598481e+01 -8.326352e+00
    endloop
  endfacet
  facet normal -1.473790e-09 -9.659258e-01 -2.588190e-01
    outer loop
      vertex   -1.000000e+01 5.598481e+01 -8.326352e+00
      vertex   -1.000000e+01 5.593969e+01 -8.157980e+00
      vertex   -1.375000e+01 5.593969e+01 -8.157980e+00
    endloop
  endfacet
  facet normal -1.473790e-09 -9.659258e-01 -2.588190e-01
    outer loop
      vertex   -1.000000e+01 5.598481e+01 -8.326352e+00
      vertex   -1.375000e+01 5.593969e+01 -8.157980e+00
      vertex   -1.375000e+01 5.598481e+01 -8.326352e+00
    endloop
  endfacet
  facet normal -1.473787e-09 -9.659258e-01 -2.588190e-01
    outer loop
      vertex   -1.375000e+01 5.598481e+01 -8.326352e+00
      vertex   -1.375000e+01 5.593969e+01 -8.157980e+00
      vertex   -1.750000e+01 5.593969e+01 -8.157980e+00
    endloop
  endfacet
  facet normal -1.473788e-09 -9.659258e-01 -2.588190e-01
    outer loop
      vertex   -2.125000e+01 5.593969e+01 -8.157980e+00
      vertex   -2.125000e+01 5.598481e+01 -8.326352e+00
      vertex   -1.750000e+01 5.598481e+01 -8.326352e+00
    endloop
  endfacet
  facet normal -1.740005e-09 -9.063078e-01 -4.226183e-01
    outer loop
      vertex   4.250000e+01 5.593969e+01 -8.157980e+00
      vertex   4.625000e+01 5.593969e+01 -8.157980e+00
      vertex   4.250000e+01 5.586603e+01 -8.000000e+00
    endloop
  endfacet
  facet normal -1.740005e-09 -9.063078e-01 -4.226183e-01
    outer loop
      vertex   4.250000e+01 5.586603e+01 -8.000000e+00
      vertex   4.625000e+01 5.593969e+01 -8.157980e+00
      vertex   4.625000e+01 5.586603e+01 -8.000000e+00
    endloop
  endfacet
  facet normal -1.953350e-09 -8.191520e-01 -5.735764e-01
    outer loop
      vertex   4.250000e+01 5.586603e+01 -8.000000e+00
      vertex   4.625000e+01 5.586603e+01 -8.000000e+00
      vertex   4.250000e+01 5.576604e+01 -7.857212e+00
    endloop
  endfacet
  facet normal -1.953350e-09 -8.191520e-01 -5.735764e-01
    outer loop
      vertex   4.250000e+01 5.576604e+01 -7.857212e+00
      vertex   4.625000e+01 5.586603e+01 -8.000000e+00
      vertex   4.625000e+01 5.576604e+01 -7.857212e+00
    endloop
  endfacet
  facet normal -2.107344e-09 -7.071068e-01 -7.071068e-01
    outer loop
      vertex   4.250000e+01 5.576604e+01 -7.857212e+00
      vertex   4.625000e+01 5.576604e+01 -7.857212e+00
      vertex   4.250000e+01 5.564279e+01 -7.733956e+00
    endloop
  endfacet
  facet normal -2.107344e-09 -7.071068e-01 -7.071068e-01
    outer loop
      vertex   4.250000e+01 5.564279e+01 -7.733956e+00
      vertex   4.625000e+01 5.576604e+01 -7.857212e+00
      vertex   4.625000e+01 5.564279e+01 -7.733956e+00
    endloop
  endfacet
  facet normal -2.197307e-09 -5.735764e-01 -8.191520e-01
    outer loop
      vertex   4.250000e+01 5.564279e+01 -7.733956e+00
      vertex   4.625000e+01 5.564279e+01 -7.733956e+00
      vertex   4.250000e+01 5.550000e+01 -7.633975e+00
    endloop
  endfacet
  facet normal -2.197306e-09 -5.735764e-01 -8.191520e-01
    outer loop
      vertex   4.250000e+01 5.550000e+01 -7.633975e+00
      vertex   4.625000e+01 5.564279e+01 -7.733956e+00
      vertex   4.625000e+01 5.550000e+01 -7.633975e+00
    endloop
  endfacet
  facet normal -2.220506e-09 -4.226183e-01 -9.063078e-01
    outer loop
      vertex   4.250000e+01 5.550000e+01 -7.633975e+00
      vertex   4.625000e+01 5.550000e+01 -7.633975e+00
      vertex   4.250000e+01 5.534202e+01 -7.560307e+00
    endloop
  endfacet
  facet normal -2.220506e-09 -4.226183e-01 -9.063078e-01
    outer loop
      vertex   4.250000e+01 5.534202e+01 -7.560307e+00
      vertex   4.625000e+01 5.550000e+01 -7.633975e+00
      vertex   4.625000e+01 5.534202e+01 -7.560307e+00
    endloop
  endfacet
  facet normal -2.176236e-09 -2.588190e-01 -9.659258e-01
    outer loop
      vertex   4.250000e+01 5.534202e+01 -7.560307e+00
      vertex   4.625000e+01 5.534202e+01 -7.560307e+00
      vertex   4.250000e+01 5.517365e+01 -7.515192e+00
    endloop
  endfacet
  facet normal -2.176236e-09 -2.588190e-01 -9.659258e-01
    outer loop
      vertex   4.250000e+01 5.517365e+01 -7.515192e+00
      vertex   4.625000e+01 5.534202e+01 -7.560307e+00
      vertex   4.625000e+01 5.517365e+01 -7.515192e+00
    endloop
  endfacet
  facet normal -2.065843e-09 -8.715574e-02 -9.961947e-01
    outer loop
      vertex   4.250000e+01 5.517365e+01 -7.515192e+00
      vertex   4.625000e+01 5.517365e+01 -7.515192e+00
      vertex   5.000000e+01 5.500000e+01 -7.500000e+00
    endloop
  endfacet
  facet normal -1.740005e-09 -9.063078e-01 -4.226183e-01
    outer loop
      vertex   2.375000e+01 5.593969e+01 -8.157980e+00
      vertex   2.750000e+01 5.593969e+01 -8.157980e+00
      vertex   2.375000e+01 5.586603e+01 -8.000000e+00
    endloop
  endfacet
  facet normal -1.740005e-09 -9.063078e-01 -4.226183e-01
    outer loop
      vertex   2.375000e+01 5.586603e+01 -8.000000e+00
      vertex   2.750000e+01 5.593969e+01 -8.157980e+00
      vertex   2.750000e+01 5.586603e+01 -8.000000e+00
    endloop
  endfacet
  facet normal -1.953350e-09 -8.191520e-01 -5.735764e-01
    outer loop
      vertex   2.375000e+01 5.586603e+01 -8.000000e+00
      vertex   2.750000e+01 5.586603e+01 -8.000000e+00
      vertex   2.375000e+01 5.576604e+01 -7.857212e+00
    endloop
  endfacet
  facet normal -1.953350e-09 -8.191520e-01 -5.735764e-01
    outer loop
      vertex   2.375000e+01 5.576604e+01 -7.857212e+00
      vertex   2.750000e+01 5.586603e+01 -8.000000e+00
      vertex   2.750000e+01 5.576604e+01 -7.857212e+00
    endloop
  endfacet
  facet normal -2.107344e-09 -7.071068e-01 -7.071068e-01
    outer loop
      vertex   2.375000e+01 5.576604e+01 -7.857212e+00
      vertex   2.750000e+01 5.576604e+01 -7.857212e+00
      vertex   2.375000e+01 5.564279e+01 -7.733956e+00
    endloop
  endfacet
  facet normal -2.107344e-09 -7.071068e-01 -7.071068e-01
    outer loop
      vertex   2.375000e+01 5.564279e+01 -7.733956e+00
      vertex   2.750000e+01 5.576604e+01 -7.857212e+00
      vertex   2.750000e+01 5.564279e+01 -7.733956e+00
    endloop
  endfacet
  facet normal -2.197307e-09 -5.735764e-01 -8.191520e-01
    outer loop
      vertex   2.375000e+01 5.564279e+01 -7.733956e+00
      vertex   2.750000e+01 5.564279e+01 -7.733956e+00
      vertex   2.375000e+01 5.550000e+01 -7.633975e+00
    endloop
  endfacet
  facet normal -1.740005e-09 -9.063078e-01 -4.226183e-01
    outer loop
      vertex   1.250000e+00 5.593969e+01 -8.157980e+00
      vertex   -2.500000e+00 5.586603e+01 -8.000000e+00
      vertex   -2.500000e+00 5.593969e+01 -8.157980e+00
    endloop
  endfacet
  facet normal -1.740003e-09 -9.063078e-01 -4.226183e-01
    outer loop
      vertex   -2.500000e+00 5.593969e+01 -8.157980e+00
      vertex   -2.500000e+00 5.586603e+01 -8.000000e+00
      vertex   -6.250000e+00 5.586603e+01 -8.000000e+00
    endloop
  endfacet
  facet normal -1.740001e-09 -9.063078e-01 -4.226183e-01
    outer loop
      vertex   -2.500000e+00 5.593969e+01 -8.157980e+00
      vertex   -6.250000e+00 5.586603e+01 -8.000000e+00
      vertex   -6.250000e+00 5.593969e+01 -8.157980e+00
    endloop
  endfacet
  facet normal -1.740001e-09 -9.063078e-01 -4.226183e-01
    outer loop
      vertex   -6.250000e+00 5.593969e+01 -8.157980e+00
      vertex   -6.250000e+00 5.586603e+01 -8.000000e+00
      vertex   -1.000000e+01 5.586603e+01 -8.000000e+00
    endloop
  endfacet
  facet normal -1.740005e-09 -9.063078e-01 -4.226183e-01
    outer loop
      vertex   -1.000000e+01 5.593969e+01 -8.157980e+00
      vertex   -1.375000e+01 5.586603e+01 -8.000000e+00
      vertex   -1.375000e+01 5.593969e+01 -8.157980e+00
    endloop
  endfacet
  facet normal -1.740001e-09 -9.063078e-01 -4.226183e-01
    outer loop
      vertex   -1.375000e+01 5.593969e+01 -8.157980e+00
      vertex   -1.375000e+01 5.586603e+01 -8.000000e+00
      vertex   -1.750000e+01 5.586603e+01 -8.000000e+00
    endloop
  endfacet
  facet normal -1.740001e-09 -9.063078e-01 -4.226183e-01
    outer loop
      vertex   -1.375000e+01 5.593969e+01 -8.157980e+00
      vertex   -1.750000e+01 5.586603e+01 -8.000000e+00
      vertex   -1.750000e+01 5.593969e+01 -8.157980e+00
    endloop
  endfacet
  facet normal -1.740005e-09 -9.063078e-01 -4.226183e-01
    outer loop
      vertex   -1.750000e+01 5.593969e+01 -8.157980e+00
      vertex   -1.750000e+01 5.586603e+01 -8.000000e+00
      vertex   -2.125000e+01 5.586603e+01 -8.000000e+00
    endloop
  endfacet
  facet normal -1.740001e-09 -9.063078e-01 -4.226183e-01
    outer loop
      vertex   4.250000e+01 5.593969e+01 -8.157980e+00
      vertex   4.250000e+01 5.586603e+01 -8.000000e+00
      vertex   3.875000e+01 5.586603e+01 -8.000000e+00
    endloop
  endfacet
  facet normal -1.953347e-09 -8.191520e-01 -5.735764e-01
    outer loop
      vertex   3.875000e+01 5.586603e+01 -8.000000e+00
      vertex   4.250000e+01 5.586603e+01 -8.000000e+00
      vertex   3.875000e+01 5.576604e+01 -7.857212e+00
    endloop
  endfacet
  facet normal -1.953350e-09 -8.191520e-01 -5.735764e-01
    outer loop
      vertex   3.875000e+01 5.586603e+01 -8.000000e+00
      vertex   3.875000e+01 5.576604e+01 -7.857212e+00
      vertex   3.500000e+01 5.576604e+01 -7.857212e+00
    endloop
  endfacet
  facet normal -2.107344e-09 -7.071068e-01 -7.071068e-01
    outer loop
      vertex   3.500000e+01 5.576604e+01 -7.857212e+00
      vertex   3.875000e+01 5.576604e+01 -7.857212e+00
      vertex   3.500000e+01 5.564279e+01 -7.733956e+00
    endloop
  endfacet
  facet normal -2.107341e-09 -7.071068e-01 -7.071068e-01
    outer loop
      vertex   3.500000e+01 5.576604e+01 -7.857212e+00
      vertex   3.500000e+01 5.564279e+01 -7.733956e+00
      vertex   3.125000e+01 5.564279e+01 -7.733956e+00
    endloop
  endfacet
  facet normal -2.197305e-09 -5.735764e-01 -8.191520e-01
    outer loop
      vertex   3.125000e+01 5.564279e+01 -7.733956e+00
      vertex   3.500000e+01 5.564279e+01 -7.733956e+00
      vertex   3.125000e+01 5.550000e+01 -7.633975e+00
    endloop
  endfacet
  facet normal -2.197306e-09 -5.735764e-01 -8.191520e-01
    outer loop
      vertex   3.125000e+01 5.564279e+01 -7.733956e+00
      vertex   3.125000e+01 5.550000e+01 -7.633975e+00
      vertex   2.750000e+01 5.550000e+01 -7.633975e+00
    endloop
  endfacet
  facet normal -2.220505e-09 -4.226183e-01 -9.063078e-01
    outer loop
      vertex   2.750000e+01 5.550000e+01 -7.633975e+00
      vertex   3.125000e+01 5.550000e+01 -7.633975e+00
      vertex   2.750000e+01 5.534202e+01 -7.560307e+00
    endloop
  endfacet
  facet normal -2.220506e-09 -4.226183e-01 -9.063078e-01
    outer loop
      vertex   2.750000e+01 5.550000e+01 -7.633975e+00
      vertex   2.750000e+01 5.534202e+01 -7.560307e+00
      vertex   2.375000e+01 5.534202e+01 -7.560307e+00
    endloop
  endfacet
  facet normal -2.176236e-09 -2.588190e-01 -9.659258e-01
    outer loop
      vertex   2.375000e+01 5.534202e+01 -7.560307e+00
      vertex   2.750000e+01 5.534202e+01 -7.560307e+00
      vertex   2.375000e+01 5.517365e+01 -7.515192e+00
    endloop
  endfacet
  facet normal -2.176236e-09 -2.588190e-01 -9.659258e-01
    outer loop
      vertex   2.375000e+01 5.534202e+01 -7.560307e+00
      vertex   2.375000e+01 5.517365e+01 -7.515192e+00
      vertex   2.000000e+01 5.517365e+01 -7.515192e+00
    endloop
  endfacet
  facet normal -2.065842e-09 -8.715574e-02 -9.961947e-01
    outer loop
      vertex   2.000000e+01 5.517365e+01 -7.515192e+00
      vertex   2.375000e+01 5.517365e+01 -7.515192e+00
      vertex   5.000000e+01 5.500000e+01 -7.500000e+00
    endloop
  endfacet
  facet normal -1.953347e-09 -8.191520e-01 -5.735764e-01
    outer loop
      vertex   3.875000e+01 5.576604e+01 -7.857212e+00
      vertex   4.250000e+01 5.586603e+01 -8.000000e+00
      vertex   4.250000e+01 5.576604e+01 -7.857212e+00
    endloop
  endfacet
  facet normal -1.740001e-09 -9.063078e-01 -4.226183e-01
    outer loop
      vertex   2.375000e+01 5.593969e+01 -8.157980e+00
      vertex   2.375000e+01 5.586603e+01 -8.000000e+00
      vertex   2.000000e+01 5.586603e+01 -8.000000e+00
    endloop
  endfacet
  facet normal -1.953347e-09 -8.191520e-01 -5.735764e-01
    outer loop
      vertex   2.000000e+01 5.586603e+01 -8.000000e+00
      vertex   2.375000e+01 5.586603e+01 -8.000000e+00
      vertex   2.000000e+01 5.576604e+01 -7.857212e+00
    endloop
  endfacet
  facet normal -1.953350e-09 -8.191520e-01 -5.735764e-01
    outer loop
      vertex   2.000000e+01 5.586603e+01 -8.000000e+00
      vertex   2.000000e+01 5.576604e+01 -7.857212e+00
      vertex   1.625000e+01 5.576604e+01 -7.857212e+00
    endloop
  endfacet
  facet normal -2.107344e-09 -7.071068e-01 -7.071068e-01
    outer loop
      vertex   1.625000e+01 5.576604e+01 -7.857212e+00
      vertex   2.000000e+01 5.576604e+01 -7.857212e+00
      vertex   1.625000e+01 5.564279e+01 -7.733956e+00
    endloop
  endfacet
  facet normal -2.107341e-09 -7.071068e-01 -7.071068e-01
    outer loop
      vertex   1.625000e+01 5.576604e+01 -7.857212e+00
      vertex   1.625000e+01 5.564279e+01 -7.733956e+00
      vertex   1.250000e+01 5.564279e+01 -7.733956e+00
    endloop
  endfacet
  facet normal -2.197305e-09 -5.735764e-01 -8.191520e-01
    outer loop
      vertex   1.250000e+01 5.564279e+01 -7.733956e+00
      vertex   1.625000e+01 5.564279e+01 -7.733956e+00
      vertex   1.250000e+01 5.550000e+01 -7.633975e+00
    endloop
  endfacet
  facet normal -2.197306e-09 -5.735764e-01 -8.191520e-01
    outer loop
      vertex   1.250000e+01 5.564279e+01 -7.733956e+00
      vertex   1.250000e+01 5.550000e+01 -7.633975e+00
      vertex   8.750000e+00 5.550000e+01 -7.633975e+00
    endloop
  endfacet
  facet normal -2.220505e-09 -4.226183e-01 -9.063078e-01
    outer loop
      vertex   8.750000e+00 5.550000e+01 -7.633975e+00
      vertex   1.250000e+01 5.550000e+01 -7.633975e+00
      vertex   8.750000e+00 5.534202e+01 -7.560307e+00
    endloop
  endfacet
  facet normal -2.220506e-09 -4.226183e-01 -9.063078e-01
    outer loop
      vertex   8.750000e+00 5.550000e+01 -7.633975e+00
      vertex   8.750000e+00 5.534202e+01 -7.560307e+00
      vertex   5.000000e+00 5.534202e+01 -7.560307e+00
    endloop
  endfacet
  facet normal -2.176236e-09 -2.588190e-01 -9.659258e-01
    outer loop
      vertex   5.000000e+00 5.534202e+01 -7.560307e+00
      vertex   8.750000e+00 5.534202e+01 -7.560307e+00
      vertex   5.000000e+00 5.517365e+01 -7.515192e+00
    endloop
  endfacet
  facet normal -2.176236e-09 -2.588190e-01 -9.659258e-01
    outer loop
      vertex   5.000000e+00 5.534202e+01 -7.560307e+00
      vertex   5.000000e+00 5.517365e+01 -7.515192e+00
      vertex   1.250000e+00 5.517365e+01 -7.515192e+00
    endloop
  endfacet
  facet normal -2.065842e-09 -8.715574e-02 -9.961947e-01
    outer loop
      vertex   1.250000e+00 5.517365e+01 -7.515192e+00
      vertex   5.000000e+00 5.517365e+01 -7.515192e+00
      vertex   -2.500000e+01 5.500000e+01 -7.500000e+00
    endloop
  endfacet
  facet normal -1.953347e-09 -8.191520e-01 -5.735764e-01
    outer loop
      vertex   2.000000e+01 5.576604e+01 -7.857212e+00
      vertex   2.375000e+01 5.586603e+01 -8.000000e+00
      vertex   2.375000e+01 5.576604e+01 -7.857212e+00
    endloop
  endfacet
  facet normal -1.953348e-09 -8.191520e-01 -5.735764e-01
    outer loop
      vertex   -2.500000e+00 5.586603e+01 -8.000000e+00
      vertex   -6.250000e+00 5.576604e+01 -7.857212e+00
      vertex   -6.250000e+00 5.586603e+01 -8.000000e+00
    endloop
  endfacet
  facet normal -1.953348e-09 -8.191520e-01 -5.735764e-01
    outer loop
      vertex   -6.250000e+00 5.586603e+01 -8.000000e+00
      vertex   -6.250000e+00 5.576604e+01 -7.857212e+00
      vertex   -1.000000e+01 5.576604e+01 -7.857212e+00
    endloop
  endfacet
  facet normal -1.953347e-09 -8.191520e-01 -5.735764e-01
    outer loop
      vertex   -6.250000e+00 5.586603e+01 -8.000000e+00
      vertex   -1.000000e+01 5.576604e+01 -7.857212e+00
      vertex   -1.000000e+01 5.586603e+01 -8.000000e+00
    endloop
  endfacet
  facet normal -1.953350e-09 -8.191520e-01 -5.735764e-01
    outer loop
      vertex   -1.000000e+01 5.586603e+01 -8.000000e+00
      vertex   -1.000000e+01 5.576604e+01 -7.857212e+00
      vertex   -1.375000e+01 5.576604e+01 -7.857212e+00
    endloop
  endfacet
  facet normal -1.953350e-09 -8.191520e-01 -5.735764e-01
    outer loop
      vertex   -2.125000e+01 5.576604e+01 -7.857212e+00
      vertex   -2.125000e+01 5.586603e+01 -8.000000e+00
      vertex   -1.750000e+01 5.586603e+01 -8.000000e+00
    endloop
  endfacet
  facet normal -1.953350e-09 -8.191520e-01 -5.735764e-01
    outer loop
      vertex   -2.125000e+01 5.576604e+01 -7.857212e+00
      vertex   -1.750000e+01 5.586603e+01 -8.000000e+00
      vertex   -1.750000e+01 5.576604e+01 -7.857212e+00
    endloop
  endfacet
  facet normal -1.953347e-09 -8.191520e-01 -5.735764e-01
    outer loop
      vertex   -1.750000e+01 5.576604e+01 -7.857212e+00
      vertex   -1.750000e+01 5.586603e+01 -8.000000e+00
      vertex   -1.375000e+01 5.586603e+01 -8.000000e+00
    endloop
  endfacet
  facet normal -2.107341e-09 -7.071068e-01 -7.071068e-01
    outer loop
      vertex   3.875000e+01 5.576604e+01 -7.857212e+00
      vertex   4.250000e+01 5.576604e+01 -7.857212e+00
      vertex   3.875000e+01 5.564279e+01 -7.733956e+00
    endloop
  endfacet
  facet normal -2.107341e-09 -7.071068e-01 -7.071068e-01
    outer loop
      vertex   3.875000e+01 5.564279e+01 -7.733956e+00
      vertex   4.250000e+01 5.576604e+01 -7.857212e+00
      vertex   4.250000e+01 5.564279e+01 -7.733956e+00
    endloop
  endfacet
  facet normal -2.197305e-09 -5.735764e-01 -8.191520e-01
    outer loop
      vertex   3.875000e+01 5.564279e+01 -7.733956e+00
      vertex   4.250000e+01 5.564279e+01 -7.733956e+00
      vertex   3.875000e+01 5.550000e+01 -7.633975e+00
    endloop
  endfacet
  facet normal -2.197306e-09 -5.735764e-01 -8.191520e-01
    outer loop
      vertex   3.875000e+01 5.550000e+01 -7.633975e+00
      vertex   4.250000e+01 5.564279e+01 -7.733956e+00
      vertex   4.250000e+01 5.550000e+01 -7.633975e+00
    endloop
  endfacet
  facet normal -2.220505e-09 -4.226183e-01 -9.063078e-01
    outer loop
      vertex   3.875000e+01 5.550000e+01 -7.633975e+00
      vertex   4.250000e+01 5.550000e+01 -7.633975e+00
      vertex   3.875000e+01 5.534202e+01 -7.560307e+00
    endloop
  endfacet
  facet normal -2.220505e-09 -4.226183e-01 -9.063078e-01
    outer loop
      vertex   3.875000e+01 5.534202e+01 -7.560307e+00
      vertex   4.250000e+01 5.550000e+01 -7.633975e+00
      vertex   4.250000e+01 5.534202e+01 -7.560307e+00
    endloop
  endfacet
  facet normal -2.176235e-09 -2.588190e-01 -9.659258e-01
    outer loop
      vertex   3.875000e+01 5.534202e+01 -7.560307e+00
      vertex   4.250000e+01 5.534202e+01 -7.560307e+00
      vertex   3.875000e+01 5.517365e+01 -7.515192e+00
    endloop
  endfacet
  facet normal -2.176236e-09 -2.588190e-01 -9.659258e-01
    outer loop
      vertex   3.875000e+01 5.517365e+01 -7.515192e+00
      vertex   4.250000e+01 5.534202e+01 -7.560307e+00
      vertex   4.250000e+01 5.517365e+01 -7.515192e+00
    endloop
  endfacet
  facet normal -2.065842e-09 -8.715574e-02 -9.961947e-01
    outer loop
      vertex   3.875000e+01 5.517365e+01 -7.515192e+00
      vertex   4.250000e+01 5.517365e+01 -7.515192e+00
      vertex   5.000000e+01 5.500000e+01 -7.500000e+00
    endloop
  endfacet
  facet normal -2.107341e-09 -7.071068e-01 -7.071068e-01
    outer loop
      vertex   2.000000e+01 5.576604e+01 -7.857212e+00
      vertex   2.375000e+01 5.576604e+01 -7.857212e+00
      vertex   2.000000e+01 5.564279e+01 -7.733956e+00
    endloop
  endfacet
  facet normal -2.107341e-09 -7.071068e-01 -7.071068e-01
    outer loop
      vertex   2.000000e+01 5.564279e+01 -7.733956e+00
      vertex   2.375000e+01 5.576604e+01 -7.857212e+00
      vertex   2.375000e+01 5.564279e+01 -7.733956e+00
    endloop
  endfacet
  facet normal -2.197305e-09 -5.735764e-01 -8.191520e-01
    outer loop
      vertex   2.000000e+01 5.564279e+01 -7.733956e+00
      vertex   2.375000e+01 5.564279e+01 -7.733956e+00
      vertex   2.000000e+01 5.550000e+01 -7.633975e+00
    endloop
  endfacet
  facet normal -2.197306e-09 -5.735764e-01 -8.191520e-01
    outer loop
      vertex   2.000000e+01 5.550000e+01 -7.633975e+00
      vertex   2.375000e+01 5.564279e+01 -7.733956e+00
      vertex   2.375000e+01 5.550000e+01 -7.633975e+00
    endloop
  endfacet
  facet normal -2.220505e-09 -4.226183e-01 -9.063078e-01
    outer loop
      vertex   2.000000e+01 5.550000e+01 -7.633975e+00
      vertex   2.375000e+01 5.550000e+01 -7.633975e+00
      vertex   2.000000e+01 5.534202e+01 -7.560307e+00
    endloop
  endfacet
  facet normal -2.107342e-09 -7.071068e-01 -7.071068e-01
    outer loop
      vertex   -6.250000e+00 5.576604e+01 -7.857212e+00
      vertex   -1.000000e+01 5.564279e+01 -7.733956e+00
      vertex   -1.000000e+01 5.576604e+01 -7.857212e+00
    endloop
  endfacet
  facet normal -2.107344e-09 -7.071068e-01 -7.071068e-01
    outer loop
      vertex   -1.000000e+01 5.576604e+01 -7.857212e+00
      vertex   -1.000000e+01 5.564279e+01 -7.733956e+00
      vertex   -1.375000e+01 5.564279e+01 -7.733956e+00
    endloop
  endfacet
  facet normal -2.107344e-09 -7.071068e-01 -7.071068e-01
    outer loop
      vertex   -1.000000e+01 5.576604e+01 -7.857212e+00
      vertex   -1.375000e+01 5.564279e+01 -7.733956e+00
      vertex   -1.375000e+01 5.576604e+01 -7.857212e+00
    endloop
  endfacet
  facet normal -2.107341e-09 -7.071068e-01 -7.071068e-01
    outer loop
      vertex   -1.375000e+01 5.576604e+01 -7.857212e+00
      vertex   -1.375000e+01 5.564279e+01 -7.733956e+00
      vertex   -1.750000e+01 5.564279e+01 -7.733956e+00
    endloop
  endfacet
  facet normal -2.107344e-09 -7.071068e-01 -7.071068e-01
    outer loop
      vertex   -2.125000e+01 5.564279e+01 -7.733956e+00
      vertex   -2.125000e+01 5.576604e+01 -7.857212e+00
      vertex   -1.750000e+01 5.576604e+01 -7.857212e+00
    endloop
  endfacet
  facet normal -2.107344e-09 -7.071068e-01 -7.071068e-01
    outer loop
      vertex   3.875000e+01 5.576604e+01 -7.857212e+00
      vertex   3.875000e+01 5.564279e+01 -7.733956e+00
      vertex   3.500000e+01 5.564279e+01 -7.733956e+00
    endloop
  endfacet
  facet normal -2.197307e-09 -5.735764e-01 -8.191520e-01
    outer loop
      vertex   3.500000e+01 5.564279e+01 -7.733956e+00
      vertex   3.875000e+01 5.564279e+01 -7.733956e+00
      vertex   3.500000e+01 5.550000e+01 -7.633975e+00
    endloop
  endfacet
  facet normal -2.197306e-09 -5.735764e-01 -8.191520e-01
    outer loop
      vertex   3.500000e+01 5.564279e+01 -7.733956e+00
      vertex   3.500000e+01 5.550000e+01 -7.633975e+00
      vertex   3.125000e+01 5.550000e+01 -7.633975e+00
    endloop
  endfacet
  facet normal -2.220505e-09 -4.226183e-01 -9.063078e-01
    outer loop
      vertex   3.125000e+01 5.550000e+01 -7.633975e+00
      vertex   3.500000e+01 5.550000e+01 -7.633975e+00
      vertex   3.125000e+01 5.534202e+01 -7.560307e+00
    endloop
  endfacet
  facet normal -2.220505e-09 -4.226183e-01 -9.063078e-01
    outer loop
      vertex   3.125000e+01 5.550000e+01 -7.633975e+00
      vertex   3.125000e+01 5.534202e+01 -7.560307e+00
      vertex   2.750000e+01 5.534202e+01 -7.560307e+00
    endloop
  endfacet
  facet normal -2.176236e-09 -2.588190e-01 -9.659258e-01
    outer loop
      vertex   2.750000e+01 5.534202e+01 -7.560307e+00
      vertex   3.125000e+01 5.534202e+01 -7.560307e+00
      vertex   2.750000e+01 5.517365e+01 -7.515192e+00
    endloop
  endfacet
  facet normal -2.176236e-09 -2.588190e-01 -9.659258e-01
    outer loop
      vertex   2.750000e+01 5.534202e+01 -7.560307e+00
      vertex   2.750000e+01 5.517365e+01 -7.515192e+00
      vertex   2.375000e+01 5.517365e+01 -7.515192e+00
    endloop
  endfacet
  facet normal -2.065843e-09 -8.715574e-02 -9.961947e-01
    outer loop
      vertex   2.375000e+01 5.517365e+01 -7.515192e+00
      vertex   2.750000e+01 5.517365e+01 -7.515192e+00
      vertex   5.000000e+01 5.500000e+01 -7.500000e+00
    endloop
  endfacet
  facet normal -2.197306e-09 -5.735764e-01 -8.191520e-01
    outer loop
      vertex   3.500000e+01 5.550000e+01 -7.633975e+00
      vertex   3.875000e+01 5.564279e+01 -7.733956e+00
      vertex   3.875000e+01 5.550000e+01 -7.633975e+00
    endloop
  endfacet
  facet normal -2.107344e-09 -7.071068e-01 -7.071068e-01
    outer loop
      vertex   2.000000e+01 5.576604e+01 -7.857212e+00
      vertex   2.000000e+01 5.564279e+01 -7.733956e+00
      vertex   1.625000e+01 5.564279e+01 -7.733956e+00
    endloop
  endfacet
  facet normal -2.197307e-09 -5.735764e-01 -8.191520e-01
    outer loop
      vertex   1.625000e+01 5.564279e+01 -7.733956e+00
      vertex   2.000000e+01 5.564279e+01 -7.733956e+00
      vertex   1.625000e+01 5.550000e+01 -7.633975e+00
    endloop
  endfacet
  facet normal -2.197306e-09 -5.735764e-01 -8.191520e-01
    outer loop
      vertex   1.625000e+01 5.564279e+01 -7.733956e+00
      vertex   1.625000e+01 5.550000e+01 -7.633975e+00
      vertex   1.250000e+01 5.550000e+01 -7.633975e+00
    endloop
  endfacet
  facet normal -2.220505e-09 -4.226183e-01 -9.063078e-01
    outer loop
      vertex   1.250000e+01 5.550000e+01 -7.633975e+00
      vertex   1.625000e+01 5.550000e+01 -7.633975e+00
      vertex   1.250000e+01 5.534202e+01 -7.560307e+00
    endloop
  endfacet
  facet normal -2.220505e-09 -4.226183e-01 -9.063078e-01
    outer loop
      vertex   1.250000e+01 5.550000e+01 -7.633975e+00
      vertex   1.250000e+01 5.534202e+01 -7.560307e+00
      vertex   8.750000e+00 5.534202e+01 -7.560307e+00
    endloop
  endfacet
  facet normal -2.176236e-09 -2.588190e-01 -9.659258e-01
    outer loop
      vertex   8.750000e+00 5.534202e+01 -7.560307e+00
      vertex   1.250000e+01 5.534202e+01 -7.560307e+00
      vertex   8.750000e+00 5.517365e+01 -7.515192e+00
    endloop
  endfacet
  facet normal -2.176236e-09 -2.588190e-01 -9.659258e-01
    outer loop
      vertex   8.750000e+00 5.534202e+01 -7.560307e+00
      vertex   8.750000e+00 5.517365e+01 -7.515192e+00
      vertex   5.000000e+00 5.517365e+01 -7.515192e+00
    endloop
  endfacet
  facet normal -2.065843e-09 -8.715574e-02 -9.961947e-01
    outer loop
      vertex   5.000000e+00 5.517365e+01 -7.515192e+00
      vertex   8.750000e+00 5.517365e+01 -7.515192e+00
      vertex   -2.500000e+01 5.500000e+01 -7.500000e+00
    endloop
  endfacet
  facet normal -2.197306e-09 -5.735764e-01 -8.191520e-01
    outer loop
      vertex   1.625000e+01 5.550000e+01 -7.633975e+00
      vertex   2.000000e+01 5.564279e+01 -7.733956e+00
      vertex   2.000000e+01 5.550000e+01 -7.633975e+00
    endloop
  endfacet
  facet normal -2.197307e-09 -5.735764e-01 -8.191520e-01
    outer loop
      vertex   -1.000000e+01 5.564279e+01 -7.733956e+00
      vertex   -1.375000e+01 5.550000e+01 -7.633975e+00
      vertex   -1.375000e+01 5.564279e+01 -7.733956e+00
    endloop
  endfacet
  facet normal -2.197306e-09 -5.735764e-01 -8.191520e-01
    outer loop
      vertex   -1.375000e+01 5.564279e+01 -7.733956e+00
      vertex   -1.375000e+01 5.550000e+01 -7.633975e+00
      vertex   -1.750000e+01 5.550000e+01 -7.633975e+00
    endloop
  endfacet
  facet normal -2.197305e-09 -5.735764e-01 -8.191520e-01
    outer loop
      vertex   -1.375000e+01 5.564279e+01 -7.733956e+00
      vertex   -1.750000e+01 5.550000e+01 -7.633975e+00
      vertex   -1.750000e+01 5.564279e+01 -7.733956e+00
    endloop
  endfacet
  facet normal -2.197306e-09 -5.735764e-01 -8.191520e-01
    outer loop
      vertex   -1.750000e+01 5.564279e+01 -7.733956e+00
      vertex   -1.750000e+01 5.550000e+01 -7.633975e+00
      vertex   -2.125000e+01 5.550000e+01 -7.633975e+00
    endloop
  endfacet
  facet normal -2.220506e-09 -4.226183e-01 -9.063078e-01
    outer loop
      vertex   3.500000e+01 5.550000e+01 -7.633975e+00
      vertex   3.875000e+01 5.550000e+01 -7.633975e+00
      vertex   3.500000e+01 5.534202e+01 -7.560307e+00
    endloop
  endfacet
  facet normal -2.220506e-09 -4.226183e-01 -9.063078e-01
    outer loop
      vertex   3.500000e+01 5.534202e+01 -7.560307e+00
      vertex   3.875000e+01 5.550000e+01 -7.633975e+00
      vertex   3.875000e+01 5.534202e+01 -7.560307e+00
    endloop
  endfacet
  facet normal -2.176236e-09 -2.588190e-01 -9.659258e-01
    outer loop
      vertex   3.500000e+01 5.534202e+01 -7.560307e+00
      vertex   3.875000e+01 5.534202e+01 -7.560307e+00
      vertex   3.500000e+01 5.517365e+01 -7.515192e+00
    endloop
  endfacet
  facet normal -2.176236e-09 -2.588190e-01 -9.659258e-01
    outer loop
      vertex   3.500000e+01 5.517365e+01 -7.515192e+00
      vertex   3.875000e+01 5.534202e+01 -7.560307e+00
      vertex   3.875000e+01 5.517365e+01 -7.515192e+00
    endloop
  endfacet
  facet normal -2.065843e-09 -8.715574e-02 -9.961947e-01
    outer loop
      vertex   3.500000e+01 5.517365e+01 -7.515192e+00
      vertex   3.875000e+01 5.517365e+01 -7.515192e+00
      vertex   5.000000e+01 5.500000e+01 -7.500000e+00
    endloop
  endfacet
  facet normal -2.220506e-09 -4.226183e-01 -9.063078e-01
    outer loop
      vertex   1.625000e+01 5.550000e+01 -7.633975e+00
      vertex   2.000000e+01 5.550000e+01 -7.633975e+00
      vertex   1.625000e+01 5.534202e+01 -7.560307e+00
    endloop
  endfacet
  facet normal -2.220506e-09 -4.226183e-01 -9.063078e-01
    outer loop
      vertex   1.625000e+01 5.534202e+01 -7.560307e+00
      vertex   2.000000e+01 5.550000e+01 -7.633975e+00
      vertex   2.000000e+01 5.534202e+01 -7.560307e+00
    endloop
  endfacet
  facet normal -2.176236e-09 -2.588190e-01 -9.659258e-01
    outer loop
      vertex   1.625000e+01 5.534202e+01 -7.560307e+00
      vertex   2.000000e+01 5.534202e+01 -7.560307e+00
      vertex   1.625000e+01 5.517365e+01 -7.515192e+00
    endloop
  endfacet
  facet normal -2.220506e-09 -4.226183e-01 -9.063078e-01
    outer loop
      vertex   -2.125000e+01 5.534202e+01 -7.560307e+00
      vertex   -2.125000e+01 5.550000e+01 -7.633975e+00
      vertex   -1.750000e+01 5.550000e+01 -7.633975e+00
    endloop
  endfacet
  facet normal -2.220506e-09 -4.226183e-01 -9.063078e-01
    outer loop
      vertex   -2.125000e+01 5.534202e+01 -7.560307e+00
      vertex   -1.750000e+01 5.550000e+01 -7.633975e+00
      vertex   -1.750000e+01 5.534202e+01 -7.560307e+00
    endloop
  endfacet
  facet normal -2.220505e-09 -4.226183e-01 -9.063078e-01
    outer loop
      vertex   -1.750000e+01 5.534202e+01 -7.560307e+00
      vertex   -1.750000e+01 5.550000e+01 -7.633975e+00
      vertex   -1.375000e+01 5.550000e+01 -7.633975e+00
    endloop
  endfacet
  facet normal -2.220505e-09 -4.226183e-01 -9.063078e-01
    outer loop
      vertex   3.500000e+01 5.550000e+01 -7.633975e+00
      vertex   3.500000e+01 5.534202e+01 -7.560307e+00
      vertex   3.125000e+01 5.534202e+01 -7.560307e+00
    endloop
  endfacet
  facet normal -2.176235e-09 -2.588190e-01 -9.659258e-01
    outer loop
      vertex   3.125000e+01 5.534202e+01 -7.560307e+00
      vertex   3.500000e+01 5.534202e+01 -7.560307e+00
      vertex   3.125000e+01 5.517365e+01 -7.515192e+00
    endloop
  endfacet
  facet normal -2.176236e-09 -2.588190e-01 -9.659258e-01
    outer loop
      vertex   3.125000e+01 5.534202e+01 -7.560307e+00
      vertex   3.125000e+01 5.517365e+01 -7.515192e+00
      vertex   2.750000e+01 5.517365e+01 -7.515192e+00
    endloop
  endfacet
  facet normal -2.065842e-09 -8.715574e-02 -9.961947e-01
    outer loop
      vertex   2.750000e+01 5.517365e+01 -7.515192e+00
      vertex   3.125000e+01 5.517365e+01 -7.515192e+00
      vertex   5.000000e+01 5.500000e+01 -7.500000e+00
    endloop
  endfacet
  facet normal -2.176236e-09 -2.588190e-01 -9.659258e-01
    outer loop
      vertex   3.125000e+01 5.517365e+01 -7.515192e+00
      vertex   3.500000e+01 5.534202e+01 -7.560307e+00
      vertex   3.500000e+01 5.517365e+01 -7.515192e+00
    endloop
  endfacet
  facet normal -2.220505e-09 -4.226183e-01 -9.063078e-01
    outer loop
      vertex   1.625000e+01 5.550000e+01 -7.633975e+00
      vertex   1.625000e+01 5.534202e+01 -7.560307e+00
      vertex   1.250000e+01 5.534202e+01 -7.560307e+00
    endloop
  endfacet
  facet normal -2.176235e-09 -2.588190e-01 -9.659258e-01
    outer loop
      vertex   1.250000e+01 5.534202e+01 -7.560307e+00
      vertex   1.625000e+01 5.534202e+01 -7.560307e+00
      vertex   1.250000e+01 5.517365e+01 -7.515192e+00
    endloop
  endfacet
  facet normal -2.176236e-09 -2.588190e-01 -9.659258e-01
    outer loop
      vertex   1.250000e+01 5.534202e+01 -7.560307e+00
      vertex   1.250000e+01 5.517365e+01 -7.515192e+00
      vertex   8.750000e+00 5.517365e+01 -7.515192e+00
    endloop
  endfacet
  facet normal -2.065842e-09 -8.715574e-02 -9.961947e-01
    outer loop
      vertex   8.750000e+00 5.517365e+01 -7.515192e+00
      vertex   1.250000e+01 5.517365e+01 -7.515192e+00
      vertex   -2.500000e+01 5.500000e+01 -7.500000e+00
    endloop
  endfacet
  facet normal -2.176236e-09 -2.588190e-01 -9.659258e-01
    outer loop
      vertex   1.250000e+01 5.517365e+01 -7.515192e+00
      vertex   1.625000e+01 5.534202e+01 -7.560307e+00
      vertex   1.625000e+01 5.517365e+01 -7.515192e+00
    endloop
  endfacet
  facet normal -2.176236e-09 -2.588190e-01 -9.659258e-01
    outer loop
      vertex   -2.125000e+01 5.517365e+01 -7.515192e+00
      vertex   -2.125000e+01 5.534202e+01 -7.560307e+00
      vertex   -1.750000e+01 5.534202e+01 -7.560307e+00
    endloop
  endfacet
  facet normal -2.065842e-09 -8.715574e-02 -9.961947e-01
    outer loop
      vertex   5.000000e+01 5.500000e+01 -7.500000e+00
      vertex   3.125000e+01 5.517365e+01 -7.515192e+00
      vertex   3.500000e+01 5.517365e+01 -7.515192e+00
    endloop
  endfacet
  facet normal 1.000000e+00 0.000000e+00 -0.000000e+00
    outer loop
      vertex   -2.500000e+01 5.517365e+01 -9.484808e+00
      vertex   -2.500000e+01 5.534202e+01 -9.439693e+00
      vertex   -2.500000e+01 5.500000e+01 -9.500000e+00
    endloop
  endfacet
  facet normal 1.000000e+00 0.000000e+00 0.000000e+00
    outer loop
      vertex   -2.500000e+01 5.500000e+01 -9.500000e+00
      vertex   -2.500000e+01 5.534202e+01 -9.439693e+00
      vertex   -2.500000e+01 5.550000e+01 -9.366025e+00
    endloop
  endfacet
  facet normal 1.000000e+00 0.000000e+00 0.000000e+00
    outer loop
      vertex   -2.500000e+01 5.500000e+01 -9.500000e+00
      vertex   -2.500000e+01 5.550000e+01 -9.366025e+00
      vertex   -2.500000e+01 5.564279e+01 -9.266044e+00
    endloop
  endfacet
  facet normal 1.000000e+00 0.000000e+00 -0.000000e+00
    outer loop
      vertex   -2.500000e+01 5.564279e+01 -9.266044e+00
      vertex   -2.500000e+01 5.576604e+01 -9.142788e+00
      vertex   -2.500000e+01 5.500000e+01 -9.500000e+00
    endloop
  endfacet
  facet normal 1.000000e+00 0.000000e+00 0.000000e+00
    outer loop
      vertex   -2.500000e+01 5.500000e+01 -9.500000e+00
      vertex   -2.500000e+01 5.576604e+01 -9.142788e+00
      vertex   -2.500000e+01 5.586603e+01 -9.000000e+00
    endloop
  endfacet
  facet normal 1.000000e+00 0.000000e+00 0.000000e+00
    outer loop
      vertex   -2.500000e+01 5.500000e+01 -9.500000e+00
      vertex   -2.500000e+01 5.586603e+01 -9.000000e+00
      vertex   -2.500000e+01 5.593969e+01 -8.842020e+00
    endloop
  endfacet
  facet normal 1.000000e+00 0.000000e+00 -0.000000e+00
    outer loop
      vertex   -2.500000e+01 5.593969e+01 -8.842020e+00
      vertex   -2.500000e+01 5.598481e+01 -8.673648e+00
      vertex   -2.500000e+01 5.500000e+01 -9.500000e+00
    endloop
  endfacet
  facet normal 1.000000e+00 0.000000e+00 0.000000e+00
    outer loop
      vertex   -2.500000e+01 5.500000e+01 -9.500000e+00
      vertex   -2.500000e+01 5.598481e+01 -8.673648e+00
      vertex   -2.500000e+01 5.600000e+01 -8.500000e+00
    endloop
  endfacet
  facet normal 1.000000e+00 0.000000e+00 0.000000e+00
    outer loop
      vertex   -2.500000e+01 5.500000e+01 -9.500000e+00
      vertex   -2.500000e+01 5.600000e+01 -8.500000e+00
      vertex   -2.500000e+01 5.500000e+01 -7.500000e+00
    endloop
  endfacet
  facet normal 1.000000e+00 0.000000e+00 0.000000e+00
    outer loop
      vertex   -2.500000e+01 5.500000e+01 -7.500000e+00
      vertex   -2.500000e+01 5.600000e+01 -8.500000e+00
      vertex   -2.500000e+01 5.598481e+01 -8.326352e+00
    endloop
  endfacet
  facet normal 1.000000e+00 0.000000e+00 0.000000e+00
    outer loop
      vertex   -2.500000e+01 5.500000e+01 -7.500000e+00
      vertex   -2.500000e+01 5.598481e+01 -8.326352e+00
      vertex   -2.500000e+01 5.593969e+01 -8.157980e+00
    endloop
  endfacet
  facet normal 1.000000e+00 0.000000e+00 0.000000e+00
    outer loop
      vertex   -2.500000e+01 5.593969e+01 -8.157980e+00
      vertex   -2.500000e+01 5.586603e+01 -8.000000e+00
      vertex   -2.500000e+01 5.500000e+01 -7.500000e+00
    endloop
  endfacet
  facet normal 1.000000e+00 0.000000e+00 0.000000e+00
    outer loop
      vertex   -2.500000e+01 5.500000e+01 -7.500000e+00
      vertex   -2.500000e+01 5.586603e+01 -8.000000e+00
      vertex   -2.500000e+01 5.576604e+01 -7.857212e+00
    endloop
  endfacet
  facet normal 1.000000e+00 0.000000e+00 0.000000e+00
    outer loop
      vertex   -2.500000e+01 5.500000e+01 -7.500000e+00
      vertex   -2.500000e+01 5.576604e+01 -7.857212e+00
      vertex   -2.500000e+01 5.564279e+01 -7.733956e+00
    endloop
  endfacet
  facet normal 1.000000e+00 0.000000e+00 0.000000e+00
    outer loop
      vertex   -2.500000e+01 5.564279e+01 -7.733956e+00
      vertex   -2.500000e+01 5.550000e+01 -7.633975e+00
      vertex   -2.500000e+01 5.500000e+01 -7.500000e+00
    endloop
  endfacet
  facet normal 1.000000e+00 0.000000e+00 0.000000e+00
    outer loop
      vertex   -2.500000e+01 5.500000e+01 -7.500000e+00
      vertex   -2.500000e+01 5.550000e+01 -7.633975e+00
      vertex   -2.500000e+01 5.534202e+01 -7.560307e+00
    endloop
  endfacet
  facet normal 1.000000e+00 0.000000e+00 0.000000e+00
    outer loop
      vertex   -2.500000e+01 5.500000e+01 -7.500000e+00
      vertex   -2.500000e+01 5.534202e+01 -7.560307e+00
      vertex   -2.500000e+01 5.517365e+01 -7.515192e+00
    endloop
  endfacet
  facet normal 1.000000e+00 0.000000e+00 0.000000e+00
    outer loop
      vertex   -2.500000e+01 5.500000e+01 2.000000e+01
      vertex   -2.500000e+01 5.000000e+00 -7.500000e+00
      vertex   -2.500000e+01 5.500000e+01 -7.500000e+00
    endloop
  endfacet
  facet normal 1.000000e+00 0.000000e+00 0.000000e+00
    outer loop
      vertex   -2.500000e+01 5.500000e+01 -7.500000e+00
      vertex   -2.500000e+01 5.000000e+00 -7.500000e+00
      vertex   -2.500000e+01 5.000000e+00 -9.500000e+00
    endloop
  endfacet
  facet normal 1.000000e+00 0.000000e+00 0.000000e+00
    outer loop
      vertex   -2.500000e+01 5.500000e+01 -7.500000e+00
      vertex   -2.500000e+01 5.000000e+00 -9.500000e+00
      vertex   -2.500000e+01 5.500000e+01 -9.500000e+00
    endloop
  endfacet
  facet normal 1.000000e+00 0.000000e+00 0.000000e+00
    outer loop
      vertex   -2.500000e+01 5.500000e+01 -9.500000e+00
      vertex   -2.500000e+01 5.000000e+00 -9.500000e+00
      vertex   -2.500000e+01 5.000000e+00 -1.000000e+01
    endloop
  endfacet
  facet normal 1.000000e+00 0.000000e+00 0.000000e+00
    outer loop
      vertex   -2.500000e+01 5.500000e+01 -9.500000e+00
      vertex   -2.500000e+01 5.000000e+00 -1.000000e+01
      vertex   -2.500000e+01 5.500000e+01 -1.000000e+01
    endloop
  endfacet
  facet normal 1.000000e+00 0.000000e+00 0.000000e+00
    outer loop
      vertex   -2.500000e+01 5.500000e+01 2.000000e+01
      vertex   -2.500000e+01 5.000000e+00 2.000000e+01
      vertex   -2.500000e+01 5.000000e+00 -7.500000e+00
    endloop
  endfacet
  facet normal 1.000000e+00 -0.000000e+00 0.000000e+00
    outer loop
      vertex   -2.500000e+01 4.826352e+00 -7.515192e+00
      vertex   -2.500000e+01 4.657980e+00 -7.560307e+00
      vertex   -2.500000e+01 5.000000e+00 -7.500000e+00
    endloop
  endfacet
  facet normal 1.000000e+00 0.000000e+00 0.000000e+00
    outer loop
      vertex   -2.500000e+01 5.000000e+00 -7.500000e+00
      vertex   -2.500000e+01 4.657980e+00 -7.560307e+00
      vertex   -2.500000e+01 4.500000e+00 -7.633975e+00
    endloop
  endfacet
  facet normal 1.000000e+00 0.000000e+00 0.000000e+00
    outer loop
      vertex   -2.500000e+01 5.000000e+00 -7.500000e+00
      vertex   -2.500000e+01 4.500000e+00 -7.633975e+00
      vertex   -2.500000e+01 4.357212e+00 -7.733956e+00
    endloop
  endfacet
  facet normal 1.000000e+00 -0.000000e+00 0.000000e+00
    outer loop
      vertex   -2.500000e+01 4.357212e+00 -7.733956e+00
      vertex   -2.500000e+01 4.233956e+00 -7.857212e+00
      vertex   -2.500000e+01 5.000000e+00 -7.500000e+00
    endloop
  endfacet
  facet normal 1.000000e+00 0.000000e+00 0.000000e+00
    outer loop
      vertex   -2.500000e+01 5.000000e+00 -7.500000e+00
      vertex   -2.500000e+01 4.233956e+00 -7.857212e+00
      vertex   -2.500000e+01 4.133975e+00 -8.000000e+00
    endloop
  endfacet
  facet normal 1.000000e+00 0.000000e+00 0.000000e+00
    outer loop
      vertex   -2.500000e+01 5.000000e+00 -7.500000e+00
      vertex   -2.500000e+01 4.133975e+00 -8.000000e+00
      vertex   -2.500000e+01 4.060307e+00 -8.157980e+00
    endloop
  endfacet
  facet normal 1.000000e+00 -0.000000e+00 0.000000e+00
    outer loop
      vertex   -2.500000e+01 4.060307e+00 -8.157980e+00
      vertex   -2.500000e+01 4.015192e+00 -8.326352e+00
      vertex   -2.500000e+01 5.000000e+00 -7.500000e+00
    endloop
  endfacet
  facet normal 1.000000e+00 0.000000e+00 0.000000e+00
    outer loop
      vertex   -2.500000e+01 5.000000e+00 -7.500000e+00
      vertex   -2.500000e+01 4.015192e+00 -8.326352e+00
      vertex   -2.500000e+01 4.000000e+00 -8.500000e+00
    endloop
  endfacet
  facet normal 1.000000e+00 0.000000e+00 0.000000e+00
    outer loop
      vertex   -2.500000e+01 5.000000e+00 -7.500000e+00
      vertex   -2.500000e+01 4.000000e+00 -8.500000e+00
      vertex   -2.500000e+01 5.000000e+00 -9.500000e+00
    endloop
  endfacet
  facet normal 1.000000e+00 0.000000e+00 0.000000e+00
    outer loop
      vertex   -2.500000e+01 5.000000e+00 -9.500000e+00
      vertex   -2.500000e+01 4.000000e+00 -8.500000e+00
      vertex   -2.500000e+01 4.015192e+00 -8.673648e+00
    endloop
  endfacet
  facet normal 1.000000e+00 0.000000e+00 0.000000e+00
    outer loop
      vertex   -2.500000e+01 5.000000e+00 -9.500000e+00
      vertex   -2.500000e+01 4.015192e+00 -8.673648e+00
      vertex   -2.500000e+01 4.060307e+00 -8.842020e+00
    endloop
  endfacet
  facet normal 1.000000e+00 0.000000e+00 0.000000e+00
    outer loop
      vertex   -2.500000e+01 4.060307e+00 -8.842020e+00
      vertex   -2.500000e+01 4.133975e+00 -9.000000e+00
      vertex   -2.500000e+01 5.000000e+00 -9.500000e+00
    endloop
  endfacet
  facet normal 1.000000e+00 0.000000e+00 0.000000e+00
    outer loop
      vertex   -2.500000e+01 5.000000e+00 -9.500000e+00
      vertex   -2.500000e+01 4.133975e+00 -9.000000e+00
      vertex   -2.500000e+01 4.233956e+00 -9.142788e+00
    endloop
  endfacet
  facet normal 1.000000e+00 0.000000e+00 0.000000e+00
    outer loop
      vertex   -2.500000e+01 5.000000e+00 -9.500000e+00
      vertex   -2.500000e+01 4.233956e+00 -9.142788e+00
      vertex   -2.500000e+01 4.357212e+00 -9.266044e+00
    endloop
  endfacet
  facet normal 1.000000e+00 0.000000e+00 0.000000e+00
    outer loop
      vertex   -2.500000e+01 4.357212e+00 -9.266044e+00
      vertex   -2.500000e+01 4.500000e+00 -9.366025e+00
      vertex   -2.500000e+01 5.000000e+00 -9.500000e+00
    endloop
  endfacet
  facet normal 1.000000e+00 0.000000e+00 0.000000e+00
    outer loop
      vertex   -2.500000e+01 5.000000e+00 -9.500000e+00
      vertex   -2.500000e+01 4.500000e+00 -9.366025e+00
      vertex   -2.500000e+01 4.657980e+00 -9.439693e+00
    endloop
  endfacet
  facet normal 1.000000e+00 0.000000e+00 0.000000e+00
    outer loop
      vertex   -2.500000e+01 5.000000e+00 -9.500000e+00
      vertex   -2.500000e+01 4.657980e+00 -9.439693e+00
      vertex   -2.500000e+01 4.826352e+00 -9.484808e+00
    endloop
  endfacet
  facet normal -9.934107e-10 -1.000000e+00 -0.000000e+00
    outer loop
      vertex   -2.500000e+01 5.500000e+01 -9.500000e+00
      vertex   -2.500000e+01 5.500000e+01 -1.000000e+01
      vertex   5.000000e+01 5.500000e+01 -9.500000e+00
    endloop
  endfacet
  facet normal 1.092751e-08 -1.000000e+00 -1.788139e-06
    outer loop
      vertex   5.000000e+01 5.500000e+01 -9.500000e+00
      vertex   -2.500000e+01 5.500000e+01 -1.000000e+01
      vertex   5.000000e+01 5.500000e+01 -1.000000e+01
    endloop
  endfacet
  facet normal -9.934107e-10 -1.000000e+00 3.615095e-08
    outer loop
      vertex   5.000000e+01 5.500000e+01 -7.500000e+00
      vertex   3.468929e+01 5.500000e+01 -5.859767e+00
      vertex   -2.500000e+01 5.500000e+01 -7.500000e+00
    endloop
  endfacet
  facet normal 0.000000e+00 -1.000000e+00 0.000000e+00
    outer loop
      vertex   -2.500000e+01 5.500000e+01 -7.500000e+00
      vertex   3.468929e+01 5.500000e+01 -5.859767e+00
      vertex   3.343361e+01 5.500000e+01 -5.759929e+00
    endloop
  endfacet
  facet normal 0.000000e+00 -1.000000e+00 0.000000e+00
    outer loop
      vertex   -2.500000e+01 5.500000e+01 -7.500000e+00
      vertex   3.343361e+01 5.500000e+01 -5.759929e+00
      vertex   3.218864e+01 5.500000e+01 -5.658060e+00
    endloop
  endfacet
  facet normal 1.455949e-07 -1.000000e+00 1.510162e-06
    outer loop
      vertex   5.000000e+01 5.500000e+01 -6.907965e+00
      vertex   4.968361e+01 5.500000e+01 -6.888866e+00
      vertex   5.000000e+01 5.500000e+01 -7.500000e+00
    endloop
  endfacet
  facet normal 2.446079e-07 -1.000000e+00 1.561422e-06
    outer loop
      vertex   5.000000e+01 5.500000e+01 -7.500000e+00
      vertex   4.968361e+01 5.500000e+01 -6.888866e+00
      vertex   4.922745e+01 5.500000e+01 -6.861182e+00
    endloop
  endfacet
  facet normal 3.157508e-07 -1.000000e+00 1.647458e-06
    outer loop
      vertex   5.000000e+01 5.500000e+01 -7.500000e+00
      vertex   4.922745e+01 5.500000e+01 -6.861182e+00
      vertex   4.873081e+01 5.500000e+01 -6.830818e+00
    endloop
  endfacet
  facet normal 3.494199e-07 -1.000000e+00 1.711316e-06
    outer loop
      vertex   4.873081e+01 5.500000e+01 -6.830818e+00
      vertex   4.819545e+01 5.500000e+01 -6.797808e+00
      vertex   5.000000e+01 5.500000e+01 -7.500000e+00
    endloop
  endfacet
  facet normal 3.508482e-07 -1.000000e+00 1.714986e-06
    outer loop
      vertex   5.000000e+01 5.500000e+01 -7.500000e+00
      vertex   4.819545e+01 5.500000e+01 -6.797808e+00
      vertex   4.762315e+01 5.500000e+01 -6.762186e+00
    endloop
  endfacet
  facet normal 3.230826e-07 -1.000000e+00 1.625540e-06
    outer loop
      vertex   5.000000e+01 5.500000e+01 -7.500000e+00
      vertex   4.762315e+01 5.500000e+01 -6.762186e+00
      vertex   4.701568e+01 5.500000e+01 -6.723987e+00
    endloop
  endfacet
  facet normal 2.676415e-07 -1.000000e+00 1.412330e-06
    outer loop
      vertex   4.701568e+01 5.500000e+01 -6.723987e+00
      vertex   4.637482e+01 5.500000e+01 -6.683246e+00
      vertex   5.000000e+01 5.500000e+01 -7.500000e+00
    endloop
  endfacet
  facet normal 1.848876e-07 -1.000000e+00 1.045025e-06
    outer loop
      vertex   5.000000e+01 5.500000e+01 -7.500000e+00
      vertex   4.637482e+01 5.500000e+01 -6.683246e+00
      vertex   4.570234e+01 5.500000e+01 -6.639996e+00
    endloop
  endfacet
  facet normal 7.422962e-08 -1.000000e+00 4.920390e-07
    outer loop
      vertex   5.000000e+01 5.500000e+01 -7.500000e+00
      vertex   4.570234e+01 5.500000e+01 -6.639996e+00
      vertex   4.500000e+01 5.500000e+01 -6.594271e+00
    endloop
  endfacet
  facet normal 8.686765e-09 -1.000000e+00 1.302152e-07
    outer loop
      vertex   4.500000e+01 5.500000e+01 -6.594271e+00
      vertex   4.239216e+01 5.500000e+01 -6.420300e+00
      vertex   5.000000e+01 5.500000e+01 -7.500000e+00
    endloop
  endfacet
  facet normal 9.377143e-09 -1.000000e+00 1.350798e-07
    outer loop
      vertex   5.000000e+01 5.500000e+01 -7.500000e+00
      vertex   4.239216e+01 5.500000e+01 -6.420300e+00
      vertex   3.979908e+01 5.500000e+01 -6.240290e+00
    endloop
  endfacet
  facet normal 1.042540e-08 -1.000000e+00 1.435684e-07
    outer loop
      vertex   5.000000e+01 5.500000e+01 -7.500000e+00
      vertex   3.979908e+01 5.500000e+01 -6.240290e+00
      vertex   3.722878e+01 5.500000e+01 -6.053645e+00
    endloop
  endfacet
  facet normal 1.206822e-08 -1.000000e+00 1.580743e-07
    outer loop
      vertex   3.722878e+01 5.500000e+01 -6.053645e+00
      vertex   3.468929e+01 5.500000e+01 -5.859767e+00
      vertex   5.000000e+01 5.500000e+01 -7.500000e+00
    endloop
  endfacet
  facet normal -0.000000e+00 -1.000000e+00 0.000000e+00
    outer loop
      vertex   3.218864e+01 5.500000e+01 -5.658060e+00
      vertex   3.095539e+01 5.500000e+01 -5.554085e+00
      vertex   -2.500000e+01 5.500000e+01 -7.500000e+00
    endloop
  endfacet
  facet normal 0.000000e+00 -1.000000e+00 0.000000e+00
    outer loop
      vertex   -2.500000e+01 5.500000e+01 -7.500000e+00
      vertex   3.095539e+01 5.500000e+01 -5.554085e+00
      vertex   2.973486e+01 5.500000e+01 -5.447928e+00
    endloop
  endfacet
  facet normal 0.000000e+00 -1.000000e+00 0.000000e+00
    outer loop
      vertex   -2.500000e+01 5.500000e+01 -7.500000e+00
      vertex   2.973486e+01 5.500000e+01 -5.447928e+00
      vertex   2.852805e+01 5.500000e+01 -5.339516e+00
    endloop
  endfacet
  facet normal -0.000000e+00 -1.000000e+00 0.000000e+00
    outer loop
      vertex   2.852805e+01 5.500000e+01 -5.339516e+00
      vertex   2.733597e+01 5.500000e+01 -5.228773e+00
      vertex   -2.500000e+01 5.500000e+01 -7.500000e+00
    endloop
  endfacet
  facet normal 0.000000e+00 -1.000000e+00 0.000000e+00
    outer loop
      vertex   -2.500000e+01 5.500000e+01 -7.500000e+00
      vertex   2.733597e+01 5.500000e+01 -5.228773e+00
      vertex   2.615962e+01 5.500000e+01 -5.115626e+00
    endloop
  endfacet
  facet normal 0.000000e+00 -1.000000e+00 0.000000e+00
    outer loop
      vertex   -2.500000e+01 5.500000e+01 -7.500000e+00
      vertex   2.615962e+01 5.500000e+01 -5.115626e+00
      vertex   2.500000e+01 5.500000e+01 -5.000000e+00
    endloop
  endfacet
  facet normal -0.000000e+00 -1.000000e+00 0.000000e+00
    outer loop
      vertex   2.500000e+01 5.500000e+01 -5.000000e+00
      vertex   2.390282e+01 5.500000e+01 -4.886289e+00
      vertex   -2.500000e+01 5.500000e+01 -7.500000e+00
    endloop
  endfacet
  facet normal 0.000000e+00 -1.000000e+00 0.000000e+00
    outer loop
      vertex   -2.500000e+01 5.500000e+01 -7.500000e+00
      vertex   2.390282e+01 5.500000e+01 -4.886289e+00
      vertex   2.282293e+01 5.500000e+01 -4.769709e+00
    endloop
  endfacet
  facet normal 0.000000e+00 -1.000000e+00 0.000000e+00
    outer loop
      vertex   -2.500000e+01 5.500000e+01 -7.500000e+00
      vertex   2.282293e+01 5.500000e+01 -4.769709e+00
      vertex   2.176124e+01 5.500000e+01 -4.650244e+00
    endloop
  endfacet
  facet normal -0.000000e+00 -1.000000e+00 0.000000e+00
    outer loop
      vertex   2.176124e+01 5.500000e+01 -4.650244e+00
      vertex   2.071861e+01 5.500000e+01 -4.527878e+00
      vertex   -2.500000e+01 5.500000e+01 -7.500000e+00
    endloop
  endfacet
  facet normal 0.000000e+00 -1.000000e+00 0.000000e+00
    outer loop
      vertex   -2.500000e+01 5.500000e+01 -7.500000e+00
      vertex   2.071861e+01 5.500000e+01 -4.527878e+00
      vertex   1.969594e+01 5.500000e+01 -4.402594e+00
    endloop
  endfacet
  facet normal 4.982686e-15 -1.000000e+00 -7.190076e-14
    outer loop
      vertex   -2.500000e+01 5.500000e+01 -7.500000e+00
      vertex   1.969594e+01 5.500000e+01 -4.402594e+00
      vertex   1.869411e+01 5.500000e+01 -4.274375e+00
    endloop
  endfacet
  facet normal -2.786910e-15 -1.000000e+00 3.334569e-14
    outer loop
      vertex   1.869411e+01 5.500000e+01 -4.274375e+00
      vertex   1.771400e+01 5.500000e+01 -4.143205e+00
      vertex   -2.500000e+01 5.500000e+01 -7.500000e+00
    endloop
  endfacet
  facet normal 2.560283e-15 -1.000000e+00 -3.469540e-14
    outer loop
      vertex   -2.500000e+01 5.500000e+01 -7.500000e+00
      vertex   1.771400e+01 5.500000e+01 -4.143205e+00
      vertex   1.675650e+01 5.500000e+01 -4.009067e+00
    endloop
  endfacet
  facet normal -2.168433e-16 -1.000000e+00 -1.477037e-15
    outer loop
      vertex   -2.500000e+01 5.500000e+01 -7.500000e+00
      vertex   1.675650e+01 5.500000e+01 -4.009067e+00
      vertex   1.582249e+01 5.500000e+01 -3.871946e+00
    endloop
  endfacet
  facet normal -2.207232e-16 -1.000000e+00 -1.433381e-15
    outer loop
      vertex   1.582249e+01 5.500000e+01 -3.871946e+00
      vertex   1.491121e+01 5.500000e+01 -3.731620e+00
      vertex   -2.500000e+01 5.500000e+01 -7.500000e+00
    endloop
  endfacet
  facet normal -2.246287e-16 -1.000000e+00 -1.392017e-15
    outer loop
      vertex   -2.500000e+01 5.500000e+01 -7.500000e+00
      vertex   1.491121e+01 5.500000e+01 -3.731620e+00
      vertex   1.401503e+01 5.500000e+01 -3.587003e+00
    endloop
  endfacet
  facet normal -2.286471e-16 -1.000000e+00 -1.351951e-15
    outer loop
      vertex   -2.500000e+01 5.500000e+01 -7.500000e+00
      vertex   1.401503e+01 5.500000e+01 -3.587003e+00
      vertex   1.313266e+01 5.500000e+01 -3.437774e+00
    endloop
  endfacet
  facet normal -2.327964e-16 -1.000000e+00 -1.313002e-15
    outer loop
      vertex   1.313266e+01 5.500000e+01 -3.437774e+00
      vertex   1.226386e+01 5.500000e+01 -3.283736e+00
      vertex   -2.500000e+01 5.500000e+01 -7.500000e+00
    endloop
  endfacet
  facet normal -2.370748e-16 -1.000000e+00 -1.275188e-15
    outer loop
      vertex   -2.500000e+01 5.500000e+01 -7.500000e+00
      vertex   1.226386e+01 5.500000e+01 -3.283736e+00
      vertex   1.140840e+01 5.500000e+01 -3.124694e+00
    endloop
  endfacet
  facet normal -2.414812e-16 -1.000000e+00 -1.238521e-15
    outer loop
      vertex   -2.500000e+01 5.500000e+01 -7.500000e+00
      vertex   1.140840e+01 5.500000e+01 -3.124694e+00
      vertex   1.056604e+01 5.500000e+01 -2.960455e+00
    endloop
  endfacet
  facet normal 6.337575e-15 -1.000000e+00 -5.278355e-14
    outer loop
      vertex   1.056604e+01 5.500000e+01 -2.960455e+00
      vertex   9.736541e+00 5.500000e+01 -2.790822e+00
      vertex   -2.500000e+01 5.500000e+01 -7.500000e+00
    endloop
  endfacet
  facet normal -7.238348e-15 -1.000000e+00 4.735720e-14
    outer loop
      vertex   -2.500000e+01 5.500000e+01 -7.500000e+00
      vertex   9.736541e+00 5.500000e+01 -2.790822e+00
      vertex   8.919660e+00 5.500000e+01 -2.615601e+00
    endloop
  endfacet
  facet normal -2.554573e-16 -1.000000e+00 -1.135417e-15
    outer loop
      vertex   -2.500000e+01 5.500000e+01 -7.500000e+00
      vertex   8.919660e+00 5.500000e+01 -2.615601e+00
      vertex   8.115159e+00 5.500000e+01 -2.434596e+00
    endloop
  endfacet
  facet normal -2.603659e-16 -1.000000e+00 -1.103327e-15
    outer loop
      vertex   8.115159e+00 5.500000e+01 -2.434596e+00
      vertex   7.322802e+00 5.500000e+01 -2.247614e+00
      vertex   -2.500000e+01 5.500000e+01 -7.500000e+00
    endloop
  endfacet
  facet normal -2.653988e-16 -1.000000e+00 -1.072355e-15
    outer loop
      vertex   -2.500000e+01 5.500000e+01 -7.500000e+00
      vertex   7.322802e+00 5.500000e+01 -2.247614e+00
      vertex   6.542348e+00 5.500000e+01 -2.054458e+00
    endloop
  endfacet
  facet normal -2.705560e-16 -1.000000e+00 -1.042483e-15
    outer loop
      vertex   -2.500000e+01 5.500000e+01 -7.500000e+00
      vertex   6.542348e+00 5.500000e+01 -2.054458e+00
      vertex   5.773559e+00 5.500000e+01 -1.854934e+00
    endloop
  endfacet
  facet normal -2.758374e-16 -1.000000e+00 -1.013692e-15
    outer loop
      vertex   5.773559e+00 5.500000e+01 -1.854934e+00
      vertex   5.016196e+00 5.500000e+01 -1.648847e+00
      vertex   -2.500000e+01 5.500000e+01 -7.500000e+00
    endloop
  endfacet
  facet normal -2.812435e-16 -1.000000e+00 -9.859586e-16
    outer loop
      vertex   -2.500000e+01 5.500000e+01 -7.500000e+00
      vertex   5.016196e+00 5.500000e+01 -1.648847e+00
      vertex   4.270021e+00 5.500000e+01 -1.436001e+00
    endloop
  endfacet
  facet normal -2.867746e-16 -1.000000e+00 -9.592606e-16
    outer loop
      vertex   -2.500000e+01 5.500000e+01 -7.500000e+00
      vertex   4.270021e+00 5.500000e+01 -1.436001e+00
      vertex   3.534795e+00 5.500000e+01 -1.216202e+00
    endloop
  endfacet
  facet normal -2.924315e-16 -1.000000e+00 -9.335726e-16
    outer loop
      vertex   3.534795e+00 5.500000e+01 -1.216202e+00
      vertex   2.810278e+00 5.500000e+01 -9.892553e-01
      vertex   -2.500000e+01 5.500000e+01 -7.500000e+00
    endloop
  endfacet
  facet normal -2.982150e-16 -1.000000e+00 -9.088688e-16
    outer loop
      vertex   -2.500000e+01 5.500000e+01 -7.500000e+00
      vertex   2.810278e+00 5.500000e+01 -9.892553e-01
      vertex   2.096233e+00 5.500000e+01 -7.549652e-01
    endloop
  endfacet
  facet normal -3.041260e-16 -1.000000e+00 -8.851229e-16
    outer loop
      vertex   -2.500000e+01 5.500000e+01 -7.500000e+00
      vertex   2.096233e+00 5.500000e+01 -7.549652e-01
      vertex   1.392420e+00 5.500000e+01 -5.131368e-01
    endloop
  endfacet
  facet normal -3.101658e-16 -1.000000e+00 -8.623081e-16
    outer loop
      vertex   1.392420e+00 5.500000e+01 -5.131368e-01
      vertex   6.986013e-01 5.500000e+01 -2.635753e-01
      vertex   -2.500000e+01 5.500000e+01 -7.500000e+00
    endloop
  endfacet
  facet normal -3.163355e-16 -1.000000e+00 -8.403978e-16
    outer loop
      vertex   -2.500000e+01 5.500000e+01 -7.500000e+00
      vertex   6.986013e-01 5.500000e+01 -2.635753e-01
      vertex   1.453711e-02 5.500000e+01 -6.085589e-03
    endloop
  endfacet
  facet normal -3.226366e-16 -1.000000e+00 -8.193649e-16
    outer loop
      vertex   -2.500000e+01 5.500000e+01 -7.500000e+00
      vertex   1.453711e-02 5.500000e+01 -6.085589e-03
      vertex   -6.600109e-01 5.500000e+01 2.595273e-01
    endloop
  endfacet
  facet normal -3.290706e-16 -1.000000e+00 -7.991828e-16
    outer loop
      vertex   -6.600109e-01 5.500000e+01 2.595273e-01
      vertex   -1.325282e+00 5.500000e+01 5.334583e-01
      vertex   -2.500000e+01 5.500000e+01 -7.500000e+00
    endloop
  endfacet
  facet normal -3.356391e-16 -1.000000e+00 -7.798252e-16
    outer loop
      vertex   -2.500000e+01 5.500000e+01 -7.500000e+00
      vertex   -1.325282e+00 5.500000e+01 5.334583e-01
      vertex   -1.981514e+00 5.500000e+01 8.159026e-01
    endloop
  endfacet
  facet normal -3.423439e-16 -1.000000e+00 -7.612663e-16
    outer loop
      vertex   -2.500000e+01 5.500000e+01 -7.500000e+00
      vertex   -1.981514e+00 5.500000e+01 8.159026e-01
      vertex   -2.628946e+00 5.500000e+01 1.107055e+00
    endloop
  endfacet
  facet normal -3.491869e-16 -1.000000e+00 -7.434804e-16
    outer loop
      vertex   -2.628946e+00 5.500000e+01 1.107055e+00
      vertex   -3.267817e+00 5.500000e+01 1.407110e+00
      vertex   -2.500000e+01 5.500000e+01 -7.500000e+00
    endloop
  endfacet
  facet normal -3.561698e-16 -1.000000e+00 -7.264428e-16
    outer loop
      vertex   -2.500000e+01 5.500000e+01 -7.500000e+00
      vertex   -3.267817e+00 5.500000e+01 1.407110e+00
      vertex   -3.898366e+00 5.500000e+01 1.716264e+00
    endloop
  endfacet
  facet normal -3.632948e-16 -1.000000e+00 -7.101294e-16
    outer loop
      vertex   -2.500000e+01 5.500000e+01 -7.500000e+00
      vertex   -3.898366e+00 5.500000e+01 1.716264e+00
      vertex   -4.520831e+00 5.500000e+01 2.034711e+00
    endloop
  endfacet
  facet normal -3.705639e-16 -1.000000e+00 -6.945164e-16
    outer loop
      vertex   -4.520831e+00 5.500000e+01 2.034711e+00
      vertex   -5.135452e+00 5.500000e+01 2.362646e+00
      vertex   -2.500000e+01 5.500000e+01 -7.500000e+00
    endloop
  endfacet
  facet normal -3.779792e-16 -1.000000e+00 -6.795812e-16
    outer loop
      vertex   -2.500000e+01 5.500000e+01 -7.500000e+00
      vertex   -5.135452e+00 5.500000e+01 2.362646e+00
      vertex   -5.742466e+00 5.500000e+01 2.700264e+00
    endloop
  endfacet
  facet normal -3.855428e-16 -1.000000e+00 -6.653015e-16
    outer loop
      vertex   -2.500000e+01 5.500000e+01 -7.500000e+00
      vertex   -5.742466e+00 5.500000e+01 2.700264e+00
      vertex   -6.342113e+00 5.500000e+01 3.047760e+00
    endloop
  endfacet
  facet normal -3.932602e-16 -1.000000e+00 -6.516502e-16
    outer loop
      vertex   -6.342113e+00 5.500000e+01 3.047760e+00
      vertex   -6.935084e+00 5.500000e+01 3.405608e+00
      vertex   -2.500000e+01 5.500000e+01 -7.500000e+00
    endloop
  endfacet
  facet normal -4.012340e-16 -1.000000e+00 -6.384418e-16
    outer loop
      vertex   -2.500000e+01 5.500000e+01 -7.500000e+00
      vertex   -6.935084e+00 5.500000e+01 3.405608e+00
      vertex   -7.533465e+00 5.500000e+01 3.781666e+00
    endloop
  endfacet
  facet normal -4.096045e-16 -1.000000e+00 -6.254825e-16
    outer loop
      vertex   -2.500000e+01 5.500000e+01 -7.500000e+00
      vertex   -7.533465e+00 5.500000e+01 3.781666e+00
      vertex   -8.142090e+00 5.500000e+01 4.180231e+00
    endloop
  endfacet
  facet normal -4.184096e-16 -1.000000e+00 -6.127741e-16
    outer loop
      vertex   -8.142090e+00 5.500000e+01 4.180231e+00
      vertex   -8.760333e+00 5.500000e+01 4.602374e+00
      vertex   -2.500000e+01 5.500000e+01 -7.500000e+00
    endloop
  endfacet
  facet normal -4.276554e-16 -1.000000e+00 -6.003675e-16
    outer loop
      vertex   -2.500000e+01 5.500000e+01 -7.500000e+00
      vertex   -8.760333e+00 5.500000e+01 4.602374e+00
      vertex   -9.387564e+00 5.500000e+01 5.049165e+00
    endloop
  endfacet
  facet normal -4.373529e-16 -1.000000e+00 -5.883029e-16
    outer loop
      vertex   -2.500000e+01 5.500000e+01 -7.500000e+00
      vertex   -9.387564e+00 5.500000e+01 5.049165e+00
      vertex   -1.002316e+01 5.500000e+01 5.521673e+00
    endloop
  endfacet
  facet normal -4.475181e-16 -1.000000e+00 -5.766114e-16
    outer loop
      vertex   -1.002316e+01 5.500000e+01 5.521673e+00
      vertex   -1.066648e+01 5.500000e+01 6.020968e+00
      vertex   -2.500000e+01 5.500000e+01 -7.500000e+00
    endloop
  endfacet
  facet normal -4.581717e-16 -1.000000e+00 -5.653176e-16
    outer loop
      vertex   -2.500000e+01 5.500000e+01 -7.500000e+00
      vertex   -1.066648e+01 5.500000e+01 6.020968e+00
      vertex   -1.131691e+01 5.500000e+01 6.548120e+00
    endloop
  endfacet
  facet normal -4.693397e-16 -1.000000e+00 -5.544398e-16
    outer loop
      vertex   -2.500000e+01 5.500000e+01 -7.500000e+00
      vertex   -1.131691e+01 5.500000e+01 6.548120e+00
      vertex   -1.197381e+01 5.500000e+01 7.104197e+00
    endloop
  endfacet
  facet normal -4.810530e-16 -1.000000e+00 -5.439922e-16
    outer loop
      vertex   -1.197381e+01 5.500000e+01 7.104197e+00
      vertex   -1.263657e+01 5.500000e+01 7.690270e+00
      vertex   -2.500000e+01 5.500000e+01 -7.500000e+00
    endloop
  endfacet
  facet normal -4.933478e-16 -1.000000e+00 -5.339853e-16
    outer loop
      vertex   -2.500000e+01 5.500000e+01 -7.500000e+00
      vertex   -1.263657e+01 5.500000e+01 7.690270e+00
      vertex   -1.330454e+01 5.500000e+01 8.307409e+00
    endloop
  endfacet
  facet normal -5.062662e-16 -1.000000e+00 -5.244274e-16
    outer loop
      vertex   -2.500000e+01 5.500000e+01 -7.500000e+00
      vertex   -1.330454e+01 5.500000e+01 8.307409e+00
      vertex   -1.397710e+01 5.500000e+01 8.956683e+00
    endloop
  endfacet
  facet normal -5.198564e-16 -1.000000e+00 -5.153245e-16
    outer loop
      vertex   -1.397710e+01 5.500000e+01 8.956683e+00
      vertex   -1.465363e+01 5.500000e+01 9.639161e+00
      vertex   -2.500000e+01 5.500000e+01 -7.500000e+00
    endloop
  endfacet
  facet normal -5.341733e-16 -1.000000e+00 -5.066818e-16
    outer loop
      vertex   -2.500000e+01 5.500000e+01 -7.500000e+00
      vertex   -1.465363e+01 5.500000e+01 9.639161e+00
      vertex   -1.533350e+01 5.500000e+01 1.035591e+01
    endloop
  endfacet
  facet normal -5.492797e-16 -1.000000e+00 -4.985038e-16
    outer loop
      vertex   -2.500000e+01 5.500000e+01 -7.500000e+00
      vertex   -1.533350e+01 5.500000e+01 1.035591e+01
      vertex   -1.601607e+01 5.500000e+01 1.110801e+01
    endloop
  endfacet
  facet normal -5.652464e-16 -1.000000e+00 -4.907951e-16
    outer loop
      vertex   -1.601607e+01 5.500000e+01 1.110801e+01
      vertex   -1.670072e+01 5.500000e+01 1.189652e+01
      vertex   -2.500000e+01 5.500000e+01 -7.500000e+00
    endloop
  endfacet
  facet normal 1.992363e-14 -1.000000e+00 -9.257463e-15
    outer loop
      vertex   -2.500000e+01 5.500000e+01 -7.500000e+00
      vertex   -1.670072e+01 5.500000e+01 1.189652e+01
      vertex   -1.738683e+01 5.500000e+01 1.272252e+01
    endloop
  endfacet
  facet normal -2.265955e-14 -1.000000e+00 6.773834e-15
    outer loop
      vertex   -2.500000e+01 5.500000e+01 -7.500000e+00
      vertex   -1.738683e+01 5.500000e+01 1.272252e+01
      vertex   -1.807039e+01 5.500000e+01 1.358274e+01
    endloop
  endfacet
  facet normal -6.188408e-16 -1.000000e+00 -4.706471e-16
    outer loop
      vertex   -1.807039e+01 5.500000e+01 1.358274e+01
      vertex   -1.873782e+01 5.500000e+01 1.446033e+01
      vertex   -2.500000e+01 5.500000e+01 -7.500000e+00
    endloop
  endfacet
  facet normal -2.269315e-15 -1.000000e+00 0.000000e+00
    outer loop
      vertex   -2.500000e+01 5.500000e+01 -7.500000e+00
      vertex   -1.873782e+01 5.500000e+01 1.446033e+01
      vertex   -2.500000e+01 5.500000e+01 2.000000e+01
    endloop
  endfacet
  facet normal 3.323825e-14 -1.000000e+00 4.013859e-14
    outer loop
      vertex   -2.500000e+01 5.500000e+01 2.000000e+01
      vertex   -1.873782e+01 5.500000e+01 1.446033e+01
      vertex   -1.938779e+01 5.500000e+01 1.535260e+01
    endloop
  endfacet
  facet normal 0.000000e+00 -1.000000e+00 0.000000e+00
    outer loop
      vertex   -2.500000e+01 5.500000e+01 2.000000e+01
      vertex   -1.938779e+01 5.500000e+01 1.535260e+01
      vertex   -2.002035e+01 5.500000e+01 1.625859e+01
    endloop
  endfacet
  facet normal 0.000000e+00 -1.000000e+00 0.000000e+00
    outer loop
      vertex   -2.002035e+01 5.500000e+01 1.625859e+01
      vertex   -2.063554e+01 5.500000e+01 1.717730e+01
      vertex   -2.500000e+01 5.500000e+01 2.000000e+01
    endloop
  endfacet
  facet normal 0.000000e+00 -1.000000e+00 0.000000e+00
    outer loop
      vertex   -2.500000e+01 5.500000e+01 2.000000e+01
      vertex   -2.063554e+01 5.500000e+01 1.717730e+01
      vertex   -2.123340e+01 5.500000e+01 1.810776e+01
    endloop
  endfacet
  facet normal 0.000000e+00 -1.000000e+00 0.000000e+00
    outer loop
      vertex   -2.500000e+01 5.500000e+01 2.000000e+01
      vertex   -2.123340e+01 5.500000e+01 1.810776e+01
      vertex   -2.181399e+01 5.500000e+01 1.904899e+01
    endloop
  endfacet
  facet normal 0.000000e+00 -1.000000e+00 0.000000e+00
    outer loop
      vertex   -2.181399e+01 5.500000e+01 1.904899e+01
      vertex   -2.237735e+01 5.500000e+01 2.000000e+01
      vertex   -2.500000e+01 5.500000e+01 2.000000e+01
    endloop
  endfacet
  facet normal 1.000000e+00 -0.000000e+00 0.000000e+00
    outer loop
      vertex   5.000000e+01 5.500000e+01 -7.500000e+00
      vertex   5.000000e+01 5.517365e+01 -7.515192e+00
      vertex   5.000000e+01 5.500000e+01 -6.907965e+00
    endloop
  endfacet
  facet normal 1.000000e+00 -0.000000e+00 0.000000e+00
    outer loop
      vertex   5.000000e+01 5.500000e+01 -6.907965e+00
      vertex   5.000000e+01 5.517365e+01 -7.515192e+00
      vertex   5.000000e+01 6.000000e+01 -6.907965e+00
    endloop
  endfacet
  facet normal 1.000000e+00 0.000000e+00 0.000000e+00
    outer loop
      vertex   5.000000e+01 6.000000e+01 -6.907965e+00
      vertex   5.000000e+01 5.517365e+01 -7.515192e+00
      vertex   5.000000e+01 5.534202e+01 -7.560307e+00
    endloop
  endfacet
  facet normal 1.000000e+00 0.000000e+00 0.000000e+00
    outer loop
      vertex   5.000000e+01 6.000000e+01 -6.907965e+00
      vertex   5.000000e+01 5.534202e+01 -7.560307e+00
      vertex   5.000000e+01 5.550000e+01 -7.633975e+00
    endloop
  endfacet
  facet normal 1.000000e+00 -0.000000e+00 0.000000e+00
    outer loop
      vertex   5.000000e+01 5.550000e+01 -7.633975e+00
      vertex   5.000000e+01 5.564279e+01 -7.733956e+00
      vertex   5.000000e+01 6.000000e+01 -6.907965e+00
    endloop
  endfacet
  facet normal 1.000000e+00 0.000000e+00 0.000000e+00
    outer loop
      vertex   5.000000e+01 6.000000e+01 -6.907965e+00
      vertex   5.000000e+01 5.564279e+01 -7.733956e+00
      vertex   5.000000e+01 5.576604e+01 -7.857213e+00
    endloop
  endfacet
  facet normal 1.000000e+00 0.000000e+00 0.000000e+00
    outer loop
      vertex   5.000000e+01 6.000000e+01 -6.907965e+00
      vertex   5.000000e+01 5.576604e+01 -7.857213e+00
      vertex   5.000000e+01 5.586603e+01 -8.000000e+00
    endloop
  endfacet
  facet normal 1.000000e+00 -0.000000e+00 0.000000e+00
    outer loop
      vertex   5.000000e+01 5.586603e+01 -8.000000e+00
      vertex   5.000000e+01 5.593969e+01 -8.157980e+00
      vertex   5.000000e+01 6.000000e+01 -6.907965e+00
    endloop
  endfacet
  facet normal 1.000000e+00 0.000000e+00 0.000000e+00
    outer loop
      vertex   5.000000e+01 6.000000e+01 -6.907965e+00
      vertex   5.000000e+01 5.593969e+01 -8.157980e+00
      vertex   5.000000e+01 5.598481e+01 -8.326352e+00
    endloop
  endfacet
  facet normal 1.000000e+00 0.000000e+00 0.000000e+00
    outer loop
      vertex   5.000000e+01 6.000000e+01 -6.907965e+00
      vertex   5.000000e+01 5.598481e+01 -8.326352e+00
      vertex   5.000000e+01 5.600000e+01 -8.500000e+00
    endloop
  endfacet
  facet normal 1.000000e+00 -0.000000e+00 0.000000e+00
    outer loop
      vertex   5.000000e+01 5.600000e+01 -8.500000e+00
      vertex   5.000000e+01 5.598481e+01 -8.673648e+00
      vertex   5.000000e+01 6.000000e+01 -6.907965e+00
    endloop
  endfacet
  facet normal 1.000000e+00 0.000000e+00 0.000000e+00
    outer loop
      vertex   5.000000e+01 6.000000e+01 -6.907965e+00
      vertex   5.000000e+01 5.598481e+01 -8.673648e+00
      vertex   5.000000e+01 5.593969e+01 -8.842020e+00
    endloop
  endfacet
  facet normal 1.000000e+00 0.000000e+00 0.000000e+00
    outer loop
      vertex   5.000000e+01 6.000000e+01 -6.907965e+00
      vertex   5.000000e+01 5.593969e+01 -8.842020e+00
      vertex   5.000000e+01 5.586603e+01 -9.000000e+00
    endloop
  endfacet
  facet normal 1.000000e+00 -0.000000e+00 0.000000e+00
    outer loop
      vertex   5.000000e+01 5.586603e+01 -9.000000e+00
      vertex   5.000000e+01 5.576604e+01 -9.142788e+00
      vertex   5.000000e+01 6.000000e+01 -6.907965e+00
    endloop
  endfacet
  facet normal 1.000000e+00 0.000000e+00 0.000000e+00
    outer loop
      vertex   5.000000e+01 6.000000e+01 -6.907965e+00
      vertex   5.000000e+01 5.576604e+01 -9.142788e+00
      vertex   5.000000e+01 5.564279e+01 -9.266045e+00
    endloop
  endfacet
  facet normal 1.000000e+00 0.000000e+00 0.000000e+00
    outer loop
      vertex   5.000000e+01 6.000000e+01 -6.907965e+00
      vertex   5.000000e+01 5.564279e+01 -9.266045e+00
      vertex   5.000000e+01 6.000000e+01 -1.500000e+01
    endloop
  endfacet
  facet normal 1.000000e+00 0.000000e+00 0.000000e+00
    outer loop
      vertex   5.000000e+01 6.000000e+01 -1.500000e+01
      vertex   5.000000e+01 5.564279e+01 -9.266045e+00
      vertex   5.000000e+01 5.500000e+01 -1.000000e+01
    endloop
  endfacet
  facet normal 1.000000e+00 0.000000e+00 0.000000e+00
    outer loop
      vertex   5.000000e+01 6.000000e+01 -1.500000e+01
      vertex   5.000000e+01 5.500000e+01 -1.000000e+01
      vertex   5.000000e+01 5.000000e+00 -1.000000e+01
    endloop
  endfacet
  facet normal 1.000000e+00 0.000000e+00 0.000000e+00
    outer loop
      vertex   5.000000e+01 5.564279e+01 -9.266045e+00
      vertex   5.000000e+01 5.550000e+01 -9.366026e+00
      vertex   5.000000e+01 5.500000e+01 -1.000000e+01
    endloop
  endfacet
  facet normal 1.000000e+00 0.000000e+00 0.000000e+00
    outer loop
      vertex   5.000000e+01 5.500000e+01 -1.000000e+01
      vertex   5.000000e+01 5.550000e+01 -9.366026e+00
      vertex   5.000000e+01 5.534202e+01 -9.439693e+00
    endloop
  endfacet
  facet normal 1.000000e+00 0.000000e+00 0.000000e+00
    outer loop
      vertex   5.000000e+01 5.500000e+01 -1.000000e+01
      vertex   5.000000e+01 5.534202e+01 -9.439693e+00
      vertex   5.000000e+01 5.517365e+01 -9.484808e+00
    endloop
  endfacet
  facet normal 1.000000e+00 0.000000e+00 0.000000e+00
    outer loop
      vertex   5.000000e+01 5.517365e+01 -9.484808e+00
      vertex   5.000000e+01 5.500000e+01 -9.500000e+00
      vertex   5.000000e+01 5.500000e+01 -1.000000e+01
    endloop
  endfacet
  facet normal 1.000000e+00 0.000000e+00 0.000000e+00
    outer loop
      vertex   5.000000e+01 5.000000e+00 -9.500000e+00
      vertex   5.000000e+01 4.826352e+00 -9.484808e+00
      vertex   5.000000e+01 5.000000e+00 -1.000000e+01
    endloop
  endfacet
  facet normal 1.000000e+00 0.000000e+00 0.000000e+00
    outer loop
      vertex   5.000000e+01 5.000000e+00 -1.000000e+01
      vertex   5.000000e+01 4.826352e+00 -9.484808e+00
      vertex   5.000000e+01 4.657980e+00 -9.439693e+00
    endloop
  endfacet
  facet normal 1.000000e+00 0.000000e+00 0.000000e+00
    outer loop
      vertex   5.000000e+01 5.000000e+00 -1.000000e+01
      vertex   5.000000e+01 4.657980e+00 -9.439693e+00
      vertex   5.000000e+01 4.500000e+00 -9.366026e+00
    endloop
  endfacet
  facet normal 1.000000e+00 0.000000e+00 0.000000e+00
    outer loop
      vertex   5.000000e+01 4.500000e+00 -9.366026e+00
      vertex   5.000000e+01 4.357212e+00 -9.266045e+00
      vertex   5.000000e+01 5.000000e+00 -1.000000e+01
    endloop
  endfacet
  facet normal 1.000000e+00 0.000000e+00 0.000000e+00
    outer loop
      vertex   5.000000e+01 5.000000e+00 -1.000000e+01
      vertex   5.000000e+01 4.357212e+00 -9.266045e+00
      vertex   5.000000e+01 0.000000e+00 -1.500000e+01
    endloop
  endfacet
  facet normal 1.000000e+00 0.000000e+00 0.000000e+00
    outer loop
      vertex   5.000000e+01 5.000000e+00 -1.000000e+01
      vertex   5.000000e+01 0.000000e+00 -1.500000e+01
      vertex   5.000000e+01 6.000000e+01 -1.500000e+01
    endloop
  endfacet
  facet normal 1.000000e+00 0.000000e+00 0.000000e+00
    outer loop
      vertex   5.000000e+01 0.000000e+00 -1.500000e+01
      vertex   5.000000e+01 4.357212e+00 -9.266045e+00
      vertex   5.000000e+01 0.000000e+00 -6.907965e+00
    endloop
  endfacet
  facet normal 1.000000e+00 0.000000e+00 0.000000e+00
    outer loop
      vertex   5.000000e+01 0.000000e+00 -6.907965e+00
      vertex   5.000000e+01 4.357212e+00 -9.266045e+00
      vertex   5.000000e+01 4.233956e+00 -9.142788e+00
    endloop
  endfacet
  facet normal 1.000000e+00 0.000000e+00 0.000000e+00
    outer loop
      vertex   5.000000e+01 0.000000e+00 -6.907965e+00
      vertex   5.000000e+01 4.233956e+00 -9.142788e+00
      vertex   5.000000e+01 4.133975e+00 -9.000000e+00
    endloop
  endfacet
  facet normal 1.000000e+00 0.000000e+00 0.000000e+00
    outer loop
      vertex   5.000000e+01 4.133975e+00 -9.000000e+00
      vertex   5.000000e+01 4.060307e+00 -8.842020e+00
      vertex   5.000000e+01 0.000000e+00 -6.907965e+00
    endloop
  endfacet
  facet normal 1.000000e+00 0.000000e+00 0.000000e+00
    outer loop
      vertex   5.000000e+01 0.000000e+00 -6.907965e+00
      vertex   5.000000e+01 4.060307e+00 -8.842020e+00
      vertex   5.000000e+01 4.015192e+00 -8.673648e+00
    endloop
  endfacet
  facet normal 1.000000e+00 0.000000e+00 0.000000e+00
    outer loop
      vertex   5.000000e+01 0.000000e+00 -6.907965e+00
      vertex   5.000000e+01 4.015192e+00 -8.673648e+00
      vertex   5.000000e+01 4.000000e+00 -8.500000e+00
    endloop
  endfacet
  facet normal 1.000000e+00 0.000000e+00 -0.000000e+00
    outer loop
      vertex   5.000000e+01 4.000000e+00 -8.500000e+00
      vertex   5.000000e+01 4.015192e+00 -8.326352e+00
      vertex   5.000000e+01 0.000000e+00 -6.907965e+00
    endloop
  endfacet
  facet normal 1.000000e+00 0.000000e+00 0.000000e+00
    outer loop
      vertex   5.000000e+01 0.000000e+00 -6.907965e+00
      vertex   5.000000e+01 4.015192e+00 -8.326352e+00
      vertex   5.000000e+01 4.060307e+00 -8.157980e+00
    endloop
  endfacet
  facet normal 1.000000e+00 0.000000e+00 0.000000e+00
    outer loop
      vertex   5.000000e+01 0.000000e+00 -6.907965e+00
      vertex   5.000000e+01 4.060307e+00 -8.157980e+00
      vertex   5.000000e+01 4.133975e+00 -8.000000e+00
    endloop
  endfacet
  facet normal 1.000000e+00 0.000000e+00 -0.000000e+00
    outer loop
      vertex   5.000000e+01 4.133975e+00 -8.000000e+00
      vertex   5.000000e+01 4.233956e+00 -7.857213e+00
      vertex   5.000000e+01 0.000000e+00 -6.907965e+00
    endloop
  endfacet
  facet normal 1.000000e+00 0.000000e+00 0.000000e+00
    outer loop
      vertex   5.000000e+01 0.000000e+00 -6.907965e+00
      vertex   5.000000e+01 4.233956e+00 -7.857213e+00
      vertex   5.000000e+01 4.357212e+00 -7.733956e+00
    endloop
  endfacet
  facet normal 1.000000e+00 0.000000e+00 0.000000e+00
    outer loop
      vertex   5.000000e+01 0.000000e+00 -6.907965e+00
      vertex   5.000000e+01 4.357212e+00 -7.733956e+00
      vertex   5.000000e+01 4.500000e+00 -7.633975e+00
    endloop
  endfacet
  facet normal 1.000000e+00 0.000000e+00 -0.000000e+00
    outer loop
      vertex   5.000000e+01 4.500000e+00 -7.633975e+00
      vertex   5.000000e+01 4.657980e+00 -7.560307e+00
      vertex   5.000000e+01 0.000000e+00 -6.907965e+00
    endloop
  endfacet
  facet normal 1.000000e+00 0.000000e+00 0.000000e+00
    outer loop
      vertex   5.000000e+01 0.000000e+00 -6.907965e+00
      vertex   5.000000e+01 4.657980e+00 -7.560307e+00
      vertex   5.000000e+01 4.826352e+00 -7.515192e+00
    endloop
  endfacet
  facet normal 1.000000e+00 -0.000000e+00 0.000000e+00
    outer loop
      vertex   5.000000e+01 0.000000e+00 -6.907965e+00
      vertex   5.000000e+01 4.826352e+00 -7.515192e+00
      vertex   5.000000e+01 5.000000e+00 -6.907965e+00
    endloop
  endfacet
  facet normal 1.000000e+00 0.000000e+00 0.000000e+00
    outer loop
      vertex   5.000000e+01 5.000000e+00 -6.907965e+00
      vertex   5.000000e+01 4.826352e+00 -7.515192e+00
      vertex   5.000000e+01 5.000000e+00 -7.500000e+00
    endloop
  endfacet
  facet normal -2.065842e-09 8.715574e-02 -9.961947e-01
    outer loop
      vertex   5.000000e+01 4.826352e+00 -7.515192e+00
      vertex   4.625000e+01 4.826352e+00 -7.515192e+00
      vertex   5.000000e+01 5.000000e+00 -7.500000e+00
    endloop
  endfacet
  facet normal -2.065843e-09 8.715574e-02 -9.961947e-01
    outer loop
      vertex   5.000000e+01 5.000000e+00 -7.500000e+00
      vertex   4.625000e+01 4.826352e+00 -7.515192e+00
      vertex   4.250000e+01 4.826352e+00 -7.515192e+00
    endloop
  endfacet
  facet normal -2.065842e-09 8.715574e-02 -9.961947e-01
    outer loop
      vertex   5.000000e+01 5.000000e+00 -7.500000e+00
      vertex   4.250000e+01 4.826352e+00 -7.515192e+00
      vertex   3.875000e+01 4.826352e+00 -7.515192e+00
    endloop
  endfacet
  facet normal -2.176236e-09 2.588190e-01 -9.659258e-01
    outer loop
      vertex   3.875000e+01 4.826352e+00 -7.515192e+00
      vertex   4.250000e+01 4.826352e+00 -7.515192e+00
      vertex   3.875000e+01 4.657980e+00 -7.560307e+00
    endloop
  endfacet
  facet normal -2.176236e-09 2.588190e-01 -9.659258e-01
    outer loop
      vertex   3.875000e+01 4.826352e+00 -7.515192e+00
      vertex   3.875000e+01 4.657980e+00 -7.560307e+00
      vertex   3.500000e+01 4.657980e+00 -7.560307e+00
    endloop
  endfacet
  facet normal -2.220506e-09 4.226183e-01 -9.063078e-01
    outer loop
      vertex   3.500000e+01 4.657980e+00 -7.560307e+00
      vertex   3.875000e+01 4.657980e+00 -7.560307e+00
      vertex   3.500000e+01 4.500000e+00 -7.633975e+00
    endloop
  endfacet
  facet normal -2.220505e-09 4.226183e-01 -9.063078e-01
    outer loop
      vertex   3.500000e+01 4.657980e+00 -7.560307e+00
      vertex   3.500000e+01 4.500000e+00 -7.633975e+00
      vertex   3.125000e+01 4.500000e+00 -7.633975e+00
    endloop
  endfacet
  facet normal -2.197306e-09 5.735764e-01 -8.191520e-01
    outer loop
      vertex   3.125000e+01 4.500000e+00 -7.633975e+00
      vertex   3.500000e+01 4.500000e+00 -7.633975e+00
      vertex   3.125000e+01 4.357212e+00 -7.733956e+00
    endloop
  endfacet
  facet normal -2.197306e-09 5.735764e-01 -8.191520e-01
    outer loop
      vertex   3.125000e+01 4.500000e+00 -7.633975e+00
      vertex   3.125000e+01 4.357212e+00 -7.733956e+00
      vertex   2.750000e+01 4.357212e+00 -7.733956e+00
    endloop
  endfacet
  facet normal -2.107342e-09 7.071068e-01 -7.071068e-01
    outer loop
      vertex   2.750000e+01 4.357212e+00 -7.733956e+00
      vertex   3.125000e+01 4.357212e+00 -7.733956e+00
      vertex   2.750000e+01 4.233956e+00 -7.857212e+00
    endloop
  endfacet
  facet normal -2.107343e-09 7.071068e-01 -7.071068e-01
    outer loop
      vertex   2.750000e+01 4.357212e+00 -7.733956e+00
      vertex   2.750000e+01 4.233956e+00 -7.857212e+00
      vertex   2.375000e+01 4.233956e+00 -7.857212e+00
    endloop
  endfacet
  facet normal -1.953349e-09 8.191520e-01 -5.735764e-01
    outer loop
      vertex   2.375000e+01 4.233956e+00 -7.857212e+00
      vertex   2.750000e+01 4.233956e+00 -7.857212e+00
      vertex   2.375000e+01 4.133975e+00 -8.000000e+00
    endloop
  endfacet
  facet normal -1.953348e-09 8.191520e-01 -5.735764e-01
    outer loop
      vertex   2.375000e+01 4.233956e+00 -7.857212e+00
      vertex   2.375000e+01 4.133975e+00 -8.000000e+00
      vertex   2.000000e+01 4.133975e+00 -8.000000e+00
    endloop
  endfacet
  facet normal -1.740003e-09 9.063078e-01 -4.226183e-01
    outer loop
      vertex   2.000000e+01 4.133975e+00 -8.000000e+00
      vertex   2.375000e+01 4.133975e+00 -8.000000e+00
      vertex   2.000000e+01 4.060307e+00 -8.157980e+00
    endloop
  endfacet
  facet normal -1.740003e-09 9.063078e-01 -4.226183e-01
    outer loop
      vertex   2.000000e+01 4.133975e+00 -8.000000e+00
      vertex   2.000000e+01 4.060307e+00 -8.157980e+00
      vertex   1.625000e+01 4.060307e+00 -8.157980e+00
    endloop
  endfacet
  facet normal -1.473789e-09 9.659258e-01 -2.588190e-01
    outer loop
      vertex   1.625000e+01 4.060307e+00 -8.157980e+00
      vertex   2.000000e+01 4.060307e+00 -8.157980e+00
      vertex   1.625000e+01 4.015192e+00 -8.326352e+00
    endloop
  endfacet
  facet normal -1.473788e-09 9.659258e-01 -2.588190e-01
    outer loop
      vertex   1.625000e+01 4.060307e+00 -8.157980e+00
      vertex   1.625000e+01 4.015192e+00 -8.326352e+00
      vertex   1.250000e+01 4.015192e+00 -8.326352e+00
    endloop
  endfacet
  facet normal -1.162793e-09 9.961947e-01 -8.715574e-02
    outer loop
      vertex   1.250000e+01 4.015192e+00 -8.326352e+00
      vertex   1.625000e+01 4.015192e+00 -8.326352e+00
      vertex   1.250000e+01 4.000000e+00 -8.500000e+00
    endloop
  endfacet
  facet normal -1.162793e-09 9.961947e-01 -8.715574e-02
    outer loop
      vertex   1.250000e+01 4.015192e+00 -8.326352e+00
      vertex   1.250000e+01 4.000000e+00 -8.500000e+00
      vertex   8.750000e+00 4.000000e+00 -8.500000e+00
    endloop
  endfacet
  facet normal -8.164676e-10 9.961947e-01 8.715574e-02
    outer loop
      vertex   8.750000e+00 4.000000e+00 -8.500000e+00
      vertex   1.250000e+01 4.000000e+00 -8.500000e+00
      vertex   8.750000e+00 4.015192e+00 -8.673648e+00
    endloop
  endfacet
  facet normal -8.164676e-10 9.961947e-01 8.715574e-02
    outer loop
      vertex   8.750000e+00 4.000000e+00 -8.500000e+00
      vertex   8.750000e+00 4.015192e+00 -8.673648e+00
      vertex   5.000000e+00 4.015192e+00 -8.673648e+00
    endloop
  endfacet
  facet normal -4.453337e-10 9.659258e-01 2.588190e-01
    outer loop
      vertex   5.000000e+00 4.015192e+00 -8.673648e+00
      vertex   8.750000e+00 4.015192e+00 -8.673648e+00
      vertex   5.000000e+00 4.060307e+00 -8.842020e+00
    endloop
  endfacet
  facet normal -4.453339e-10 9.659258e-01 2.588190e-01
    outer loop
      vertex   5.000000e+00 4.015192e+00 -8.673648e+00
      vertex   5.000000e+00 4.060307e+00 -8.842020e+00
      vertex   1.250000e+00 4.060307e+00 -8.842020e+00
    endloop
  endfacet
  facet normal -6.066885e-11 9.063078e-01 4.226183e-01
    outer loop
      vertex   1.250000e+00 4.060307e+00 -8.842020e+00
      vertex   5.000000e+00 4.060307e+00 -8.842020e+00
      vertex   1.250000e+00 4.133975e+00 -9.000000e+00
    endloop
  endfacet
  facet normal -6.066906e-11 9.063078e-01 4.226183e-01
    outer loop
      vertex   1.250000e+00 4.060307e+00 -8.842020e+00
      vertex   1.250000e+00 4.133975e+00 -9.000000e+00
      vertex   -2.500000e+00 4.133975e+00 -9.000000e+00
    endloop
  endfacet
  facet normal 3.258394e-10 8.191520e-01 5.735764e-01
    outer loop
      vertex   -2.500000e+00 4.133975e+00 -9.000000e+00
      vertex   1.250000e+00 4.133975e+00 -9.000000e+00
      vertex   -2.500000e+00 4.233956e+00 -9.142788e+00
    endloop
  endfacet
  facet normal 3.258393e-10 8.191520e-01 5.735764e-01
    outer loop
      vertex   -2.500000e+00 4.133975e+00 -9.000000e+00
      vertex   -2.500000e+00 4.233956e+00 -9.142788e+00
      vertex   -6.250000e+00 4.233956e+00 -9.142788e+00
    endloop
  endfacet
  facet normal 7.024471e-10 7.071068e-01 7.071068e-01
    outer loop
      vertex   -6.250000e+00 4.233956e+00 -9.142788e+00
      vertex   -2.500000e+00 4.233956e+00 -9.142788e+00
      vertex   -6.250000e+00 4.357212e+00 -9.266044e+00
    endloop
  endfacet
  facet normal 7.024475e-10 7.071068e-01 7.071068e-01
    outer loop
      vertex   -6.250000e+00 4.233956e+00 -9.142788e+00
      vertex   -6.250000e+00 4.357212e+00 -9.266044e+00
      vertex   -1.000000e+01 4.357212e+00 -9.266044e+00
    endloop
  endfacet
  facet normal 1.057712e-09 5.735764e-01 8.191520e-01
    outer loop
      vertex   -1.000000e+01 4.357212e+00 -9.266044e+00
      vertex   -6.250000e+00 4.357212e+00 -9.266044e+00
      vertex   -1.000000e+01 4.500000e+00 -9.366025e+00
    endloop
  endfacet
  facet normal 1.057712e-09 5.735764e-01 8.191520e-01
    outer loop
      vertex   -1.000000e+01 4.357212e+00 -9.266044e+00
      vertex   -1.000000e+01 4.500000e+00 -9.366025e+00
      vertex   -1.375000e+01 4.500000e+00 -9.366025e+00
    endloop
  endfacet
  facet normal 1.380838e-09 4.226183e-01 9.063078e-01
    outer loop
      vertex   -1.375000e+01 4.500000e+00 -9.366025e+00
      vertex   -1.000000e+01 4.500000e+00 -9.366025e+00
      vertex   -1.375000e+01 4.657980e+00 -9.439693e+00
    endloop
  endfacet
  facet normal 1.380838e-09 4.226183e-01 9.063078e-01
    outer loop
      vertex   -1.375000e+01 4.500000e+00 -9.366025e+00
      vertex   -1.375000e+01 4.657980e+00 -9.439693e+00
      vertex   -1.750000e+01 4.657980e+00 -9.439693e+00
    endloop
  endfacet
  facet normal 1.662008e-09 2.588190e-01 9.659258e-01
    outer loop
      vertex   -1.750000e+01 4.657980e+00 -9.439693e+00
      vertex   -1.375000e+01 4.657980e+00 -9.439693e+00
      vertex   -1.750000e+01 4.826352e+00 -9.484808e+00
    endloop
  endfacet
  facet normal 1.662009e-09 2.588190e-01 9.659258e-01
    outer loop
      vertex   -1.750000e+01 4.657980e+00 -9.439693e+00
      vertex   -1.750000e+01 4.826352e+00 -9.484808e+00
      vertex   -2.125000e+01 4.826352e+00 -9.484808e+00
    endloop
  endfacet
  facet normal 1.892680e-09 8.715574e-02 9.961947e-01
    outer loop
      vertex   -2.125000e+01 4.826352e+00 -9.484808e+00
      vertex   -1.750000e+01 4.826352e+00 -9.484808e+00
      vertex   -2.500000e+01 5.000000e+00 -9.500000e+00
    endloop
  endfacet
  facet normal 1.892679e-09 8.715574e-02 9.961947e-01
    outer loop
      vertex   -2.125000e+01 4.826352e+00 -9.484808e+00
      vertex   -2.500000e+01 5.000000e+00 -9.500000e+00
      vertex   -2.500000e+01 4.826352e+00 -9.484808e+00
    endloop
  endfacet
  facet normal -2.176236e-09 2.588190e-01 -9.659258e-01
    outer loop
      vertex   4.625000e+01 4.826352e+00 -7.515192e+00
      vertex   5.000000e+01 4.826352e+00 -7.515192e+00
      vertex   4.625000e+01 4.657980e+00 -7.560307e+00
    endloop
  endfacet
  facet normal -2.176236e-09 2.588190e-01 -9.659258e-01
    outer loop
      vertex   4.625000e+01 4.657980e+00 -7.560307e+00
      vertex   5.000000e+01 4.826352e+00 -7.515192e+00
      vertex   5.000000e+01 4.657980e+00 -7.560307e+00
    endloop
  endfacet
  facet normal -2.220505e-09 4.226183e-01 -9.063078e-01
    outer loop
      vertex   4.625000e+01 4.657980e+00 -7.560307e+00
      vertex   5.000000e+01 4.657980e+00 -7.560307e+00
      vertex   4.625000e+01 4.500000e+00 -7.633975e+00
    endloop
  endfacet
  facet normal -2.220505e-09 4.226183e-01 -9.063078e-01
    outer loop
      vertex   4.625000e+01 4.500000e+00 -7.633975e+00
      vertex   5.000000e+01 4.657980e+00 -7.560307e+00
      vertex   5.000000e+01 4.500000e+00 -7.633975e+00
    endloop
  endfacet
  facet normal -2.197306e-09 5.735764e-01 -8.191520e-01
    outer loop
      vertex   4.625000e+01 4.500000e+00 -7.633975e+00
      vertex   5.000000e+01 4.500000e+00 -7.633975e+00
      vertex   4.625000e+01 4.357212e+00 -7.733956e+00
    endloop
  endfacet
  facet normal -2.197306e-09 5.735764e-01 -8.191520e-01
    outer loop
      vertex   4.625000e+01 4.357212e+00 -7.733956e+00
      vertex   5.000000e+01 4.500000e+00 -7.633975e+00
      vertex   5.000000e+01 4.357212e+00 -7.733956e+00
    endloop
  endfacet
  facet normal -2.107342e-09 7.071068e-01 -7.071068e-01
    outer loop
      vertex   4.625000e+01 4.357212e+00 -7.733956e+00
      vertex   5.000000e+01 4.357212e+00 -7.733956e+00
      vertex   4.625000e+01 4.233956e+00 -7.857212e+00
    endloop
  endfacet
  facet normal -2.107342e-09 7.071068e-01 -7.071068e-01
    outer loop
      vertex   4.625000e+01 4.233956e+00 -7.857212e+00
      vertex   5.000000e+01 4.357212e+00 -7.733956e+00
      vertex   5.000000e+01 4.233956e+00 -7.857213e+00
    endloop
  endfacet
  facet normal -1.953348e-09 8.191520e-01 -5.735764e-01
    outer loop
      vertex   4.625000e+01 4.233956e+00 -7.857212e+00
      vertex   5.000000e+01 4.233956e+00 -7.857213e+00
      vertex   4.625000e+01 4.133975e+00 -8.000000e+00
    endloop
  endfacet
  facet normal -1.953348e-09 8.191520e-01 -5.735764e-01
    outer loop
      vertex   4.625000e+01 4.133975e+00 -8.000000e+00
      vertex   5.000000e+01 4.233956e+00 -7.857213e+00
      vertex   5.000000e+01 4.133975e+00 -8.000000e+00
    endloop
  endfacet
  facet normal -1.740003e-09 9.063078e-01 -4.226183e-01
    outer loop
      vertex   4.625000e+01 4.133975e+00 -8.000000e+00
      vertex   5.000000e+01 4.133975e+00 -8.000000e+00
      vertex   4.625000e+01 4.060307e+00 -8.157980e+00
    endloop
  endfacet
  facet normal -1.740003e-09 9.063078e-01 -4.226183e-01
    outer loop
      vertex   4.625000e+01 4.060307e+00 -8.157980e+00
      vertex   5.000000e+01 4.133975e+00 -8.000000e+00
      vertex   5.000000e+01 4.060307e+00 -8.157980e+00
    endloop
  endfacet
  facet normal -1.473788e-09 9.659258e-01 -2.588190e-01
    outer loop
      vertex   4.625000e+01 4.060307e+00 -8.157980e+00
      vertex   5.000000e+01 4.060307e+00 -8.157980e+00
      vertex   4.625000e+01 4.015192e+00 -8.326352e+00
    endloop
  endfacet
  facet normal -1.473788e-09 9.659258e-01 -2.588190e-01
    outer loop
      vertex   4.625000e+01 4.015192e+00 -8.326352e+00
      vertex   5.000000e+01 4.060307e+00 -8.157980e+00
      vertex   5.000000e+01 4.015192e+00 -8.326352e+00
    endloop
  endfacet
  facet normal -1.162793e-09 9.961947e-01 -8.715574e-02
    outer loop
      vertex   4.625000e+01 4.015192e+00 -8.326352e+00
      vertex   5.000000e+01 4.015192e+00 -8.326352e+00
      vertex   4.625000e+01 4.000000e+00 -8.500000e+00
    endloop
  endfacet
  facet normal -1.162793e-09 9.961947e-01 -8.715574e-02
    outer loop
      vertex   4.625000e+01 4.000000e+00 -8.500000e+00
      vertex   5.000000e+01 4.015192e+00 -8.326352e+00
      vertex   5.000000e+01 4.000000e+00 -8.500000e+00
    endloop
  endfacet
  facet normal -8.164676e-10 9.961947e-01 8.715574e-02
    outer loop
      vertex   4.625000e+01 4.000000e+00 -8.500000e+00
      vertex   5.000000e+01 4.000000e+00 -8.500000e+00
      vertex   4.625000e+01 4.015192e+00 -8.673648e+00
    endloop
  endfacet
  facet normal -8.164676e-10 9.961947e-01 8.715574e-02
    outer loop
      vertex   4.625000e+01 4.015192e+00 -8.673648e+00
      vertex   5.000000e+01 4.000000e+00 -8.500000e+00
      vertex   5.000000e+01 4.015192e+00 -8.673648e+00
    endloop
  endfacet
  facet normal -4.453339e-10 9.659258e-01 2.588190e-01
    outer loop
      vertex   4.625000e+01 4.015192e+00 -8.673648e+00
      vertex   5.000000e+01 4.015192e+00 -8.673648e+00
      vertex   4.625000e+01 4.060307e+00 -8.842020e+00
    endloop
  endfacet
  facet normal -4.453339e-10 9.659258e-01 2.588190e-01
    outer loop
      vertex   4.625000e+01 4.060307e+00 -8.842020e+00
      vertex   5.000000e+01 4.015192e+00 -8.673648e+00
      vertex   5.000000e+01 4.060307e+00 -8.842020e+00
    endloop
  endfacet
  facet normal -6.066885e-11 9.063078e-01 4.226183e-01
    outer loop
      vertex   4.625000e+01 4.060307e+00 -8.842020e+00
      vertex   5.000000e+01 4.060307e+00 -8.842020e+00
      vertex   4.625000e+01 4.133975e+00 -9.000000e+00
    endloop
  endfacet
  facet normal -6.066885e-11 9.063078e-01 4.226183e-01
    outer loop
      vertex   4.625000e+01 4.133975e+00 -9.000000e+00
      vertex   5.000000e+01 4.060307e+00 -8.842020e+00
      vertex   5.000000e+01 4.133975e+00 -9.000000e+00
    endloop
  endfacet
  facet normal 3.258395e-10 8.191520e-01 5.735764e-01
    outer loop
      vertex   4.625000e+01 4.133975e+00 -9.000000e+00
      vertex   5.000000e+01 4.133975e+00 -9.000000e+00
      vertex   4.625000e+01 4.233956e+00 -9.142788e+00
    endloop
  endfacet
  facet normal 3.258395e-10 8.191520e-01 5.735764e-01
    outer loop
      vertex   4.625000e+01 4.233956e+00 -9.142788e+00
      vertex   5.000000e+01 4.133975e+00 -9.000000e+00
      vertex   5.000000e+01 4.233956e+00 -9.142788e+00
    endloop
  endfacet
  facet normal 7.024475e-10 7.071068e-01 7.071068e-01
    outer loop
      vertex   4.625000e+01 4.233956e+00 -9.142788e+00
      vertex   5.000000e+01 4.233956e+00 -9.142788e+00
      vertex   4.625000e+01 4.357212e+00 -9.266045e+00
    endloop
  endfacet
  facet normal 7.024475e-10 7.071068e-01 7.071068e-01
    outer loop
      vertex   4.625000e+01 4.357212e+00 -9.266045e+00
      vertex   5.000000e+01 4.233956e+00 -9.142788e+00
      vertex   5.000000e+01 4.357212e+00 -9.266045e+00
    endloop
  endfacet
  facet normal 1.057712e-09 5.735764e-01 8.191520e-01
    outer loop
      vertex   4.625000e+01 4.357212e+00 -9.266045e+00
      vertex   5.000000e+01 4.357212e+00 -9.266045e+00
      vertex   4.625000e+01 4.500000e+00 -9.366026e+00
    endloop
  endfacet
  facet normal 1.057712e-09 5.735764e-01 8.191520e-01
    outer loop
      vertex   4.625000e+01 4.500000e+00 -9.366026e+00
      vertex   5.000000e+01 4.357212e+00 -9.266045e+00
      vertex   5.000000e+01 4.500000e+00 -9.366026e+00
    endloop
  endfacet
  facet normal 1.380838e-09 4.226183e-01 9.063078e-01
    outer loop
      vertex   4.625000e+01 4.500000e+00 -9.366026e+00
      vertex   5.000000e+01 4.500000e+00 -9.366026e+00
      vertex   4.625000e+01 4.657980e+00 -9.439693e+00
    endloop
  endfacet
  facet normal 1.380838e-09 4.226183e-01 9.063078e-01
    outer loop
      vertex   4.625000e+01 4.657980e+00 -9.439693e+00
      vertex   5.000000e+01 4.500000e+00 -9.366026e+00
      vertex   5.000000e+01 4.657980e+00 -9.439693e+00
    endloop
  endfacet
  facet normal 1.662009e-09 2.588190e-01 9.659258e-01
    outer loop
      vertex   4.625000e+01 4.657980e+00 -9.439693e+00
      vertex   5.000000e+01 4.657980e+00 -9.439693e+00
      vertex   4.625000e+01 4.826352e+00 -9.484808e+00
    endloop
  endfacet
  facet normal 1.662009e-09 2.588190e-01 9.659258e-01
    outer loop
      vertex   4.625000e+01 4.826352e+00 -9.484808e+00
      vertex   5.000000e+01 4.657980e+00 -9.439693e+00
      vertex   5.000000e+01 4.826352e+00 -9.484808e+00
    endloop
  endfacet
  facet normal 1.892680e-09 8.715574e-02 9.961947e-01
    outer loop
      vertex   4.625000e+01 4.826352e+00 -9.484808e+00
      vertex   5.000000e+01 4.826352e+00 -9.484808e+00
      vertex   5.000000e+01 5.000000e+00 -9.500000e+00
    endloop
  endfacet
  facet normal 1.892680e-09 8.715574e-02 9.961947e-01
    outer loop
      vertex   -2.500000e+01 5.000000e+00 -9.500000e+00
      vertex   1.250000e+01 4.826352e+00 -9.484808e+00
      vertex   5.000000e+01 5.000000e+00 -9.500000e+00
    endloop
  endfacet
  facet normal 1.892679e-09 8.715574e-02 9.961947e-01
    outer loop
      vertex   5.000000e+01 5.000000e+00 -9.500000e+00
      vertex   1.250000e+01 4.826352e+00 -9.484808e+00
      vertex   1.625000e+01 4.826352e+00 -9.484808e+00
    endloop
  endfacet
  facet normal 1.892680e-09 8.715574e-02 9.961947e-01
    outer loop
      vertex   5.000000e+01 5.000000e+00 -9.500000e+00
      vertex   1.625000e+01 4.826352e+00 -9.484808e+00
      vertex   2.000000e+01 4.826352e+00 -9.484808e+00
    endloop
  endfacet
  facet normal 1.662009e-09 2.588190e-01 9.659258e-01
    outer loop
      vertex   2.000000e+01 4.826352e+00 -9.484808e+00
      vertex   1.625000e+01 4.826352e+00 -9.484808e+00
      vertex   2.000000e+01 4.657980e+00 -9.439693e+00
    endloop
  endfacet
  facet normal 1.662008e-09 2.588190e-01 9.659258e-01
    outer loop
      vertex   2.000000e+01 4.826352e+00 -9.484808e+00
      vertex   2.000000e+01 4.657980e+00 -9.439693e+00
      vertex   2.375000e+01 4.657980e+00 -9.439693e+00
    endloop
  endfacet
  facet normal 1.380838e-09 4.226183e-01 9.063078e-01
    outer loop
      vertex   2.375000e+01 4.657980e+00 -9.439693e+00
      vertex   2.000000e+01 4.657980e+00 -9.439693e+00
      vertex   2.375000e+01 4.500000e+00 -9.366025e+00
    endloop
  endfacet
  facet normal 1.380839e-09 4.226183e-01 9.063078e-01
    outer loop
      vertex   2.375000e+01 4.657980e+00 -9.439693e+00
      vertex   2.375000e+01 4.500000e+00 -9.366025e+00
      vertex   2.750000e+01 4.500000e+00 -9.366025e+00
    endloop
  endfacet
  facet normal 1.057712e-09 5.735764e-01 8.191520e-01
    outer loop
      vertex   2.750000e+01 4.500000e+00 -9.366025e+00
      vertex   2.375000e+01 4.500000e+00 -9.366025e+00
      vertex   2.750000e+01 4.357212e+00 -9.266045e+00
    endloop
  endfacet
  facet normal 1.057712e-09 5.735764e-01 8.191520e-01
    outer loop
      vertex   2.750000e+01 4.500000e+00 -9.366025e+00
      vertex   2.750000e+01 4.357212e+00 -9.266045e+00
      vertex   3.125000e+01 4.357212e+00 -9.266045e+00
    endloop
  endfacet
  facet normal 7.024475e-10 7.071068e-01 7.071068e-01
    outer loop
      vertex   3.125000e+01 4.357212e+00 -9.266045e+00
      vertex   2.750000e+01 4.357212e+00 -9.266045e+00
      vertex   3.125000e+01 4.233956e+00 -9.142788e+00
    endloop
  endfacet
  facet normal 7.024471e-10 7.071068e-01 7.071068e-01
    outer loop
      vertex   3.125000e+01 4.357212e+00 -9.266045e+00
      vertex   3.125000e+01 4.233956e+00 -9.142788e+00
      vertex   3.500000e+01 4.233956e+00 -9.142788e+00
    endloop
  endfacet
  facet normal 3.258393e-10 8.191520e-01 5.735764e-01
    outer loop
      vertex   3.500000e+01 4.233956e+00 -9.142788e+00
      vertex   3.125000e+01 4.233956e+00 -9.142788e+00
      vertex   3.500000e+01 4.133975e+00 -9.000000e+00
    endloop
  endfacet
  facet normal 3.258394e-10 8.191520e-01 5.735764e-01
    outer loop
      vertex   3.500000e+01 4.233956e+00 -9.142788e+00
      vertex   3.500000e+01 4.133975e+00 -9.000000e+00
      vertex   3.875000e+01 4.133975e+00 -9.000000e+00
    endloop
  endfacet
  facet normal -6.066906e-11 9.063078e-01 4.226183e-01
    outer loop
      vertex   3.875000e+01 4.133975e+00 -9.000000e+00
      vertex   3.500000e+01 4.133975e+00 -9.000000e+00
      vertex   3.875000e+01 4.060307e+00 -8.842020e+00
    endloop
  endfacet
  facet normal -6.066885e-11 9.063078e-01 4.226183e-01
    outer loop
      vertex   3.875000e+01 4.133975e+00 -9.000000e+00
      vertex   3.875000e+01 4.060307e+00 -8.842020e+00
      vertex   4.250000e+01 4.060307e+00 -8.842020e+00
    endloop
  endfacet
  facet normal -4.453339e-10 9.659258e-01 2.588190e-01
    outer loop
      vertex   4.250000e+01 4.060307e+00 -8.842020e+00
      vertex   3.875000e+01 4.060307e+00 -8.842020e+00
      vertex   4.250000e+01 4.015192e+00 -8.673648e+00
    endloop
  endfacet
  facet normal -4.453337e-10 9.659258e-01 2.588190e-01
    outer loop
      vertex   4.250000e+01 4.060307e+00 -8.842020e+00
      vertex   4.250000e+01 4.015192e+00 -8.673648e+00
      vertex   4.625000e+01 4.015192e+00 -8.673648e+00
    endloop
  endfacet
  facet normal -8.164676e-10 9.961947e-01 8.715574e-02
    outer loop
      vertex   4.625000e+01 4.015192e+00 -8.673648e+00
      vertex   4.250000e+01 4.015192e+00 -8.673648e+00
      vertex   4.625000e+01 4.000000e+00 -8.500000e+00
    endloop
  endfacet
  facet normal 1.662008e-09 2.588190e-01 9.659258e-01
    outer loop
      vertex   -2.125000e+01 4.826352e+00 -9.484808e+00
      vertex   -2.500000e+01 4.826352e+00 -9.484808e+00
      vertex   -2.125000e+01 4.657980e+00 -9.439693e+00
    endloop
  endfacet
  facet normal 1.662008e-09 2.588190e-01 9.659258e-01
    outer loop
      vertex   -2.125000e+01 4.657980e+00 -9.439693e+00
      vertex   -2.500000e+01 4.826352e+00 -9.484808e+00
      vertex   -2.500000e+01 4.657980e+00 -9.439693e+00
    endloop
  endfacet
  facet normal 1.380838e-09 4.226183e-01 9.063078e-01
    outer loop
      vertex   -2.125000e+01 4.657980e+00 -9.439693e+00
      vertex   -2.500000e+01 4.657980e+00 -9.439693e+00
      vertex   -2.125000e+01 4.500000e+00 -9.366025e+00
    endloop
  endfacet
  facet normal 1.380838e-09 4.226183e-01 9.063078e-01
    outer loop
      vertex   -2.125000e+01 4.500000e+00 -9.366025e+00
      vertex   -2.500000e+01 4.657980e+00 -9.439693e+00
      vertex   -2.500000e+01 4.500000e+00 -9.366025e+00
    endloop
  endfacet
  facet normal 1.057712e-09 5.735764e-01 8.191520e-01
    outer loop
      vertex   -2.125000e+01 4.500000e+00 -9.366025e+00
      vertex   -2.500000e+01 4.500000e+00 -9.366025e+00
      vertex   -2.125000e+01 4.357212e+00 -9.266044e+00
    endloop
  endfacet
  facet normal 1.057712e-09 5.735764e-01 8.191520e-01
    outer loop
      vertex   -2.125000e+01 4.357212e+00 -9.266044e+00
      vertex   -2.500000e+01 4.500000e+00 -9.366025e+00
      vertex   -2.500000e+01 4.357212e+00 -9.266044e+00
    endloop
  endfacet
  facet normal 7.024476e-10 7.071068e-01 7.071068e-01
    outer loop
      vertex   -2.125000e+01 4.357212e+00 -9.266044e+00
      vertex   -2.500000e+01 4.357212e+00 -9.266044e+00
      vertex   -2.125000e+01 4.233956e+00 -9.142788e+00
    endloop
  endfacet
  facet normal 7.024476e-10 7.071068e-01 7.071068e-01
    outer loop
      vertex   -2.125000e+01 4.233956e+00 -9.142788e+00
      vertex   -2.500000e+01 4.357212e+00 -9.266044e+00
      vertex   -2.500000e+01 4.233956e+00 -9.142788e+00
    endloop
  endfacet
  facet normal 3.258397e-10 8.191520e-01 5.735764e-01
    outer loop
      vertex   -2.125000e+01 4.233956e+00 -9.142788e+00
      vertex   -2.500000e+01 4.233956e+00 -9.142788e+00
      vertex   -2.125000e+01 4.133975e+00 -9.000000e+00
    endloop
  endfacet
  facet normal 3.258395e-10 8.191520e-01 5.735764e-01
    outer loop
      vertex   -2.125000e+01 4.133975e+00 -9.000000e+00
      vertex   -2.500000e+01 4.233956e+00 -9.142788e+00
      vertex   -2.500000e+01 4.133975e+00 -9.000000e+00
    endloop
  endfacet
  facet normal -6.066885e-11 9.063078e-01 4.226183e-01
    outer loop
      vertex   -2.125000e+01 4.133975e+00 -9.000000e+00
      vertex   -2.500000e+01 4.133975e+00 -9.000000e+00
      vertex   -2.125000e+01 4.060307e+00 -8.842020e+00
    endloop
  endfacet
  facet normal -6.066884e-11 9.063078e-01 4.226183e-01
    outer loop
      vertex   -2.125000e+01 4.060307e+00 -8.842020e+00
      vertex   -2.500000e+01 4.133975e+00 -9.000000e+00
      vertex   -2.500000e+01 4.060307e+00 -8.842020e+00
    endloop
  endfacet
  facet normal -4.453337e-10 9.659258e-01 2.588190e-01
    outer loop
      vertex   -2.125000e+01 4.060307e+00 -8.842020e+00
      vertex   -2.500000e+01 4.060307e+00 -8.842020e+00
      vertex   -2.125000e+01 4.015192e+00 -8.673648e+00
    endloop
  endfacet
  facet normal -4.453337e-10 9.659258e-01 2.588190e-01
    outer loop
      vertex   -2.125000e+01 4.015192e+00 -8.673648e+00
      vertex   -2.500000e+01 4.060307e+00 -8.842020e+00
      vertex   -2.500000e+01 4.015192e+00 -8.673648e+00
    endloop
  endfacet
  facet normal -8.164674e-10 9.961947e-01 8.715574e-02
    outer loop
      vertex   -2.125000e+01 4.015192e+00 -8.673648e+00
      vertex   -2.500000e+01 4.015192e+00 -8.673648e+00
      vertex   -2.125000e+01 4.000000e+00 -8.500000e+00
    endloop
  endfacet
  facet normal -8.164676e-10 9.961947e-01 8.715574e-02
    outer loop
      vertex   -2.125000e+01 4.000000e+00 -8.500000e+00
      vertex   -2.500000e+01 4.015192e+00 -8.673648e+00
      vertex   -2.500000e+01 4.000000e+00 -8.500000e+00
    endloop
  endfacet
  facet normal -1.162793e-09 9.961947e-01 -8.715574e-02
    outer loop
      vertex   -2.125000e+01 4.000000e+00 -8.500000e+00
      vertex   -2.500000e+01 4.000000e+00 -8.500000e+00
      vertex   -2.125000e+01 4.015192e+00 -8.326352e+00
    endloop
  endfacet
  facet normal -1.162793e-09 9.961947e-01 -8.715574e-02
    outer loop
      vertex   -2.125000e+01 4.015192e+00 -8.326352e+00
      vertex   -2.500000e+01 4.000000e+00 -8.500000e+00
      vertex   -2.500000e+01 4.015192e+00 -8.326352e+00
    endloop
  endfacet
  facet normal -1.473788e-09 9.659258e-01 -2.588190e-01
    outer loop
      vertex   -2.125000e+01 4.015192e+00 -8.326352e+00
      vertex   -2.500000e+01 4.015192e+00 -8.326352e+00
      vertex   -2.125000e+01 4.060307e+00 -8.157980e+00
    endloop
  endfacet
  facet normal -1.473788e-09 9.659258e-01 -2.588190e-01
    outer loop
      vertex   -2.125000e+01 4.060307e+00 -8.157980e+00
      vertex   -2.500000e+01 4.015192e+00 -8.326352e+00
      vertex   -2.500000e+01 4.060307e+00 -8.157980e+00
    endloop
  endfacet
  facet normal -1.740003e-09 9.063078e-01 -4.226183e-01
    outer loop
      vertex   -2.125000e+01 4.060307e+00 -8.157980e+00
      vertex   -2.500000e+01 4.060307e+00 -8.157980e+00
      vertex   -2.125000e+01 4.133975e+00 -8.000000e+00
    endloop
  endfacet
  facet normal -1.740003e-09 9.063078e-01 -4.226183e-01
    outer loop
      vertex   -2.125000e+01 4.133975e+00 -8.000000e+00
      vertex   -2.500000e+01 4.060307e+00 -8.157980e+00
      vertex   -2.500000e+01 4.133975e+00 -8.000000e+00
    endloop
  endfacet
  facet normal -1.953348e-09 8.191520e-01 -5.735764e-01
    outer loop
      vertex   -2.125000e+01 4.133975e+00 -8.000000e+00
      vertex   -2.500000e+01 4.133975e+00 -8.000000e+00
      vertex   -2.125000e+01 4.233956e+00 -7.857212e+00
    endloop
  endfacet
  facet normal -1.953348e-09 8.191520e-01 -5.735764e-01
    outer loop
      vertex   -2.125000e+01 4.233956e+00 -7.857212e+00
      vertex   -2.500000e+01 4.133975e+00 -8.000000e+00
      vertex   -2.500000e+01 4.233956e+00 -7.857212e+00
    endloop
  endfacet
  facet normal -2.107342e-09 7.071068e-01 -7.071068e-01
    outer loop
      vertex   -2.125000e+01 4.233956e+00 -7.857212e+00
      vertex   -2.500000e+01 4.233956e+00 -7.857212e+00
      vertex   -2.125000e+01 4.357212e+00 -7.733956e+00
    endloop
  endfacet
  facet normal -2.107342e-09 7.071068e-01 -7.071068e-01
    outer loop
      vertex   -2.125000e+01 4.357212e+00 -7.733956e+00
      vertex   -2.500000e+01 4.233956e+00 -7.857212e+00
      vertex   -2.500000e+01 4.357212e+00 -7.733956e+00
    endloop
  endfacet
  facet normal -2.197306e-09 5.735764e-01 -8.191520e-01
    outer loop
      vertex   -2.125000e+01 4.357212e+00 -7.733956e+00
      vertex   -2.500000e+01 4.357212e+00 -7.733956e+00
      vertex   -2.125000e+01 4.500000e+00 -7.633975e+00
    endloop
  endfacet
  facet normal -2.197306e-09 5.735764e-01 -8.191520e-01
    outer loop
      vertex   -2.125000e+01 4.500000e+00 -7.633975e+00
      vertex   -2.500000e+01 4.357212e+00 -7.733956e+00
      vertex   -2.500000e+01 4.500000e+00 -7.633975e+00
    endloop
  endfacet
  facet normal -2.220505e-09 4.226183e-01 -9.063078e-01
    outer loop
      vertex   -2.125000e+01 4.500000e+00 -7.633975e+00
      vertex   -2.500000e+01 4.500000e+00 -7.633975e+00
      vertex   -2.125000e+01 4.657980e+00 -7.560307e+00
    endloop
  endfacet
  facet normal -2.220505e-09 4.226183e-01 -9.063078e-01
    outer loop
      vertex   -2.125000e+01 4.657980e+00 -7.560307e+00
      vertex   -2.500000e+01 4.500000e+00 -7.633975e+00
      vertex   -2.500000e+01 4.657980e+00 -7.560307e+00
    endloop
  endfacet
  facet normal -2.176236e-09 2.588190e-01 -9.659258e-01
    outer loop
      vertex   -2.125000e+01 4.657980e+00 -7.560307e+00
      vertex   -2.500000e+01 4.657980e+00 -7.560307e+00
      vertex   -2.125000e+01 4.826352e+00 -7.515192e+00
    endloop
  endfacet
  facet normal -2.176236e-09 2.588190e-01 -9.659258e-01
    outer loop
      vertex   -2.125000e+01 4.826352e+00 -7.515192e+00
      vertex   -2.500000e+01 4.657980e+00 -7.560307e+00
      vertex   -2.500000e+01 4.826352e+00 -7.515192e+00
    endloop
  endfacet
  facet normal -2.065842e-09 8.715574e-02 -9.961947e-01
    outer loop
      vertex   -2.125000e+01 4.826352e+00 -7.515192e+00
      vertex   -2.500000e+01 4.826352e+00 -7.515192e+00
      vertex   -2.500000e+01 5.000000e+00 -7.500000e+00
    endloop
  endfacet
  facet normal -2.065842e-09 8.715574e-02 -9.961947e-01
    outer loop
      vertex   5.000000e+01 5.000000e+00 -7.500000e+00
      vertex   1.250000e+01 4.826352e+00 -7.515192e+00
      vertex   -2.500000e+01 5.000000e+00 -7.500000e+00
    endloop
  endfacet
  facet normal -2.065842e-09 8.715574e-02 -9.961947e-01
    outer loop
      vertex   -2.500000e+01 5.000000e+00 -7.500000e+00
      vertex   1.250000e+01 4.826352e+00 -7.515192e+00
      vertex   8.750000e+00 4.826352e+00 -7.515192e+00
    endloop
  endfacet
  facet normal -2.065843e-09 8.715574e-02 -9.961947e-01
    outer loop
      vertex   -2.500000e+01 5.000000e+00 -7.500000e+00
      vertex   8.750000e+00 4.826352e+00 -7.515192e+00
      vertex   5.000000e+00 4.826352e+00 -7.515192e+00
    endloop
  endfacet
  facet normal -2.176236e-09 2.588190e-01 -9.659258e-01
    outer loop
      vertex   5.000000e+00 4.826352e+00 -7.515192e+00
      vertex   8.750000e+00 4.826352e+00 -7.515192e+00
      vertex   5.000000e+00 4.657980e+00 -7.560307e+00
    endloop
  endfacet
  facet normal -2.176236e-09 2.588190e-01 -9.659258e-01
    outer loop
      vertex   5.000000e+00 4.826352e+00 -7.515192e+00
      vertex   5.000000e+00 4.657980e+00 -7.560307e+00
      vertex   1.250000e+00 4.657980e+00 -7.560307e+00
    endloop
  endfacet
  facet normal -2.220505e-09 4.226183e-01 -9.063078e-01
    outer loop
      vertex   1.250000e+00 4.657980e+00 -7.560307e+00
      vertex   5.000000e+00 4.657980e+00 -7.560307e+00
      vertex   1.250000e+00 4.500000e+00 -7.633975e+00
    endloop
  endfacet
  facet normal -2.220506e-09 4.226183e-01 -9.063078e-01
    outer loop
      vertex   1.250000e+00 4.657980e+00 -7.560307e+00
      vertex   1.250000e+00 4.500000e+00 -7.633975e+00
      vertex   -2.500000e+00 4.500000e+00 -7.633975e+00
    endloop
  endfacet
  facet normal -2.197306e-09 5.735764e-01 -8.191520e-01
    outer loop
      vertex   -2.500000e+00 4.500000e+00 -7.633975e+00
      vertex   1.250000e+00 4.500000e+00 -7.633975e+00
      vertex   -2.500000e+00 4.357212e+00 -7.733956e+00
    endloop
  endfacet
  facet normal -2.197306e-09 5.735764e-01 -8.191520e-01
    outer loop
      vertex   -2.500000e+00 4.500000e+00 -7.633975e+00
      vertex   -2.500000e+00 4.357212e+00 -7.733956e+00
      vertex   -6.250000e+00 4.357212e+00 -7.733956e+00
    endloop
  endfacet
  facet normal -2.107342e-09 7.071068e-01 -7.071068e-01
    outer loop
      vertex   -6.250000e+00 4.357212e+00 -7.733956e+00
      vertex   -2.500000e+00 4.357212e+00 -7.733956e+00
      vertex   -6.250000e+00 4.233956e+00 -7.857212e+00
    endloop
  endfacet
  facet normal -2.107342e-09 7.071068e-01 -7.071068e-01
    outer loop
      vertex   -6.250000e+00 4.357212e+00 -7.733956e+00
      vertex   -6.250000e+00 4.233956e+00 -7.857212e+00
      vertex   -1.000000e+01 4.233956e+00 -7.857212e+00
    endloop
  endfacet
  facet normal -1.953348e-09 8.191520e-01 -5.735764e-01
    outer loop
      vertex   -1.000000e+01 4.233956e+00 -7.857212e+00
      vertex   -6.250000e+00 4.233956e+00 -7.857212e+00
      vertex   -1.000000e+01 4.133975e+00 -8.000000e+00
    endloop
  endfacet
  facet normal -1.953349e-09 8.191520e-01 -5.735764e-01
    outer loop
      vertex   -1.000000e+01 4.233956e+00 -7.857212e+00
      vertex   -1.000000e+01 4.133975e+00 -8.000000e+00
      vertex   -1.375000e+01 4.133975e+00 -8.000000e+00
    endloop
  endfacet
  facet normal -1.740003e-09 9.063078e-01 -4.226183e-01
    outer loop
      vertex   -1.375000e+01 4.133975e+00 -8.000000e+00
      vertex   -1.000000e+01 4.133975e+00 -8.000000e+00
      vertex   -1.375000e+01 4.060307e+00 -8.157980e+00
    endloop
  endfacet
  facet normal -1.740003e-09 9.063078e-01 -4.226183e-01
    outer loop
      vertex   -1.375000e+01 4.133975e+00 -8.000000e+00
      vertex   -1.375000e+01 4.060307e+00 -8.157980e+00
      vertex   -1.750000e+01 4.060307e+00 -8.157980e+00
    endloop
  endfacet
  facet normal -1.473788e-09 9.659258e-01 -2.588190e-01
    outer loop
      vertex   -1.750000e+01 4.060307e+00 -8.157980e+00
      vertex   -1.375000e+01 4.060307e+00 -8.157980e+00
      vertex   -1.750000e+01 4.015192e+00 -8.326352e+00
    endloop
  endfacet
  facet normal -1.473789e-09 9.659258e-01 -2.588190e-01
    outer loop
      vertex   -1.750000e+01 4.060307e+00 -8.157980e+00
      vertex   -1.750000e+01 4.015192e+00 -8.326352e+00
      vertex   -2.125000e+01 4.015192e+00 -8.326352e+00
    endloop
  endfacet
  facet normal -1.162794e-09 9.961947e-01 -8.715574e-02
    outer loop
      vertex   -2.125000e+01 4.015192e+00 -8.326352e+00
      vertex   -1.750000e+01 4.015192e+00 -8.326352e+00
      vertex   -2.125000e+01 4.000000e+00 -8.500000e+00
    endloop
  endfacet
  facet normal -2.176236e-09 2.588190e-01 -9.659258e-01
    outer loop
      vertex   4.250000e+01 4.826352e+00 -7.515192e+00
      vertex   4.625000e+01 4.826352e+00 -7.515192e+00
      vertex   4.250000e+01 4.657980e+00 -7.560307e+00
    endloop
  endfacet
  facet normal -2.176236e-09 2.588190e-01 -9.659258e-01
    outer loop
      vertex   4.250000e+01 4.657980e+00 -7.560307e+00
      vertex   4.625000e+01 4.826352e+00 -7.515192e+00
      vertex   4.625000e+01 4.657980e+00 -7.560307e+00
    endloop
  endfacet
  facet normal -2.220506e-09 4.226183e-01 -9.063078e-01
    outer loop
      vertex   4.250000e+01 4.657980e+00 -7.560307e+00
      vertex   4.625000e+01 4.657980e+00 -7.560307e+00
      vertex   4.250000e+01 4.500000e+00 -7.633975e+00
    endloop
  endfacet
  facet normal -2.220506e-09 4.226183e-01 -9.063078e-01
    outer loop
      vertex   4.250000e+01 4.500000e+00 -7.633975e+00
      vertex   4.625000e+01 4.657980e+00 -7.560307e+00
      vertex   4.625000e+01 4.500000e+00 -7.633975e+00
    endloop
  endfacet
  facet normal -2.197306e-09 5.735764e-01 -8.191520e-01
    outer loop
      vertex   4.250000e+01 4.500000e+00 -7.633975e+00
      vertex   4.625000e+01 4.500000e+00 -7.633975e+00
      vertex   4.250000e+01 4.357212e+00 -7.733956e+00
    endloop
  endfacet
  facet normal -2.197306e-09 5.735764e-01 -8.191520e-01
    outer loop
      vertex   4.250000e+01 4.357212e+00 -7.733956e+00
      vertex   4.625000e+01 4.500000e+00 -7.633975e+00
      vertex   4.625000e+01 4.357212e+00 -7.733956e+00
    endloop
  endfacet
  facet normal -2.107342e-09 7.071068e-01 -7.071068e-01
    outer loop
      vertex   4.250000e+01 4.357212e+00 -7.733956e+00
      vertex   4.625000e+01 4.357212e+00 -7.733956e+00
      vertex   4.250000e+01 4.233956e+00 -7.857212e+00
    endloop
  endfacet
  facet normal -2.107343e-09 7.071068e-01 -7.071068e-01
    outer loop
      vertex   4.250000e+01 4.233956e+00 -7.857212e+00
      vertex   4.625000e+01 4.357212e+00 -7.733956e+00
      vertex   4.625000e+01 4.233956e+00 -7.857212e+00
    endloop
  endfacet
  facet normal -1.953349e-09 8.191520e-01 -5.735764e-01
    outer loop
      vertex   4.250000e+01 4.233956e+00 -7.857212e+00
      vertex   4.625000e+01 4.233956e+00 -7.857212e+00
      vertex   4.250000e+01 4.133975e+00 -8.000000e+00
    endloop
  endfacet
  facet normal -1.953349e-09 8.191520e-01 -5.735764e-01
    outer loop
      vertex   4.250000e+01 4.133975e+00 -8.000000e+00
      vertex   4.625000e+01 4.233956e+00 -7.857212e+00
      vertex   4.625000e+01 4.133975e+00 -8.000000e+00
    endloop
  endfacet
  facet normal -1.740003e-09 9.063078e-01 -4.226183e-01
    outer loop
      vertex   4.250000e+01 4.133975e+00 -8.000000e+00
      vertex   4.625000e+01 4.133975e+00 -8.000000e+00
      vertex   4.250000e+01 4.060307e+00 -8.157980e+00
    endloop
  endfacet
  facet normal -1.740003e-09 9.063078e-01 -4.226183e-01
    outer loop
      vertex   4.250000e+01 4.060307e+00 -8.157980e+00
      vertex   4.625000e+01 4.133975e+00 -8.000000e+00
      vertex   4.625000e+01 4.060307e+00 -8.157980e+00
    endloop
  endfacet
  facet normal -1.473788e-09 9.659258e-01 -2.588190e-01
    outer loop
      vertex   4.250000e+01 4.060307e+00 -8.157980e+00
      vertex   4.625000e+01 4.060307e+00 -8.157980e+00
      vertex   4.250000e+01 4.015192e+00 -8.326352e+00
    endloop
  endfacet
  facet normal -1.473788e-09 9.659258e-01 -2.588190e-01
    outer loop
      vertex   4.250000e+01 4.015192e+00 -8.326352e+00
      vertex   4.625000e+01 4.060307e+00 -8.157980e+00
      vertex   4.625000e+01 4.015192e+00 -8.326352e+00
    endloop
  endfacet
  facet normal -1.162793e-09 9.961947e-01 -8.715574e-02
    outer loop
      vertex   4.250000e+01 4.015192e+00 -8.326352e+00
      vertex   4.625000e+01 4.015192e+00 -8.326352e+00
      vertex   4.250000e+01 4.000000e+00 -8.500000e+00
    endloop
  endfacet
  facet normal -1.162793e-09 9.961947e-01 -8.715574e-02
    outer loop
      vertex   4.250000e+01 4.000000e+00 -8.500000e+00
      vertex   4.625000e+01 4.015192e+00 -8.326352e+00
      vertex   4.625000e+01 4.000000e+00 -8.500000e+00
    endloop
  endfacet
  facet normal -8.164676e-10 9.961947e-01 8.715574e-02
    outer loop
      vertex   4.250000e+01 4.000000e+00 -8.500000e+00
      vertex   4.625000e+01 4.000000e+00 -8.500000e+00
      vertex   4.250000e+01 4.015192e+00 -8.673648e+00
    endloop
  endfacet
  facet normal -2.065843e-09 8.715574e-02 -9.961947e-01
    outer loop
      vertex   3.875000e+01 4.826352e+00 -7.515192e+00
      vertex   3.500000e+01 4.826352e+00 -7.515192e+00
      vertex   5.000000e+01 5.000000e+00 -7.500000e+00
    endloop
  endfacet
  facet normal -2.065842e-09 8.715574e-02 -9.961947e-01
    outer loop
      vertex   5.000000e+01 5.000000e+00 -7.500000e+00
      vertex   3.500000e+01 4.826352e+00 -7.515192e+00
      vertex   3.125000e+01 4.826352e+00 -7.515192e+00
    endloop
  endfacet
  facet normal -2.065842e-09 8.715574e-02 -9.961947e-01
    outer loop
      vertex   5.000000e+01 5.000000e+00 -7.500000e+00
      vertex   3.125000e+01 4.826352e+00 -7.515192e+00
      vertex   2.750000e+01 4.826352e+00 -7.515192e+00
    endloop
  endfacet
  facet normal -2.176236e-09 2.588190e-01 -9.659258e-01
    outer loop
      vertex   2.750000e+01 4.826352e+00 -7.515192e+00
      vertex   3.125000e+01 4.826352e+00 -7.515192e+00
      vertex   2.750000e+01 4.657980e+00 -7.560307e+00
    endloop
  endfacet
  facet normal -2.176236e-09 2.588190e-01 -9.659258e-01
    outer loop
      vertex   2.750000e+01 4.826352e+00 -7.515192e+00
      vertex   2.750000e+01 4.657980e+00 -7.560307e+00
      vertex   2.375000e+01 4.657980e+00 -7.560307e+00
    endloop
  endfacet
  facet normal -2.220506e-09 4.226183e-01 -9.063078e-01
    outer loop
      vertex   2.375000e+01 4.657980e+00 -7.560307e+00
      vertex   2.750000e+01 4.657980e+00 -7.560307e+00
      vertex   2.375000e+01 4.500000e+00 -7.633975e+00
    endloop
  endfacet
  facet normal -2.220505e-09 4.226183e-01 -9.063078e-01
    outer loop
      vertex   2.375000e+01 4.657980e+00 -7.560307e+00
      vertex   2.375000e+01 4.500000e+00 -7.633975e+00
      vertex   2.000000e+01 4.500000e+00 -7.633975e+00
    endloop
  endfacet
  facet normal -2.197306e-09 5.735764e-01 -8.191520e-01
    outer loop
      vertex   2.000000e+01 4.500000e+00 -7.633975e+00
      vertex   2.375000e+01 4.500000e+00 -7.633975e+00
      vertex   2.000000e+01 4.357212e+00 -7.733956e+00
    endloop
  endfacet
  facet normal -2.197306e-09 5.735764e-01 -8.191520e-01
    outer loop
      vertex   2.000000e+01 4.500000e+00 -7.633975e+00
      vertex   2.000000e+01 4.357212e+00 -7.733956e+00
      vertex   1.625000e+01 4.357212e+00 -7.733956e+00
    endloop
  endfacet
  facet normal -2.107343e-09 7.071068e-01 -7.071068e-01
    outer loop
      vertex   1.625000e+01 4.357212e+00 -7.733956e+00
      vertex   2.000000e+01 4.357212e+00 -7.733956e+00
      vertex   1.625000e+01 4.233956e+00 -7.857212e+00
    endloop
  endfacet
  facet normal -2.107342e-09 7.071068e-01 -7.071068e-01
    outer loop
      vertex   1.625000e+01 4.357212e+00 -7.733956e+00
      vertex   1.625000e+01 4.233956e+00 -7.857212e+00
      vertex   1.250000e+01 4.233956e+00 -7.857212e+00
    endloop
  endfacet
  facet normal -1.953348e-09 8.191520e-01 -5.735764e-01
    outer loop
      vertex   1.250000e+01 4.233956e+00 -7.857212e+00
      vertex   1.625000e+01 4.233956e+00 -7.857212e+00
      vertex   1.250000e+01 4.133975e+00 -8.000000e+00
    endloop
  endfacet
  facet normal -1.953348e-09 8.191520e-01 -5.735764e-01
    outer loop
      vertex   1.250000e+01 4.233956e+00 -7.857212e+00
      vertex   1.250000e+01 4.133975e+00 -8.000000e+00
      vertex   8.750000e+00 4.133975e+00 -8.000000e+00
    endloop
  endfacet
  facet normal -1.740003e-09 9.063078e-01 -4.226183e-01
    outer loop
      vertex   8.750000e+00 4.133975e+00 -8.000000e+00
      vertex   1.250000e+01 4.133975e+00 -8.000000e+00
      vertex   8.750000e+00 4.060307e+00 -8.157980e+00
    endloop
  endfacet
  facet normal -1.740003e-09 9.063078e-01 -4.226183e-01
    outer loop
      vertex   8.750000e+00 4.133975e+00 -8.000000e+00
      vertex   8.750000e+00 4.060307e+00 -8.157980e+00
      vertex   5.000000e+00 4.060307e+00 -8.157980e+00
    endloop
  endfacet
  facet normal -1.473788e-09 9.659258e-01 -2.588190e-01
    outer loop
      vertex   5.000000e+00 4.060307e+00 -8.157980e+00
      vertex   8.750000e+00 4.060307e+00 -8.157980e+00
      vertex   5.000000e+00 4.015192e+00 -8.326352e+00
    endloop
  endfacet
  facet normal -1.473788e-09 9.659258e-01 -2.588190e-01
    outer loop
      vertex   5.000000e+00 4.060307e+00 -8.157980e+00
      vertex   5.000000e+00 4.015192e+00 -8.326352e+00
      vertex   1.250000e+00 4.015192e+00 -8.326352e+00
    endloop
  endfacet
  facet normal -1.162793e-09 9.961947e-01 -8.715574e-02
    outer loop
      vertex   1.250000e+00 4.015192e+00 -8.326352e+00
      vertex   5.000000e+00 4.015192e+00 -8.326352e+00
      vertex   1.250000e+00 4.000000e+00 -8.500000e+00
    endloop
  endfacet
  facet normal -1.162793e-09 9.961947e-01 -8.715574e-02
    outer loop
      vertex   1.250000e+00 4.015192e+00 -8.326352e+00
      vertex   1.250000e+00 4.000000e+00 -8.500000e+00
      vertex   -2.500000e+00 4.000000e+00 -8.500000e+00
    endloop
  endfacet
  facet normal -8.164676e-10 9.961947e-01 8.715574e-02
    outer loop
      vertex   -2.500000e+00 4.000000e+00 -8.500000e+00
      vertex   1.250000e+00 4.000000e+00 -8.500000e+00
      vertex   -2.500000e+00 4.015192e+00 -8.673648e+00
    endloop
  endfacet
  facet normal -8.164674e-10 9.961947e-01 8.715574e-02
    outer loop
      vertex   -2.500000e+00 4.000000e+00 -8.500000e+00
      vertex   -2.500000e+00 4.015192e+00 -8.673648e+00
      vertex   -6.250000e+00 4.015192e+00 -8.673648e+00
    endloop
  endfacet
  facet normal -4.453337e-10 9.659258e-01 2.588190e-01
    outer loop
      vertex   -6.250000e+00 4.015192e+00 -8.673648e+00
      vertex   -2.500000e+00 4.015192e+00 -8.673648e+00
      vertex   -6.250000e+00 4.060307e+00 -8.842020e+00
    endloop
  endfacet
  facet normal -4.453339e-10 9.659258e-01 2.588190e-01
    outer loop
      vertex   -6.250000e+00 4.015192e+00 -8.673648e+00
      vertex   -6.250000e+00 4.060307e+00 -8.842020e+00
      vertex   -1.000000e+01 4.060307e+00 -8.842020e+00
    endloop
  endfacet
  facet normal -6.066885e-11 9.063078e-01 4.226183e-01
    outer loop
      vertex   -1.000000e+01 4.060307e+00 -8.842020e+00
      vertex   -6.250000e+00 4.060307e+00 -8.842020e+00
      vertex   -1.000000e+01 4.133975e+00 -9.000000e+00
    endloop
  endfacet
  facet normal -6.066906e-11 9.063078e-01 4.226183e-01
    outer loop
      vertex   -1.000000e+01 4.060307e+00 -8.842020e+00
      vertex   -1.000000e+01 4.133975e+00 -9.000000e+00
      vertex   -1.375000e+01 4.133975e+00 -9.000000e+00
    endloop
  endfacet
  facet normal 3.258394e-10 8.191520e-01 5.735764e-01
    outer loop
      vertex   -1.375000e+01 4.133975e+00 -9.000000e+00
      vertex   -1.000000e+01 4.133975e+00 -9.000000e+00
      vertex   -1.375000e+01 4.233956e+00 -9.142788e+00
    endloop
  endfacet
  facet normal 3.258395e-10 8.191520e-01 5.735764e-01
    outer loop
      vertex   -1.375000e+01 4.133975e+00 -9.000000e+00
      vertex   -1.375000e+01 4.233956e+00 -9.142788e+00
      vertex   -1.750000e+01 4.233956e+00 -9.142788e+00
    endloop
  endfacet
  facet normal 7.024475e-10 7.071068e-01 7.071068e-01
    outer loop
      vertex   -1.750000e+01 4.233956e+00 -9.142788e+00
      vertex   -1.375000e+01 4.233956e+00 -9.142788e+00
      vertex   -1.750000e+01 4.357212e+00 -9.266044e+00
    endloop
  endfacet
  facet normal 7.024473e-10 7.071068e-01 7.071068e-01
    outer loop
      vertex   -1.750000e+01 4.233956e+00 -9.142788e+00
      vertex   -1.750000e+01 4.357212e+00 -9.266044e+00
      vertex   -2.125000e+01 4.357212e+00 -9.266044e+00
    endloop
  endfacet
  facet normal 1.057712e-09 5.735764e-01 8.191520e-01
    outer loop
      vertex   -2.125000e+01 4.357212e+00 -9.266044e+00
      vertex   -1.750000e+01 4.357212e+00 -9.266044e+00
      vertex   -2.125000e+01 4.500000e+00 -9.366025e+00
    endloop
  endfacet
  facet normal -2.176236e-09 2.588190e-01 -9.659258e-01
    outer loop
      vertex   3.875000e+01 4.826352e+00 -7.515192e+00
      vertex   3.500000e+01 4.657980e+00 -7.560307e+00
      vertex   3.500000e+01 4.826352e+00 -7.515192e+00
    endloop
  endfacet
  facet normal -2.176236e-09 2.588190e-01 -9.659258e-01
    outer loop
      vertex   3.500000e+01 4.826352e+00 -7.515192e+00
      vertex   3.500000e+01 4.657980e+00 -7.560307e+00
      vertex   3.125000e+01 4.657980e+00 -7.560307e+00
    endloop
  endfacet
  facet normal -2.176236e-09 2.588190e-01 -9.659258e-01
    outer loop
      vertex   3.500000e+01 4.826352e+00 -7.515192e+00
      vertex   3.125000e+01 4.657980e+00 -7.560307e+00
      vertex   3.125000e+01 4.826352e+00 -7.515192e+00
    endloop
  endfacet
  facet normal -2.176236e-09 2.588190e-01 -9.659258e-01
    outer loop
      vertex   3.125000e+01 4.826352e+00 -7.515192e+00
      vertex   3.125000e+01 4.657980e+00 -7.560307e+00
      vertex   2.750000e+01 4.657980e+00 -7.560307e+00
    endloop
  endfacet
  facet normal -2.065843e-09 8.715574e-02 -9.961947e-01
    outer loop
      vertex   2.750000e+01 4.826352e+00 -7.515192e+00
      vertex   2.375000e+01 4.826352e+00 -7.515192e+00
      vertex   5.000000e+01 5.000000e+00 -7.500000e+00
    endloop
  endfacet
  facet normal -2.065842e-09 8.715574e-02 -9.961947e-01
    outer loop
      vertex   5.000000e+01 5.000000e+00 -7.500000e+00
      vertex   2.375000e+01 4.826352e+00 -7.515192e+00
      vertex   2.000000e+01 4.826352e+00 -7.515192e+00
    endloop
  endfacet
  facet normal -2.065843e-09 8.715574e-02 -9.961947e-01
    outer loop
      vertex   5.000000e+01 5.000000e+00 -7.500000e+00
      vertex   2.000000e+01 4.826352e+00 -7.515192e+00
      vertex   1.625000e+01 4.826352e+00 -7.515192e+00
    endloop
  endfacet
  facet normal -2.176236e-09 2.588190e-01 -9.659258e-01
    outer loop
      vertex   1.625000e+01 4.826352e+00 -7.515192e+00
      vertex   2.000000e+01 4.826352e+00 -7.515192e+00
      vertex   1.625000e+01 4.657980e+00 -7.560307e+00
    endloop
  endfacet
  facet normal -2.176236e-09 2.588190e-01 -9.659258e-01
    outer loop
      vertex   1.625000e+01 4.826352e+00 -7.515192e+00
      vertex   1.625000e+01 4.657980e+00 -7.560307e+00
      vertex   1.250000e+01 4.657980e+00 -7.560307e+00
    endloop
  endfacet
  facet normal -2.220505e-09 4.226183e-01 -9.063078e-01
    outer loop
      vertex   1.250000e+01 4.657980e+00 -7.560307e+00
      vertex   1.625000e+01 4.657980e+00 -7.560307e+00
      vertex   1.250000e+01 4.500000e+00 -7.633975e+00
    endloop
  endfacet
  facet normal -2.220505e-09 4.226183e-01 -9.063078e-01
    outer loop
      vertex   1.250000e+01 4.657980e+00 -7.560307e+00
      vertex   1.250000e+01 4.500000e+00 -7.633975e+00
      vertex   8.750000e+00 4.500000e+00 -7.633975e+00
    endloop
  endfacet
  facet normal -2.197306e-09 5.735764e-01 -8.191520e-01
    outer loop
      vertex   8.750000e+00 4.500000e+00 -7.633975e+00
      vertex   1.250000e+01 4.500000e+00 -7.633975e+00
      vertex   8.750000e+00 4.357212e+00 -7.733956e+00
    endloop
  endfacet
  facet normal -2.197306e-09 5.735764e-01 -8.191520e-01
    outer loop
      vertex   8.750000e+00 4.500000e+00 -7.633975e+00
      vertex   8.750000e+00 4.357212e+00 -7.733956e+00
      vertex   5.000000e+00 4.357212e+00 -7.733956e+00
    endloop
  endfacet
  facet normal -2.107342e-09 7.071068e-01 -7.071068e-01
    outer loop
      vertex   5.000000e+00 4.357212e+00 -7.733956e+00
      vertex   8.750000e+00 4.357212e+00 -7.733956e+00
      vertex   5.000000e+00 4.233956e+00 -7.857212e+00
    endloop
  endfacet
  facet normal -2.107342e-09 7.071068e-01 -7.071068e-01
    outer loop
      vertex   5.000000e+00 4.357212e+00 -7.733956e+00
      vertex   5.000000e+00 4.233956e+00 -7.857212e+00
      vertex   1.250000e+00 4.233956e+00 -7.857212e+00
    endloop
  endfacet
  facet normal -1.953348e-09 8.191520e-01 -5.735764e-01
    outer loop
      vertex   1.250000e+00 4.233956e+00 -7.857212e+00
      vertex   5.000000e+00 4.233956e+00 -7.857212e+00
      vertex   1.250000e+00 4.133975e+00 -8.000000e+00
    endloop
  endfacet
  facet normal -1.953349e-09 8.191520e-01 -5.735764e-01
    outer loop
      vertex   1.250000e+00 4.233956e+00 -7.857212e+00
      vertex   1.250000e+00 4.133975e+00 -8.000000e+00
      vertex   -2.500000e+00 4.133975e+00 -8.000000e+00
    endloop
  endfacet
  facet normal -1.740003e-09 9.063078e-01 -4.226183e-01
    outer loop
      vertex   -2.500000e+00 4.133975e+00 -8.000000e+00
      vertex   1.250000e+00 4.133975e+00 -8.000000e+00
      vertex   -2.500000e+00 4.060307e+00 -8.157980e+00
    endloop
  endfacet
  facet normal -1.740003e-09 9.063078e-01 -4.226183e-01
    outer loop
      vertex   -2.500000e+00 4.133975e+00 -8.000000e+00
      vertex   -2.500000e+00 4.060307e+00 -8.157980e+00
      vertex   -6.250000e+00 4.060307e+00 -8.157980e+00
    endloop
  endfacet
  facet normal -1.473788e-09 9.659258e-01 -2.588190e-01
    outer loop
      vertex   -6.250000e+00 4.060307e+00 -8.157980e+00
      vertex   -2.500000e+00 4.060307e+00 -8.157980e+00
      vertex   -6.250000e+00 4.015192e+00 -8.326352e+00
    endloop
  endfacet
  facet normal -1.473788e-09 9.659258e-01 -2.588190e-01
    outer loop
      vertex   -6.250000e+00 4.060307e+00 -8.157980e+00
      vertex   -6.250000e+00 4.015192e+00 -8.326352e+00
      vertex   -1.000000e+01 4.015192e+00 -8.326352e+00
    endloop
  endfacet
  facet normal -1.162793e-09 9.961947e-01 -8.715574e-02
    outer loop
      vertex   -1.000000e+01 4.015192e+00 -8.326352e+00
      vertex   -6.250000e+00 4.015192e+00 -8.326352e+00
      vertex   -1.000000e+01 4.000000e+00 -8.500000e+00
    endloop
  endfacet
  facet normal -1.162793e-09 9.961947e-01 -8.715574e-02
    outer loop
      vertex   -1.000000e+01 4.015192e+00 -8.326352e+00
      vertex   -1.000000e+01 4.000000e+00 -8.500000e+00
      vertex   -1.375000e+01 4.000000e+00 -8.500000e+00
    endloop
  endfacet
  facet normal -8.164676e-10 9.961947e-01 8.715574e-02
    outer loop
      vertex   -1.375000e+01 4.000000e+00 -8.500000e+00
      vertex   -1.000000e+01 4.000000e+00 -8.500000e+00
      vertex   -1.375000e+01 4.015192e+00 -8.673648e+00
    endloop
  endfacet
  facet normal -8.164677e-10 9.961947e-01 8.715574e-02
    outer loop
      vertex   -1.375000e+01 4.000000e+00 -8.500000e+00
      vertex   -1.375000e+01 4.015192e+00 -8.673648e+00
      vertex   -1.750000e+01 4.015192e+00 -8.673648e+00
    endloop
  endfacet
  facet normal -4.453340e-10 9.659258e-01 2.588190e-01
    outer loop
      vertex   -1.750000e+01 4.015192e+00 -8.673648e+00
      vertex   -1.375000e+01 4.015192e+00 -8.673648e+00
      vertex   -1.750000e+01 4.060307e+00 -8.842020e+00
    endloop
  endfacet
  facet normal -4.453340e-10 9.659258e-01 2.588190e-01
    outer loop
      vertex   -1.750000e+01 4.015192e+00 -8.673648e+00
      vertex   -1.750000e+01 4.060307e+00 -8.842020e+00
      vertex   -2.125000e+01 4.060307e+00 -8.842020e+00
    endloop
  endfacet
  facet normal -6.066886e-11 9.063078e-01 4.226183e-01
    outer loop
      vertex   -2.125000e+01 4.060307e+00 -8.842020e+00
      vertex   -1.750000e+01 4.060307e+00 -8.842020e+00
      vertex   -2.125000e+01 4.133975e+00 -9.000000e+00
    endloop
  endfacet
  facet normal -2.176236e-09 2.588190e-01 -9.659258e-01
    outer loop
      vertex   2.750000e+01 4.826352e+00 -7.515192e+00
      vertex   2.375000e+01 4.657980e+00 -7.560307e+00
      vertex   2.375000e+01 4.826352e+00 -7.515192e+00
    endloop
  endfacet
  facet normal -2.176236e-09 2.588190e-01 -9.659258e-01
    outer loop
      vertex   2.375000e+01 4.826352e+00 -7.515192e+00
      vertex   2.375000e+01 4.657980e+00 -7.560307e+00
      vertex   2.000000e+01 4.657980e+00 -7.560307e+00
    endloop
  endfacet
  facet normal -2.176236e-09 2.588190e-01 -9.659258e-01
    outer loop
      vertex   2.375000e+01 4.826352e+00 -7.515192e+00
      vertex   2.000000e+01 4.657980e+00 -7.560307e+00
      vertex   2.000000e+01 4.826352e+00 -7.515192e+00
    endloop
  endfacet
  facet normal -2.176236e-09 2.588190e-01 -9.659258e-01
    outer loop
      vertex   2.000000e+01 4.826352e+00 -7.515192e+00
      vertex   2.000000e+01 4.657980e+00 -7.560307e+00
      vertex   1.625000e+01 4.657980e+00 -7.560307e+00
    endloop
  endfacet
  facet normal -2.065842e-09 8.715574e-02 -9.961947e-01
    outer loop
      vertex   1.250000e+01 4.826352e+00 -7.515192e+00
      vertex   5.000000e+01 5.000000e+00 -7.500000e+00
      vertex   1.625000e+01 4.826352e+00 -7.515192e+00
    endloop
  endfacet
  facet normal -2.176236e-09 2.588190e-01 -9.659258e-01
    outer loop
      vertex   1.625000e+01 4.826352e+00 -7.515192e+00
      vertex   1.250000e+01 4.657980e+00 -7.560307e+00
      vertex   1.250000e+01 4.826352e+00 -7.515192e+00
    endloop
  endfacet
  facet normal -2.176236e-09 2.588190e-01 -9.659258e-01
    outer loop
      vertex   1.250000e+01 4.826352e+00 -7.515192e+00
      vertex   1.250000e+01 4.657980e+00 -7.560307e+00
      vertex   8.750000e+00 4.657980e+00 -7.560307e+00
    endloop
  endfacet
  facet normal -2.176236e-09 2.588190e-01 -9.659258e-01
    outer loop
      vertex   1.250000e+01 4.826352e+00 -7.515192e+00
      vertex   8.750000e+00 4.657980e+00 -7.560307e+00
      vertex   8.750000e+00 4.826352e+00 -7.515192e+00
    endloop
  endfacet
  facet normal -2.176236e-09 2.588190e-01 -9.659258e-01
    outer loop
      vertex   8.750000e+00 4.826352e+00 -7.515192e+00
      vertex   8.750000e+00 4.657980e+00 -7.560307e+00
      vertex   5.000000e+00 4.657980e+00 -7.560307e+00
    endloop
  endfacet
  facet normal -2.065842e-09 8.715574e-02 -9.961947e-01
    outer loop
      vertex   5.000000e+00 4.826352e+00 -7.515192e+00
      vertex   1.250000e+00 4.826352e+00 -7.515192e+00
      vertex   -2.500000e+01 5.000000e+00 -7.500000e+00
    endloop
  endfacet
  facet normal -2.065843e-09 8.715574e-02 -9.961947e-01
    outer loop
      vertex   -2.500000e+01 5.000000e+00 -7.500000e+00
      vertex   1.250000e+00 4.826352e+00 -7.515192e+00
      vertex   -2.500000e+00 4.826352e+00 -7.515192e+00
    endloop
  endfacet
  facet normal -2.065842e-09 8.715574e-02 -9.961947e-01
    outer loop
      vertex   -2.500000e+01 5.000000e+00 -7.500000e+00
      vertex   -2.500000e+00 4.826352e+00 -7.515192e+00
      vertex   -6.250000e+00 4.826352e+00 -7.515192e+00
    endloop
  endfacet
  facet normal -2.176236e-09 2.588190e-01 -9.659258e-01
    outer loop
      vertex   -6.250000e+00 4.826352e+00 -7.515192e+00
      vertex   -2.500000e+00 4.826352e+00 -7.515192e+00
      vertex   -6.250000e+00 4.657980e+00 -7.560307e+00
    endloop
  endfacet
  facet normal -2.176236e-09 2.588190e-01 -9.659258e-01
    outer loop
      vertex   -6.250000e+00 4.826352e+00 -7.515192e+00
      vertex   -6.250000e+00 4.657980e+00 -7.560307e+00
      vertex   -1.000000e+01 4.657980e+00 -7.560307e+00
    endloop
  endfacet
  facet normal -2.220505e-09 4.226183e-01 -9.063078e-01
    outer loop
      vertex   -1.000000e+01 4.657980e+00 -7.560307e+00
      vertex   -6.250000e+00 4.657980e+00 -7.560307e+00
      vertex   -1.000000e+01 4.500000e+00 -7.633975e+00
    endloop
  endfacet
  facet normal -2.220506e-09 4.226183e-01 -9.063078e-01
    outer loop
      vertex   -1.000000e+01 4.657980e+00 -7.560307e+00
      vertex   -1.000000e+01 4.500000e+00 -7.633975e+00
      vertex   -1.375000e+01 4.500000e+00 -7.633975e+00
    endloop
  endfacet
  facet normal -2.197306e-09 5.735764e-01 -8.191520e-01
    outer loop
      vertex   -1.375000e+01 4.500000e+00 -7.633975e+00
      vertex   -1.000000e+01 4.500000e+00 -7.633975e+00
      vertex   -1.375000e+01 4.357212e+00 -7.733956e+00
    endloop
  endfacet
  facet normal -2.197306e-09 5.735764e-01 -8.191520e-01
    outer loop
      vertex   -1.375000e+01 4.500000e+00 -7.633975e+00
      vertex   -1.375000e+01 4.357212e+00 -7.733956e+00
      vertex   -1.750000e+01 4.357212e+00 -7.733956e+00
    endloop
  endfacet
  facet normal -2.107342e-09 7.071068e-01 -7.071068e-01
    outer loop
      vertex   -1.750000e+01 4.357212e+00 -7.733956e+00
      vertex   -1.375000e+01 4.357212e+00 -7.733956e+00
      vertex   -1.750000e+01 4.233956e+00 -7.857212e+00
    endloop
  endfacet
  facet normal -2.107343e-09 7.071068e-01 -7.071068e-01
    outer loop
      vertex   -1.750000e+01 4.357212e+00 -7.733956e+00
      vertex   -1.750000e+01 4.233956e+00 -7.857212e+00
      vertex   -2.125000e+01 4.233956e+00 -7.857212e+00
    endloop
  endfacet
  facet normal -1.953349e-09 8.191520e-01 -5.735764e-01
    outer loop
      vertex   -2.125000e+01 4.233956e+00 -7.857212e+00
      vertex   -1.750000e+01 4.233956e+00 -7.857212e+00
      vertex   -2.125000e+01 4.133975e+00 -8.000000e+00
    endloop
  endfacet
  facet normal -2.176236e-09 2.588190e-01 -9.659258e-01
    outer loop
      vertex   5.000000e+00 4.826352e+00 -7.515192e+00
      vertex   1.250000e+00 4.657980e+00 -7.560307e+00
      vertex   1.250000e+00 4.826352e+00 -7.515192e+00
    endloop
  endfacet
  facet normal -2.176236e-09 2.588190e-01 -9.659258e-01
    outer loop
      vertex   1.250000e+00 4.826352e+00 -7.515192e+00
      vertex   1.250000e+00 4.657980e+00 -7.560307e+00
      vertex   -2.500000e+00 4.657980e+00 -7.560307e+00
    endloop
  endfacet
  facet normal -2.176236e-09 2.588190e-01 -9.659258e-01
    outer loop
      vertex   1.250000e+00 4.826352e+00 -7.515192e+00
      vertex   -2.500000e+00 4.657980e+00 -7.560307e+00
      vertex   -2.500000e+00 4.826352e+00 -7.515192e+00
    endloop
  endfacet
  facet normal -2.176236e-09 2.588190e-01 -9.659258e-01
    outer loop
      vertex   -2.500000e+00 4.826352e+00 -7.515192e+00
      vertex   -2.500000e+00 4.657980e+00 -7.560307e+00
      vertex   -6.250000e+00 4.657980e+00 -7.560307e+00
    endloop
  endfacet
  facet normal -2.065842e-09 8.715574e-02 -9.961947e-01
    outer loop
      vertex   -6.250000e+00 4.826352e+00 -7.515192e+00
      vertex   -1.000000e+01 4.826352e+00 -7.515192e+00
      vertex   -2.500000e+01 5.000000e+00 -7.500000e+00
    endloop
  endfacet
  facet normal -2.065843e-09 8.715574e-02 -9.961947e-01
    outer loop
      vertex   -2.500000e+01 5.000000e+00 -7.500000e+00
      vertex   -1.000000e+01 4.826352e+00 -7.515192e+00
      vertex   -1.375000e+01 4.826352e+00 -7.515192e+00
    endloop
  endfacet
  facet normal -2.065842e-09 8.715574e-02 -9.961947e-01
    outer loop
      vertex   -2.500000e+01 5.000000e+00 -7.500000e+00
      vertex   -1.375000e+01 4.826352e+00 -7.515192e+00
      vertex   -1.750000e+01 4.826352e+00 -7.515192e+00
    endloop
  endfacet
  facet normal -2.176236e-09 2.588190e-01 -9.659258e-01
    outer loop
      vertex   -1.750000e+01 4.826352e+00 -7.515192e+00
      vertex   -1.375000e+01 4.826352e+00 -7.515192e+00
      vertex   -1.750000e+01 4.657980e+00 -7.560307e+00
    endloop
  endfacet
  facet normal -2.176236e-09 2.588190e-01 -9.659258e-01
    outer loop
      vertex   -1.750000e+01 4.826352e+00 -7.515192e+00
      vertex   -1.750000e+01 4.657980e+00 -7.560307e+00
      vertex   -2.125000e+01 4.657980e+00 -7.560307e+00
    endloop
  endfacet
  facet normal -2.220506e-09 4.226183e-01 -9.063078e-01
    outer loop
      vertex   -2.125000e+01 4.657980e+00 -7.560307e+00
      vertex   -1.750000e+01 4.657980e+00 -7.560307e+00
      vertex   -2.125000e+01 4.500000e+00 -7.633975e+00
    endloop
  endfacet
  facet normal -2.176236e-09 2.588190e-01 -9.659258e-01
    outer loop
      vertex   -6.250000e+00 4.826352e+00 -7.515192e+00
      vertex   -1.000000e+01 4.657980e+00 -7.560307e+00
      vertex   -1.000000e+01 4.826352e+00 -7.515192e+00
    endloop
  endfacet
  facet normal -2.176236e-09 2.588190e-01 -9.659258e-01
    outer loop
      vertex   -1.000000e+01 4.826352e+00 -7.515192e+00
      vertex   -1.000000e+01 4.657980e+00 -7.560307e+00
      vertex   -1.375000e+01 4.657980e+00 -7.560307e+00
    endloop
  endfacet
  facet normal -2.176236e-09 2.588190e-01 -9.659258e-01
    outer loop
      vertex   -1.000000e+01 4.826352e+00 -7.515192e+00
      vertex   -1.375000e+01 4.657980e+00 -7.560307e+00
      vertex   -1.375000e+01 4.826352e+00 -7.515192e+00
    endloop
  endfacet
  facet normal -2.176236e-09 2.588190e-01 -9.659258e-01
    outer loop
      vertex   -1.375000e+01 4.826352e+00 -7.515192e+00
      vertex   -1.375000e+01 4.657980e+00 -7.560307e+00
      vertex   -1.750000e+01 4.657980e+00 -7.560307e+00
    endloop
  endfacet
  facet normal -2.065843e-09 8.715574e-02 -9.961947e-01
    outer loop
      vertex   -2.125000e+01 4.826352e+00 -7.515192e+00
      vertex   -2.500000e+01 5.000000e+00 -7.500000e+00
      vertex   -1.750000e+01 4.826352e+00 -7.515192e+00
    endloop
  endfacet
  facet normal -2.176236e-09 2.588190e-01 -9.659258e-01
    outer loop
      vertex   -2.125000e+01 4.657980e+00 -7.560307e+00
      vertex   -2.125000e+01 4.826352e+00 -7.515192e+00
      vertex   -1.750000e+01 4.826352e+00 -7.515192e+00
    endloop
  endfacet
  facet normal -2.176236e-09 2.588190e-01 -9.659258e-01
    outer loop
      vertex   4.250000e+01 4.826352e+00 -7.515192e+00
      vertex   4.250000e+01 4.657980e+00 -7.560307e+00
      vertex   3.875000e+01 4.657980e+00 -7.560307e+00
    endloop
  endfacet
  facet normal -2.220505e-09 4.226183e-01 -9.063078e-01
    outer loop
      vertex   3.875000e+01 4.657980e+00 -7.560307e+00
      vertex   4.250000e+01 4.657980e+00 -7.560307e+00
      vertex   3.875000e+01 4.500000e+00 -7.633975e+00
    endloop
  endfacet
  facet normal -2.220506e-09 4.226183e-01 -9.063078e-01
    outer loop
      vertex   3.875000e+01 4.657980e+00 -7.560307e+00
      vertex   3.875000e+01 4.500000e+00 -7.633975e+00
      vertex   3.500000e+01 4.500000e+00 -7.633975e+00
    endloop
  endfacet
  facet normal -2.197306e-09 5.735764e-01 -8.191520e-01
    outer loop
      vertex   3.500000e+01 4.500000e+00 -7.633975e+00
      vertex   3.875000e+01 4.500000e+00 -7.633975e+00
      vertex   3.500000e+01 4.357212e+00 -7.733956e+00
    endloop
  endfacet
  facet normal -2.197306e-09 5.735764e-01 -8.191520e-01
    outer loop
      vertex   3.500000e+01 4.500000e+00 -7.633975e+00
      vertex   3.500000e+01 4.357212e+00 -7.733956e+00
      vertex   3.125000e+01 4.357212e+00 -7.733956e+00
    endloop
  endfacet
  facet normal -2.107342e-09 7.071068e-01 -7.071068e-01
    outer loop
      vertex   3.125000e+01 4.357212e+00 -7.733956e+00
      vertex   3.500000e+01 4.357212e+00 -7.733956e+00
      vertex   3.125000e+01 4.233956e+00 -7.857212e+00
    endloop
  endfacet
  facet normal -2.107342e-09 7.071068e-01 -7.071068e-01
    outer loop
      vertex   3.125000e+01 4.357212e+00 -7.733956e+00
      vertex   3.125000e+01 4.233956e+00 -7.857212e+00
      vertex   2.750000e+01 4.233956e+00 -7.857212e+00
    endloop
  endfacet
  facet normal -1.953348e-09 8.191520e-01 -5.735764e-01
    outer loop
      vertex   2.750000e+01 4.233956e+00 -7.857212e+00
      vertex   3.125000e+01 4.233956e+00 -7.857212e+00
      vertex   2.750000e+01 4.133975e+00 -8.000000e+00
    endloop
  endfacet
  facet normal -1.953349e-09 8.191520e-01 -5.735764e-01
    outer loop
      vertex   2.750000e+01 4.233956e+00 -7.857212e+00
      vertex   2.750000e+01 4.133975e+00 -8.000000e+00
      vertex   2.375000e+01 4.133975e+00 -8.000000e+00
    endloop
  endfacet
  facet normal -1.740003e-09 9.063078e-01 -4.226183e-01
    outer loop
      vertex   2.375000e+01 4.133975e+00 -8.000000e+00
      vertex   2.750000e+01 4.133975e+00 -8.000000e+00
      vertex   2.375000e+01 4.060307e+00 -8.157980e+00
    endloop
  endfacet
  facet normal -1.740003e-09 9.063078e-01 -4.226183e-01
    outer loop
      vertex   2.375000e+01 4.133975e+00 -8.000000e+00
      vertex   2.375000e+01 4.060307e+00 -8.157980e+00
      vertex   2.000000e+01 4.060307e+00 -8.157980e+00
    endloop
  endfacet
  facet normal -1.473788e-09 9.659258e-01 -2.588190e-01
    outer loop
      vertex   2.000000e+01 4.060307e+00 -8.157980e+00
      vertex   2.375000e+01 4.060307e+00 -8.157980e+00
      vertex   2.000000e+01 4.015192e+00 -8.326352e+00
    endloop
  endfacet
  facet normal -1.473789e-09 9.659258e-01 -2.588190e-01
    outer loop
      vertex   2.000000e+01 4.060307e+00 -8.157980e+00
      vertex   2.000000e+01 4.015192e+00 -8.326352e+00
      vertex   1.625000e+01 4.015192e+00 -8.326352e+00
    endloop
  endfacet
  facet normal -1.162794e-09 9.961947e-01 -8.715574e-02
    outer loop
      vertex   1.625000e+01 4.015192e+00 -8.326352e+00
      vertex   2.000000e+01 4.015192e+00 -8.326352e+00
      vertex   1.625000e+01 4.000000e+00 -8.500000e+00
    endloop
  endfacet
  facet normal -1.162793e-09 9.961947e-01 -8.715574e-02
    outer loop
      vertex   1.625000e+01 4.015192e+00 -8.326352e+00
      vertex   1.625000e+01 4.000000e+00 -8.500000e+00
      vertex   1.250000e+01 4.000000e+00 -8.500000e+00
    endloop
  endfacet
  facet normal -8.164676e-10 9.961947e-01 8.715574e-02
    outer loop
      vertex   1.250000e+01 4.000000e+00 -8.500000e+00
      vertex   1.625000e+01 4.000000e+00 -8.500000e+00
      vertex   1.250000e+01 4.015192e+00 -8.673648e+00
    endloop
  endfacet
  facet normal -8.164676e-10 9.961947e-01 8.715574e-02
    outer loop
      vertex   1.250000e+01 4.000000e+00 -8.500000e+00
      vertex   1.250000e+01 4.015192e+00 -8.673648e+00
      vertex   8.750000e+00 4.015192e+00 -8.673648e+00
    endloop
  endfacet
  facet normal -4.453339e-10 9.659258e-01 2.588190e-01
    outer loop
      vertex   8.750000e+00 4.015192e+00 -8.673648e+00
      vertex   1.250000e+01 4.015192e+00 -8.673648e+00
      vertex   8.750000e+00 4.060307e+00 -8.842020e+00
    endloop
  endfacet
  facet normal -4.453339e-10 9.659258e-01 2.588190e-01
    outer loop
      vertex   8.750000e+00 4.015192e+00 -8.673648e+00
      vertex   8.750000e+00 4.060307e+00 -8.842020e+00
      vertex   5.000000e+00 4.060307e+00 -8.842020e+00
    endloop
  endfacet
  facet normal -6.066885e-11 9.063078e-01 4.226183e-01
    outer loop
      vertex   5.000000e+00 4.060307e+00 -8.842020e+00
      vertex   8.750000e+00 4.060307e+00 -8.842020e+00
      vertex   5.000000e+00 4.133975e+00 -9.000000e+00
    endloop
  endfacet
  facet normal -6.066863e-11 9.063078e-01 4.226183e-01
    outer loop
      vertex   5.000000e+00 4.060307e+00 -8.842020e+00
      vertex   5.000000e+00 4.133975e+00 -9.000000e+00
      vertex   1.250000e+00 4.133975e+00 -9.000000e+00
    endloop
  endfacet
  facet normal 3.258397e-10 8.191520e-01 5.735764e-01
    outer loop
      vertex   1.250000e+00 4.133975e+00 -9.000000e+00
      vertex   5.000000e+00 4.133975e+00 -9.000000e+00
      vertex   1.250000e+00 4.233956e+00 -9.142788e+00
    endloop
  endfacet
  facet normal 3.258398e-10 8.191520e-01 5.735764e-01
    outer loop
      vertex   1.250000e+00 4.133975e+00 -9.000000e+00
      vertex   1.250000e+00 4.233956e+00 -9.142788e+00
      vertex   -2.500000e+00 4.233956e+00 -9.142788e+00
    endloop
  endfacet
  facet normal 7.024478e-10 7.071068e-01 7.071068e-01
    outer loop
      vertex   -2.500000e+00 4.233956e+00 -9.142788e+00
      vertex   1.250000e+00 4.233956e+00 -9.142788e+00
      vertex   -2.500000e+00 4.357212e+00 -9.266044e+00
    endloop
  endfacet
  facet normal 7.024476e-10 7.071068e-01 7.071068e-01
    outer loop
      vertex   -2.500000e+00 4.233956e+00 -9.142788e+00
      vertex   -2.500000e+00 4.357212e+00 -9.266044e+00
      vertex   -6.250000e+00 4.357212e+00 -9.266044e+00
    endloop
  endfacet
  facet normal 1.057712e-09 5.735764e-01 8.191520e-01
    outer loop
      vertex   -6.250000e+00 4.357212e+00 -9.266044e+00
      vertex   -2.500000e+00 4.357212e+00 -9.266044e+00
      vertex   -6.250000e+00 4.500000e+00 -9.366025e+00
    endloop
  endfacet
  facet normal 1.057712e-09 5.735764e-01 8.191520e-01
    outer loop
      vertex   -6.250000e+00 4.357212e+00 -9.266044e+00
      vertex   -6.250000e+00 4.500000e+00 -9.366025e+00
      vertex   -1.000000e+01 4.500000e+00 -9.366025e+00
    endloop
  endfacet
  facet normal 1.380838e-09 4.226183e-01 9.063078e-01
    outer loop
      vertex   -1.000000e+01 4.500000e+00 -9.366025e+00
      vertex   -6.250000e+00 4.500000e+00 -9.366025e+00
      vertex   -1.000000e+01 4.657980e+00 -9.439693e+00
    endloop
  endfacet
  facet normal 1.380839e-09 4.226183e-01 9.063078e-01
    outer loop
      vertex   -1.000000e+01 4.500000e+00 -9.366025e+00
      vertex   -1.000000e+01 4.657980e+00 -9.439693e+00
      vertex   -1.375000e+01 4.657980e+00 -9.439693e+00
    endloop
  endfacet
  facet normal 1.662009e-09 2.588190e-01 9.659258e-01
    outer loop
      vertex   -1.375000e+01 4.657980e+00 -9.439693e+00
      vertex   -1.000000e+01 4.657980e+00 -9.439693e+00
      vertex   -1.375000e+01 4.826352e+00 -9.484808e+00
    endloop
  endfacet
  facet normal 1.662009e-09 2.588190e-01 9.659258e-01
    outer loop
      vertex   -1.375000e+01 4.657980e+00 -9.439693e+00
      vertex   -1.375000e+01 4.826352e+00 -9.484808e+00
      vertex   -1.750000e+01 4.826352e+00 -9.484808e+00
    endloop
  endfacet
  facet normal 1.892680e-09 8.715574e-02 9.961947e-01
    outer loop
      vertex   -1.750000e+01 4.826352e+00 -9.484808e+00
      vertex   -1.375000e+01 4.826352e+00 -9.484808e+00
      vertex   -2.500000e+01 5.000000e+00 -9.500000e+00
    endloop
  endfacet
  facet normal -2.220505e-09 4.226183e-01 -9.063078e-01
    outer loop
      vertex   3.875000e+01 4.500000e+00 -7.633975e+00
      vertex   4.250000e+01 4.657980e+00 -7.560307e+00
      vertex   4.250000e+01 4.500000e+00 -7.633975e+00
    endloop
  endfacet
  facet normal -2.220505e-09 4.226183e-01 -9.063078e-01
    outer loop
      vertex   3.500000e+01 4.657980e+00 -7.560307e+00
      vertex   3.125000e+01 4.500000e+00 -7.633975e+00
      vertex   3.125000e+01 4.657980e+00 -7.560307e+00
    endloop
  endfacet
  facet normal -2.220505e-09 4.226183e-01 -9.063078e-01
    outer loop
      vertex   3.125000e+01 4.657980e+00 -7.560307e+00
      vertex   3.125000e+01 4.500000e+00 -7.633975e+00
      vertex   2.750000e+01 4.500000e+00 -7.633975e+00
    endloop
  endfacet
  facet normal -2.220505e-09 4.226183e-01 -9.063078e-01
    outer loop
      vertex   3.125000e+01 4.657980e+00 -7.560307e+00
      vertex   2.750000e+01 4.500000e+00 -7.633975e+00
      vertex   2.750000e+01 4.657980e+00 -7.560307e+00
    endloop
  endfacet
  facet normal -2.220506e-09 4.226183e-01 -9.063078e-01
    outer loop
      vertex   2.750000e+01 4.657980e+00 -7.560307e+00
      vertex   2.750000e+01 4.500000e+00 -7.633975e+00
      vertex   2.375000e+01 4.500000e+00 -7.633975e+00
    endloop
  endfacet
  facet normal -2.220505e-09 4.226183e-01 -9.063078e-01
    outer loop
      vertex   2.375000e+01 4.657980e+00 -7.560307e+00
      vertex   2.000000e+01 4.500000e+00 -7.633975e+00
      vertex   2.000000e+01 4.657980e+00 -7.560307e+00
    endloop
  endfacet
  facet normal -2.220506e-09 4.226183e-01 -9.063078e-01
    outer loop
      vertex   2.000000e+01 4.657980e+00 -7.560307e+00
      vertex   2.000000e+01 4.500000e+00 -7.633975e+00
      vertex   1.625000e+01 4.500000e+00 -7.633975e+00
    endloop
  endfacet
  facet normal -2.220506e-09 4.226183e-01 -9.063078e-01
    outer loop
      vertex   2.000000e+01 4.657980e+00 -7.560307e+00
      vertex   1.625000e+01 4.500000e+00 -7.633975e+00
      vertex   1.625000e+01 4.657980e+00 -7.560307e+00
    endloop
  endfacet
  facet normal -2.220505e-09 4.226183e-01 -9.063078e-01
    outer loop
      vertex   1.625000e+01 4.657980e+00 -7.560307e+00
      vertex   1.625000e+01 4.500000e+00 -7.633975e+00
      vertex   1.250000e+01 4.500000e+00 -7.633975e+00
    endloop
  endfacet
  facet normal -2.220505e-09 4.226183e-01 -9.063078e-01
    outer loop
      vertex   1.250000e+01 4.657980e+00 -7.560307e+00
      vertex   8.750000e+00 4.500000e+00 -7.633975e+00
      vertex   8.750000e+00 4.657980e+00 -7.560307e+00
    endloop
  endfacet
  facet normal -2.220506e-09 4.226183e-01 -9.063078e-01
    outer loop
      vertex   8.750000e+00 4.657980e+00 -7.560307e+00
      vertex   8.750000e+00 4.500000e+00 -7.633975e+00
      vertex   5.000000e+00 4.500000e+00 -7.633975e+00
    endloop
  endfacet
  facet normal -2.220506e-09 4.226183e-01 -9.063078e-01
    outer loop
      vertex   8.750000e+00 4.657980e+00 -7.560307e+00
      vertex   5.000000e+00 4.500000e+00 -7.633975e+00
      vertex   5.000000e+00 4.657980e+00 -7.560307e+00
    endloop
  endfacet
  facet normal -2.220505e-09 4.226183e-01 -9.063078e-01
    outer loop
      vertex   5.000000e+00 4.657980e+00 -7.560307e+00
      vertex   5.000000e+00 4.500000e+00 -7.633975e+00
      vertex   1.250000e+00 4.500000e+00 -7.633975e+00
    endloop
  endfacet
  facet normal -2.220506e-09 4.226183e-01 -9.063078e-01
    outer loop
      vertex   1.250000e+00 4.657980e+00 -7.560307e+00
      vertex   -2.500000e+00 4.500000e+00 -7.633975e+00
      vertex   -2.500000e+00 4.657980e+00 -7.560307e+00
    endloop
  endfacet
  facet normal -2.220505e-09 4.226183e-01 -9.063078e-01
    outer loop
      vertex   -2.500000e+00 4.657980e+00 -7.560307e+00
      vertex   -2.500000e+00 4.500000e+00 -7.633975e+00
      vertex   -6.250000e+00 4.500000e+00 -7.633975e+00
    endloop
  endfacet
  facet normal -2.220505e-09 4.226183e-01 -9.063078e-01
    outer loop
      vertex   -2.500000e+00 4.657980e+00 -7.560307e+00
      vertex   -6.250000e+00 4.500000e+00 -7.633975e+00
      vertex   -6.250000e+00 4.657980e+00 -7.560307e+00
    endloop
  endfacet
  facet normal -2.220505e-09 4.226183e-01 -9.063078e-01
    outer loop
      vertex   -6.250000e+00 4.657980e+00 -7.560307e+00
      vertex   -6.250000e+00 4.500000e+00 -7.633975e+00
      vertex   -1.000000e+01 4.500000e+00 -7.633975e+00
    endloop
  endfacet
  facet normal -2.220506e-09 4.226183e-01 -9.063078e-01
    outer loop
      vertex   -1.000000e+01 4.657980e+00 -7.560307e+00
      vertex   -1.375000e+01 4.500000e+00 -7.633975e+00
      vertex   -1.375000e+01 4.657980e+00 -7.560307e+00
    endloop
  endfacet
  facet normal -2.220505e-09 4.226183e-01 -9.063078e-01
    outer loop
      vertex   -1.375000e+01 4.657980e+00 -7.560307e+00
      vertex   -1.375000e+01 4.500000e+00 -7.633975e+00
      vertex   -1.750000e+01 4.500000e+00 -7.633975e+00
    endloop
  endfacet
  facet normal -2.220505e-09 4.226183e-01 -9.063078e-01
    outer loop
      vertex   -1.375000e+01 4.657980e+00 -7.560307e+00
      vertex   -1.750000e+01 4.500000e+00 -7.633975e+00
      vertex   -1.750000e+01 4.657980e+00 -7.560307e+00
    endloop
  endfacet
  facet normal -2.220506e-09 4.226183e-01 -9.063078e-01
    outer loop
      vertex   -1.750000e+01 4.657980e+00 -7.560307e+00
      vertex   -1.750000e+01 4.500000e+00 -7.633975e+00
      vertex   -2.125000e+01 4.500000e+00 -7.633975e+00
    endloop
  endfacet
  facet normal -2.197306e-09 5.735764e-01 -8.191520e-01
    outer loop
      vertex   3.875000e+01 4.500000e+00 -7.633975e+00
      vertex   4.250000e+01 4.500000e+00 -7.633975e+00
      vertex   3.875000e+01 4.357212e+00 -7.733956e+00
    endloop
  endfacet
  facet normal -2.197306e-09 5.735764e-01 -8.191520e-01
    outer loop
      vertex   3.875000e+01 4.357212e+00 -7.733956e+00
      vertex   4.250000e+01 4.500000e+00 -7.633975e+00
      vertex   4.250000e+01 4.357212e+00 -7.733956e+00
    endloop
  endfacet
  facet normal -2.107342e-09 7.071068e-01 -7.071068e-01
    outer loop
      vertex   3.875000e+01 4.357212e+00 -7.733956e+00
      vertex   4.250000e+01 4.357212e+00 -7.733956e+00
      vertex   3.875000e+01 4.233956e+00 -7.857212e+00
    endloop
  endfacet
  facet normal -2.107342e-09 7.071068e-01 -7.071068e-01
    outer loop
      vertex   3.875000e+01 4.233956e+00 -7.857212e+00
      vertex   4.250000e+01 4.357212e+00 -7.733956e+00
      vertex   4.250000e+01 4.233956e+00 -7.857212e+00
    endloop
  endfacet
  facet normal -1.953348e-09 8.191520e-01 -5.735764e-01
    outer loop
      vertex   3.875000e+01 4.233956e+00 -7.857212e+00
      vertex   4.250000e+01 4.233956e+00 -7.857212e+00
      vertex   3.875000e+01 4.133975e+00 -8.000000e+00
    endloop
  endfacet
  facet normal -1.953348e-09 8.191520e-01 -5.735764e-01
    outer loop
      vertex   3.875000e+01 4.133975e+00 -8.000000e+00
      vertex   4.250000e+01 4.233956e+00 -7.857212e+00
      vertex   4.250000e+01 4.133975e+00 -8.000000e+00
    endloop
  endfacet
  facet normal -1.740003e-09 9.063078e-01 -4.226183e-01
    outer loop
      vertex   3.875000e+01 4.133975e+00 -8.000000e+00
      vertex   4.250000e+01 4.133975e+00 -8.000000e+00
      vertex   3.875000e+01 4.060307e+00 -8.157980e+00
    endloop
  endfacet
  facet normal -1.740003e-09 9.063078e-01 -4.226183e-01
    outer loop
      vertex   3.875000e+01 4.060307e+00 -8.157980e+00
      vertex   4.250000e+01 4.133975e+00 -8.000000e+00
      vertex   4.250000e+01 4.060307e+00 -8.157980e+00
    endloop
  endfacet
  facet normal -1.473788e-09 9.659258e-01 -2.588190e-01
    outer loop
      vertex   3.875000e+01 4.060307e+00 -8.157980e+00
      vertex   4.250000e+01 4.060307e+00 -8.157980e+00
      vertex   3.875000e+01 4.015192e+00 -8.326352e+00
    endloop
  endfacet
  facet normal -1.473788e-09 9.659258e-01 -2.588190e-01
    outer loop
      vertex   3.875000e+01 4.015192e+00 -8.326352e+00
      vertex   4.250000e+01 4.060307e+00 -8.157980e+00
      vertex   4.250000e+01 4.015192e+00 -8.326352e+00
    endloop
  endfacet
  facet normal -1.162793e-09 9.961947e-01 -8.715574e-02
    outer loop
      vertex   3.875000e+01 4.015192e+00 -8.326352e+00
      vertex   4.250000e+01 4.015192e+00 -8.326352e+00
      vertex   3.875000e+01 4.000000e+00 -8.500000e+00
    endloop
  endfacet
  facet normal -1.162793e-09 9.961947e-01 -8.715574e-02
    outer loop
      vertex   3.875000e+01 4.000000e+00 -8.500000e+00
      vertex   4.250000e+01 4.015192e+00 -8.326352e+00
      vertex   4.250000e+01 4.000000e+00 -8.500000e+00
    endloop
  endfacet
  facet normal -8.164676e-10 9.961947e-01 8.715574e-02
    outer loop
      vertex   3.875000e+01 4.000000e+00 -8.500000e+00
      vertex   4.250000e+01 4.000000e+00 -8.500000e+00
      vertex   3.875000e+01 4.015192e+00 -8.673648e+00
    endloop
  endfacet
  facet normal -8.164677e-10 9.961947e-01 8.715574e-02
    outer loop
      vertex   3.875000e+01 4.015192e+00 -8.673648e+00
      vertex   4.250000e+01 4.000000e+00 -8.500000e+00
      vertex   4.250000e+01 4.015192e+00 -8.673648e+00
    endloop
  endfacet
  facet normal -4.453340e-10 9.659258e-01 2.588190e-01
    outer loop
      vertex   3.875000e+01 4.015192e+00 -8.673648e+00
      vertex   4.250000e+01 4.015192e+00 -8.673648e+00
      vertex   3.875000e+01 4.060307e+00 -8.842020e+00
    endloop
  endfacet
  facet normal -2.197306e-09 5.735764e-01 -8.191520e-01
    outer loop
      vertex   3.125000e+01 4.500000e+00 -7.633975e+00
      vertex   2.750000e+01 4.357212e+00 -7.733956e+00
      vertex   2.750000e+01 4.500000e+00 -7.633975e+00
    endloop
  endfacet
  facet normal -2.197306e-09 5.735764e-01 -8.191520e-01
    outer loop
      vertex   2.750000e+01 4.500000e+00 -7.633975e+00
      vertex   2.750000e+01 4.357212e+00 -7.733956e+00
      vertex   2.375000e+01 4.357212e+00 -7.733956e+00
    endloop
  endfacet
  facet normal -2.197306e-09 5.735764e-01 -8.191520e-01
    outer loop
      vertex   2.750000e+01 4.500000e+00 -7.633975e+00
      vertex   2.375000e+01 4.357212e+00 -7.733956e+00
      vertex   2.375000e+01 4.500000e+00 -7.633975e+00
    endloop
  endfacet
  facet normal -2.197306e-09 5.735764e-01 -8.191520e-01
    outer loop
      vertex   2.375000e+01 4.500000e+00 -7.633975e+00
      vertex   2.375000e+01 4.357212e+00 -7.733956e+00
      vertex   2.000000e+01 4.357212e+00 -7.733956e+00
    endloop
  endfacet
  facet normal -2.197306e-09 5.735764e-01 -8.191520e-01
    outer loop
      vertex   2.000000e+01 4.500000e+00 -7.633975e+00
      vertex   1.625000e+01 4.357212e+00 -7.733956e+00
      vertex   1.625000e+01 4.500000e+00 -7.633975e+00
    endloop
  endfacet
  facet normal -2.197306e-09 5.735764e-01 -8.191520e-01
    outer loop
      vertex   1.625000e+01 4.500000e+00 -7.633975e+00
      vertex   1.625000e+01 4.357212e+00 -7.733956e+00
      vertex   1.250000e+01 4.357212e+00 -7.733956e+00
    endloop
  endfacet
  facet normal -2.197306e-09 5.735764e-01 -8.191520e-01
    outer loop
      vertex   1.625000e+01 4.500000e+00 -7.633975e+00
      vertex   1.250000e+01 4.357212e+00 -7.733956e+00
      vertex   1.250000e+01 4.500000e+00 -7.633975e+00
    endloop
  endfacet
  facet normal -2.197306e-09 5.735764e-01 -8.191520e-01
    outer loop
      vertex   1.250000e+01 4.500000e+00 -7.633975e+00
      vertex   1.250000e+01 4.357212e+00 -7.733956e+00
      vertex   8.750000e+00 4.357212e+00 -7.733956e+00
    endloop
  endfacet
  facet normal -2.197306e-09 5.735764e-01 -8.191520e-01
    outer loop
      vertex   8.750000e+00 4.500000e+00 -7.633975e+00
      vertex   5.000000e+00 4.357212e+00 -7.733956e+00
      vertex   5.000000e+00 4.500000e+00 -7.633975e+00
    endloop
  endfacet
  facet normal -2.197306e-09 5.735764e-01 -8.191520e-01
    outer loop
      vertex   5.000000e+00 4.500000e+00 -7.633975e+00
      vertex   5.000000e+00 4.357212e+00 -7.733956e+00
      vertex   1.250000e+00 4.357212e+00 -7.733956e+00
    endloop
  endfacet
  facet normal -2.197306e-09 5.735764e-01 -8.191520e-01
    outer loop
      vertex   5.000000e+00 4.500000e+00 -7.633975e+00
      vertex   1.250000e+00 4.357212e+00 -7.733956e+00
      vertex   1.250000e+00 4.500000e+00 -7.633975e+00
    endloop
  endfacet
  facet normal -2.197306e-09 5.735764e-01 -8.191520e-01
    outer loop
      vertex   1.250000e+00 4.500000e+00 -7.633975e+00
      vertex   1.250000e+00 4.357212e+00 -7.733956e+00
      vertex   -2.500000e+00 4.357212e+00 -7.733956e+00
    endloop
  endfacet
  facet normal -2.197306e-09 5.735764e-01 -8.191520e-01
    outer loop
      vertex   -2.500000e+00 4.500000e+00 -7.633975e+00
      vertex   -6.250000e+00 4.357212e+00 -7.733956e+00
      vertex   -6.250000e+00 4.500000e+00 -7.633975e+00
    endloop
  endfacet
  facet normal -2.197306e-09 5.735764e-01 -8.191520e-01
    outer loop
      vertex   -6.250000e+00 4.500000e+00 -7.633975e+00
      vertex   -6.250000e+00 4.357212e+00 -7.733956e+00
      vertex   -1.000000e+01 4.357212e+00 -7.733956e+00
    endloop
  endfacet
  facet normal -2.197306e-09 5.735764e-01 -8.191520e-01
    outer loop
      vertex   -6.250000e+00 4.500000e+00 -7.633975e+00
      vertex   -1.000000e+01 4.357212e+00 -7.733956e+00
      vertex   -1.000000e+01 4.500000e+00 -7.633975e+00
    endloop
  endfacet
  facet normal -2.197306e-09 5.735764e-01 -8.191520e-01
    outer loop
      vertex   -1.000000e+01 4.500000e+00 -7.633975e+00
      vertex   -1.000000e+01 4.357212e+00 -7.733956e+00
      vertex   -1.375000e+01 4.357212e+00 -7.733956e+00
    endloop
  endfacet
  facet normal -2.197306e-09 5.735764e-01 -8.191520e-01
    outer loop
      vertex   -2.125000e+01 4.357212e+00 -7.733956e+00
      vertex   -2.125000e+01 4.500000e+00 -7.633975e+00
      vertex   -1.750000e+01 4.500000e+00 -7.633975e+00
    endloop
  endfacet
  facet normal -2.197306e-09 5.735764e-01 -8.191520e-01
    outer loop
      vertex   -2.125000e+01 4.357212e+00 -7.733956e+00
      vertex   -1.750000e+01 4.500000e+00 -7.633975e+00
      vertex   -1.750000e+01 4.357212e+00 -7.733956e+00
    endloop
  endfacet
  facet normal -2.197306e-09 5.735764e-01 -8.191520e-01
    outer loop
      vertex   -1.750000e+01 4.357212e+00 -7.733956e+00
      vertex   -1.750000e+01 4.500000e+00 -7.633975e+00
      vertex   -1.375000e+01 4.500000e+00 -7.633975e+00
    endloop
  endfacet
  facet normal -2.197306e-09 5.735764e-01 -8.191520e-01
    outer loop
      vertex   3.875000e+01 4.500000e+00 -7.633975e+00
      vertex   3.875000e+01 4.357212e+00 -7.733956e+00
      vertex   3.500000e+01 4.357212e+00 -7.733956e+00
    endloop
  endfacet
  facet normal -2.107343e-09 7.071068e-01 -7.071068e-01
    outer loop
      vertex   3.500000e+01 4.357212e+00 -7.733956e+00
      vertex   3.875000e+01 4.357212e+00 -7.733956e+00
      vertex   3.500000e+01 4.233956e+00 -7.857212e+00
    endloop
  endfacet
  facet normal -2.107342e-09 7.071068e-01 -7.071068e-01
    outer loop
      vertex   3.500000e+01 4.357212e+00 -7.733956e+00
      vertex   3.500000e+01 4.233956e+00 -7.857212e+00
      vertex   3.125000e+01 4.233956e+00 -7.857212e+00
    endloop
  endfacet
  facet normal -1.953348e-09 8.191520e-01 -5.735764e-01
    outer loop
      vertex   3.125000e+01 4.233956e+00 -7.857212e+00
      vertex   3.500000e+01 4.233956e+00 -7.857212e+00
      vertex   3.125000e+01 4.133975e+00 -8.000000e+00
    endloop
  endfacet
  facet normal -1.953348e-09 8.191520e-01 -5.735764e-01
    outer loop
      vertex   3.125000e+01 4.233956e+00 -7.857212e+00
      vertex   3.125000e+01 4.133975e+00 -8.000000e+00
      vertex   2.750000e+01 4.133975e+00 -8.000000e+00
    endloop
  endfacet
  facet normal -1.740003e-09 9.063078e-01 -4.226183e-01
    outer loop
      vertex   2.750000e+01 4.133975e+00 -8.000000e+00
      vertex   3.125000e+01 4.133975e+00 -8.000000e+00
      vertex   2.750000e+01 4.060307e+00 -8.157980e+00
    endloop
  endfacet
  facet normal -1.740003e-09 9.063078e-01 -4.226183e-01
    outer loop
      vertex   2.750000e+01 4.133975e+00 -8.000000e+00
      vertex   2.750000e+01 4.060307e+00 -8.157980e+00
      vertex   2.375000e+01 4.060307e+00 -8.157980e+00
    endloop
  endfacet
  facet normal -1.473788e-09 9.659258e-01 -2.588190e-01
    outer loop
      vertex   2.375000e+01 4.060307e+00 -8.157980e+00
      vertex   2.750000e+01 4.060307e+00 -8.157980e+00
      vertex   2.375000e+01 4.015192e+00 -8.326352e+00
    endloop
  endfacet
  facet normal -1.473788e-09 9.659258e-01 -2.588190e-01
    outer loop
      vertex   2.375000e+01 4.060307e+00 -8.157980e+00
      vertex   2.375000e+01 4.015192e+00 -8.326352e+00
      vertex   2.000000e+01 4.015192e+00 -8.326352e+00
    endloop
  endfacet
  facet normal -1.162793e-09 9.961947e-01 -8.715574e-02
    outer loop
      vertex   2.000000e+01 4.015192e+00 -8.326352e+00
      vertex   2.375000e+01 4.015192e+00 -8.326352e+00
      vertex   2.000000e+01 4.000000e+00 -8.500000e+00
    endloop
  endfacet
  facet normal -1.162793e-09 9.961947e-01 -8.715574e-02
    outer loop
      vertex   2.000000e+01 4.015192e+00 -8.326352e+00
      vertex   2.000000e+01 4.000000e+00 -8.500000e+00
      vertex   1.625000e+01 4.000000e+00 -8.500000e+00
    endloop
  endfacet
  facet normal -8.164676e-10 9.961947e-01 8.715574e-02
    outer loop
      vertex   1.625000e+01 4.000000e+00 -8.500000e+00
      vertex   2.000000e+01 4.000000e+00 -8.500000e+00
      vertex   1.625000e+01 4.015192e+00 -8.673648e+00
    endloop
  endfacet
  facet normal -8.164674e-10 9.961947e-01 8.715574e-02
    outer loop
      vertex   1.625000e+01 4.000000e+00 -8.500000e+00
      vertex   1.625000e+01 4.015192e+00 -8.673648e+00
      vertex   1.250000e+01 4.015192e+00 -8.673648e+00
    endloop
  endfacet
  facet normal -4.453337e-10 9.659258e-01 2.588190e-01
    outer loop
      vertex   1.250000e+01 4.015192e+00 -8.673648e+00
      vertex   1.625000e+01 4.015192e+00 -8.673648e+00
      vertex   1.250000e+01 4.060307e+00 -8.842020e+00
    endloop
  endfacet
  facet normal -4.453339e-10 9.659258e-01 2.588190e-01
    outer loop
      vertex   1.250000e+01 4.015192e+00 -8.673648e+00
      vertex   1.250000e+01 4.060307e+00 -8.842020e+00
      vertex   8.750000e+00 4.060307e+00 -8.842020e+00
    endloop
  endfacet
  facet normal -6.066885e-11 9.063078e-01 4.226183e-01
    outer loop
      vertex   8.750000e+00 4.060307e+00 -8.842020e+00
      vertex   1.250000e+01 4.060307e+00 -8.842020e+00
      vertex   8.750000e+00 4.133975e+00 -9.000000e+00
    endloop
  endfacet
  facet normal -6.066906e-11 9.063078e-01 4.226183e-01
    outer loop
      vertex   8.750000e+00 4.060307e+00 -8.842020e+00
      vertex   8.750000e+00 4.133975e+00 -9.000000e+00
      vertex   5.000000e+00 4.133975e+00 -9.000000e+00
    endloop
  endfacet
  facet normal 3.258394e-10 8.191520e-01 5.735764e-01
    outer loop
      vertex   5.000000e+00 4.133975e+00 -9.000000e+00
      vertex   8.750000e+00 4.133975e+00 -9.000000e+00
      vertex   5.000000e+00 4.233956e+00 -9.142788e+00
    endloop
  endfacet
  facet normal 3.258393e-10 8.191520e-01 5.735764e-01
    outer loop
      vertex   5.000000e+00 4.133975e+00 -9.000000e+00
      vertex   5.000000e+00 4.233956e+00 -9.142788e+00
      vertex   1.250000e+00 4.233956e+00 -9.142788e+00
    endloop
  endfacet
  facet normal 7.024471e-10 7.071068e-01 7.071068e-01
    outer loop
      vertex   1.250000e+00 4.233956e+00 -9.142788e+00
      vertex   5.000000e+00 4.233956e+00 -9.142788e+00
      vertex   1.250000e+00 4.357212e+00 -9.266044e+00
    endloop
  endfacet
  facet normal 7.024473e-10 7.071068e-01 7.071068e-01
    outer loop
      vertex   1.250000e+00 4.233956e+00 -9.142788e+00
      vertex   1.250000e+00 4.357212e+00 -9.266044e+00
      vertex   -2.500000e+00 4.357212e+00 -9.266044e+00
    endloop
  endfacet
  facet normal 1.057712e-09 5.735764e-01 8.191520e-01
    outer loop
      vertex   -2.500000e+00 4.357212e+00 -9.266044e+00
      vertex   1.250000e+00 4.357212e+00 -9.266044e+00
      vertex   -2.500000e+00 4.500000e+00 -9.366025e+00
    endloop
  endfacet
  facet normal 1.057712e-09 5.735764e-01 8.191520e-01
    outer loop
      vertex   -2.500000e+00 4.357212e+00 -9.266044e+00
      vertex   -2.500000e+00 4.500000e+00 -9.366025e+00
      vertex   -6.250000e+00 4.500000e+00 -9.366025e+00
    endloop
  endfacet
  facet normal 1.380838e-09 4.226183e-01 9.063078e-01
    outer loop
      vertex   -6.250000e+00 4.500000e+00 -9.366025e+00
      vertex   -2.500000e+00 4.500000e+00 -9.366025e+00
      vertex   -6.250000e+00 4.657980e+00 -9.439693e+00
    endloop
  endfacet
  facet normal 1.380838e-09 4.226183e-01 9.063078e-01
    outer loop
      vertex   -6.250000e+00 4.500000e+00 -9.366025e+00
      vertex   -6.250000e+00 4.657980e+00 -9.439693e+00
      vertex   -1.000000e+01 4.657980e+00 -9.439693e+00
    endloop
  endfacet
  facet normal 1.662009e-09 2.588190e-01 9.659258e-01
    outer loop
      vertex   -1.000000e+01 4.657980e+00 -9.439693e+00
      vertex   -6.250000e+00 4.657980e+00 -9.439693e+00
      vertex   -1.000000e+01 4.826352e+00 -9.484808e+00
    endloop
  endfacet
  facet normal 1.662009e-09 2.588190e-01 9.659258e-01
    outer loop
      vertex   -1.000000e+01 4.657980e+00 -9.439693e+00
      vertex   -1.000000e+01 4.826352e+00 -9.484808e+00
      vertex   -1.375000e+01 4.826352e+00 -9.484808e+00
    endloop
  endfacet
  facet normal 1.892680e-09 8.715574e-02 9.961947e-01
    outer loop
      vertex   -1.375000e+01 4.826352e+00 -9.484808e+00
      vertex   -1.000000e+01 4.826352e+00 -9.484808e+00
      vertex   -2.500000e+01 5.000000e+00 -9.500000e+00
    endloop
  endfacet
  facet normal -2.107343e-09 7.071068e-01 -7.071068e-01
    outer loop
      vertex   3.500000e+01 4.233956e+00 -7.857212e+00
      vertex   3.875000e+01 4.357212e+00 -7.733956e+00
      vertex   3.875000e+01 4.233956e+00 -7.857212e+00
    endloop
  endfacet
  facet normal -2.107342e-09 7.071068e-01 -7.071068e-01
    outer loop
      vertex   2.750000e+01 4.357212e+00 -7.733956e+00
      vertex   2.375000e+01 4.233956e+00 -7.857212e+00
      vertex   2.375000e+01 4.357212e+00 -7.733956e+00
    endloop
  endfacet
  facet normal -2.107342e-09 7.071068e-01 -7.071068e-01
    outer loop
      vertex   2.375000e+01 4.357212e+00 -7.733956e+00
      vertex   2.375000e+01 4.233956e+00 -7.857212e+00
      vertex   2.000000e+01 4.233956e+00 -7.857212e+00
    endloop
  endfacet
  facet normal -2.107342e-09 7.071068e-01 -7.071068e-01
    outer loop
      vertex   2.375000e+01 4.357212e+00 -7.733956e+00
      vertex   2.000000e+01 4.233956e+00 -7.857212e+00
      vertex   2.000000e+01 4.357212e+00 -7.733956e+00
    endloop
  endfacet
  facet normal -2.107343e-09 7.071068e-01 -7.071068e-01
    outer loop
      vertex   2.000000e+01 4.357212e+00 -7.733956e+00
      vertex   2.000000e+01 4.233956e+00 -7.857212e+00
      vertex   1.625000e+01 4.233956e+00 -7.857212e+00
    endloop
  endfacet
  facet normal -2.107342e-09 7.071068e-01 -7.071068e-01
    outer loop
      vertex   1.625000e+01 4.357212e+00 -7.733956e+00
      vertex   1.250000e+01 4.233956e+00 -7.857212e+00
      vertex   1.250000e+01 4.357212e+00 -7.733956e+00
    endloop
  endfacet
  facet normal -2.107342e-09 7.071068e-01 -7.071068e-01
    outer loop
      vertex   1.250000e+01 4.357212e+00 -7.733956e+00
      vertex   1.250000e+01 4.233956e+00 -7.857212e+00
      vertex   8.750000e+00 4.233956e+00 -7.857212e+00
    endloop
  endfacet
  facet normal -2.107342e-09 7.071068e-01 -7.071068e-01
    outer loop
      vertex   1.250000e+01 4.357212e+00 -7.733956e+00
      vertex   8.750000e+00 4.233956e+00 -7.857212e+00
      vertex   8.750000e+00 4.357212e+00 -7.733956e+00
    endloop
  endfacet
  facet normal -2.107343e-09 7.071068e-01 -7.071068e-01
    outer loop
      vertex   8.750000e+00 4.357212e+00 -7.733956e+00
      vertex   8.750000e+00 4.233956e+00 -7.857212e+00
      vertex   5.000000e+00 4.233956e+00 -7.857212e+00
    endloop
  endfacet
  facet normal -2.107342e-09 7.071068e-01 -7.071068e-01
    outer loop
      vertex   5.000000e+00 4.357212e+00 -7.733956e+00
      vertex   1.250000e+00 4.233956e+00 -7.857212e+00
      vertex   1.250000e+00 4.357212e+00 -7.733956e+00
    endloop
  endfacet
  facet normal -2.107343e-09 7.071068e-01 -7.071068e-01
    outer loop
      vertex   1.250000e+00 4.357212e+00 -7.733956e+00
      vertex   1.250000e+00 4.233956e+00 -7.857212e+00
      vertex   -2.500000e+00 4.233956e+00 -7.857212e+00
    endloop
  endfacet
  facet normal -2.107343e-09 7.071068e-01 -7.071068e-01
    outer loop
      vertex   1.250000e+00 4.357212e+00 -7.733956e+00
      vertex   -2.500000e+00 4.233956e+00 -7.857212e+00
      vertex   -2.500000e+00 4.357212e+00 -7.733956e+00
    endloop
  endfacet
  facet normal -2.107342e-09 7.071068e-01 -7.071068e-01
    outer loop
      vertex   -2.500000e+00 4.357212e+00 -7.733956e+00
      vertex   -2.500000e+00 4.233956e+00 -7.857212e+00
      vertex   -6.250000e+00 4.233956e+00 -7.857212e+00
    endloop
  endfacet
  facet normal -2.107342e-09 7.071068e-01 -7.071068e-01
    outer loop
      vertex   -6.250000e+00 4.357212e+00 -7.733956e+00
      vertex   -1.000000e+01 4.233956e+00 -7.857212e+00
      vertex   -1.000000e+01 4.357212e+00 -7.733956e+00
    endloop
  endfacet
  facet normal -2.107343e-09 7.071068e-01 -7.071068e-01
    outer loop
      vertex   -1.000000e+01 4.357212e+00 -7.733956e+00
      vertex   -1.000000e+01 4.233956e+00 -7.857212e+00
      vertex   -1.375000e+01 4.233956e+00 -7.857212e+00
    endloop
  endfacet
  facet normal -2.107342e-09 7.071068e-01 -7.071068e-01
    outer loop
      vertex   -1.000000e+01 4.357212e+00 -7.733956e+00
      vertex   -1.375000e+01 4.233956e+00 -7.857212e+00
      vertex   -1.375000e+01 4.357212e+00 -7.733956e+00
    endloop
  endfacet
  facet normal -2.107342e-09 7.071068e-01 -7.071068e-01
    outer loop
      vertex   -1.375000e+01 4.357212e+00 -7.733956e+00
      vertex   -1.375000e+01 4.233956e+00 -7.857212e+00
      vertex   -1.750000e+01 4.233956e+00 -7.857212e+00
    endloop
  endfacet
  facet normal -2.107342e-09 7.071068e-01 -7.071068e-01
    outer loop
      vertex   -2.125000e+01 4.233956e+00 -7.857212e+00
      vertex   -2.125000e+01 4.357212e+00 -7.733956e+00
      vertex   -1.750000e+01 4.357212e+00 -7.733956e+00
    endloop
  endfacet
  facet normal -1.953349e-09 8.191520e-01 -5.735764e-01
    outer loop
      vertex   3.500000e+01 4.233956e+00 -7.857212e+00
      vertex   3.875000e+01 4.233956e+00 -7.857212e+00
      vertex   3.500000e+01 4.133975e+00 -8.000000e+00
    endloop
  endfacet
  facet normal -1.953349e-09 8.191520e-01 -5.735764e-01
    outer loop
      vertex   3.500000e+01 4.133975e+00 -8.000000e+00
      vertex   3.875000e+01 4.233956e+00 -7.857212e+00
      vertex   3.875000e+01 4.133975e+00 -8.000000e+00
    endloop
  endfacet
  facet normal -1.740003e-09 9.063078e-01 -4.226183e-01
    outer loop
      vertex   3.500000e+01 4.133975e+00 -8.000000e+00
      vertex   3.875000e+01 4.133975e+00 -8.000000e+00
      vertex   3.500000e+01 4.060307e+00 -8.157980e+00
    endloop
  endfacet
  facet normal -1.740003e-09 9.063078e-01 -4.226183e-01
    outer loop
      vertex   3.500000e+01 4.060307e+00 -8.157980e+00
      vertex   3.875000e+01 4.133975e+00 -8.000000e+00
      vertex   3.875000e+01 4.060307e+00 -8.157980e+00
    endloop
  endfacet
  facet normal -1.473789e-09 9.659258e-01 -2.588190e-01
    outer loop
      vertex   3.500000e+01 4.060307e+00 -8.157980e+00
      vertex   3.875000e+01 4.060307e+00 -8.157980e+00
      vertex   3.500000e+01 4.015192e+00 -8.326352e+00
    endloop
  endfacet
  facet normal -1.473789e-09 9.659258e-01 -2.588190e-01
    outer loop
      vertex   3.500000e+01 4.015192e+00 -8.326352e+00
      vertex   3.875000e+01 4.060307e+00 -8.157980e+00
      vertex   3.875000e+01 4.015192e+00 -8.326352e+00
    endloop
  endfacet
  facet normal -1.162794e-09 9.961947e-01 -8.715574e-02
    outer loop
      vertex   3.500000e+01 4.015192e+00 -8.326352e+00
      vertex   3.875000e+01 4.015192e+00 -8.326352e+00
      vertex   3.500000e+01 4.000000e+00 -8.500000e+00
    endloop
  endfacet
  facet normal -1.162793e-09 9.961947e-01 -8.715574e-02
    outer loop
      vertex   3.500000e+01 4.000000e+00 -8.500000e+00
      vertex   3.875000e+01 4.015192e+00 -8.326352e+00
      vertex   3.875000e+01 4.000000e+00 -8.500000e+00
    endloop
  endfacet
  facet normal -8.164676e-10 9.961947e-01 8.715574e-02
    outer loop
      vertex   3.500000e+01 4.000000e+00 -8.500000e+00
      vertex   3.875000e+01 4.000000e+00 -8.500000e+00
      vertex   3.500000e+01 4.015192e+00 -8.673648e+00
    endloop
  endfacet
  facet normal -8.164678e-10 9.961947e-01 8.715574e-02
    outer loop
      vertex   3.500000e+01 4.015192e+00 -8.673648e+00
      vertex   3.875000e+01 4.000000e+00 -8.500000e+00
      vertex   3.875000e+01 4.015192e+00 -8.673648e+00
    endloop
  endfacet
  facet normal -4.453340e-10 9.659258e-01 2.588190e-01
    outer loop
      vertex   3.500000e+01 4.015192e+00 -8.673648e+00
      vertex   3.875000e+01 4.015192e+00 -8.673648e+00
      vertex   3.500000e+01 4.060307e+00 -8.842020e+00
    endloop
  endfacet
  facet normal -4.453340e-10 9.659258e-01 2.588190e-01
    outer loop
      vertex   3.500000e+01 4.060307e+00 -8.842020e+00
      vertex   3.875000e+01 4.015192e+00 -8.673648e+00
      vertex   3.875000e+01 4.060307e+00 -8.842020e+00
    endloop
  endfacet
  facet normal -6.066886e-11 9.063078e-01 4.226183e-01
    outer loop
      vertex   3.500000e+01 4.060307e+00 -8.842020e+00
      vertex   3.875000e+01 4.060307e+00 -8.842020e+00
      vertex   3.500000e+01 4.133975e+00 -9.000000e+00
    endloop
  endfacet
  facet normal -1.953348e-09 8.191520e-01 -5.735764e-01
    outer loop
      vertex   2.375000e+01 4.233956e+00 -7.857212e+00
      vertex   2.000000e+01 4.133975e+00 -8.000000e+00
      vertex   2.000000e+01 4.233956e+00 -7.857212e+00
    endloop
  endfacet
  facet normal -1.953349e-09 8.191520e-01 -5.735764e-01
    outer loop
      vertex   2.000000e+01 4.233956e+00 -7.857212e+00
      vertex   2.000000e+01 4.133975e+00 -8.000000e+00
      vertex   1.625000e+01 4.133975e+00 -8.000000e+00
    endloop
  endfacet
  facet normal -1.953349e-09 8.191520e-01 -5.735764e-01
    outer loop
      vertex   2.000000e+01 4.233956e+00 -7.857212e+00
      vertex   1.625000e+01 4.133975e+00 -8.000000e+00
      vertex   1.625000e+01 4.233956e+00 -7.857212e+00
    endloop
  endfacet
  facet normal -1.953348e-09 8.191520e-01 -5.735764e-01
    outer loop
      vertex   1.625000e+01 4.233956e+00 -7.857212e+00
      vertex   1.625000e+01 4.133975e+00 -8.000000e+00
      vertex   1.250000e+01 4.133975e+00 -8.000000e+00
    endloop
  endfacet
  facet normal -1.953348e-09 8.191520e-01 -5.735764e-01
    outer loop
      vertex   1.250000e+01 4.233956e+00 -7.857212e+00
      vertex   8.750000e+00 4.133975e+00 -8.000000e+00
      vertex   8.750000e+00 4.233956e+00 -7.857212e+00
    endloop
  endfacet
  facet normal -1.953349e-09 8.191520e-01 -5.735764e-01
    outer loop
      vertex   8.750000e+00 4.233956e+00 -7.857212e+00
      vertex   8.750000e+00 4.133975e+00 -8.000000e+00
      vertex   5.000000e+00 4.133975e+00 -8.000000e+00
    endloop
  endfacet
  facet normal -1.953349e-09 8.191520e-01 -5.735764e-01
    outer loop
      vertex   8.750000e+00 4.233956e+00 -7.857212e+00
      vertex   5.000000e+00 4.133975e+00 -8.000000e+00
      vertex   5.000000e+00 4.233956e+00 -7.857212e+00
    endloop
  endfacet
  facet normal -1.953348e-09 8.191520e-01 -5.735764e-01
    outer loop
      vertex   5.000000e+00 4.233956e+00 -7.857212e+00
      vertex   5.000000e+00 4.133975e+00 -8.000000e+00
      vertex   1.250000e+00 4.133975e+00 -8.000000e+00
    endloop
  endfacet
  facet normal -1.953349e-09 8.191520e-01 -5.735764e-01
    outer loop
      vertex   1.250000e+00 4.233956e+00 -7.857212e+00
      vertex   -2.500000e+00 4.133975e+00 -8.000000e+00
      vertex   -2.500000e+00 4.233956e+00 -7.857212e+00
    endloop
  endfacet
  facet normal -1.953348e-09 8.191520e-01 -5.735764e-01
    outer loop
      vertex   -2.500000e+00 4.233956e+00 -7.857212e+00
      vertex   -2.500000e+00 4.133975e+00 -8.000000e+00
      vertex   -6.250000e+00 4.133975e+00 -8.000000e+00
    endloop
  endfacet
  facet normal -1.953348e-09 8.191520e-01 -5.735764e-01
    outer loop
      vertex   -2.500000e+00 4.233956e+00 -7.857212e+00
      vertex   -6.250000e+00 4.133975e+00 -8.000000e+00
      vertex   -6.250000e+00 4.233956e+00 -7.857212e+00
    endloop
  endfacet
  facet normal -1.953348e-09 8.191520e-01 -5.735764e-01
    outer loop
      vertex   -6.250000e+00 4.233956e+00 -7.857212e+00
      vertex   -6.250000e+00 4.133975e+00 -8.000000e+00
      vertex   -1.000000e+01 4.133975e+00 -8.000000e+00
    endloop
  endfacet
  facet normal -1.953349e-09 8.191520e-01 -5.735764e-01
    outer loop
      vertex   -1.000000e+01 4.233956e+00 -7.857212e+00
      vertex   -1.375000e+01 4.133975e+00 -8.000000e+00
      vertex   -1.375000e+01 4.233956e+00 -7.857212e+00
    endloop
  endfacet
  facet normal -1.953348e-09 8.191520e-01 -5.735764e-01
    outer loop
      vertex   -1.375000e+01 4.233956e+00 -7.857212e+00
      vertex   -1.375000e+01 4.133975e+00 -8.000000e+00
      vertex   -1.750000e+01 4.133975e+00 -8.000000e+00
    endloop
  endfacet
  facet normal -1.953348e-09 8.191520e-01 -5.735764e-01
    outer loop
      vertex   -1.375000e+01 4.233956e+00 -7.857212e+00
      vertex   -1.750000e+01 4.133975e+00 -8.000000e+00
      vertex   -1.750000e+01 4.233956e+00 -7.857212e+00
    endloop
  endfacet
  facet normal -1.953349e-09 8.191520e-01 -5.735764e-01
    outer loop
      vertex   -1.750000e+01 4.233956e+00 -7.857212e+00
      vertex   -1.750000e+01 4.133975e+00 -8.000000e+00
      vertex   -2.125000e+01 4.133975e+00 -8.000000e+00
    endloop
  endfacet
  facet normal -1.953348e-09 8.191520e-01 -5.735764e-01
    outer loop
      vertex   3.500000e+01 4.233956e+00 -7.857212e+00
      vertex   3.500000e+01 4.133975e+00 -8.000000e+00
      vertex   3.125000e+01 4.133975e+00 -8.000000e+00
    endloop
  endfacet
  facet normal -1.740003e-09 9.063078e-01 -4.226183e-01
    outer loop
      vertex   3.125000e+01 4.133975e+00 -8.000000e+00
      vertex   3.500000e+01 4.133975e+00 -8.000000e+00
      vertex   3.125000e+01 4.060307e+00 -8.157980e+00
    endloop
  endfacet
  facet normal -1.740003e-09 9.063078e-01 -4.226183e-01
    outer loop
      vertex   3.125000e+01 4.133975e+00 -8.000000e+00
      vertex   3.125000e+01 4.060307e+00 -8.157980e+00
      vertex   2.750000e+01 4.060307e+00 -8.157980e+00
    endloop
  endfacet
  facet normal -1.473788e-09 9.659258e-01 -2.588190e-01
    outer loop
      vertex   2.750000e+01 4.060307e+00 -8.157980e+00
      vertex   3.125000e+01 4.060307e+00 -8.157980e+00
      vertex   2.750000e+01 4.015192e+00 -8.326352e+00
    endloop
  endfacet
  facet normal -1.473788e-09 9.659258e-01 -2.588190e-01
    outer loop
      vertex   2.750000e+01 4.060307e+00 -8.157980e+00
      vertex   2.750000e+01 4.015192e+00 -8.326352e+00
      vertex   2.375000e+01 4.015192e+00 -8.326352e+00
    endloop
  endfacet
  facet normal -1.162793e-09 9.961947e-01 -8.715574e-02
    outer loop
      vertex   2.375000e+01 4.015192e+00 -8.326352e+00
      vertex   2.750000e+01 4.015192e+00 -8.326352e+00
      vertex   2.375000e+01 4.000000e+00 -8.500000e+00
    endloop
  endfacet
  facet normal -1.162793e-09 9.961947e-01 -8.715574e-02
    outer loop
      vertex   2.375000e+01 4.015192e+00 -8.326352e+00
      vertex   2.375000e+01 4.000000e+00 -8.500000e+00
      vertex   2.000000e+01 4.000000e+00 -8.500000e+00
    endloop
  endfacet
  facet normal -8.164676e-10 9.961947e-01 8.715574e-02
    outer loop
      vertex   2.000000e+01 4.000000e+00 -8.500000e+00
      vertex   2.375000e+01 4.000000e+00 -8.500000e+00
      vertex   2.000000e+01 4.015192e+00 -8.673648e+00
    endloop
  endfacet
  facet normal -8.164678e-10 9.961947e-01 8.715574e-02
    outer loop
      vertex   2.000000e+01 4.000000e+00 -8.500000e+00
      vertex   2.000000e+01 4.015192e+00 -8.673648e+00
      vertex   1.625000e+01 4.015192e+00 -8.673648e+00
    endloop
  endfacet
  facet normal -4.453340e-10 9.659258e-01 2.588190e-01
    outer loop
      vertex   1.625000e+01 4.015192e+00 -8.673648e+00
      vertex   2.000000e+01 4.015192e+00 -8.673648e+00
      vertex   1.625000e+01 4.060307e+00 -8.842020e+00
    endloop
  endfacet
  facet normal -4.453337e-10 9.659258e-01 2.588190e-01
    outer loop
      vertex   1.625000e+01 4.015192e+00 -8.673648e+00
      vertex   1.625000e+01 4.060307e+00 -8.842020e+00
      vertex   1.250000e+01 4.060307e+00 -8.842020e+00
    endloop
  endfacet
  facet normal -6.066884e-11 9.063078e-01 4.226183e-01
    outer loop
      vertex   1.250000e+01 4.060307e+00 -8.842020e+00
      vertex   1.625000e+01 4.060307e+00 -8.842020e+00
      vertex   1.250000e+01 4.133975e+00 -9.000000e+00
    endloop
  endfacet
  facet normal -6.066863e-11 9.063078e-01 4.226183e-01
    outer loop
      vertex   1.250000e+01 4.060307e+00 -8.842020e+00
      vertex   1.250000e+01 4.133975e+00 -9.000000e+00
      vertex   8.750000e+00 4.133975e+00 -9.000000e+00
    endloop
  endfacet
  facet normal 3.258397e-10 8.191520e-01 5.735764e-01
    outer loop
      vertex   8.750000e+00 4.133975e+00 -9.000000e+00
      vertex   1.250000e+01 4.133975e+00 -9.000000e+00
      vertex   8.750000e+00 4.233956e+00 -9.142788e+00
    endloop
  endfacet
  facet normal 3.258398e-10 8.191520e-01 5.735764e-01
    outer loop
      vertex   8.750000e+00 4.133975e+00 -9.000000e+00
      vertex   8.750000e+00 4.233956e+00 -9.142788e+00
      vertex   5.000000e+00 4.233956e+00 -9.142788e+00
    endloop
  endfacet
  facet normal 7.024478e-10 7.071068e-01 7.071068e-01
    outer loop
      vertex   5.000000e+00 4.233956e+00 -9.142788e+00
      vertex   8.750000e+00 4.233956e+00 -9.142788e+00
      vertex   5.000000e+00 4.357212e+00 -9.266044e+00
    endloop
  endfacet
  facet normal 7.024475e-10 7.071068e-01 7.071068e-01
    outer loop
      vertex   5.000000e+00 4.233956e+00 -9.142788e+00
      vertex   5.000000e+00 4.357212e+00 -9.266044e+00
      vertex   1.250000e+00 4.357212e+00 -9.266044e+00
    endloop
  endfacet
  facet normal 1.057712e-09 5.735764e-01 8.191520e-01
    outer loop
      vertex   1.250000e+00 4.357212e+00 -9.266044e+00
      vertex   5.000000e+00 4.357212e+00 -9.266044e+00
      vertex   1.250000e+00 4.500000e+00 -9.366025e+00
    endloop
  endfacet
  facet normal 1.057712e-09 5.735764e-01 8.191520e-01
    outer loop
      vertex   1.250000e+00 4.357212e+00 -9.266044e+00
      vertex   1.250000e+00 4.500000e+00 -9.366025e+00
      vertex   -2.500000e+00 4.500000e+00 -9.366025e+00
    endloop
  endfacet
  facet normal 1.380839e-09 4.226183e-01 9.063078e-01
    outer loop
      vertex   -2.500000e+00 4.500000e+00 -9.366025e+00
      vertex   1.250000e+00 4.500000e+00 -9.366025e+00
      vertex   -2.500000e+00 4.657980e+00 -9.439693e+00
    endloop
  endfacet
  facet normal 1.380838e-09 4.226183e-01 9.063078e-01
    outer loop
      vertex   -2.500000e+00 4.500000e+00 -9.366025e+00
      vertex   -2.500000e+00 4.657980e+00 -9.439693e+00
      vertex   -6.250000e+00 4.657980e+00 -9.439693e+00
    endloop
  endfacet
  facet normal 1.662008e-09 2.588190e-01 9.659258e-01
    outer loop
      vertex   -6.250000e+00 4.657980e+00 -9.439693e+00
      vertex   -2.500000e+00 4.657980e+00 -9.439693e+00
      vertex   -6.250000e+00 4.826352e+00 -9.484808e+00
    endloop
  endfacet
  facet normal 1.662009e-09 2.588190e-01 9.659258e-01
    outer loop
      vertex   -6.250000e+00 4.657980e+00 -9.439693e+00
      vertex   -6.250000e+00 4.826352e+00 -9.484808e+00
      vertex   -1.000000e+01 4.826352e+00 -9.484808e+00
    endloop
  endfacet
  facet normal 1.892680e-09 8.715574e-02 9.961947e-01
    outer loop
      vertex   -1.000000e+01 4.826352e+00 -9.484808e+00
      vertex   -6.250000e+00 4.826352e+00 -9.484808e+00
      vertex   -2.500000e+01 5.000000e+00 -9.500000e+00
    endloop
  endfacet
  facet normal -1.740003e-09 9.063078e-01 -4.226183e-01
    outer loop
      vertex   3.125000e+01 4.060307e+00 -8.157980e+00
      vertex   3.500000e+01 4.133975e+00 -8.000000e+00
      vertex   3.500000e+01 4.060307e+00 -8.157980e+00
    endloop
  endfacet
  facet normal -1.740003e-09 9.063078e-01 -4.226183e-01
    outer loop
      vertex   2.000000e+01 4.133975e+00 -8.000000e+00
      vertex   1.625000e+01 4.060307e+00 -8.157980e+00
      vertex   1.625000e+01 4.133975e+00 -8.000000e+00
    endloop
  endfacet
  facet normal -1.740003e-09 9.063078e-01 -4.226183e-01
    outer loop
      vertex   1.625000e+01 4.133975e+00 -8.000000e+00
      vertex   1.625000e+01 4.060307e+00 -8.157980e+00
      vertex   1.250000e+01 4.060307e+00 -8.157980e+00
    endloop
  endfacet
  facet normal -1.740003e-09 9.063078e-01 -4.226183e-01
    outer loop
      vertex   1.625000e+01 4.133975e+00 -8.000000e+00
      vertex   1.250000e+01 4.060307e+00 -8.157980e+00
      vertex   1.250000e+01 4.133975e+00 -8.000000e+00
    endloop
  endfacet
  facet normal -1.740003e-09 9.063078e-01 -4.226183e-01
    outer loop
      vertex   1.250000e+01 4.133975e+00 -8.000000e+00
      vertex   1.250000e+01 4.060307e+00 -8.157980e+00
      vertex   8.750000e+00 4.060307e+00 -8.157980e+00
    endloop
  endfacet
  facet normal -1.740003e-09 9.063078e-01 -4.226183e-01
    outer loop
      vertex   8.750000e+00 4.133975e+00 -8.000000e+00
      vertex   5.000000e+00 4.060307e+00 -8.157980e+00
      vertex   5.000000e+00 4.133975e+00 -8.000000e+00
    endloop
  endfacet
  facet normal -1.740003e-09 9.063078e-01 -4.226183e-01
    outer loop
      vertex   5.000000e+00 4.133975e+00 -8.000000e+00
      vertex   5.000000e+00 4.060307e+00 -8.157980e+00
      vertex   1.250000e+00 4.060307e+00 -8.157980e+00
    endloop
  endfacet
  facet normal -1.740003e-09 9.063078e-01 -4.226183e-01
    outer loop
      vertex   5.000000e+00 4.133975e+00 -8.000000e+00
      vertex   1.250000e+00 4.060307e+00 -8.157980e+00
      vertex   1.250000e+00 4.133975e+00 -8.000000e+00
    endloop
  endfacet
  facet normal -1.740003e-09 9.063078e-01 -4.226183e-01
    outer loop
      vertex   1.250000e+00 4.133975e+00 -8.000000e+00
      vertex   1.250000e+00 4.060307e+00 -8.157980e+00
      vertex   -2.500000e+00 4.060307e+00 -8.157980e+00
    endloop
  endfacet
  facet normal -1.740003e-09 9.063078e-01 -4.226183e-01
    outer loop
      vertex   -2.500000e+00 4.133975e+00 -8.000000e+00
      vertex   -6.250000e+00 4.060307e+00 -8.157980e+00
      vertex   -6.250000e+00 4.133975e+00 -8.000000e+00
    endloop
  endfacet
  facet normal -1.740003e-09 9.063078e-01 -4.226183e-01
    outer loop
      vertex   -6.250000e+00 4.133975e+00 -8.000000e+00
      vertex   -6.250000e+00 4.060307e+00 -8.157980e+00
      vertex   -1.000000e+01 4.060307e+00 -8.157980e+00
    endloop
  endfacet
  facet normal -1.740003e-09 9.063078e-01 -4.226183e-01
    outer loop
      vertex   -6.250000e+00 4.133975e+00 -8.000000e+00
      vertex   -1.000000e+01 4.060307e+00 -8.157980e+00
      vertex   -1.000000e+01 4.133975e+00 -8.000000e+00
    endloop
  endfacet
  facet normal -1.740003e-09 9.063078e-01 -4.226183e-01
    outer loop
      vertex   -1.000000e+01 4.133975e+00 -8.000000e+00
      vertex   -1.000000e+01 4.060307e+00 -8.157980e+00
      vertex   -1.375000e+01 4.060307e+00 -8.157980e+00
    endloop
  endfacet
  facet normal -1.740003e-09 9.063078e-01 -4.226183e-01
    outer loop
      vertex   -2.125000e+01 4.060307e+00 -8.157980e+00
      vertex   -2.125000e+01 4.133975e+00 -8.000000e+00
      vertex   -1.750000e+01 4.133975e+00 -8.000000e+00
    endloop
  endfacet
  facet normal -1.740003e-09 9.063078e-01 -4.226183e-01
    outer loop
      vertex   -2.125000e+01 4.060307e+00 -8.157980e+00
      vertex   -1.750000e+01 4.133975e+00 -8.000000e+00
      vertex   -1.750000e+01 4.060307e+00 -8.157980e+00
    endloop
  endfacet
  facet normal -1.740003e-09 9.063078e-01 -4.226183e-01
    outer loop
      vertex   -1.750000e+01 4.060307e+00 -8.157980e+00
      vertex   -1.750000e+01 4.133975e+00 -8.000000e+00
      vertex   -1.375000e+01 4.133975e+00 -8.000000e+00
    endloop
  endfacet
  facet normal -1.473788e-09 9.659258e-01 -2.588190e-01
    outer loop
      vertex   3.125000e+01 4.060307e+00 -8.157980e+00
      vertex   3.500000e+01 4.060307e+00 -8.157980e+00
      vertex   3.125000e+01 4.015192e+00 -8.326352e+00
    endloop
  endfacet
  facet normal -1.473788e-09 9.659258e-01 -2.588190e-01
    outer loop
      vertex   3.125000e+01 4.015192e+00 -8.326352e+00
      vertex   3.500000e+01 4.060307e+00 -8.157980e+00
      vertex   3.500000e+01 4.015192e+00 -8.326352e+00
    endloop
  endfacet
  facet normal -1.162793e-09 9.961947e-01 -8.715574e-02
    outer loop
      vertex   3.125000e+01 4.015192e+00 -8.326352e+00
      vertex   3.500000e+01 4.015192e+00 -8.326352e+00
      vertex   3.125000e+01 4.000000e+00 -8.500000e+00
    endloop
  endfacet
  facet normal -1.162793e-09 9.961947e-01 -8.715574e-02
    outer loop
      vertex   3.125000e+01 4.000000e+00 -8.500000e+00
      vertex   3.500000e+01 4.015192e+00 -8.326352e+00
      vertex   3.500000e+01 4.000000e+00 -8.500000e+00
    endloop
  endfacet
  facet normal -8.164676e-10 9.961947e-01 8.715574e-02
    outer loop
      vertex   3.125000e+01 4.000000e+00 -8.500000e+00
      vertex   3.500000e+01 4.000000e+00 -8.500000e+00
      vertex   3.125000e+01 4.015192e+00 -8.673648e+00
    endloop
  endfacet
  facet normal -8.164674e-10 9.961947e-01 8.715574e-02
    outer loop
      vertex   3.125000e+01 4.015192e+00 -8.673648e+00
      vertex   3.500000e+01 4.000000e+00 -8.500000e+00
      vertex   3.500000e+01 4.015192e+00 -8.673648e+00
    endloop
  endfacet
  facet normal -4.453337e-10 9.659258e-01 2.588190e-01
    outer loop
      vertex   3.125000e+01 4.015192e+00 -8.673648e+00
      vertex   3.500000e+01 4.015192e+00 -8.673648e+00
      vertex   3.125000e+01 4.060307e+00 -8.842020e+00
    endloop
  endfacet
  facet normal -4.453337e-10 9.659258e-01 2.588190e-01
    outer loop
      vertex   3.125000e+01 4.060307e+00 -8.842020e+00
      vertex   3.500000e+01 4.015192e+00 -8.673648e+00
      vertex   3.500000e+01 4.060307e+00 -8.842020e+00
    endloop
  endfacet
  facet normal -6.066884e-11 9.063078e-01 4.226183e-01
    outer loop
      vertex   3.125000e+01 4.060307e+00 -8.842020e+00
      vertex   3.500000e+01 4.060307e+00 -8.842020e+00
      vertex   3.125000e+01 4.133975e+00 -9.000000e+00
    endloop
  endfacet
  facet normal -6.066885e-11 9.063078e-01 4.226183e-01
    outer loop
      vertex   3.125000e+01 4.133975e+00 -9.000000e+00
      vertex   3.500000e+01 4.060307e+00 -8.842020e+00
      vertex   3.500000e+01 4.133975e+00 -9.000000e+00
    endloop
  endfacet
  facet normal 3.258395e-10 8.191520e-01 5.735764e-01
    outer loop
      vertex   3.125000e+01 4.133975e+00 -9.000000e+00
      vertex   3.500000e+01 4.133975e+00 -9.000000e+00
      vertex   3.125000e+01 4.233956e+00 -9.142788e+00
    endloop
  endfacet
  facet normal -1.473788e-09 9.659258e-01 -2.588190e-01
    outer loop
      vertex   1.625000e+01 4.060307e+00 -8.157980e+00
      vertex   1.250000e+01 4.015192e+00 -8.326352e+00
      vertex   1.250000e+01 4.060307e+00 -8.157980e+00
    endloop
  endfacet
  facet normal -1.473788e-09 9.659258e-01 -2.588190e-01
    outer loop
      vertex   1.250000e+01 4.060307e+00 -8.157980e+00
      vertex   1.250000e+01 4.015192e+00 -8.326352e+00
      vertex   8.750000e+00 4.015192e+00 -8.326352e+00
    endloop
  endfacet
  facet normal -1.473788e-09 9.659258e-01 -2.588190e-01
    outer loop
      vertex   1.250000e+01 4.060307e+00 -8.157980e+00
      vertex   8.750000e+00 4.015192e+00 -8.326352e+00
      vertex   8.750000e+00 4.060307e+00 -8.157980e+00
    endloop
  endfacet
  facet normal -1.473788e-09 9.659258e-01 -2.588190e-01
    outer loop
      vertex   8.750000e+00 4.060307e+00 -8.157980e+00
      vertex   8.750000e+00 4.015192e+00 -8.326352e+00
      vertex   5.000000e+00 4.015192e+00 -8.326352e+00
    endloop
  endfacet
  facet normal -1.473788e-09 9.659258e-01 -2.588190e-01
    outer loop
      vertex   5.000000e+00 4.060307e+00 -8.157980e+00
      vertex   1.250000e+00 4.015192e+00 -8.326352e+00
      vertex   1.250000e+00 4.060307e+00 -8.157980e+00
    endloop
  endfacet
  facet normal -1.473789e-09 9.659258e-01 -2.588190e-01
    outer loop
      vertex   1.250000e+00 4.060307e+00 -8.157980e+00
      vertex   1.250000e+00 4.015192e+00 -8.326352e+00
      vertex   -2.500000e+00 4.015192e+00 -8.326352e+00
    endloop
  endfacet
  facet normal -1.473789e-09 9.659258e-01 -2.588190e-01
    outer loop
      vertex   1.250000e+00 4.060307e+00 -8.157980e+00
      vertex   -2.500000e+00 4.015192e+00 -8.326352e+00
      vertex   -2.500000e+00 4.060307e+00 -8.157980e+00
    endloop
  endfacet
  facet normal -1.473788e-09 9.659258e-01 -2.588190e-01
    outer loop
      vertex   -2.500000e+00 4.060307e+00 -8.157980e+00
      vertex   -2.500000e+00 4.015192e+00 -8.326352e+00
      vertex   -6.250000e+00 4.015192e+00 -8.326352e+00
    endloop
  endfacet
  facet normal -1.473788e-09 9.659258e-01 -2.588190e-01
    outer loop
      vertex   -6.250000e+00 4.060307e+00 -8.157980e+00
      vertex   -1.000000e+01 4.015192e+00 -8.326352e+00
      vertex   -1.000000e+01 4.060307e+00 -8.157980e+00
    endloop
  endfacet
  facet normal -1.473788e-09 9.659258e-01 -2.588190e-01
    outer loop
      vertex   -1.000000e+01 4.060307e+00 -8.157980e+00
      vertex   -1.000000e+01 4.015192e+00 -8.326352e+00
      vertex   -1.375000e+01 4.015192e+00 -8.326352e+00
    endloop
  endfacet
  facet normal -1.473788e-09 9.659258e-01 -2.588190e-01
    outer loop
      vertex   -1.000000e+01 4.060307e+00 -8.157980e+00
      vertex   -1.375000e+01 4.015192e+00 -8.326352e+00
      vertex   -1.375000e+01 4.060307e+00 -8.157980e+00
    endloop
  endfacet
  facet normal -1.473788e-09 9.659258e-01 -2.588190e-01
    outer loop
      vertex   -1.375000e+01 4.060307e+00 -8.157980e+00
      vertex   -1.375000e+01 4.015192e+00 -8.326352e+00
      vertex   -1.750000e+01 4.015192e+00 -8.326352e+00
    endloop
  endfacet
  facet normal -1.473789e-09 9.659258e-01 -2.588190e-01
    outer loop
      vertex   -2.125000e+01 4.015192e+00 -8.326352e+00
      vertex   -2.125000e+01 4.060307e+00 -8.157980e+00
      vertex   -1.750000e+01 4.060307e+00 -8.157980e+00
    endloop
  endfacet
  facet normal -1.473788e-09 9.659258e-01 -2.588190e-01
    outer loop
      vertex   3.125000e+01 4.060307e+00 -8.157980e+00
      vertex   3.125000e+01 4.015192e+00 -8.326352e+00
      vertex   2.750000e+01 4.015192e+00 -8.326352e+00
    endloop
  endfacet
  facet normal -1.162793e-09 9.961947e-01 -8.715574e-02
    outer loop
      vertex   2.750000e+01 4.015192e+00 -8.326352e+00
      vertex   3.125000e+01 4.015192e+00 -8.326352e+00
      vertex   2.750000e+01 4.000000e+00 -8.500000e+00
    endloop
  endfacet
  facet normal -1.162793e-09 9.961947e-01 -8.715574e-02
    outer loop
      vertex   2.750000e+01 4.015192e+00 -8.326352e+00
      vertex   2.750000e+01 4.000000e+00 -8.500000e+00
      vertex   2.375000e+01 4.000000e+00 -8.500000e+00
    endloop
  endfacet
  facet normal -8.164676e-10 9.961947e-01 8.715574e-02
    outer loop
      vertex   2.375000e+01 4.000000e+00 -8.500000e+00
      vertex   2.750000e+01 4.000000e+00 -8.500000e+00
      vertex   2.375000e+01 4.015192e+00 -8.673648e+00
    endloop
  endfacet
  facet normal -8.164677e-10 9.961947e-01 8.715574e-02
    outer loop
      vertex   2.375000e+01 4.000000e+00 -8.500000e+00
      vertex   2.375000e+01 4.015192e+00 -8.673648e+00
      vertex   2.000000e+01 4.015192e+00 -8.673648e+00
    endloop
  endfacet
  facet normal -4.453340e-10 9.659258e-01 2.588190e-01
    outer loop
      vertex   2.000000e+01 4.015192e+00 -8.673648e+00
      vertex   2.375000e+01 4.015192e+00 -8.673648e+00
      vertex   2.000000e+01 4.060307e+00 -8.842020e+00
    endloop
  endfacet
  facet normal -4.453340e-10 9.659258e-01 2.588190e-01
    outer loop
      vertex   2.000000e+01 4.015192e+00 -8.673648e+00
      vertex   2.000000e+01 4.060307e+00 -8.842020e+00
      vertex   1.625000e+01 4.060307e+00 -8.842020e+00
    endloop
  endfacet
  facet normal -6.066886e-11 9.063078e-01 4.226183e-01
    outer loop
      vertex   1.625000e+01 4.060307e+00 -8.842020e+00
      vertex   2.000000e+01 4.060307e+00 -8.842020e+00
      vertex   1.625000e+01 4.133975e+00 -9.000000e+00
    endloop
  endfacet
  facet normal -6.066885e-11 9.063078e-01 4.226183e-01
    outer loop
      vertex   1.625000e+01 4.060307e+00 -8.842020e+00
      vertex   1.625000e+01 4.133975e+00 -9.000000e+00
      vertex   1.250000e+01 4.133975e+00 -9.000000e+00
    endloop
  endfacet
  facet normal 3.258395e-10 8.191520e-01 5.735764e-01
    outer loop
      vertex   1.250000e+01 4.133975e+00 -9.000000e+00
      vertex   1.625000e+01 4.133975e+00 -9.000000e+00
      vertex   1.250000e+01 4.233956e+00 -9.142788e+00
    endloop
  endfacet
  facet normal 3.258395e-10 8.191520e-01 5.735764e-01
    outer loop
      vertex   1.250000e+01 4.133975e+00 -9.000000e+00
      vertex   1.250000e+01 4.233956e+00 -9.142788e+00
      vertex   8.750000e+00 4.233956e+00 -9.142788e+00
    endloop
  endfacet
  facet normal 7.024475e-10 7.071068e-01 7.071068e-01
    outer loop
      vertex   8.750000e+00 4.233956e+00 -9.142788e+00
      vertex   1.250000e+01 4.233956e+00 -9.142788e+00
      vertex   8.750000e+00 4.357212e+00 -9.266044e+00
    endloop
  endfacet
  facet normal 7.024475e-10 7.071068e-01 7.071068e-01
    outer loop
      vertex   8.750000e+00 4.233956e+00 -9.142788e+00
      vertex   8.750000e+00 4.357212e+00 -9.266044e+00
      vertex   5.000000e+00 4.357212e+00 -9.266044e+00
    endloop
  endfacet
  facet normal 1.057712e-09 5.735764e-01 8.191520e-01
    outer loop
      vertex   5.000000e+00 4.357212e+00 -9.266044e+00
      vertex   8.750000e+00 4.357212e+00 -9.266044e+00
      vertex   5.000000e+00 4.500000e+00 -9.366025e+00
    endloop
  endfacet
  facet normal 1.057712e-09 5.735764e-01 8.191520e-01
    outer loop
      vertex   5.000000e+00 4.357212e+00 -9.266044e+00
      vertex   5.000000e+00 4.500000e+00 -9.366025e+00
      vertex   1.250000e+00 4.500000e+00 -9.366025e+00
    endloop
  endfacet
  facet normal 1.380838e-09 4.226183e-01 9.063078e-01
    outer loop
      vertex   1.250000e+00 4.500000e+00 -9.366025e+00
      vertex   5.000000e+00 4.500000e+00 -9.366025e+00
      vertex   1.250000e+00 4.657980e+00 -9.439693e+00
    endloop
  endfacet
  facet normal 1.380839e-09 4.226183e-01 9.063078e-01
    outer loop
      vertex   1.250000e+00 4.500000e+00 -9.366025e+00
      vertex   1.250000e+00 4.657980e+00 -9.439693e+00
      vertex   -2.500000e+00 4.657980e+00 -9.439693e+00
    endloop
  endfacet
  facet normal 1.662009e-09 2.588190e-01 9.659258e-01
    outer loop
      vertex   -2.500000e+00 4.657980e+00 -9.439693e+00
      vertex   1.250000e+00 4.657980e+00 -9.439693e+00
      vertex   -2.500000e+00 4.826352e+00 -9.484808e+00
    endloop
  endfacet
  facet normal 1.662008e-09 2.588190e-01 9.659258e-01
    outer loop
      vertex   -2.500000e+00 4.657980e+00 -9.439693e+00
      vertex   -2.500000e+00 4.826352e+00 -9.484808e+00
      vertex   -6.250000e+00 4.826352e+00 -9.484808e+00
    endloop
  endfacet
  facet normal 1.892679e-09 8.715574e-02 9.961947e-01
    outer loop
      vertex   -6.250000e+00 4.826352e+00 -9.484808e+00
      vertex   -2.500000e+00 4.826352e+00 -9.484808e+00
      vertex   -2.500000e+01 5.000000e+00 -9.500000e+00
    endloop
  endfacet
  facet normal -1.162793e-09 9.961947e-01 -8.715574e-02
    outer loop
      vertex   2.750000e+01 4.000000e+00 -8.500000e+00
      vertex   3.125000e+01 4.015192e+00 -8.326352e+00
      vertex   3.125000e+01 4.000000e+00 -8.500000e+00
    endloop
  endfacet
  facet normal -1.162793e-09 9.961947e-01 -8.715574e-02
    outer loop
      vertex   1.250000e+01 4.015192e+00 -8.326352e+00
      vertex   8.750000e+00 4.000000e+00 -8.500000e+00
      vertex   8.750000e+00 4.015192e+00 -8.326352e+00
    endloop
  endfacet
  facet normal -1.162793e-09 9.961947e-01 -8.715574e-02
    outer loop
      vertex   8.750000e+00 4.015192e+00 -8.326352e+00
      vertex   8.750000e+00 4.000000e+00 -8.500000e+00
      vertex   5.000000e+00 4.000000e+00 -8.500000e+00
    endloop
  endfacet
  facet normal -1.162793e-09 9.961947e-01 -8.715574e-02
    outer loop
      vertex   8.750000e+00 4.015192e+00 -8.326352e+00
      vertex   5.000000e+00 4.000000e+00 -8.500000e+00
      vertex   5.000000e+00 4.015192e+00 -8.326352e+00
    endloop
  endfacet
  facet normal -1.162793e-09 9.961947e-01 -8.715574e-02
    outer loop
      vertex   5.000000e+00 4.015192e+00 -8.326352e+00
      vertex   5.000000e+00 4.000000e+00 -8.500000e+00
      vertex   1.250000e+00 4.000000e+00 -8.500000e+00
    endloop
  endfacet
  facet normal -1.162794e-09 9.961947e-01 -8.715574e-02
    outer loop
      vertex   1.250000e+00 4.015192e+00 -8.326352e+00
      vertex   -2.500000e+00 4.000000e+00 -8.500000e+00
      vertex   -2.500000e+00 4.015192e+00 -8.326352e+00
    endloop
  endfacet
  facet normal -1.162793e-09 9.961947e-01 -8.715574e-02
    outer loop
      vertex   -2.500000e+00 4.015192e+00 -8.326352e+00
      vertex   -2.500000e+00 4.000000e+00 -8.500000e+00
      vertex   -6.250000e+00 4.000000e+00 -8.500000e+00
    endloop
  endfacet
  facet normal -1.162793e-09 9.961947e-01 -8.715574e-02
    outer loop
      vertex   -2.500000e+00 4.015192e+00 -8.326352e+00
      vertex   -6.250000e+00 4.000000e+00 -8.500000e+00
      vertex   -6.250000e+00 4.015192e+00 -8.326352e+00
    endloop
  endfacet
  facet normal -1.162793e-09 9.961947e-01 -8.715574e-02
    outer loop
      vertex   -6.250000e+00 4.015192e+00 -8.326352e+00
      vertex   -6.250000e+00 4.000000e+00 -8.500000e+00
      vertex   -1.000000e+01 4.000000e+00 -8.500000e+00
    endloop
  endfacet
  facet normal -1.162793e-09 9.961947e-01 -8.715574e-02
    outer loop
      vertex   -1.000000e+01 4.015192e+00 -8.326352e+00
      vertex   -1.375000e+01 4.000000e+00 -8.500000e+00
      vertex   -1.375000e+01 4.015192e+00 -8.326352e+00
    endloop
  endfacet
  facet normal -1.162793e-09 9.961947e-01 -8.715574e-02
    outer loop
      vertex   -1.375000e+01 4.015192e+00 -8.326352e+00
      vertex   -1.375000e+01 4.000000e+00 -8.500000e+00
      vertex   -1.750000e+01 4.000000e+00 -8.500000e+00
    endloop
  endfacet
  facet normal -1.162793e-09 9.961947e-01 -8.715574e-02
    outer loop
      vertex   -1.375000e+01 4.015192e+00 -8.326352e+00
      vertex   -1.750000e+01 4.000000e+00 -8.500000e+00
      vertex   -1.750000e+01 4.015192e+00 -8.326352e+00
    endloop
  endfacet
  facet normal -1.162793e-09 9.961947e-01 -8.715574e-02
    outer loop
      vertex   -1.750000e+01 4.015192e+00 -8.326352e+00
      vertex   -1.750000e+01 4.000000e+00 -8.500000e+00
      vertex   -2.125000e+01 4.000000e+00 -8.500000e+00
    endloop
  endfacet
  facet normal -8.164676e-10 9.961947e-01 8.715574e-02
    outer loop
      vertex   2.750000e+01 4.000000e+00 -8.500000e+00
      vertex   3.125000e+01 4.000000e+00 -8.500000e+00
      vertex   2.750000e+01 4.015192e+00 -8.673648e+00
    endloop
  endfacet
  facet normal -8.164676e-10 9.961947e-01 8.715574e-02
    outer loop
      vertex   2.750000e+01 4.015192e+00 -8.673648e+00
      vertex   3.125000e+01 4.000000e+00 -8.500000e+00
      vertex   3.125000e+01 4.015192e+00 -8.673648e+00
    endloop
  endfacet
  facet normal -4.453339e-10 9.659258e-01 2.588190e-01
    outer loop
      vertex   2.750000e+01 4.015192e+00 -8.673648e+00
      vertex   3.125000e+01 4.015192e+00 -8.673648e+00
      vertex   2.750000e+01 4.060307e+00 -8.842020e+00
    endloop
  endfacet
  facet normal -4.453339e-10 9.659258e-01 2.588190e-01
    outer loop
      vertex   2.750000e+01 4.060307e+00 -8.842020e+00
      vertex   3.125000e+01 4.015192e+00 -8.673648e+00
      vertex   3.125000e+01 4.060307e+00 -8.842020e+00
    endloop
  endfacet
  facet normal -6.066885e-11 9.063078e-01 4.226183e-01
    outer loop
      vertex   2.750000e+01 4.060307e+00 -8.842020e+00
      vertex   3.125000e+01 4.060307e+00 -8.842020e+00
      vertex   2.750000e+01 4.133975e+00 -9.000000e+00
    endloop
  endfacet
  facet normal -6.066863e-11 9.063078e-01 4.226183e-01
    outer loop
      vertex   2.750000e+01 4.133975e+00 -9.000000e+00
      vertex   3.125000e+01 4.060307e+00 -8.842020e+00
      vertex   3.125000e+01 4.133975e+00 -9.000000e+00
    endloop
  endfacet
  facet normal 3.258397e-10 8.191520e-01 5.735764e-01
    outer loop
      vertex   2.750000e+01 4.133975e+00 -9.000000e+00
      vertex   3.125000e+01 4.133975e+00 -9.000000e+00
      vertex   2.750000e+01 4.233956e+00 -9.142788e+00
    endloop
  endfacet
  facet normal 3.258395e-10 8.191520e-01 5.735764e-01
    outer loop
      vertex   2.750000e+01 4.233956e+00 -9.142788e+00
      vertex   3.125000e+01 4.133975e+00 -9.000000e+00
      vertex   3.125000e+01 4.233956e+00 -9.142788e+00
    endloop
  endfacet
  facet normal 7.024475e-10 7.071068e-01 7.071068e-01
    outer loop
      vertex   2.750000e+01 4.233956e+00 -9.142788e+00
      vertex   3.125000e+01 4.233956e+00 -9.142788e+00
      vertex   2.750000e+01 4.357212e+00 -9.266045e+00
    endloop
  endfacet
  facet normal -8.164676e-10 9.961947e-01 8.715574e-02
    outer loop
      vertex   8.750000e+00 4.000000e+00 -8.500000e+00
      vertex   5.000000e+00 4.015192e+00 -8.673648e+00
      vertex   5.000000e+00 4.000000e+00 -8.500000e+00
    endloop
  endfacet
  facet normal -8.164677e-10 9.961947e-01 8.715574e-02
    outer loop
      vertex   5.000000e+00 4.000000e+00 -8.500000e+00
      vertex   5.000000e+00 4.015192e+00 -8.673648e+00
      vertex   1.250000e+00 4.015192e+00 -8.673648e+00
    endloop
  endfacet
  facet normal -8.164676e-10 9.961947e-01 8.715574e-02
    outer loop
      vertex   5.000000e+00 4.000000e+00 -8.500000e+00
      vertex   1.250000e+00 4.015192e+00 -8.673648e+00
      vertex   1.250000e+00 4.000000e+00 -8.500000e+00
    endloop
  endfacet
  facet normal -8.164678e-10 9.961947e-01 8.715574e-02
    outer loop
      vertex   1.250000e+00 4.000000e+00 -8.500000e+00
      vertex   1.250000e+00 4.015192e+00 -8.673648e+00
      vertex   -2.500000e+00 4.015192e+00 -8.673648e+00
    endloop
  endfacet
  facet normal -8.164676e-10 9.961947e-01 8.715574e-02
    outer loop
      vertex   -2.500000e+00 4.000000e+00 -8.500000e+00
      vertex   -6.250000e+00 4.015192e+00 -8.673648e+00
      vertex   -6.250000e+00 4.000000e+00 -8.500000e+00
    endloop
  endfacet
  facet normal -8.164676e-10 9.961947e-01 8.715574e-02
    outer loop
      vertex   -6.250000e+00 4.000000e+00 -8.500000e+00
      vertex   -6.250000e+00 4.015192e+00 -8.673648e+00
      vertex   -1.000000e+01 4.015192e+00 -8.673648e+00
    endloop
  endfacet
  facet normal -8.164676e-10 9.961947e-01 8.715574e-02
    outer loop
      vertex   -6.250000e+00 4.000000e+00 -8.500000e+00
      vertex   -1.000000e+01 4.015192e+00 -8.673648e+00
      vertex   -1.000000e+01 4.000000e+00 -8.500000e+00
    endloop
  endfacet
  facet normal -8.164676e-10 9.961947e-01 8.715574e-02
    outer loop
      vertex   -1.000000e+01 4.000000e+00 -8.500000e+00
      vertex   -1.000000e+01 4.015192e+00 -8.673648e+00
      vertex   -1.375000e+01 4.015192e+00 -8.673648e+00
    endloop
  endfacet
  facet normal -8.164676e-10 9.961947e-01 8.715574e-02
    outer loop
      vertex   -2.125000e+01 4.015192e+00 -8.673648e+00
      vertex   -2.125000e+01 4.000000e+00 -8.500000e+00
      vertex   -1.750000e+01 4.000000e+00 -8.500000e+00
    endloop
  endfacet
  facet normal -8.164678e-10 9.961947e-01 8.715574e-02
    outer loop
      vertex   -2.125000e+01 4.015192e+00 -8.673648e+00
      vertex   -1.750000e+01 4.000000e+00 -8.500000e+00
      vertex   -1.750000e+01 4.015192e+00 -8.673648e+00
    endloop
  endfacet
  facet normal -8.164676e-10 9.961947e-01 8.715574e-02
    outer loop
      vertex   -1.750000e+01 4.015192e+00 -8.673648e+00
      vertex   -1.750000e+01 4.000000e+00 -8.500000e+00
      vertex   -1.375000e+01 4.000000e+00 -8.500000e+00
    endloop
  endfacet
  facet normal -4.453339e-10 9.659258e-01 2.588190e-01
    outer loop
      vertex   4.250000e+01 4.060307e+00 -8.842020e+00
      vertex   4.625000e+01 4.015192e+00 -8.673648e+00
      vertex   4.625000e+01 4.060307e+00 -8.842020e+00
    endloop
  endfacet
  facet normal -8.164676e-10 9.961947e-01 8.715574e-02
    outer loop
      vertex   2.750000e+01 4.000000e+00 -8.500000e+00
      vertex   2.750000e+01 4.015192e+00 -8.673648e+00
      vertex   2.375000e+01 4.015192e+00 -8.673648e+00
    endloop
  endfacet
  facet normal -4.453337e-10 9.659258e-01 2.588190e-01
    outer loop
      vertex   2.375000e+01 4.015192e+00 -8.673648e+00
      vertex   2.750000e+01 4.015192e+00 -8.673648e+00
      vertex   2.375000e+01 4.060307e+00 -8.842020e+00
    endloop
  endfacet
  facet normal -4.453339e-10 9.659258e-01 2.588190e-01
    outer loop
      vertex   2.375000e+01 4.015192e+00 -8.673648e+00
      vertex   2.375000e+01 4.060307e+00 -8.842020e+00
      vertex   2.000000e+01 4.060307e+00 -8.842020e+00
    endloop
  endfacet
  facet normal -6.066885e-11 9.063078e-01 4.226183e-01
    outer loop
      vertex   2.000000e+01 4.060307e+00 -8.842020e+00
      vertex   2.375000e+01 4.060307e+00 -8.842020e+00
      vertex   2.000000e+01 4.133975e+00 -9.000000e+00
    endloop
  endfacet
  facet normal -6.066906e-11 9.063078e-01 4.226183e-01
    outer loop
      vertex   2.000000e+01 4.060307e+00 -8.842020e+00
      vertex   2.000000e+01 4.133975e+00 -9.000000e+00
      vertex   1.625000e+01 4.133975e+00 -9.000000e+00
    endloop
  endfacet
  facet normal 3.258394e-10 8.191520e-01 5.735764e-01
    outer loop
      vertex   1.625000e+01 4.133975e+00 -9.000000e+00
      vertex   2.000000e+01 4.133975e+00 -9.000000e+00
      vertex   1.625000e+01 4.233956e+00 -9.142788e+00
    endloop
  endfacet
  facet normal 3.258393e-10 8.191520e-01 5.735764e-01
    outer loop
      vertex   1.625000e+01 4.133975e+00 -9.000000e+00
      vertex   1.625000e+01 4.233956e+00 -9.142788e+00
      vertex   1.250000e+01 4.233956e+00 -9.142788e+00
    endloop
  endfacet
  facet normal 7.024471e-10 7.071068e-01 7.071068e-01
    outer loop
      vertex   1.250000e+01 4.233956e+00 -9.142788e+00
      vertex   1.625000e+01 4.233956e+00 -9.142788e+00
      vertex   1.250000e+01 4.357212e+00 -9.266045e+00
    endloop
  endfacet
  facet normal 7.024475e-10 7.071068e-01 7.071068e-01
    outer loop
      vertex   1.250000e+01 4.233956e+00 -9.142788e+00
      vertex   1.250000e+01 4.357212e+00 -9.266045e+00
      vertex   8.750000e+00 4.357212e+00 -9.266044e+00
    endloop
  endfacet
  facet normal 1.057712e-09 5.735764e-01 8.191520e-01
    outer loop
      vertex   8.750000e+00 4.357212e+00 -9.266044e+00
      vertex   1.250000e+01 4.357212e+00 -9.266045e+00
      vertex   8.750000e+00 4.500000e+00 -9.366025e+00
    endloop
  endfacet
  facet normal 1.057712e-09 5.735764e-01 8.191520e-01
    outer loop
      vertex   8.750000e+00 4.357212e+00 -9.266044e+00
      vertex   8.750000e+00 4.500000e+00 -9.366025e+00
      vertex   5.000000e+00 4.500000e+00 -9.366025e+00
    endloop
  endfacet
  facet normal 1.380839e-09 4.226183e-01 9.063078e-01
    outer loop
      vertex   5.000000e+00 4.500000e+00 -9.366025e+00
      vertex   8.750000e+00 4.500000e+00 -9.366025e+00
      vertex   5.000000e+00 4.657980e+00 -9.439693e+00
    endloop
  endfacet
  facet normal 1.380838e-09 4.226183e-01 9.063078e-01
    outer loop
      vertex   5.000000e+00 4.500000e+00 -9.366025e+00
      vertex   5.000000e+00 4.657980e+00 -9.439693e+00
      vertex   1.250000e+00 4.657980e+00 -9.439693e+00
    endloop
  endfacet
  facet normal 1.662008e-09 2.588190e-01 9.659258e-01
    outer loop
      vertex   1.250000e+00 4.657980e+00 -9.439693e+00
      vertex   5.000000e+00 4.657980e+00 -9.439693e+00
      vertex   1.250000e+00 4.826352e+00 -9.484808e+00
    endloop
  endfacet
  facet normal 1.662009e-09 2.588190e-01 9.659258e-01
    outer loop
      vertex   1.250000e+00 4.657980e+00 -9.439693e+00
      vertex   1.250000e+00 4.826352e+00 -9.484808e+00
      vertex   -2.500000e+00 4.826352e+00 -9.484808e+00
    endloop
  endfacet
  facet normal 1.892680e-09 8.715574e-02 9.961947e-01
    outer loop
      vertex   -2.500000e+00 4.826352e+00 -9.484808e+00
      vertex   1.250000e+00 4.826352e+00 -9.484808e+00
      vertex   -2.500000e+01 5.000000e+00 -9.500000e+00
    endloop
  endfacet
  facet normal -4.453339e-10 9.659258e-01 2.588190e-01
    outer loop
      vertex   2.375000e+01 4.060307e+00 -8.842020e+00
      vertex   2.750000e+01 4.015192e+00 -8.673648e+00
      vertex   2.750000e+01 4.060307e+00 -8.842020e+00
    endloop
  endfacet
  facet normal -4.453340e-10 9.659258e-01 2.588190e-01
    outer loop
      vertex   5.000000e+00 4.015192e+00 -8.673648e+00
      vertex   1.250000e+00 4.060307e+00 -8.842020e+00
      vertex   1.250000e+00 4.015192e+00 -8.673648e+00
    endloop
  endfacet
  facet normal -4.453340e-10 9.659258e-01 2.588190e-01
    outer loop
      vertex   1.250000e+00 4.015192e+00 -8.673648e+00
      vertex   1.250000e+00 4.060307e+00 -8.842020e+00
      vertex   -2.500000e+00 4.060307e+00 -8.842020e+00
    endloop
  endfacet
  facet normal -4.453340e-10 9.659258e-01 2.588190e-01
    outer loop
      vertex   1.250000e+00 4.015192e+00 -8.673648e+00
      vertex   -2.500000e+00 4.060307e+00 -8.842020e+00
      vertex   -2.500000e+00 4.015192e+00 -8.673648e+00
    endloop
  endfacet
  facet normal -4.453337e-10 9.659258e-01 2.588190e-01
    outer loop
      vertex   -2.500000e+00 4.015192e+00 -8.673648e+00
      vertex   -2.500000e+00 4.060307e+00 -8.842020e+00
      vertex   -6.250000e+00 4.060307e+00 -8.842020e+00
    endloop
  endfacet
  facet normal -4.453339e-10 9.659258e-01 2.588190e-01
    outer loop
      vertex   -6.250000e+00 4.015192e+00 -8.673648e+00
      vertex   -1.000000e+01 4.060307e+00 -8.842020e+00
      vertex   -1.000000e+01 4.015192e+00 -8.673648e+00
    endloop
  endfacet
  facet normal -4.453339e-10 9.659258e-01 2.588190e-01
    outer loop
      vertex   -1.000000e+01 4.015192e+00 -8.673648e+00
      vertex   -1.000000e+01 4.060307e+00 -8.842020e+00
      vertex   -1.375000e+01 4.060307e+00 -8.842020e+00
    endloop
  endfacet
  facet normal -4.453337e-10 9.659258e-01 2.588190e-01
    outer loop
      vertex   -1.000000e+01 4.015192e+00 -8.673648e+00
      vertex   -1.375000e+01 4.060307e+00 -8.842020e+00
      vertex   -1.375000e+01 4.015192e+00 -8.673648e+00
    endloop
  endfacet
  facet normal -4.453339e-10 9.659258e-01 2.588190e-01
    outer loop
      vertex   -1.375000e+01 4.015192e+00 -8.673648e+00
      vertex   -1.375000e+01 4.060307e+00 -8.842020e+00
      vertex   -1.750000e+01 4.060307e+00 -8.842020e+00
    endloop
  endfacet
  facet normal -4.453340e-10 9.659258e-01 2.588190e-01
    outer loop
      vertex   -2.125000e+01 4.060307e+00 -8.842020e+00
      vertex   -2.125000e+01 4.015192e+00 -8.673648e+00
      vertex   -1.750000e+01 4.015192e+00 -8.673648e+00
    endloop
  endfacet
  facet normal -6.066885e-11 9.063078e-01 4.226183e-01
    outer loop
      vertex   4.250000e+01 4.060307e+00 -8.842020e+00
      vertex   4.625000e+01 4.060307e+00 -8.842020e+00
      vertex   4.250000e+01 4.133975e+00 -9.000000e+00
    endloop
  endfacet
  facet normal -6.066906e-11 9.063078e-01 4.226183e-01
    outer loop
      vertex   4.250000e+01 4.133975e+00 -9.000000e+00
      vertex   4.625000e+01 4.060307e+00 -8.842020e+00
      vertex   4.625000e+01 4.133975e+00 -9.000000e+00
    endloop
  endfacet
  facet normal 3.258394e-10 8.191520e-01 5.735764e-01
    outer loop
      vertex   4.250000e+01 4.133975e+00 -9.000000e+00
      vertex   4.625000e+01 4.133975e+00 -9.000000e+00
      vertex   4.250000e+01 4.233956e+00 -9.142788e+00
    endloop
  endfacet
  facet normal 3.258398e-10 8.191520e-01 5.735764e-01
    outer loop
      vertex   4.250000e+01 4.233956e+00 -9.142788e+00
      vertex   4.625000e+01 4.133975e+00 -9.000000e+00
      vertex   4.625000e+01 4.233956e+00 -9.142788e+00
    endloop
  endfacet
  facet normal 7.024478e-10 7.071068e-01 7.071068e-01
    outer loop
      vertex   4.250000e+01 4.233956e+00 -9.142788e+00
      vertex   4.625000e+01 4.233956e+00 -9.142788e+00
      vertex   4.250000e+01 4.357212e+00 -9.266045e+00
    endloop
  endfacet
  facet normal 7.024475e-10 7.071068e-01 7.071068e-01
    outer loop
      vertex   4.250000e+01 4.357212e+00 -9.266045e+00
      vertex   4.625000e+01 4.233956e+00 -9.142788e+00
      vertex   4.625000e+01 4.357212e+00 -9.266045e+00
    endloop
  endfacet
  facet normal 1.057712e-09 5.735764e-01 8.191520e-01
    outer loop
      vertex   4.250000e+01 4.357212e+00 -9.266045e+00
      vertex   4.625000e+01 4.357212e+00 -9.266045e+00
      vertex   4.250000e+01 4.500000e+00 -9.366026e+00
    endloop
  endfacet
  facet normal 1.057712e-09 5.735764e-01 8.191520e-01
    outer loop
      vertex   4.250000e+01 4.500000e+00 -9.366026e+00
      vertex   4.625000e+01 4.357212e+00 -9.266045e+00
      vertex   4.625000e+01 4.500000e+00 -9.366026e+00
    endloop
  endfacet
  facet normal 1.380839e-09 4.226183e-01 9.063078e-01
    outer loop
      vertex   4.250000e+01 4.500000e+00 -9.366026e+00
      vertex   4.625000e+01 4.500000e+00 -9.366026e+00
      vertex   4.250000e+01 4.657980e+00 -9.439693e+00
    endloop
  endfacet
  facet normal 1.380839e-09 4.226183e-01 9.063078e-01
    outer loop
      vertex   4.250000e+01 4.657980e+00 -9.439693e+00
      vertex   4.625000e+01 4.500000e+00 -9.366026e+00
      vertex   4.625000e+01 4.657980e+00 -9.439693e+00
    endloop
  endfacet
  facet normal 1.662009e-09 2.588190e-01 9.659258e-01
    outer loop
      vertex   4.250000e+01 4.657980e+00 -9.439693e+00
      vertex   4.625000e+01 4.657980e+00 -9.439693e+00
      vertex   4.250000e+01 4.826352e+00 -9.484808e+00
    endloop
  endfacet
  facet normal 1.662009e-09 2.588190e-01 9.659258e-01
    outer loop
      vertex   4.250000e+01 4.826352e+00 -9.484808e+00
      vertex   4.625000e+01 4.657980e+00 -9.439693e+00
      vertex   4.625000e+01 4.826352e+00 -9.484808e+00
    endloop
  endfacet
  facet normal 1.892680e-09 8.715574e-02 9.961947e-01
    outer loop
      vertex   4.250000e+01 4.826352e+00 -9.484808e+00
      vertex   4.625000e+01 4.826352e+00 -9.484808e+00
      vertex   5.000000e+01 5.000000e+00 -9.500000e+00
    endloop
  endfacet
  facet normal -6.066885e-11 9.063078e-01 4.226183e-01
    outer loop
      vertex   2.375000e+01 4.060307e+00 -8.842020e+00
      vertex   2.750000e+01 4.060307e+00 -8.842020e+00
      vertex   2.375000e+01 4.133975e+00 -9.000000e+00
    endloop
  endfacet
  facet normal -6.066906e-11 9.063078e-01 4.226183e-01
    outer loop
      vertex   2.375000e+01 4.133975e+00 -9.000000e+00
      vertex   2.750000e+01 4.060307e+00 -8.842020e+00
      vertex   2.750000e+01 4.133975e+00 -9.000000e+00
    endloop
  endfacet
  facet normal 3.258394e-10 8.191520e-01 5.735764e-01
    outer loop
      vertex   2.375000e+01 4.133975e+00 -9.000000e+00
      vertex   2.750000e+01 4.133975e+00 -9.000000e+00
      vertex   2.375000e+01 4.233956e+00 -9.142788e+00
    endloop
  endfacet
  facet normal 3.258398e-10 8.191520e-01 5.735764e-01
    outer loop
      vertex   2.375000e+01 4.233956e+00 -9.142788e+00
      vertex   2.750000e+01 4.133975e+00 -9.000000e+00
      vertex   2.750000e+01 4.233956e+00 -9.142788e+00
    endloop
  endfacet
  facet normal 7.024478e-10 7.071068e-01 7.071068e-01
    outer loop
      vertex   2.375000e+01 4.233956e+00 -9.142788e+00
      vertex   2.750000e+01 4.233956e+00 -9.142788e+00
      vertex   2.375000e+01 4.357212e+00 -9.266045e+00
    endloop
  endfacet
  facet normal 7.024475e-10 7.071068e-01 7.071068e-01
    outer loop
      vertex   2.375000e+01 4.357212e+00 -9.266045e+00
      vertex   2.750000e+01 4.233956e+00 -9.142788e+00
      vertex   2.750000e+01 4.357212e+00 -9.266045e+00
    endloop
  endfacet
  facet normal 1.057712e-09 5.735764e-01 8.191520e-01
    outer loop
      vertex   2.375000e+01 4.357212e+00 -9.266045e+00
      vertex   2.750000e+01 4.357212e+00 -9.266045e+00
      vertex   2.375000e+01 4.500000e+00 -9.366025e+00
    endloop
  endfacet
  facet normal -6.066886e-11 9.063078e-01 4.226183e-01
    outer loop
      vertex   1.250000e+00 4.060307e+00 -8.842020e+00
      vertex   -2.500000e+00 4.133975e+00 -9.000000e+00
      vertex   -2.500000e+00 4.060307e+00 -8.842020e+00
    endloop
  endfacet
  facet normal -6.066885e-11 9.063078e-01 4.226183e-01
    outer loop
      vertex   -2.500000e+00 4.060307e+00 -8.842020e+00
      vertex   -2.500000e+00 4.133975e+00 -9.000000e+00
      vertex   -6.250000e+00 4.133975e+00 -9.000000e+00
    endloop
  endfacet
  facet normal -6.066884e-11 9.063078e-01 4.226183e-01
    outer loop
      vertex   -2.500000e+00 4.060307e+00 -8.842020e+00
      vertex   -6.250000e+00 4.133975e+00 -9.000000e+00
      vertex   -6.250000e+00 4.060307e+00 -8.842020e+00
    endloop
  endfacet
  facet normal -6.066863e-11 9.063078e-01 4.226183e-01
    outer loop
      vertex   -6.250000e+00 4.060307e+00 -8.842020e+00
      vertex   -6.250000e+00 4.133975e+00 -9.000000e+00
      vertex   -1.000000e+01 4.133975e+00 -9.000000e+00
    endloop
  endfacet
  facet normal -6.066885e-11 9.063078e-01 4.226183e-01
    outer loop
      vertex   -1.000000e+01 4.060307e+00 -8.842020e+00
      vertex   -1.375000e+01 4.133975e+00 -9.000000e+00
      vertex   -1.375000e+01 4.060307e+00 -8.842020e+00
    endloop
  endfacet
  facet normal -6.066863e-11 9.063078e-01 4.226183e-01
    outer loop
      vertex   -1.375000e+01 4.060307e+00 -8.842020e+00
      vertex   -1.375000e+01 4.133975e+00 -9.000000e+00
      vertex   -1.750000e+01 4.133975e+00 -9.000000e+00
    endloop
  endfacet
  facet normal -6.066885e-11 9.063078e-01 4.226183e-01
    outer loop
      vertex   -1.375000e+01 4.060307e+00 -8.842020e+00
      vertex   -1.750000e+01 4.133975e+00 -9.000000e+00
      vertex   -1.750000e+01 4.060307e+00 -8.842020e+00
    endloop
  endfacet
  facet normal -6.066906e-11 9.063078e-01 4.226183e-01
    outer loop
      vertex   -1.750000e+01 4.060307e+00 -8.842020e+00
      vertex   -1.750000e+01 4.133975e+00 -9.000000e+00
      vertex   -2.125000e+01 4.133975e+00 -9.000000e+00
    endloop
  endfacet
  facet normal -6.066863e-11 9.063078e-01 4.226183e-01
    outer loop
      vertex   4.250000e+01 4.060307e+00 -8.842020e+00
      vertex   4.250000e+01 4.133975e+00 -9.000000e+00
      vertex   3.875000e+01 4.133975e+00 -9.000000e+00
    endloop
  endfacet
  facet normal 3.258397e-10 8.191520e-01 5.735764e-01
    outer loop
      vertex   3.875000e+01 4.133975e+00 -9.000000e+00
      vertex   4.250000e+01 4.133975e+00 -9.000000e+00
      vertex   3.875000e+01 4.233956e+00 -9.142788e+00
    endloop
  endfacet
  facet normal 3.258398e-10 8.191520e-01 5.735764e-01
    outer loop
      vertex   3.875000e+01 4.133975e+00 -9.000000e+00
      vertex   3.875000e+01 4.233956e+00 -9.142788e+00
      vertex   3.500000e+01 4.233956e+00 -9.142788e+00
    endloop
  endfacet
  facet normal 7.024478e-10 7.071068e-01 7.071068e-01
    outer loop
      vertex   3.500000e+01 4.233956e+00 -9.142788e+00
      vertex   3.875000e+01 4.233956e+00 -9.142788e+00
      vertex   3.500000e+01 4.357212e+00 -9.266045e+00
    endloop
  endfacet
  facet normal 7.024476e-10 7.071068e-01 7.071068e-01
    outer loop
      vertex   3.500000e+01 4.233956e+00 -9.142788e+00
      vertex   3.500000e+01 4.357212e+00 -9.266045e+00
      vertex   3.125000e+01 4.357212e+00 -9.266045e+00
    endloop
  endfacet
  facet normal 1.057712e-09 5.735764e-01 8.191520e-01
    outer loop
      vertex   3.125000e+01 4.357212e+00 -9.266045e+00
      vertex   3.500000e+01 4.357212e+00 -9.266045e+00
      vertex   3.125000e+01 4.500000e+00 -9.366026e+00
    endloop
  endfacet
  facet normal 1.057712e-09 5.735764e-01 8.191520e-01
    outer loop
      vertex   3.125000e+01 4.357212e+00 -9.266045e+00
      vertex   3.125000e+01 4.500000e+00 -9.366026e+00
      vertex   2.750000e+01 4.500000e+00 -9.366025e+00
    endloop
  endfacet
  facet normal 1.380838e-09 4.226183e-01 9.063078e-01
    outer loop
      vertex   2.750000e+01 4.500000e+00 -9.366025e+00
      vertex   3.125000e+01 4.500000e+00 -9.366026e+00
      vertex   2.750000e+01 4.657980e+00 -9.439693e+00
    endloop
  endfacet
  facet normal 1.380839e-09 4.226183e-01 9.063078e-01
    outer loop
      vertex   2.750000e+01 4.500000e+00 -9.366025e+00
      vertex   2.750000e+01 4.657980e+00 -9.439693e+00
      vertex   2.375000e+01 4.657980e+00 -9.439693e+00
    endloop
  endfacet
  facet normal 1.662009e-09 2.588190e-01 9.659258e-01
    outer loop
      vertex   2.375000e+01 4.657980e+00 -9.439693e+00
      vertex   2.750000e+01 4.657980e+00 -9.439693e+00
      vertex   2.375000e+01 4.826352e+00 -9.484808e+00
    endloop
  endfacet
  facet normal 1.662009e-09 2.588190e-01 9.659258e-01
    outer loop
      vertex   2.375000e+01 4.657980e+00 -9.439693e+00
      vertex   2.375000e+01 4.826352e+00 -9.484808e+00
      vertex   2.000000e+01 4.826352e+00 -9.484808e+00
    endloop
  endfacet
  facet normal 1.892680e-09 8.715574e-02 9.961947e-01
    outer loop
      vertex   2.000000e+01 4.826352e+00 -9.484808e+00
      vertex   2.375000e+01 4.826352e+00 -9.484808e+00
      vertex   5.000000e+01 5.000000e+00 -9.500000e+00
    endloop
  endfacet
  facet normal 3.258393e-10 8.191520e-01 5.735764e-01
    outer loop
      vertex   3.875000e+01 4.233956e+00 -9.142788e+00
      vertex   4.250000e+01 4.133975e+00 -9.000000e+00
      vertex   4.250000e+01 4.233956e+00 -9.142788e+00
    endloop
  endfacet
  facet normal -6.066863e-11 9.063078e-01 4.226183e-01
    outer loop
      vertex   2.375000e+01 4.060307e+00 -8.842020e+00
      vertex   2.375000e+01 4.133975e+00 -9.000000e+00
      vertex   2.000000e+01 4.133975e+00 -9.000000e+00
    endloop
  endfacet
  facet normal 3.258397e-10 8.191520e-01 5.735764e-01
    outer loop
      vertex   2.000000e+01 4.133975e+00 -9.000000e+00
      vertex   2.375000e+01 4.133975e+00 -9.000000e+00
      vertex   2.000000e+01 4.233956e+00 -9.142788e+00
    endloop
  endfacet
  facet normal 3.258398e-10 8.191520e-01 5.735764e-01
    outer loop
      vertex   2.000000e+01 4.133975e+00 -9.000000e+00
      vertex   2.000000e+01 4.233956e+00 -9.142788e+00
      vertex   1.625000e+01 4.233956e+00 -9.142788e+00
    endloop
  endfacet
  facet normal 7.024478e-10 7.071068e-01 7.071068e-01
    outer loop
      vertex   1.625000e+01 4.233956e+00 -9.142788e+00
      vertex   2.000000e+01 4.233956e+00 -9.142788e+00
      vertex   1.625000e+01 4.357212e+00 -9.266045e+00
    endloop
  endfacet
  facet normal 7.024476e-10 7.071068e-01 7.071068e-01
    outer loop
      vertex   1.625000e+01 4.233956e+00 -9.142788e+00
      vertex   1.625000e+01 4.357212e+00 -9.266045e+00
      vertex   1.250000e+01 4.357212e+00 -9.266045e+00
    endloop
  endfacet
  facet normal 1.057712e-09 5.735764e-01 8.191520e-01
    outer loop
      vertex   1.250000e+01 4.357212e+00 -9.266045e+00
      vertex   1.625000e+01 4.357212e+00 -9.266045e+00
      vertex   1.250000e+01 4.500000e+00 -9.366025e+00
    endloop
  endfacet
  facet normal 1.057712e-09 5.735764e-01 8.191520e-01
    outer loop
      vertex   1.250000e+01 4.357212e+00 -9.266045e+00
      vertex   1.250000e+01 4.500000e+00 -9.366025e+00
      vertex   8.750000e+00 4.500000e+00 -9.366025e+00
    endloop
  endfacet
  facet normal 1.380838e-09 4.226183e-01 9.063078e-01
    outer loop
      vertex   8.750000e+00 4.500000e+00 -9.366025e+00
      vertex   1.250000e+01 4.500000e+00 -9.366025e+00
      vertex   8.750000e+00 4.657980e+00 -9.439693e+00
    endloop
  endfacet
  facet normal 1.380839e-09 4.226183e-01 9.063078e-01
    outer loop
      vertex   8.750000e+00 4.500000e+00 -9.366025e+00
      vertex   8.750000e+00 4.657980e+00 -9.439693e+00
      vertex   5.000000e+00 4.657980e+00 -9.439693e+00
    endloop
  endfacet
  facet normal 1.662009e-09 2.588190e-01 9.659258e-01
    outer loop
      vertex   5.000000e+00 4.657980e+00 -9.439693e+00
      vertex   8.750000e+00 4.657980e+00 -9.439693e+00
      vertex   5.000000e+00 4.826352e+00 -9.484808e+00
    endloop
  endfacet
  facet normal 1.662009e-09 2.588190e-01 9.659258e-01
    outer loop
      vertex   5.000000e+00 4.657980e+00 -9.439693e+00
      vertex   5.000000e+00 4.826352e+00 -9.484808e+00
      vertex   1.250000e+00 4.826352e+00 -9.484808e+00
    endloop
  endfacet
  facet normal 1.892680e-09 8.715574e-02 9.961947e-01
    outer loop
      vertex   1.250000e+00 4.826352e+00 -9.484808e+00
      vertex   5.000000e+00 4.826352e+00 -9.484808e+00
      vertex   -2.500000e+01 5.000000e+00 -9.500000e+00
    endloop
  endfacet
  facet normal 3.258393e-10 8.191520e-01 5.735764e-01
    outer loop
      vertex   2.000000e+01 4.233956e+00 -9.142788e+00
      vertex   2.375000e+01 4.133975e+00 -9.000000e+00
      vertex   2.375000e+01 4.233956e+00 -9.142788e+00
    endloop
  endfacet
  facet normal 3.258395e-10 8.191520e-01 5.735764e-01
    outer loop
      vertex   -2.500000e+00 4.133975e+00 -9.000000e+00
      vertex   -6.250000e+00 4.233956e+00 -9.142788e+00
      vertex   -6.250000e+00 4.133975e+00 -9.000000e+00
    endloop
  endfacet
  facet normal 3.258395e-10 8.191520e-01 5.735764e-01
    outer loop
      vertex   -6.250000e+00 4.133975e+00 -9.000000e+00
      vertex   -6.250000e+00 4.233956e+00 -9.142788e+00
      vertex   -1.000000e+01 4.233956e+00 -9.142788e+00
    endloop
  endfacet
  facet normal 3.258397e-10 8.191520e-01 5.735764e-01
    outer loop
      vertex   -6.250000e+00 4.133975e+00 -9.000000e+00
      vertex   -1.000000e+01 4.233956e+00 -9.142788e+00
      vertex   -1.000000e+01 4.133975e+00 -9.000000e+00
    endloop
  endfacet
  facet normal 3.258398e-10 8.191520e-01 5.735764e-01
    outer loop
      vertex   -1.000000e+01 4.133975e+00 -9.000000e+00
      vertex   -1.000000e+01 4.233956e+00 -9.142788e+00
      vertex   -1.375000e+01 4.233956e+00 -9.142788e+00
    endloop
  endfacet
  facet normal 3.258394e-10 8.191520e-01 5.735764e-01
    outer loop
      vertex   -2.125000e+01 4.233956e+00 -9.142788e+00
      vertex   -2.125000e+01 4.133975e+00 -9.000000e+00
      vertex   -1.750000e+01 4.133975e+00 -9.000000e+00
    endloop
  endfacet
  facet normal 3.258394e-10 8.191520e-01 5.735764e-01
    outer loop
      vertex   -2.125000e+01 4.233956e+00 -9.142788e+00
      vertex   -1.750000e+01 4.133975e+00 -9.000000e+00
      vertex   -1.750000e+01 4.233956e+00 -9.142788e+00
    endloop
  endfacet
  facet normal 3.258397e-10 8.191520e-01 5.735764e-01
    outer loop
      vertex   -1.750000e+01 4.233956e+00 -9.142788e+00
      vertex   -1.750000e+01 4.133975e+00 -9.000000e+00
      vertex   -1.375000e+01 4.133975e+00 -9.000000e+00
    endloop
  endfacet
  facet normal 7.024471e-10 7.071068e-01 7.071068e-01
    outer loop
      vertex   3.875000e+01 4.233956e+00 -9.142788e+00
      vertex   4.250000e+01 4.233956e+00 -9.142788e+00
      vertex   3.875000e+01 4.357212e+00 -9.266045e+00
    endloop
  endfacet
  facet normal 7.024475e-10 7.071068e-01 7.071068e-01
    outer loop
      vertex   3.875000e+01 4.357212e+00 -9.266045e+00
      vertex   4.250000e+01 4.233956e+00 -9.142788e+00
      vertex   4.250000e+01 4.357212e+00 -9.266045e+00
    endloop
  endfacet
  facet normal 1.057712e-09 5.735764e-01 8.191520e-01
    outer loop
      vertex   3.875000e+01 4.357212e+00 -9.266045e+00
      vertex   4.250000e+01 4.357212e+00 -9.266045e+00
      vertex   3.875000e+01 4.500000e+00 -9.366026e+00
    endloop
  endfacet
  facet normal 1.057712e-09 5.735764e-01 8.191520e-01
    outer loop
      vertex   3.875000e+01 4.500000e+00 -9.366026e+00
      vertex   4.250000e+01 4.357212e+00 -9.266045e+00
      vertex   4.250000e+01 4.500000e+00 -9.366026e+00
    endloop
  endfacet
  facet normal 1.380838e-09 4.226183e-01 9.063078e-01
    outer loop
      vertex   3.875000e+01 4.500000e+00 -9.366026e+00
      vertex   4.250000e+01 4.500000e+00 -9.366026e+00
      vertex   3.875000e+01 4.657980e+00 -9.439693e+00
    endloop
  endfacet
  facet normal 1.380838e-09 4.226183e-01 9.063078e-01
    outer loop
      vertex   3.875000e+01 4.657980e+00 -9.439693e+00
      vertex   4.250000e+01 4.500000e+00 -9.366026e+00
      vertex   4.250000e+01 4.657980e+00 -9.439693e+00
    endloop
  endfacet
  facet normal 1.662008e-09 2.588190e-01 9.659258e-01
    outer loop
      vertex   3.875000e+01 4.657980e+00 -9.439693e+00
      vertex   4.250000e+01 4.657980e+00 -9.439693e+00
      vertex   3.875000e+01 4.826352e+00 -9.484808e+00
    endloop
  endfacet
  facet normal 1.662009e-09 2.588190e-01 9.659258e-01
    outer loop
      vertex   3.875000e+01 4.826352e+00 -9.484808e+00
      vertex   4.250000e+01 4.657980e+00 -9.439693e+00
      vertex   4.250000e+01 4.826352e+00 -9.484808e+00
    endloop
  endfacet
  facet normal 1.892680e-09 8.715574e-02 9.961947e-01
    outer loop
      vertex   3.875000e+01 4.826352e+00 -9.484808e+00
      vertex   4.250000e+01 4.826352e+00 -9.484808e+00
      vertex   5.000000e+01 5.000000e+00 -9.500000e+00
    endloop
  endfacet
  facet normal 7.024471e-10 7.071068e-01 7.071068e-01
    outer loop
      vertex   2.000000e+01 4.233956e+00 -9.142788e+00
      vertex   2.375000e+01 4.233956e+00 -9.142788e+00
      vertex   2.000000e+01 4.357212e+00 -9.266045e+00
    endloop
  endfacet
  facet normal 7.024475e-10 7.071068e-01 7.071068e-01
    outer loop
      vertex   2.000000e+01 4.357212e+00 -9.266045e+00
      vertex   2.375000e+01 4.233956e+00 -9.142788e+00
      vertex   2.375000e+01 4.357212e+00 -9.266045e+00
    endloop
  endfacet
  facet normal 1.057712e-09 5.735764e-01 8.191520e-01
    outer loop
      vertex   2.000000e+01 4.357212e+00 -9.266045e+00
      vertex   2.375000e+01 4.357212e+00 -9.266045e+00
      vertex   2.000000e+01 4.500000e+00 -9.366025e+00
    endloop
  endfacet
  facet normal 1.057712e-09 5.735764e-01 8.191520e-01
    outer loop
      vertex   2.000000e+01 4.500000e+00 -9.366025e+00
      vertex   2.375000e+01 4.357212e+00 -9.266045e+00
      vertex   2.375000e+01 4.500000e+00 -9.366025e+00
    endloop
  endfacet
  facet normal 1.380838e-09 4.226183e-01 9.063078e-01
    outer loop
      vertex   2.000000e+01 4.500000e+00 -9.366025e+00
      vertex   2.375000e+01 4.500000e+00 -9.366025e+00
      vertex   2.000000e+01 4.657980e+00 -9.439693e+00
    endloop
  endfacet
  facet normal 7.024475e-10 7.071068e-01 7.071068e-01
    outer loop
      vertex   -6.250000e+00 4.233956e+00 -9.142788e+00
      vertex   -1.000000e+01 4.357212e+00 -9.266044e+00
      vertex   -1.000000e+01 4.233956e+00 -9.142788e+00
    endloop
  endfacet
  facet normal 7.024475e-10 7.071068e-01 7.071068e-01
    outer loop
      vertex   -1.000000e+01 4.233956e+00 -9.142788e+00
      vertex   -1.000000e+01 4.357212e+00 -9.266044e+00
      vertex   -1.375000e+01 4.357212e+00 -9.266044e+00
    endloop
  endfacet
  facet normal 7.024478e-10 7.071068e-01 7.071068e-01
    outer loop
      vertex   -1.000000e+01 4.233956e+00 -9.142788e+00
      vertex   -1.375000e+01 4.357212e+00 -9.266044e+00
      vertex   -1.375000e+01 4.233956e+00 -9.142788e+00
    endloop
  endfacet
  facet normal 7.024475e-10 7.071068e-01 7.071068e-01
    outer loop
      vertex   -1.375000e+01 4.233956e+00 -9.142788e+00
      vertex   -1.375000e+01 4.357212e+00 -9.266044e+00
      vertex   -1.750000e+01 4.357212e+00 -9.266044e+00
    endloop
  endfacet
  facet normal 7.024473e-10 7.071068e-01 7.071068e-01
    outer loop
      vertex   -2.125000e+01 4.357212e+00 -9.266044e+00
      vertex   -2.125000e+01 4.233956e+00 -9.142788e+00
      vertex   -1.750000e+01 4.233956e+00 -9.142788e+00
    endloop
  endfacet
  facet normal 7.024473e-10 7.071068e-01 7.071068e-01
    outer loop
      vertex   3.875000e+01 4.233956e+00 -9.142788e+00
      vertex   3.875000e+01 4.357212e+00 -9.266045e+00
      vertex   3.500000e+01 4.357212e+00 -9.266045e+00
    endloop
  endfacet
  facet normal 1.057712e-09 5.735764e-01 8.191520e-01
    outer loop
      vertex   3.500000e+01 4.357212e+00 -9.266045e+00
      vertex   3.875000e+01 4.357212e+00 -9.266045e+00
      vertex   3.500000e+01 4.500000e+00 -9.366026e+00
    endloop
  endfacet
  facet normal 1.057712e-09 5.735764e-01 8.191520e-01
    outer loop
      vertex   3.500000e+01 4.357212e+00 -9.266045e+00
      vertex   3.500000e+01 4.500000e+00 -9.366026e+00
      vertex   3.125000e+01 4.500000e+00 -9.366026e+00
    endloop
  endfacet
  facet normal 1.380838e-09 4.226183e-01 9.063078e-01
    outer loop
      vertex   3.125000e+01 4.500000e+00 -9.366026e+00
      vertex   3.500000e+01 4.500000e+00 -9.366026e+00
      vertex   3.125000e+01 4.657980e+00 -9.439693e+00
    endloop
  endfacet
  facet normal 1.380838e-09 4.226183e-01 9.063078e-01
    outer loop
      vertex   3.125000e+01 4.500000e+00 -9.366026e+00
      vertex   3.125000e+01 4.657980e+00 -9.439693e+00
      vertex   2.750000e+01 4.657980e+00 -9.439693e+00
    endloop
  endfacet
  facet normal 1.662009e-09 2.588190e-01 9.659258e-01
    outer loop
      vertex   2.750000e+01 4.657980e+00 -9.439693e+00
      vertex   3.125000e+01 4.657980e+00 -9.439693e+00
      vertex   2.750000e+01 4.826352e+00 -9.484808e+00
    endloop
  endfacet
  facet normal 1.662009e-09 2.588190e-01 9.659258e-01
    outer loop
      vertex   2.750000e+01 4.657980e+00 -9.439693e+00
      vertex   2.750000e+01 4.826352e+00 -9.484808e+00
      vertex   2.375000e+01 4.826352e+00 -9.484808e+00
    endloop
  endfacet
  facet normal 1.892680e-09 8.715574e-02 9.961947e-01
    outer loop
      vertex   2.375000e+01 4.826352e+00 -9.484808e+00
      vertex   2.750000e+01 4.826352e+00 -9.484808e+00
      vertex   5.000000e+01 5.000000e+00 -9.500000e+00
    endloop
  endfacet
  facet normal 1.057712e-09 5.735764e-01 8.191520e-01
    outer loop
      vertex   3.500000e+01 4.500000e+00 -9.366026e+00
      vertex   3.875000e+01 4.357212e+00 -9.266045e+00
      vertex   3.875000e+01 4.500000e+00 -9.366026e+00
    endloop
  endfacet
  facet normal 7.024473e-10 7.071068e-01 7.071068e-01
    outer loop
      vertex   2.000000e+01 4.233956e+00 -9.142788e+00
      vertex   2.000000e+01 4.357212e+00 -9.266045e+00
      vertex   1.625000e+01 4.357212e+00 -9.266045e+00
    endloop
  endfacet
  facet normal 1.057712e-09 5.735764e-01 8.191520e-01
    outer loop
      vertex   1.625000e+01 4.357212e+00 -9.266045e+00
      vertex   2.000000e+01 4.357212e+00 -9.266045e+00
      vertex   1.625000e+01 4.500000e+00 -9.366025e+00
    endloop
  endfacet
  facet normal 1.057712e-09 5.735764e-01 8.191520e-01
    outer loop
      vertex   1.625000e+01 4.357212e+00 -9.266045e+00
      vertex   1.625000e+01 4.500000e+00 -9.366025e+00
      vertex   1.250000e+01 4.500000e+00 -9.366025e+00
    endloop
  endfacet
  facet normal 1.380838e-09 4.226183e-01 9.063078e-01
    outer loop
      vertex   1.250000e+01 4.500000e+00 -9.366025e+00
      vertex   1.625000e+01 4.500000e+00 -9.366025e+00
      vertex   1.250000e+01 4.657980e+00 -9.439693e+00
    endloop
  endfacet
  facet normal 1.380838e-09 4.226183e-01 9.063078e-01
    outer loop
      vertex   1.250000e+01 4.500000e+00 -9.366025e+00
      vertex   1.250000e+01 4.657980e+00 -9.439693e+00
      vertex   8.750000e+00 4.657980e+00 -9.439693e+00
    endloop
  endfacet
  facet normal 1.662009e-09 2.588190e-01 9.659258e-01
    outer loop
      vertex   8.750000e+00 4.657980e+00 -9.439693e+00
      vertex   1.250000e+01 4.657980e+00 -9.439693e+00
      vertex   8.750000e+00 4.826352e+00 -9.484808e+00
    endloop
  endfacet
  facet normal 1.662009e-09 2.588190e-01 9.659258e-01
    outer loop
      vertex   8.750000e+00 4.657980e+00 -9.439693e+00
      vertex   8.750000e+00 4.826352e+00 -9.484808e+00
      vertex   5.000000e+00 4.826352e+00 -9.484808e+00
    endloop
  endfacet
  facet normal 1.892680e-09 8.715574e-02 9.961947e-01
    outer loop
      vertex   5.000000e+00 4.826352e+00 -9.484808e+00
      vertex   8.750000e+00 4.826352e+00 -9.484808e+00
      vertex   -2.500000e+01 5.000000e+00 -9.500000e+00
    endloop
  endfacet
  facet normal 1.057712e-09 5.735764e-01 8.191520e-01
    outer loop
      vertex   1.625000e+01 4.500000e+00 -9.366025e+00
      vertex   2.000000e+01 4.357212e+00 -9.266045e+00
      vertex   2.000000e+01 4.500000e+00 -9.366025e+00
    endloop
  endfacet
  facet normal 1.057712e-09 5.735764e-01 8.191520e-01
    outer loop
      vertex   -1.000000e+01 4.357212e+00 -9.266044e+00
      vertex   -1.375000e+01 4.500000e+00 -9.366025e+00
      vertex   -1.375000e+01 4.357212e+00 -9.266044e+00
    endloop
  endfacet
  facet normal 1.057712e-09 5.735764e-01 8.191520e-01
    outer loop
      vertex   -1.375000e+01 4.357212e+00 -9.266044e+00
      vertex   -1.375000e+01 4.500000e+00 -9.366025e+00
      vertex   -1.750000e+01 4.500000e+00 -9.366025e+00
    endloop
  endfacet
  facet normal 1.057712e-09 5.735764e-01 8.191520e-01
    outer loop
      vertex   -1.375000e+01 4.357212e+00 -9.266044e+00
      vertex   -1.750000e+01 4.500000e+00 -9.366025e+00
      vertex   -1.750000e+01 4.357212e+00 -9.266044e+00
    endloop
  endfacet
  facet normal 1.057712e-09 5.735764e-01 8.191520e-01
    outer loop
      vertex   -1.750000e+01 4.357212e+00 -9.266044e+00
      vertex   -1.750000e+01 4.500000e+00 -9.366025e+00
      vertex   -2.125000e+01 4.500000e+00 -9.366025e+00
    endloop
  endfacet
  facet normal 1.380839e-09 4.226183e-01 9.063078e-01
    outer loop
      vertex   3.500000e+01 4.500000e+00 -9.366026e+00
      vertex   3.875000e+01 4.500000e+00 -9.366026e+00
      vertex   3.500000e+01 4.657980e+00 -9.439693e+00
    endloop
  endfacet
  facet normal 1.380839e-09 4.226183e-01 9.063078e-01
    outer loop
      vertex   3.500000e+01 4.657980e+00 -9.439693e+00
      vertex   3.875000e+01 4.500000e+00 -9.366026e+00
      vertex   3.875000e+01 4.657980e+00 -9.439693e+00
    endloop
  endfacet
  facet normal 1.662009e-09 2.588190e-01 9.659258e-01
    outer loop
      vertex   3.500000e+01 4.657980e+00 -9.439693e+00
      vertex   3.875000e+01 4.657980e+00 -9.439693e+00
      vertex   3.500000e+01 4.826352e+00 -9.484808e+00
    endloop
  endfacet
  facet normal 1.662009e-09 2.588190e-01 9.659258e-01
    outer loop
      vertex   3.500000e+01 4.826352e+00 -9.484808e+00
      vertex   3.875000e+01 4.657980e+00 -9.439693e+00
      vertex   3.875000e+01 4.826352e+00 -9.484808e+00
    endloop
  endfacet
  facet normal 1.892680e-09 8.715574e-02 9.961947e-01
    outer loop
      vertex   3.500000e+01 4.826352e+00 -9.484808e+00
      vertex   3.875000e+01 4.826352e+00 -9.484808e+00
      vertex   5.000000e+01 5.000000e+00 -9.500000e+00
    endloop
  endfacet
  facet normal 1.380839e-09 4.226183e-01 9.063078e-01
    outer loop
      vertex   1.625000e+01 4.500000e+00 -9.366025e+00
      vertex   2.000000e+01 4.500000e+00 -9.366025e+00
      vertex   1.625000e+01 4.657980e+00 -9.439693e+00
    endloop
  endfacet
  facet normal 1.380839e-09 4.226183e-01 9.063078e-01
    outer loop
      vertex   1.625000e+01 4.657980e+00 -9.439693e+00
      vertex   2.000000e+01 4.500000e+00 -9.366025e+00
      vertex   2.000000e+01 4.657980e+00 -9.439693e+00
    endloop
  endfacet
  facet normal 1.662009e-09 2.588190e-01 9.659258e-01
    outer loop
      vertex   1.625000e+01 4.657980e+00 -9.439693e+00
      vertex   2.000000e+01 4.657980e+00 -9.439693e+00
      vertex   1.625000e+01 4.826352e+00 -9.484808e+00
    endloop
  endfacet
  facet normal 1.380838e-09 4.226183e-01 9.063078e-01
    outer loop
      vertex   -2.125000e+01 4.657980e+00 -9.439693e+00
      vertex   -2.125000e+01 4.500000e+00 -9.366025e+00
      vertex   -1.750000e+01 4.500000e+00 -9.366025e+00
    endloop
  endfacet
  facet normal 1.380839e-09 4.226183e-01 9.063078e-01
    outer loop
      vertex   -2.125000e+01 4.657980e+00 -9.439693e+00
      vertex   -1.750000e+01 4.500000e+00 -9.366025e+00
      vertex   -1.750000e+01 4.657980e+00 -9.439693e+00
    endloop
  endfacet
  facet normal 1.380838e-09 4.226183e-01 9.063078e-01
    outer loop
      vertex   -1.750000e+01 4.657980e+00 -9.439693e+00
      vertex   -1.750000e+01 4.500000e+00 -9.366025e+00
      vertex   -1.375000e+01 4.500000e+00 -9.366025e+00
    endloop
  endfacet
  facet normal 1.380838e-09 4.226183e-01 9.063078e-01
    outer loop
      vertex   3.500000e+01 4.500000e+00 -9.366026e+00
      vertex   3.500000e+01 4.657980e+00 -9.439693e+00
      vertex   3.125000e+01 4.657980e+00 -9.439693e+00
    endloop
  endfacet
  facet normal 1.662008e-09 2.588190e-01 9.659258e-01
    outer loop
      vertex   3.125000e+01 4.657980e+00 -9.439693e+00
      vertex   3.500000e+01 4.657980e+00 -9.439693e+00
      vertex   3.125000e+01 4.826352e+00 -9.484808e+00
    endloop
  endfacet
  facet normal 1.662009e-09 2.588190e-01 9.659258e-01
    outer loop
      vertex   3.125000e+01 4.657980e+00 -9.439693e+00
      vertex   3.125000e+01 4.826352e+00 -9.484808e+00
      vertex   2.750000e+01 4.826352e+00 -9.484808e+00
    endloop
  endfacet
  facet normal 1.892680e-09 8.715574e-02 9.961947e-01
    outer loop
      vertex   2.750000e+01 4.826352e+00 -9.484808e+00
      vertex   3.125000e+01 4.826352e+00 -9.484808e+00
      vertex   5.000000e+01 5.000000e+00 -9.500000e+00
    endloop
  endfacet
  facet normal 1.662008e-09 2.588190e-01 9.659258e-01
    outer loop
      vertex   3.125000e+01 4.826352e+00 -9.484808e+00
      vertex   3.500000e+01 4.657980e+00 -9.439693e+00
      vertex   3.500000e+01 4.826352e+00 -9.484808e+00
    endloop
  endfacet
  facet normal 1.380838e-09 4.226183e-01 9.063078e-01
    outer loop
      vertex   1.625000e+01 4.500000e+00 -9.366025e+00
      vertex   1.625000e+01 4.657980e+00 -9.439693e+00
      vertex   1.250000e+01 4.657980e+00 -9.439693e+00
    endloop
  endfacet
  facet normal 1.662008e-09 2.588190e-01 9.659258e-01
    outer loop
      vertex   1.250000e+01 4.657980e+00 -9.439693e+00
      vertex   1.625000e+01 4.657980e+00 -9.439693e+00
      vertex   1.250000e+01 4.826352e+00 -9.484808e+00
    endloop
  endfacet
  facet normal 1.662009e-09 2.588190e-01 9.659258e-01
    outer loop
      vertex   1.250000e+01 4.657980e+00 -9.439693e+00
      vertex   1.250000e+01 4.826352e+00 -9.484808e+00
      vertex   8.750000e+00 4.826352e+00 -9.484808e+00
    endloop
  endfacet
  facet normal 1.892680e-09 8.715574e-02 9.961947e-01
    outer loop
      vertex   8.750000e+00 4.826352e+00 -9.484808e+00
      vertex   1.250000e+01 4.826352e+00 -9.484808e+00
      vertex   -2.500000e+01 5.000000e+00 -9.500000e+00
    endloop
  endfacet
  facet normal 1.662008e-09 2.588190e-01 9.659258e-01
    outer loop
      vertex   1.250000e+01 4.826352e+00 -9.484808e+00
      vertex   1.625000e+01 4.657980e+00 -9.439693e+00
      vertex   1.625000e+01 4.826352e+00 -9.484808e+00
    endloop
  endfacet
  facet normal 1.662009e-09 2.588190e-01 9.659258e-01
    outer loop
      vertex   -2.125000e+01 4.826352e+00 -9.484808e+00
      vertex   -2.125000e+01 4.657980e+00 -9.439693e+00
      vertex   -1.750000e+01 4.657980e+00 -9.439693e+00
    endloop
  endfacet
  facet normal 1.892679e-09 8.715574e-02 9.961947e-01
    outer loop
      vertex   5.000000e+01 5.000000e+00 -9.500000e+00
      vertex   3.125000e+01 4.826352e+00 -9.484808e+00
      vertex   3.500000e+01 4.826352e+00 -9.484808e+00
    endloop
  endfacet
  facet normal -9.934107e-10 1.000000e+00 3.393843e-08
    outer loop
      vertex   -2.500000e+01 5.000000e+00 -7.500000e+00
      vertex   3.372487e+01 5.000000e+00 -5.781066e+00
      vertex   5.000000e+01 5.000000e+00 -7.500000e+00
    endloop
  endfacet
  facet normal 1.247549e-08 1.000000e+00 1.614641e-07
    outer loop
      vertex   5.000000e+01 5.000000e+00 -7.500000e+00
      vertex   3.372487e+01 5.000000e+00 -5.781066e+00
      vertex   3.696078e+01 5.000000e+00 -6.031088e+00
    endloop
  endfacet
  facet normal 1.033124e-08 1.000000e+00 1.424299e-07
    outer loop
      vertex   5.000000e+01 5.000000e+00 -7.500000e+00
      vertex   3.696078e+01 5.000000e+00 -6.031088e+00
      vertex   4.021245e+01 5.000000e+00 -6.266949e+00
    endloop
  endfacet
  facet normal 5.348646e-16 1.000000e+00 0.000000e+00
    outer loop
      vertex   -2.500000e+01 5.000000e+00 2.000000e+01
      vertex   -1.835773e+01 5.000000e+00 1.394571e+01
      vertex   -2.500000e+01 5.000000e+00 -7.500000e+00
    endloop
  endfacet
  facet normal 1.519540e-16 1.000000e+00 1.185969e-16
    outer loop
      vertex   -2.500000e+01 5.000000e+00 -7.500000e+00
      vertex   -1.835773e+01 5.000000e+00 1.394571e+01
      vertex   -1.764080e+01 5.000000e+00 1.302713e+01
    endloop
  endfacet
  facet normal 9.922287e-16 1.000000e+00 -1.826509e-16
    outer loop
      vertex   -2.500000e+01 5.000000e+00 -7.500000e+00
      vertex   -1.764080e+01 5.000000e+00 1.302713e+01
      vertex   -1.691000e+01 5.000000e+00 1.213440e+01
    endloop
  endfacet
  facet normal 0.000000e+00 1.000000e+00 -8.272596e-16
    outer loop
      vertex   -2.237735e+01 5.000000e+00 2.000000e+01
      vertex   -2.174016e+01 5.000000e+00 1.892636e+01
      vertex   -2.500000e+01 5.000000e+00 2.000000e+01
    endloop
  endfacet
  facet normal 3.424308e-16 1.000000e+00 2.124455e-16
    outer loop
      vertex   -2.500000e+01 5.000000e+00 2.000000e+01
      vertex   -2.174016e+01 5.000000e+00 1.892636e+01
      vertex   -2.109010e+01 5.000000e+00 1.787855e+01
    endloop
  endfacet
  facet normal 3.505888e-16 1.000000e+00 2.274809e-16
    outer loop
      vertex   -2.500000e+01 5.000000e+00 2.000000e+01
      vertex   -2.109010e+01 5.000000e+00 1.787855e+01
      vertex   -2.042699e+01 5.000000e+00 1.685658e+01
    endloop
  endfacet
  facet normal -7.850499e-16 1.000000e+00 -1.424632e-15
    outer loop
      vertex   -2.042699e+01 5.000000e+00 1.685658e+01
      vertex   -1.975066e+01 5.000000e+00 1.586044e+01
      vertex   -2.500000e+01 5.000000e+00 2.000000e+01
    endloop
  endfacet
  facet normal 7.700273e-16 1.000000e+00 5.473471e-16
    outer loop
      vertex   -2.500000e+01 5.000000e+00 2.000000e+01
      vertex   -1.975066e+01 5.000000e+00 1.586044e+01
      vertex   -1.906097e+01 5.000000e+00 1.489015e+01
    endloop
  endfacet
  facet normal -3.670922e-15 1.000000e+00 -4.614244e-15
    outer loop
      vertex   -2.500000e+01 5.000000e+00 2.000000e+01
      vertex   -1.906097e+01 5.000000e+00 1.489015e+01
      vertex   -1.835773e+01 5.000000e+00 1.394571e+01
    endloop
  endfacet
  facet normal 9.838844e-16 1.000000e+00 -1.792128e-16
    outer loop
      vertex   -1.691000e+01 5.000000e+00 1.213440e+01
      vertex   -1.616517e+01 5.000000e+00 1.126754e+01
      vertex   -2.500000e+01 5.000000e+00 -7.500000e+00
    endloop
  endfacet
  facet normal 1.744848e-15 1.000000e+00 -5.374370e-16
    outer loop
      vertex   -2.500000e+01 5.000000e+00 -7.500000e+00
      vertex   -1.616517e+01 5.000000e+00 1.126754e+01
      vertex   -1.540615e+01 5.000000e+00 1.042655e+01
    endloop
  endfacet
  facet normal 2.670965e-16 1.000000e+00 2.534198e-16
    outer loop
      vertex   -2.500000e+01 5.000000e+00 -7.500000e+00
      vertex   -1.540615e+01 5.000000e+00 1.042655e+01
      vertex   -1.463277e+01 5.000000e+00 9.611437e+00
    endloop
  endfacet
  facet normal 9.603783e-16 1.000000e+00 -1.666159e-16
    outer loop
      vertex   -1.463277e+01 5.000000e+00 9.611437e+00
      vertex   -1.384487e+01 5.000000e+00 8.822201e+00
      vertex   -2.500000e+01 5.000000e+00 -7.500000e+00
    endloop
  endfacet
  facet normal 2.822986e-16 1.000000e+00 2.968061e-16
    outer loop
      vertex   -2.500000e+01 5.000000e+00 -7.500000e+00
      vertex   -1.384487e+01 5.000000e+00 8.822201e+00
      vertex   -1.304229e+01 5.000000e+00 8.058850e+00
    endloop
  endfacet
  facet normal 9.153737e-16 1.000000e+00 -1.897419e-16
    outer loop
      vertex   -2.500000e+01 5.000000e+00 -7.500000e+00
      vertex   -1.304229e+01 5.000000e+00 8.058850e+00
      vertex   -1.222486e+01 5.000000e+00 7.321388e+00
    endloop
  endfacet
  facet normal -3.193942e-16 1.000000e+00 8.745529e-16
    outer loop
      vertex   -1.222486e+01 5.000000e+00 7.321388e+00
      vertex   -1.139243e+01 5.000000e+00 6.609822e+00
      vertex   -2.500000e+01 5.000000e+00 -7.500000e+00
    endloop
  endfacet
  facet normal 8.463642e-16 1.000000e+00 -2.497095e-16
    outer loop
      vertex   -2.500000e+01 5.000000e+00 -7.500000e+00
      vertex   -1.139243e+01 5.000000e+00 6.609822e+00
      vertex   -1.054521e+01 5.000000e+00 5.924528e+00
    endloop
  endfacet
  facet normal 2.773052e-16 1.000000e+00 3.630218e-16
    outer loop
      vertex   -2.500000e+01 5.000000e+00 -7.500000e+00
      vertex   -1.054521e+01 5.000000e+00 5.924528e+00
      vertex   -9.686806e+00 5.000000e+00 5.268810e+00
    endloop
  endfacet
  facet normal 2.688693e-16 1.000000e+00 3.731387e-16
    outer loop
      vertex   -9.686806e+00 5.000000e+00 5.268810e+00
      vertex   -8.817883e+00 5.000000e+00 4.642698e+00
      vertex   -2.500000e+01 5.000000e+00 -7.500000e+00
    endloop
  endfacet
  facet normal 2.607502e-16 1.000000e+00 3.839587e-16
    outer loop
      vertex   -2.500000e+01 5.000000e+00 -7.500000e+00
      vertex   -8.817883e+00 5.000000e+00 4.642698e+00
      vertex   -7.938149e+00 5.000000e+00 4.045262e+00
    endloop
  endfacet
  facet normal -2.596558e-16 1.000000e+00 1.153027e-15
    outer loop
      vertex   -2.500000e+01 5.000000e+00 -7.500000e+00
      vertex   -7.938149e+00 5.000000e+00 4.045262e+00
      vertex   -7.047312e+00 5.000000e+00 3.475572e+00
    endloop
  endfacet
  facet normal 2.208567e-16 1.000000e+00 3.670546e-16
    outer loop
      vertex   -7.047312e+00 5.000000e+00 3.475572e+00
      vertex   -6.145080e+00 5.000000e+00 2.932699e+00
      vertex   -2.500000e+01 5.000000e+00 -7.500000e+00
    endloop
  endfacet
  facet normal 6.948668e-16 1.000000e+00 -4.896195e-16
    outer loop
      vertex   -2.500000e+01 5.000000e+00 -7.500000e+00
      vertex   -6.145080e+00 5.000000e+00 2.932699e+00
      vertex   -5.231160e+00 5.000000e+00 2.415714e+00
    endloop
  endfacet
  facet normal -2.346568e-16 1.000000e+00 1.363561e-15
    outer loop
      vertex   -2.500000e+01 5.000000e+00 -7.500000e+00
      vertex   -5.231160e+00 5.000000e+00 2.415714e+00
      vertex   -4.305262e+00 5.000000e+00 1.923686e+00
    endloop
  endfacet
  facet normal 6.537203e-16 1.000000e+00 -5.873461e-16
    outer loop
      vertex   -4.305262e+00 5.000000e+00 1.923686e+00
      vertex   -3.367092e+00 5.000000e+00 1.455686e+00
      vertex   -2.500000e+01 5.000000e+00 -7.500000e+00
    endloop
  endfacet
  facet normal 2.178469e-16 1.000000e+00 4.655280e-16
    outer loop
      vertex   -2.500000e+01 5.000000e+00 -7.500000e+00
      vertex   -3.367092e+00 5.000000e+00 1.455686e+00
      vertex   -2.416360e+00 5.000000e+00 1.010784e+00
    endloop
  endfacet
  facet normal 2.115550e-16 1.000000e+00 4.822238e-16
    outer loop
      vertex   -2.500000e+01 5.000000e+00 -7.500000e+00
      vertex   -2.416360e+00 5.000000e+00 1.010784e+00
      vertex   -1.452772e+00 5.000000e+00 5.880514e-01
    endloop
  endfacet
  facet normal 2.054852e-16 1.000000e+00 4.998950e-16
    outer loop
      vertex   -1.452772e+00 5.000000e+00 5.880514e-01
      vertex   -4.760372e-01 5.000000e+00 1.865579e-01
      vertex   -2.500000e+01 5.000000e+00 -7.500000e+00
    endloop
  endfacet
  facet normal 1.996320e-16 1.000000e+00 5.185697e-16
    outer loop
      vertex   -2.500000e+01 5.000000e+00 -7.500000e+00
      vertex   -4.760372e-01 5.000000e+00 1.865579e-01
      vertex   5.141369e-01 5.000000e+00 -1.946261e-01
    endloop
  endfacet
  facet normal 1.939910e-16 1.000000e+00 5.382710e-16
    outer loop
      vertex   -2.500000e+01 5.000000e+00 -7.500000e+00
      vertex   5.141369e-01 5.000000e+00 -1.946261e-01
      vertex   1.518042e+00 5.000000e+00 -5.564301e-01
    endloop
  endfacet
  facet normal 1.885593e-16 1.000000e+00 5.590152e-16
    outer loop
      vertex   1.518042e+00 5.000000e+00 -5.564301e-01
      vertex   2.535971e+00 5.000000e+00 -8.997837e-01
      vertex   -2.500000e+01 5.000000e+00 -7.500000e+00
    endloop
  endfacet
  facet normal 1.833354e-16 1.000000e+00 5.808092e-16
    outer loop
      vertex   -2.500000e+01 5.000000e+00 -7.500000e+00
      vertex   2.535971e+00 5.000000e+00 -8.997837e-01
      vertex   3.568233e+00 5.000000e+00 -1.225622e+00
    endloop
  endfacet
  facet normal 1.783211e-16 1.000000e+00 6.036400e-16
    outer loop
      vertex   -2.500000e+01 5.000000e+00 -7.500000e+00
      vertex   3.568233e+00 5.000000e+00 -1.225622e+00
      vertex   4.617972e+00 5.000000e+00 -1.535726e+00
    endloop
  endfacet
  facet normal 1.734854e-16 1.000000e+00 6.276536e-16
    outer loop
      vertex   4.617972e+00 5.000000e+00 -1.535726e+00
      vertex   5.687703e+00 5.000000e+00 -1.831403e+00
      vertex   -2.500000e+01 5.000000e+00 -7.500000e+00
    endloop
  endfacet
  facet normal -1.706929e-16 1.000000e+00 2.490908e-15
    outer loop
      vertex   -2.500000e+01 5.000000e+00 -7.500000e+00
      vertex   5.687703e+00 5.000000e+00 -1.831403e+00
      vertex   6.777951e+00 5.000000e+00 -2.113260e+00
    endloop
  endfacet
  facet normal -1.815687e-16 1.000000e+00 2.555068e-15
    outer loop
      vertex   -2.500000e+01 5.000000e+00 -7.500000e+00
      vertex   6.777951e+00 5.000000e+00 -2.113260e+00
      vertex   7.889240e+00 5.000000e+00 -2.381904e+00
    endloop
  endfacet
  facet normal 1.279458e-16 1.000000e+00 5.661064e-16
    outer loop
      vertex   7.889240e+00 5.000000e+00 -2.381904e+00
      vertex   9.022093e+00 5.000000e+00 -2.637940e+00
      vertex   -2.500000e+01 5.000000e+00 -7.500000e+00
    endloop
  endfacet
  facet normal -4.959610e-16 1.000000e+00 4.931873e-15
    outer loop
      vertex   -2.500000e+01 5.000000e+00 -7.500000e+00
      vertex   9.022093e+00 5.000000e+00 -2.637940e+00
      vertex   1.017704e+01 5.000000e+00 -2.881975e+00
    endloop
  endfacet
  facet normal 9.101416e-17 1.000000e+00 4.606866e-16
    outer loop
      vertex   -2.500000e+01 5.000000e+00 -7.500000e+00
      vertex   1.017704e+01 5.000000e+00 -2.881975e+00
      vertex   1.135459e+01 5.000000e+00 -3.114616e+00
    endloop
  endfacet
  facet normal -2.034941e-16 1.000000e+00 2.902143e-15
    outer loop
      vertex   1.135459e+01 5.000000e+00 -3.114616e+00
      vertex   1.255528e+01 5.000000e+00 -3.336467e+00
      vertex   -2.500000e+01 5.000000e+00 -7.500000e+00
    endloop
  endfacet
  facet normal 7.204752e-17 1.000000e+00 4.167439e-16
    outer loop
      vertex   -2.500000e+01 5.000000e+00 -7.500000e+00
      vertex   1.255528e+01 5.000000e+00 -3.336467e+00
      vertex   1.377964e+01 5.000000e+00 -3.548136e+00
    endloop
  endfacet
  facet normal -4.793978e-16 1.000000e+00 5.828076e-15
    outer loop
      vertex   -2.500000e+01 5.000000e+00 -7.500000e+00
      vertex   1.377964e+01 5.000000e+00 -3.548136e+00
      vertex   1.502818e+01 5.000000e+00 -3.750228e+00
    endloop
  endfacet
  facet normal -2.251858e-16 1.000000e+00 3.114406e-15
    outer loop
      vertex   1.502818e+01 5.000000e+00 -3.750228e+00
      vertex   1.630143e+01 5.000000e+00 -3.943350e+00
      vertex   -2.500000e+01 5.000000e+00 -7.500000e+00
    endloop
  endfacet
  facet normal 2.679368e-17 1.000000e+00 1.883064e-16
    outer loop
      vertex   -2.500000e+01 5.000000e+00 -7.500000e+00
      vertex   1.630143e+01 5.000000e+00 -3.943350e+00
      vertex   1.759991e+01 5.000000e+00 -4.128109e+00
    endloop
  endfacet
  facet normal 2.618954e-17 1.000000e+00 1.959389e-16
    outer loop
      vertex   -2.500000e+01 5.000000e+00 -7.500000e+00
      vertex   1.759991e+01 5.000000e+00 -4.128109e+00
      vertex   1.892415e+01 5.000000e+00 -4.305109e+00
    endloop
  endfacet
  facet normal -2.153606e-16 1.000000e+00 3.516830e-15
    outer loop
      vertex   1.892415e+01 5.000000e+00 -4.305109e+00
      vertex   2.027467e+01 5.000000e+00 -4.474958e+00
      vertex   -2.500000e+01 5.000000e+00 -7.500000e+00
    endloop
  endfacet
  facet normal -2.198736e-16 1.000000e+00 3.584375e-15
    outer loop
      vertex   -2.500000e+01 5.000000e+00 -7.500000e+00
      vertex   2.027467e+01 5.000000e+00 -4.474958e+00
      vertex   2.165200e+01 5.000000e+00 -4.638261e+00
    endloop
  endfacet
  facet normal 0.000000e+00 1.000000e+00 0.000000e+00
    outer loop
      vertex   -2.500000e+01 5.000000e+00 -7.500000e+00
      vertex   2.165200e+01 5.000000e+00 -4.638261e+00
      vertex   2.305666e+01 5.000000e+00 -4.795625e+00
    endloop
  endfacet
  facet normal 0.000000e+00 1.000000e+00 0.000000e+00
    outer loop
      vertex   2.305666e+01 5.000000e+00 -4.795625e+00
      vertex   2.448918e+01 5.000000e+00 -4.947656e+00
      vertex   -2.500000e+01 5.000000e+00 -7.500000e+00
    endloop
  endfacet
  facet normal 0.000000e+00 1.000000e+00 0.000000e+00
    outer loop
      vertex   -2.500000e+01 5.000000e+00 -7.500000e+00
      vertex   2.448918e+01 5.000000e+00 -4.947656e+00
      vertex   2.595225e+01 5.000000e+00 -5.095170e+00
    endloop
  endfacet
  facet normal 0.000000e+00 1.000000e+00 0.000000e+00
    outer loop
      vertex   -2.500000e+01 5.000000e+00 -7.500000e+00
      vertex   2.595225e+01 5.000000e+00 -5.095170e+00
      vertex   2.745162e+01 5.000000e+00 -5.239218e+00
    endloop
  endfacet
  facet normal 0.000000e+00 1.000000e+00 0.000000e+00
    outer loop
      vertex   2.745162e+01 5.000000e+00 -5.239218e+00
      vertex   2.898329e+01 5.000000e+00 -5.379852e+00
      vertex   -2.500000e+01 5.000000e+00 -7.500000e+00
    endloop
  endfacet
  facet normal 0.000000e+00 1.000000e+00 0.000000e+00
    outer loop
      vertex   -2.500000e+01 5.000000e+00 -7.500000e+00
      vertex   2.898329e+01 5.000000e+00 -5.379852e+00
      vertex   3.054254e+01 5.000000e+00 -5.517053e+00
    endloop
  endfacet
  facet normal 0.000000e+00 1.000000e+00 0.000000e+00
    outer loop
      vertex   -2.500000e+01 5.000000e+00 -7.500000e+00
      vertex   3.054254e+01 5.000000e+00 -5.517053e+00
      vertex   3.212464e+01 5.000000e+00 -5.650798e+00
    endloop
  endfacet
  facet normal 0.000000e+00 1.000000e+00 0.000000e+00
    outer loop
      vertex   3.212464e+01 5.000000e+00 -5.650798e+00
      vertex   3.372487e+01 5.000000e+00 -5.781066e+00
      vertex   -2.500000e+01 5.000000e+00 -7.500000e+00
    endloop
  endfacet
  facet normal 9.363713e-09 1.000000e+00 1.347501e-07
    outer loop
      vertex   4.021245e+01 5.000000e+00 -6.266949e+00
      vertex   4.183236e+01 5.000000e+00 -6.379517e+00
      vertex   5.000000e+01 5.000000e+00 -7.500000e+00
    endloop
  endfacet
  facet normal 8.885825e-09 1.000000e+00 1.312666e-07
    outer loop
      vertex   5.000000e+01 5.000000e+00 -7.500000e+00
      vertex   4.183236e+01 5.000000e+00 -6.379517e+00
      vertex   4.344203e+01 5.000000e+00 -6.488480e+00
    endloop
  endfacet
  facet normal 8.509873e-09 1.000000e+00 1.288292e-07
    outer loop
      vertex   5.000000e+01 5.000000e+00 -7.500000e+00
      vertex   4.344203e+01 5.000000e+00 -6.488480e+00
      vertex   4.503673e+01 5.000000e+00 -6.593818e+00
    endloop
  endfacet
  facet normal 8.213152e-09 1.000000e+00 1.272040e-07
    outer loop
      vertex   4.503673e+01 5.000000e+00 -6.593818e+00
      vertex   4.661172e+01 5.000000e+00 -6.695510e+00
      vertex   5.000000e+01 5.000000e+00 -7.500000e+00
    endloop
  endfacet
  facet normal 7.979481e-09 1.000000e+00 1.262198e-07
    outer loop
      vertex   5.000000e+01 5.000000e+00 -7.500000e+00
      vertex   4.661172e+01 5.000000e+00 -6.695510e+00
      vertex   4.816227e+01 5.000000e+00 -6.793535e+00
    endloop
  endfacet
  facet normal 7.796962e-09 1.000000e+00 1.257450e-07
    outer loop
      vertex   5.000000e+01 5.000000e+00 -7.500000e+00
      vertex   4.816227e+01 5.000000e+00 -6.793535e+00
      vertex   4.968367e+01 5.000000e+00 -6.887871e+00
    endloop
  endfacet
  facet normal -2.355319e-07 1.000000e+00 0.000000e+00
    outer loop
      vertex   4.968367e+01 5.000000e+00 -6.887871e+00
      vertex   5.000000e+01 5.000000e+00 -6.907965e+00
      vertex   5.000000e+01 5.000000e+00 -7.500000e+00
    endloop
  endfacet
  facet normal -9.934107e-10 1.000000e+00 0.000000e+00
    outer loop
      vertex   -2.500000e+01 5.000000e+00 -9.500000e+00
      vertex   5.000000e+01 5.000000e+00 -9.500000e+00
      vertex   -2.500000e+01 5.000000e+00 -1.000000e+01
    endloop
  endfacet
  facet normal -9.934107e-10 1.000000e+00 0.000000e+00
    outer loop
      vertex   -2.500000e+01 5.000000e+00 -1.000000e+01
      vertex   5.000000e+01 5.000000e+00 -9.500000e+00
      vertex   5.000000e+01 5.000000e+00 -1.000000e+01
    endloop
  endfacet
  facet normal 1.986821e-09 0.000000e+00 1.000000e+00
    outer loop
      vertex   5.000000e+01 5.500000e+01 -1.000000e+01
      vertex   -2.500000e+01 5.500000e+01 -1.000000e+01
      vertex   5.000000e+01 5.000000e+00 -1.000000e+01
    endloop
  endfacet
  facet normal 1.986821e-09 0.000000e+00 1.000000e+00
    outer loop
      vertex   5.000000e+01 5.000000e+00 -1.000000e+01
      vertex   -2.500000e+01 5.500000e+01 -1.000000e+01
      vertex   -2.500000e+01 5.000000e+00 -1.000000e+01
    endloop
  endfacet
  facet normal 0.000000e+00 0.000000e+00 -1.000000e+00
    outer loop
      vertex   -2.237735e+01 5.000000e+00 2.000000e+01
      vertex   -2.500000e+01 5.000000e+00 2.000000e+01
      vertex   -2.237735e+01 5.500000e+01 2.000000e+01
    endloop
  endfacet
  facet normal -0.000000e+00 0.000000e+00 -1.000000e+00
    outer loop
      vertex   -2.237735e+01 5.500000e+01 2.000000e+01
      vertex   -2.500000e+01 5.000000e+00 2.000000e+01
      vertex   -2.500000e+01 5.500000e+01 2.000000e+01
    endloop
  endfacet
  facet normal 0.000000e+00 1.000000e+00 0.000000e+00
    outer loop
      vertex   -2.500000e+01 6.000000e+01 2.500000e+01
      vertex   -2.486771e+01 6.000000e+01 2.472155e+01
      vertex   -3.000000e+01 6.000000e+01 2.500000e+01
    endloop
  endfacet
  facet normal 0.000000e+00 1.000000e+00 0.000000e+00
    outer loop
      vertex   -3.000000e+01 6.000000e+01 2.500000e+01
      vertex   -2.486771e+01 6.000000e+01 2.472155e+01
      vertex   -2.472409e+01 6.000000e+01 2.442233e+01
    endloop
  endfacet
  facet normal 0.000000e+00 1.000000e+00 0.000000e+00
    outer loop
      vertex   -3.000000e+01 6.000000e+01 2.500000e+01
      vertex   -2.472409e+01 6.000000e+01 2.442233e+01
      vertex   -2.456907e+01 6.000000e+01 2.410316e+01
    endloop
  endfacet
  facet normal 3.775022e-15 1.000000e+00 2.286021e-14
    outer loop
      vertex   -2.456907e+01 6.000000e+01 2.410316e+01
      vertex   -2.440258e+01 6.000000e+01 2.376485e+01
      vertex   -3.000000e+01 6.000000e+01 2.500000e+01
    endloop
  endfacet
  facet normal -6.366943e-15 1.000000e+00 -2.310083e-14
    outer loop
      vertex   -3.000000e+01 6.000000e+01 2.500000e+01
      vertex   -2.440258e+01 6.000000e+01 2.376485e+01
      vertex   -2.422457e+01 6.000000e+01 2.340820e+01
    endloop
  endfacet
  facet normal -6.083577e-15 1.000000e+00 -2.207271e-14
    outer loop
      vertex   -3.000000e+01 6.000000e+01 2.500000e+01
      vertex   -2.422457e+01 6.000000e+01 2.340820e+01
      vertex   -2.403497e+01 6.000000e+01 2.303404e+01
    endloop
  endfacet
  facet normal 8.650298e-15 1.000000e+00 2.263208e-14
    outer loop
      vertex   -2.403497e+01 6.000000e+01 2.303404e+01
      vertex   -2.383370e+01 6.000000e+01 2.264316e+01
      vertex   -3.000000e+01 6.000000e+01 2.500000e+01
    endloop
  endfacet
  facet normal 0.000000e+00 1.000000e+00 0.000000e+00
    outer loop
      vertex   -3.000000e+01 6.000000e+01 2.500000e+01
      vertex   -2.383370e+01 6.000000e+01 2.264316e+01
      vertex   -2.362071e+01 6.000000e+01 2.223637e+01
    endloop
  endfacet
  facet normal 9.486211e-15 1.000000e+00 2.189706e-14
    outer loop
      vertex   -3.000000e+01 6.000000e+01 2.500000e+01
      vertex   -2.362071e+01 6.000000e+01 2.223637e+01
      vertex   -2.339592e+01 6.000000e+01 2.181450e+01
    endloop
  endfacet
  facet normal -1.210091e-14 1.000000e+00 -2.285667e-14
    outer loop
      vertex   -2.339592e+01 6.000000e+01 2.181450e+01
      vertex   -2.315928e+01 6.000000e+01 2.137834e+01
      vertex   -3.000000e+01 6.000000e+01 2.500000e+01
    endloop
  endfacet
  facet normal 0.000000e+00 1.000000e+00 0.000000e+00
    outer loop
      vertex   -3.000000e+01 6.000000e+01 2.500000e+01
      vertex   -2.315928e+01 6.000000e+01 2.137834e+01
      vertex   -2.291071e+01 6.000000e+01 2.092872e+01
    endloop
  endfacet
  facet normal 0.000000e+00 1.000000e+00 0.000000e+00
    outer loop
      vertex   -3.000000e+01 6.000000e+01 2.500000e+01
      vertex   -2.291071e+01 6.000000e+01 2.092872e+01
      vertex   -2.265014e+01 6.000000e+01 2.046643e+01
    endloop
  endfacet
  facet normal 2.864777e-14 1.000000e+00 4.644398e-14
    outer loop
      vertex   -2.265014e+01 6.000000e+01 2.046643e+01
      vertex   -2.237752e+01 6.000000e+01 1.999229e+01
      vertex   -3.000000e+01 6.000000e+01 2.500000e+01
    endloop
  endfacet
  facet normal -3.034228e-15 1.000000e+00 -1.780751e-15
    outer loop
      vertex   -3.000000e+01 6.000000e+01 2.500000e+01
      vertex   -2.237752e+01 6.000000e+01 1.999229e+01
      vertex   -2.209278e+01 6.000000e+01 1.950711e+01
    endloop
  endfacet
  facet normal -3.079325e-15 1.000000e+00 -1.845671e-15
    outer loop
      vertex   -3.000000e+01 6.000000e+01 2.500000e+01
      vertex   -2.209278e+01 6.000000e+01 1.950711e+01
      vertex   -2.179584e+01 6.000000e+01 1.901171e+01
    endloop
  endfacet
  facet normal -3.132551e-15 1.000000e+00 -1.918592e-15
    outer loop
      vertex   -2.179584e+01 6.000000e+01 1.901171e+01
      vertex   -2.148665e+01 6.000000e+01 1.850688e+01
      vertex   -3.000000e+01 6.000000e+01 2.500000e+01
    endloop
  endfacet
  facet normal -4.360496e-14 1.000000e+00 -5.498334e-14
    outer loop
      vertex   -3.000000e+01 6.000000e+01 2.500000e+01
      vertex   -2.148665e+01 6.000000e+01 1.850688e+01
      vertex   -2.116514e+01 6.000000e+01 1.799344e+01
    endloop
  endfacet
  facet normal 0.000000e+00 1.000000e+00 0.000000e+00
    outer loop
      vertex   -3.000000e+01 6.000000e+01 2.500000e+01
      vertex   -2.116514e+01 6.000000e+01 1.799344e+01
      vertex   -2.083124e+01 6.000000e+01 1.747221e+01
    endloop
  endfacet
  facet normal 0.000000e+00 1.000000e+00 0.000000e+00
    outer loop
      vertex   -2.083124e+01 6.000000e+01 1.747221e+01
      vertex   -2.048488e+01 6.000000e+01 1.694398e+01
      vertex   -3.000000e+01 6.000000e+01 2.500000e+01
    endloop
  endfacet
  facet normal 2.609262e-14 1.000000e+00 3.081852e-14
    outer loop
      vertex   -3.000000e+01 6.000000e+01 2.500000e+01
      vertex   -2.048488e+01 6.000000e+01 1.694398e+01
      vertex   -2.012600e+01 6.000000e+01 1.640958e+01
    endloop
  endfacet
  facet normal -1.793321e-15 1.000000e+00 -1.234145e-15
    outer loop
      vertex   -3.000000e+01 6.000000e+01 2.500000e+01
      vertex   -2.012600e+01 6.000000e+01 1.640958e+01
      vertex   -1.975454e+01 6.000000e+01 1.586981e+01
    endloop
  endfacet
  facet normal -6.935194e-16 1.000000e+00 0.000000e+00
    outer loop
      vertex   -3.000000e+01 6.000000e+01 2.500000e+01
      vertex   -1.975454e+01 6.000000e+01 1.586981e+01
      vertex   -3.000000e+01 6.000000e+01 -1.500000e+01
    endloop
  endfacet
  facet normal -1.280282e-14 1.000000e+00 4.018988e-15
    outer loop
      vertex   -3.000000e+01 6.000000e+01 -1.500000e+01
      vertex   -1.975454e+01 6.000000e+01 1.586981e+01
      vertex   -1.937042e+01 6.000000e+01 1.532549e+01
    endloop
  endfacet
  facet normal 2.369324e-14 1.000000e+00 -8.773479e-15
    outer loop
      vertex   -3.000000e+01 6.000000e+01 -1.500000e+01
      vertex   -1.937042e+01 6.000000e+01 1.532549e+01
      vertex   -1.897358e+01 6.000000e+01 1.477741e+01
    endloop
  endfacet
  facet normal 0.000000e+00 1.000000e+00 0.000000e+00
    outer loop
      vertex   -1.897358e+01 6.000000e+01 1.477741e+01
      vertex   -1.856396e+01 6.000000e+01 1.422640e+01
      vertex   -3.000000e+01 6.000000e+01 -1.500000e+01
    endloop
  endfacet
  facet normal -1.112115e-14 1.000000e+00 4.351611e-15
    outer loop
      vertex   -3.000000e+01 6.000000e+01 -1.500000e+01
      vertex   -1.856396e+01 6.000000e+01 1.422640e+01
      vertex   -1.814149e+01 6.000000e+01 1.367326e+01
    endloop
  endfacet
  facet normal -2.067068e-16 1.000000e+00 -1.623182e-16
    outer loop
      vertex   -3.000000e+01 6.000000e+01 -1.500000e+01
      vertex   -1.814149e+01 6.000000e+01 1.367326e+01
      vertex   -1.770610e+01 6.000000e+01 1.311881e+01
    endloop
  endfacet
  facet normal -2.029418e-16 1.000000e+00 -1.639643e-16
    outer loop
      vertex   -1.770610e+01 6.000000e+01 1.311881e+01
      vertex   -1.725773e+01 6.000000e+01 1.256385e+01
      vertex   -3.000000e+01 6.000000e+01 -1.500000e+01
    endloop
  endfacet
  facet normal -1.009764e-14 1.000000e+00 4.410179e-15
    outer loop
      vertex   -3.000000e+01 6.000000e+01 -1.500000e+01
      vertex   -1.725773e+01 6.000000e+01 1.256385e+01
      vertex   -1.679630e+01 6.000000e+01 1.200919e+01
    endloop
  endfacet
  facet normal 2.821607e-14 1.000000e+00 -1.431984e-14
    outer loop
      vertex   -3.000000e+01 6.000000e+01 -1.500000e+01
      vertex   -1.679630e+01 6.000000e+01 1.200919e+01
      vertex   -1.632176e+01 6.000000e+01 1.145565e+01
    endloop
  endfacet
  facet normal -1.819421e-14 1.000000e+00 9.675446e-15
    outer loop
      vertex   -1.632176e+01 6.000000e+01 1.145565e+01
      vertex   -1.583404e+01 6.000000e+01 1.090403e+01
      vertex   -3.000000e+01 6.000000e+01 -1.500000e+01
    endloop
  endfacet
  facet normal 1.771847e-14 1.000000e+00 -9.963874e-15
    outer loop
      vertex   -3.000000e+01 6.000000e+01 -1.500000e+01
      vertex   -1.583404e+01 6.000000e+01 1.090403e+01
      vertex   -1.533779e+01 6.000000e+01 1.036025e+01
    endloop
  endfacet
  facet normal -1.751151e-14 1.000000e+00 1.040458e-14
    outer loop
      vertex   -3.000000e+01 6.000000e+01 -1.500000e+01
      vertex   -1.533779e+01 6.000000e+01 1.036025e+01
      vertex   -1.484008e+01 6.000000e+01 9.832104e+00
    endloop
  endfacet
  facet normal -1.806615e-16 1.000000e+00 -1.758455e-16
    outer loop
      vertex   -1.484008e+01 6.000000e+01 9.832104e+00
      vertex   -1.434100e+01 6.000000e+01 9.319352e+00
      vertex   -3.000000e+01 6.000000e+01 -1.500000e+01
    endloop
  endfacet
  facet normal -1.771330e-16 1.000000e+00 -1.781174e-16
    outer loop
      vertex   -3.000000e+01 6.000000e+01 -1.500000e+01
      vertex   -1.434100e+01 6.000000e+01 9.319352e+00
      vertex   -1.384057e+01 6.000000e+01 8.821689e+00
    endloop
  endfacet
  facet normal -1.736765e-16 1.000000e+00 -1.804622e-16
    outer loop
      vertex   -3.000000e+01 6.000000e+01 -1.500000e+01
      vertex   -1.384057e+01 6.000000e+01 8.821689e+00
      vertex   -1.333882e+01 6.000000e+01 8.338807e+00
    endloop
  endfacet
  facet normal -1.702892e-16 1.000000e+00 -1.828803e-16
    outer loop
      vertex   -1.333882e+01 6.000000e+01 8.338807e+00
      vertex   -1.283578e+01 6.000000e+01 7.870399e+00
      vertex   -3.000000e+01 6.000000e+01 -1.500000e+01
    endloop
  endfacet
  facet normal -1.669686e-16 1.000000e+00 -1.853724e-16
    outer loop
      vertex   -3.000000e+01 6.000000e+01 -1.500000e+01
      vertex   -1.283578e+01 6.000000e+01 7.870399e+00
      vertex   -1.233147e+01 6.000000e+01 7.416156e+00
    endloop
  endfacet
  facet normal -8.496876e-15 1.000000e+00 6.380305e-15
    outer loop
      vertex   -3.000000e+01 6.000000e+01 -1.500000e+01
      vertex   -1.233147e+01 6.000000e+01 7.416156e+00
      vertex   -1.182591e+01 6.000000e+01 6.975770e+00
    endloop
  endfacet
  facet normal 7.943321e-15 1.000000e+00 -7.215832e-15
    outer loop
      vertex   -1.182591e+01 6.000000e+01 6.975770e+00
      vertex   -1.131914e+01 6.000000e+01 6.548934e+00
      vertex   -3.000000e+01 6.000000e+01 -1.500000e+01
    endloop
  endfacet
  facet normal -8.357439e-15 1.000000e+00 6.915363e-15
    outer loop
      vertex   -3.000000e+01 6.000000e+01 -1.500000e+01
      vertex   -1.131914e+01 6.000000e+01 6.548934e+00
      vertex   -1.081118e+01 6.000000e+01 6.135340e+00
    endloop
  endfacet
  facet normal -3.086223e-16 1.000000e+00 -3.921752e-16
    outer loop
      vertex   -3.000000e+01 6.000000e+01 -1.500000e+01
      vertex   -1.081118e+01 6.000000e+01 6.135340e+00
      vertex   -1.030205e+01 6.000000e+01 5.734680e+00
    endloop
  endfacet
  facet normal 7.781844e-15 1.000000e+00 -8.078121e-15
    outer loop
      vertex   -1.030205e+01 6.000000e+01 5.734680e+00
      vertex   -9.791777e+00 6.000000e+01 5.346647e+00
      vertex   -3.000000e+01 6.000000e+01 -1.500000e+01
    endloop
  endfacet
  facet normal 7.884533e-15 1.000000e+00 -8.180111e-15
    outer loop
      vertex   -3.000000e+01 6.000000e+01 -1.500000e+01
      vertex   -9.791777e+00 6.000000e+01 5.346647e+00
      vertex   -9.280391e+00 6.000000e+01 4.970932e+00
    endloop
  endfacet
  facet normal 0.000000e+00 1.000000e+00 0.000000e+00
    outer loop
      vertex   -3.000000e+01 6.000000e+01 -1.500000e+01
      vertex   -9.280391e+00 6.000000e+01 4.970932e+00
      vertex   -8.767916e+00 6.000000e+01 4.607228e+00
    endloop
  endfacet
  facet normal 0.000000e+00 1.000000e+00 0.000000e+00
    outer loop
      vertex   -8.767916e+00 6.000000e+01 4.607228e+00
      vertex   -8.254377e+00 6.000000e+01 4.255226e+00
      vertex   -3.000000e+01 6.000000e+01 -1.500000e+01
    endloop
  endfacet
  facet normal 7.901624e-15 1.000000e+00 -8.923589e-15
    outer loop
      vertex   -3.000000e+01 6.000000e+01 -1.500000e+01
      vertex   -8.254377e+00 6.000000e+01 4.255226e+00
      vertex   -7.739800e+00 6.000000e+01 3.914620e+00
    endloop
  endfacet
  facet normal -1.559350e-14 1.000000e+00 1.872730e-14
    outer loop
      vertex   -3.000000e+01 6.000000e+01 -1.500000e+01
      vertex   -7.739800e+00 6.000000e+01 3.914620e+00
      vertex   -7.224210e+00 6.000000e+01 3.585100e+00
    endloop
  endfacet
  facet normal -7.966690e-15 1.000000e+00 9.380752e-15
    outer loop
      vertex   -7.224210e+00 6.000000e+01 3.585100e+00
      vertex   -6.707634e+00 6.000000e+01 3.266360e+00
      vertex   -3.000000e+01 6.000000e+01 -1.500000e+01
    endloop
  endfacet
  facet normal 3.666578e-15 1.000000e+00 -5.453420e-15
    outer loop
      vertex   -3.000000e+01 6.000000e+01 -1.500000e+01
      vertex   -6.707634e+00 6.000000e+01 3.266360e+00
      vertex   -5.671621e+00 6.000000e+01 2.659987e+00
    endloop
  endfacet
  facet normal -1.252882e-16 1.000000e+00 -2.297492e-16
    outer loop
      vertex   -3.000000e+01 6.000000e+01 -1.500000e+01
      vertex   -5.671621e+00 6.000000e+01 2.659987e+00
      vertex   -4.631968e+00 6.000000e+01 2.093037e+00
    endloop
  endfacet
  facet normal -1.204116e-16 1.000000e+00 -2.369866e-16
    outer loop
      vertex   -4.631968e+00 6.000000e+01 2.093037e+00
      vertex   -3.588848e+00 6.000000e+01 1.563034e+00
      vertex   -3.000000e+01 6.000000e+01 -1.500000e+01
    endloop
  endfacet
  facet normal -3.947323e-15 1.000000e+00 5.865345e-15
    outer loop
      vertex   -3.000000e+01 6.000000e+01 -1.500000e+01
      vertex   -3.588848e+00 6.000000e+01 1.563034e+00
      vertex   -2.531979e+00 6.000000e+01 1.062872e+00
    endloop
  endfacet
  facet normal 3.532115e-15 1.000000e+00 -6.924731e-15
    outer loop
      vertex   -3.000000e+01 6.000000e+01 -1.500000e+01
      vertex   -2.531979e+00 6.000000e+01 1.062872e+00
      vertex   -1.452365e+00 6.000000e+01 5.874589e-01
    endloop
  endfacet
  facet normal -1.066383e-16 1.000000e+00 -2.605400e-16
    outer loop
      vertex   -1.452365e+00 6.000000e+01 5.874589e-01
      vertex   -3.490570e-01 6.000000e+01 1.358784e-01
      vertex   -3.000000e+01 6.000000e+01 -1.500000e+01
    endloop
  endfacet
  facet normal 3.508766e-15 1.000000e+00 -7.343059e-15
    outer loop
      vertex   -3.000000e+01 6.000000e+01 -1.500000e+01
      vertex   -3.490570e-01 6.000000e+01 1.358784e-01
      vertex   7.788913e-01 6.000000e+01 -2.927878e-01
    endloop
  endfacet
  facet normal -7.089107e-15 1.000000e+00 1.483591e-14
    outer loop
      vertex   -3.000000e+01 6.000000e+01 -1.500000e+01
      vertex   7.788913e-01 6.000000e+01 -2.927878e-01
      vertex   1.932428e+00 6.000000e+01 -6.994571e-01
    endloop
  endfacet
  facet normal 3.293485e-15 1.000000e+00 -8.347922e-15
    outer loop
      vertex   1.932428e+00 6.000000e+01 -6.994571e-01
      vertex   3.112500e+00 6.000000e+01 -1.085047e+00
      vertex   -3.000000e+01 6.000000e+01 -1.500000e+01
    endloop
  endfacet
  facet normal 3.330935e-15 1.000000e+00 -8.437041e-15
    outer loop
      vertex   -3.000000e+01 6.000000e+01 -1.500000e+01
      vertex   3.112500e+00 6.000000e+01 -1.085047e+00
      vertex   4.320056e+00 6.000000e+01 -1.450476e+00
    endloop
  endfacet
  facet normal 0.000000e+00 1.000000e+00 0.000000e+00
    outer loop
      vertex   -3.000000e+01 6.000000e+01 -1.500000e+01
      vertex   4.320056e+00 6.000000e+01 -1.450476e+00
      vertex   5.556043e+00 6.000000e+01 -1.796661e+00
    endloop
  endfacet
  facet normal -6.615007e-15 1.000000e+00 1.781394e-14
    outer loop
      vertex   5.556043e+00 6.000000e+01 -1.796661e+00
      vertex   6.821408e+00 6.000000e+01 -2.124520e+00
      vertex   -3.000000e+01 6.000000e+01 -1.500000e+01
    endloop
  endfacet
  facet normal -1.569248e-16 1.000000e+00 -6.549396e-16
    outer loop
      vertex   -3.000000e+01 6.000000e+01 -1.500000e+01
      vertex   6.821408e+00 6.000000e+01 -2.124520e+00
      vertex   8.117099e+00 6.000000e+01 -2.434970e+00
    endloop
  endfacet
  facet normal 3.052651e-15 1.000000e+00 -1.039146e-14
    outer loop
      vertex   -3.000000e+01 6.000000e+01 -1.500000e+01
      vertex   8.117099e+00 6.000000e+01 -2.434970e+00
      vertex   9.444064e+00 6.000000e+01 -2.728929e+00
    endloop
  endfacet
  facet normal -3.223838e-15 1.000000e+00 9.783650e-15
    outer loop
      vertex   9.444064e+00 6.000000e+01 -2.728929e+00
      vertex   1.080325e+01 6.000000e+01 -3.007315e+00
      vertex   -3.000000e+01 6.000000e+01 -1.500000e+01
    endloop
  endfacet
  facet normal 2.966784e-15 1.000000e+00 -1.127898e-14
    outer loop
      vertex   -3.000000e+01 6.000000e+01 -1.500000e+01
      vertex   1.080325e+01 6.000000e+01 -3.007315e+00
      vertex   1.219560e+01 6.000000e+01 -3.271046e+00
    endloop
  endfacet
  facet normal -3.120117e-15 1.000000e+00 1.061900e-14
    outer loop
      vertex   -3.000000e+01 6.000000e+01 -1.500000e+01
      vertex   1.219560e+01 6.000000e+01 -3.271046e+00
      vertex   1.362208e+01 6.000000e+01 -3.521038e+00
    endloop
  endfacet
  facet normal 2.882902e-15 1.000000e+00 -1.219353e-14
    outer loop
      vertex   1.362208e+01 6.000000e+01 -3.521038e+00
      vertex   1.508361e+01 6.000000e+01 -3.758211e+00
      vertex   -3.000000e+01 6.000000e+01 -1.500000e+01
    endloop
  endfacet
  facet normal -5.930246e-17 1.000000e+00 -3.942307e-16
    outer loop
      vertex   -3.000000e+01 6.000000e+01 -1.500000e+01
      vertex   1.508361e+01 6.000000e+01 -3.758211e+00
      vertex   1.658116e+01 6.000000e+01 -3.983480e+00
    endloop
  endfacet
  facet normal -2.968017e-15 1.000000e+00 1.190469e-14
    outer loop
      vertex   -3.000000e+01 6.000000e+01 -1.500000e+01
      vertex   1.658116e+01 6.000000e+01 -3.983480e+00
      vertex   1.811566e+01 6.000000e+01 -4.197765e+00
    endloop
  endfacet
  facet normal 2.754494e-15 1.000000e+00 -1.358470e-14
    outer loop
      vertex   1.811566e+01 6.000000e+01 -4.197765e+00
      vertex   1.968807e+01 6.000000e+01 -4.401982e+00
      vertex   -3.000000e+01 6.000000e+01 -1.500000e+01
    endloop
  endfacet
  facet normal 2.761333e-15 1.000000e+00 -1.361677e-14
    outer loop
      vertex   -3.000000e+01 6.000000e+01 -1.500000e+01
      vertex   1.968807e+01 6.000000e+01 -4.401982e+00
      vertex   2.129934e+01 6.000000e+01 -4.597049e+00
    endloop
  endfacet
  facet normal 0.000000e+00 1.000000e+00 0.000000e+00
    outer loop
      vertex   -3.000000e+01 6.000000e+01 -1.500000e+01
      vertex   2.129934e+01 6.000000e+01 -4.597049e+00
      vertex   5.000000e+01 6.000000e+01 -1.500000e+01
    endloop
  endfacet
  facet normal 6.256940e-15 1.000000e+00 1.726225e-14
    outer loop
      vertex   5.000000e+01 6.000000e+01 -1.500000e+01
      vertex   2.129934e+01 6.000000e+01 -4.597049e+00
      vertex   2.295040e+01 6.000000e+01 -4.783885e+00
    endloop
  endfacet
  facet normal -5.738279e-15 1.000000e+00 -1.449795e-14
    outer loop
      vertex   5.000000e+01 6.000000e+01 -1.500000e+01
      vertex   2.295040e+01 6.000000e+01 -4.783885e+00
      vertex   2.464222e+01 6.000000e+01 -4.963406e+00
    endloop
  endfacet
  facet normal -1.096424e-14 1.000000e+00 -2.770152e-14
    outer loop
      vertex   2.464222e+01 6.000000e+01 -4.963406e+00
      vertex   2.637573e+01 6.000000e+01 -5.136530e+00
      vertex   5.000000e+01 6.000000e+01 -1.500000e+01
    endloop
  endfacet
  facet normal 4.995226e-15 1.000000e+00 1.052345e-14
    outer loop
      vertex   5.000000e+01 6.000000e+01 -1.500000e+01
      vertex   2.637573e+01 6.000000e+01 -5.136530e+00
      vertex   2.815123e+01 6.000000e+01 -5.304117e+00
    endloop
  endfacet
  facet normal -1.485363e-14 1.000000e+00 -3.420411e-14
    outer loop
      vertex   5.000000e+01 6.000000e+01 -1.500000e+01
      vertex   2.815123e+01 6.000000e+01 -5.304117e+00
      vertex   2.995962e+01 6.000000e+01 -5.466228e+00
    endloop
  endfacet
  facet normal 1.391932e-14 1.000000e+00 2.627782e-14
    outer loop
      vertex   2.995962e+01 6.000000e+01 -5.466228e+00
      vertex   3.178596e+01 6.000000e+01 -5.622447e+00
      vertex   5.000000e+01 6.000000e+01 -1.500000e+01
    endloop
  endfacet
  facet normal -7.384814e-17 1.000000e+00 -9.011414e-16
    outer loop
      vertex   5.000000e+01 6.000000e+01 -1.500000e+01
      vertex   3.178596e+01 6.000000e+01 -5.622447e+00
      vertex   3.361536e+01 6.000000e+01 -5.772366e+00
    endloop
  endfacet
  facet normal 4.474627e-15 1.000000e+00 7.175158e-15
    outer loop
      vertex   5.000000e+01 6.000000e+01 -1.500000e+01
      vertex   3.361536e+01 6.000000e+01 -5.772366e+00
      vertex   3.543294e+01 6.000000e+01 -5.915576e+00
    endloop
  endfacet
  facet normal 0.000000e+00 1.000000e+00 0.000000e+00
    outer loop
      vertex   3.543294e+01 6.000000e+01 -5.915576e+00
      vertex   3.722381e+01 6.000000e+01 -6.051668e+00
      vertex   5.000000e+01 6.000000e+01 -1.500000e+01
    endloop
  endfacet
  facet normal 0.000000e+00 1.000000e+00 0.000000e+00
    outer loop
      vertex   5.000000e+01 6.000000e+01 -1.500000e+01
      vertex   3.722381e+01 6.000000e+01 -6.051668e+00
      vertex   3.810457e+01 6.000000e+01 -6.116918e+00
    endloop
  endfacet
  facet normal 0.000000e+00 1.000000e+00 0.000000e+00
    outer loop
      vertex   5.000000e+01 6.000000e+01 -1.500000e+01
      vertex   3.810457e+01 6.000000e+01 -6.116918e+00
      vertex   3.897308e+01 6.000000e+01 -6.180236e+00
    endloop
  endfacet
  facet normal 0.000000e+00 1.000000e+00 0.000000e+00
    outer loop
      vertex   3.897308e+01 6.000000e+01 -6.180236e+00
      vertex   3.982747e+01 6.000000e+01 -6.241570e+00
      vertex   5.000000e+01 6.000000e+01 -1.500000e+01
    endloop
  endfacet
  facet normal 0.000000e+00 1.000000e+00 0.000000e+00
    outer loop
      vertex   5.000000e+01 6.000000e+01 -1.500000e+01
      vertex   3.982747e+01 6.000000e+01 -6.241570e+00
      vertex   4.066587e+01 6.000000e+01 -6.300869e+00
    endloop
  endfacet
  facet normal -1.871881e-14 1.000000e+00 -2.008519e-14
    outer loop
      vertex   5.000000e+01 6.000000e+01 -1.500000e+01
      vertex   4.066587e+01 6.000000e+01 -6.300869e+00
      vertex   4.148644e+01 6.000000e+01 -6.358083e+00
    endloop
  endfacet
  facet normal 1.891268e-14 1.000000e+00 1.698737e-14
    outer loop
      vertex   4.148644e+01 6.000000e+01 -6.358083e+00
      vertex   4.228730e+01 6.000000e+01 -6.413161e+00
      vertex   5.000000e+01 6.000000e+01 -1.500000e+01
    endloop
  endfacet
  facet normal 0.000000e+00 1.000000e+00 0.000000e+00
    outer loop
      vertex   5.000000e+01 6.000000e+01 -1.500000e+01
      vertex   4.228730e+01 6.000000e+01 -6.413161e+00
      vertex   4.306660e+01 6.000000e+01 -6.466050e+00
    endloop
  endfacet
  facet normal 0.000000e+00 1.000000e+00 0.000000e+00
    outer loop
      vertex   5.000000e+01 6.000000e+01 -1.500000e+01
      vertex   4.306660e+01 6.000000e+01 -6.466050e+00
      vertex   4.382248e+01 6.000000e+01 -6.516702e+00
    endloop
  endfacet
  facet normal 0.000000e+00 1.000000e+00 0.000000e+00
    outer loop
      vertex   4.382248e+01 6.000000e+01 -6.516702e+00
      vertex   4.455307e+01 6.000000e+01 -6.565063e+00
      vertex   5.000000e+01 6.000000e+01 -1.500000e+01
    endloop
  endfacet
  facet normal 0.000000e+00 1.000000e+00 0.000000e+00
    outer loop
      vertex   5.000000e+01 6.000000e+01 -1.500000e+01
      vertex   4.455307e+01 6.000000e+01 -6.565063e+00
      vertex   4.525652e+01 6.000000e+01 -6.611084e+00
    endloop
  endfacet
  facet normal 0.000000e+00 1.000000e+00 0.000000e+00
    outer loop
      vertex   5.000000e+01 6.000000e+01 -1.500000e+01
      vertex   4.525652e+01 6.000000e+01 -6.611084e+00
      vertex   4.593096e+01 6.000000e+01 -6.654713e+00
    endloop
  endfacet
  facet normal -2.279227e-14 1.000000e+00 -1.111316e-14
    outer loop
      vertex   4.593096e+01 6.000000e+01 -6.654713e+00
      vertex   4.657454e+01 6.000000e+01 -6.695900e+00
      vertex   5.000000e+01 6.000000e+01 -1.500000e+01
    endloop
  endfacet
  facet normal -1.113061e-16 1.000000e+00 -1.757220e-15
    outer loop
      vertex   5.000000e+01 6.000000e+01 -1.500000e+01
      vertex   4.657454e+01 6.000000e+01 -6.695900e+00
      vertex   4.718539e+01 6.000000e+01 -6.734592e+00
    endloop
  endfacet
  facet normal 2.508847e-14 1.000000e+00 6.824030e-15
    outer loop
      vertex   5.000000e+01 6.000000e+01 -1.500000e+01
      vertex   4.718539e+01 6.000000e+01 -6.734592e+00
      vertex   4.776165e+01 6.000000e+01 -6.770740e+00
    endloop
  endfacet
  facet normal 0.000000e+00 1.000000e+00 0.000000e+00
    outer loop
      vertex   4.776165e+01 6.000000e+01 -6.770740e+00
      vertex   4.830147e+01 6.000000e+01 -6.804292e+00
      vertex   5.000000e+01 6.000000e+01 -1.500000e+01
    endloop
  endfacet
  facet normal 0.000000e+00 1.000000e+00 0.000000e+00
    outer loop
      vertex   5.000000e+01 6.000000e+01 -1.500000e+01
      vertex   4.830147e+01 6.000000e+01 -6.804292e+00
      vertex   4.880297e+01 6.000000e+01 -6.835196e+00
    endloop
  endfacet
  facet normal 0.000000e+00 1.000000e+00 0.000000e+00
    outer loop
      vertex   5.000000e+01 6.000000e+01 -1.500000e+01
      vertex   4.880297e+01 6.000000e+01 -6.835196e+00
      vertex   4.926430e+01 6.000000e+01 -6.863403e+00
    endloop
  endfacet
  facet normal 6.815721e-14 1.000000e+00 6.162640e-15
    outer loop
      vertex   4.926430e+01 6.000000e+01 -6.863403e+00
      vertex   4.968361e+01 6.000000e+01 -6.888861e+00
      vertex   5.000000e+01 6.000000e+01 -1.500000e+01
    endloop
  endfacet
  facet normal -8.983100e-14 1.000000e+00 0.000000e+00
    outer loop
      vertex   5.000000e+01 6.000000e+01 -1.500000e+01
      vertex   4.968361e+01 6.000000e+01 -6.888861e+00
      vertex   5.000000e+01 6.000000e+01 -6.907965e+00
    endloop
  endfacet
  facet normal -1.000000e+00 0.000000e+00 0.000000e+00
    outer loop
      vertex   -3.000000e+01 0.000000e+00 -1.500000e+01
      vertex   -3.000000e+01 0.000000e+00 2.500000e+01
      vertex   -3.000000e+01 6.000000e+01 -1.500000e+01
    endloop
  endfacet
  facet normal -1.000000e+00 0.000000e+00 0.000000e+00
    outer loop
      vertex   -3.000000e+01 6.000000e+01 -1.500000e+01
      vertex   -3.000000e+01 0.000000e+00 2.500000e+01
      vertex   -3.000000e+01 6.000000e+01 2.500000e+01
    endloop
  endfacet
  facet normal 0.000000e+00 0.000000e+00 -1.000000e+00
    outer loop
      vertex   5.000000e+01 0.000000e+00 -1.500000e+01
      vertex   -3.000000e+01 0.000000e+00 -1.500000e+01
      vertex   5.000000e+01 6.000000e+01 -1.500000e+01
    endloop
  endfacet
  facet normal -0.000000e+00 0.000000e+00 -1.000000e+00
    outer loop
      vertex   5.000000e+01 6.000000e+01 -1.500000e+01
      vertex   -3.000000e+01 0.000000e+00 -1.500000e+01
      vertex   -3.000000e+01 6.000000e+01 -1.500000e+01
    endloop
  endfacet
  facet normal 0.000000e+00 0.000000e+00 1.000000e+00
    outer loop
      vertex   -2.500000e+01 6.000000e+01 2.500000e+01
      vertex   -3.000000e+01 6.000000e+01 2.500000e+01
      vertex   -2.500000e+01 0.000000e+00 2.500000e+01
    endloop
  endfacet
  facet normal 0.000000e+00 0.000000e+00 1.000000e+00
    outer loop
      vertex   -2.500000e+01 0.000000e+00 2.500000e+01
      vertex   -3.000000e+01 6.000000e+01 2.500000e+01
      vertex   -3.000000e+01 0.000000e+00 2.500000e+01
    endloop
  endfacet
  facet normal -0.000000e+00 -1.000000e+00 -0.000000e+00
    outer loop
      vertex   5.000000e+01 0.000000e+00 -6.907965e+00
      vertex   4.968361e+01 0.000000e+00 -6.888862e+00
      vertex   5.000000e+01 0.000000e+00 -1.500000e+01
    endloop
  endfacet
  facet normal 0.000000e+00 -1.000000e+00 0.000000e+00
    outer loop
      vertex   5.000000e+01 0.000000e+00 -1.500000e+01
      vertex   4.968361e+01 0.000000e+00 -6.888862e+00
      vertex   4.909196e+01 0.000000e+00 -6.852912e+00
    endloop
  endfacet
  facet normal 0.000000e+00 -1.000000e+00 0.000000e+00
    outer loop
      vertex   5.000000e+01 0.000000e+00 -1.500000e+01
      vertex   4.909196e+01 0.000000e+00 -6.852912e+00
      vertex   4.846744e+01 0.000000e+00 -6.814622e+00
    endloop
  endfacet
  facet normal -0.000000e+00 -1.000000e+00 -0.000000e+00
    outer loop
      vertex   4.846744e+01 0.000000e+00 -6.814622e+00
      vertex   4.781162e+01 0.000000e+00 -6.774017e+00
      vertex   5.000000e+01 0.000000e+00 -1.500000e+01
    endloop
  endfacet
  facet normal 0.000000e+00 -1.000000e+00 0.000000e+00
    outer loop
      vertex   5.000000e+01 0.000000e+00 -1.500000e+01
      vertex   4.781162e+01 0.000000e+00 -6.774017e+00
      vertex   4.712605e+01 0.000000e+00 -6.731122e+00
    endloop
  endfacet
  facet normal 0.000000e+00 -1.000000e+00 0.000000e+00
    outer loop
      vertex   5.000000e+01 0.000000e+00 -1.500000e+01
      vertex   4.712605e+01 0.000000e+00 -6.731122e+00
      vertex   4.641230e+01 0.000000e+00 -6.685959e+00
    endloop
  endfacet
  facet normal -0.000000e+00 -1.000000e+00 -0.000000e+00
    outer loop
      vertex   4.641230e+01 0.000000e+00 -6.685959e+00
      vertex   4.567192e+01 0.000000e+00 -6.638553e+00
      vertex   5.000000e+01 0.000000e+00 -1.500000e+01
    endloop
  endfacet
  facet normal 0.000000e+00 -1.000000e+00 0.000000e+00
    outer loop
      vertex   5.000000e+01 0.000000e+00 -1.500000e+01
      vertex   4.567192e+01 0.000000e+00 -6.638553e+00
      vertex   4.490649e+01 0.000000e+00 -6.588927e+00
    endloop
  endfacet
  facet normal 0.000000e+00 -1.000000e+00 0.000000e+00
    outer loop
      vertex   5.000000e+01 0.000000e+00 -1.500000e+01
      vertex   4.490649e+01 0.000000e+00 -6.588927e+00
      vertex   4.411754e+01 0.000000e+00 -6.537105e+00
    endloop
  endfacet
  facet normal -0.000000e+00 -1.000000e+00 -0.000000e+00
    outer loop
      vertex   4.411754e+01 0.000000e+00 -6.537105e+00
      vertex   4.330666e+01 0.000000e+00 -6.483112e+00
      vertex   5.000000e+01 0.000000e+00 -1.500000e+01
    endloop
  endfacet
  facet normal 0.000000e+00 -1.000000e+00 0.000000e+00
    outer loop
      vertex   5.000000e+01 0.000000e+00 -1.500000e+01
      vertex   4.330666e+01 0.000000e+00 -6.483112e+00
      vertex   4.247540e+01 0.000000e+00 -6.426971e+00
    endloop
  endfacet
  facet normal 0.000000e+00 -1.000000e+00 0.000000e+00
    outer loop
      vertex   5.000000e+01 0.000000e+00 -1.500000e+01
      vertex   4.247540e+01 0.000000e+00 -6.426971e+00
      vertex   4.162531e+01 0.000000e+00 -6.368706e+00
    endloop
  endfacet
  facet normal -0.000000e+00 -1.000000e+00 -0.000000e+00
    outer loop
      vertex   4.162531e+01 0.000000e+00 -6.368706e+00
      vertex   4.075797e+01 0.000000e+00 -6.308341e+00
      vertex   5.000000e+01 0.000000e+00 -1.500000e+01
    endloop
  endfacet
  facet normal 0.000000e+00 -1.000000e+00 0.000000e+00
    outer loop
      vertex   5.000000e+01 0.000000e+00 -1.500000e+01
      vertex   4.075797e+01 0.000000e+00 -6.308341e+00
      vertex   3.987493e+01 0.000000e+00 -6.245900e+00
    endloop
  endfacet
  facet normal 0.000000e+00 -1.000000e+00 0.000000e+00
    outer loop
      vertex   5.000000e+01 0.000000e+00 -1.500000e+01
      vertex   3.987493e+01 0.000000e+00 -6.245900e+00
      vertex   3.897775e+01 0.000000e+00 -6.181407e+00
    endloop
  endfacet
  facet normal -0.000000e+00 -1.000000e+00 -0.000000e+00
    outer loop
      vertex   3.897775e+01 0.000000e+00 -6.181407e+00
      vertex   3.806799e+01 0.000000e+00 -6.114884e+00
      vertex   5.000000e+01 0.000000e+00 -1.500000e+01
    endloop
  endfacet
  facet normal 0.000000e+00 -1.000000e+00 0.000000e+00
    outer loop
      vertex   5.000000e+01 0.000000e+00 -1.500000e+01
      vertex   3.806799e+01 0.000000e+00 -6.114884e+00
      vertex   3.714721e+01 0.000000e+00 -6.046358e+00
    endloop
  endfacet
  facet normal 0.000000e+00 -1.000000e+00 0.000000e+00
    outer loop
      vertex   5.000000e+01 0.000000e+00 -1.500000e+01
      vertex   3.714721e+01 0.000000e+00 -6.046358e+00
      vertex   3.527884e+01 0.000000e+00 -5.903386e+00
    endloop
  endfacet
  facet normal -0.000000e+00 -1.000000e+00 -0.000000e+00
    outer loop
      vertex   3.527884e+01 0.000000e+00 -5.903386e+00
      vertex   3.338513e+01 0.000000e+00 -5.752682e+00
      vertex   5.000000e+01 0.000000e+00 -1.500000e+01
    endloop
  endfacet
  facet normal 0.000000e+00 -1.000000e+00 0.000000e+00
    outer loop
      vertex   5.000000e+01 0.000000e+00 -1.500000e+01
      vertex   3.338513e+01 0.000000e+00 -5.752682e+00
      vertex   2.957163e+01 0.000000e+00 -5.428843e+00
    endloop
  endfacet
  facet normal 0.000000e+00 -1.000000e+00 0.000000e+00
    outer loop
      vertex   5.000000e+01 0.000000e+00 -1.500000e+01
      vertex   2.957163e+01 0.000000e+00 -5.428843e+00
      vertex   2.767680e+01 0.000000e+00 -5.256090e+00
    endloop
  endfacet
  facet normal -0.000000e+00 -1.000000e+00 -0.000000e+00
    outer loop
      vertex   2.767680e+01 0.000000e+00 -5.256090e+00
      vertex   2.580657e+01 0.000000e+00 -5.076368e+00
      vertex   5.000000e+01 0.000000e+00 -1.500000e+01
    endloop
  endfacet
  facet normal 0.000000e+00 -1.000000e+00 0.000000e+00
    outer loop
      vertex   5.000000e+01 0.000000e+00 -1.500000e+01
      vertex   2.580657e+01 0.000000e+00 -5.076368e+00
      vertex   2.488458e+01 0.000000e+00 -4.983954e+00
    endloop
  endfacet
  facet normal 0.000000e+00 -1.000000e+00 0.000000e+00
    outer loop
      vertex   5.000000e+01 0.000000e+00 -1.500000e+01
      vertex   2.488458e+01 0.000000e+00 -4.983954e+00
      vertex   2.397342e+01 0.000000e+00 -4.889870e+00
    endloop
  endfacet
  facet normal -0.000000e+00 -1.000000e+00 -0.000000e+00
    outer loop
      vertex   2.397342e+01 0.000000e+00 -4.889870e+00
      vertex   2.307465e+01 0.000000e+00 -4.794139e+00
      vertex   5.000000e+01 0.000000e+00 -1.500000e+01
    endloop
  endfacet
  facet normal 0.000000e+00 -1.000000e+00 0.000000e+00
    outer loop
      vertex   5.000000e+01 0.000000e+00 -1.500000e+01
      vertex   2.307465e+01 0.000000e+00 -4.794139e+00
      vertex   2.218984e+01 0.000000e+00 -4.696785e+00
    endloop
  endfacet
  facet normal 0.000000e+00 -1.000000e+00 0.000000e+00
    outer loop
      vertex   5.000000e+01 0.000000e+00 -1.500000e+01
      vertex   2.218984e+01 0.000000e+00 -4.696785e+00
      vertex   2.132054e+01 0.000000e+00 -4.597833e+00
    endloop
  endfacet
  facet normal -0.000000e+00 -1.000000e+00 -0.000000e+00
    outer loop
      vertex   2.132054e+01 0.000000e+00 -4.597833e+00
      vertex   2.046831e+01 0.000000e+00 -4.497306e+00
      vertex   5.000000e+01 0.000000e+00 -1.500000e+01
    endloop
  endfacet
  facet normal 0.000000e+00 -1.000000e+00 0.000000e+00
    outer loop
      vertex   5.000000e+01 0.000000e+00 -1.500000e+01
      vertex   2.046831e+01 0.000000e+00 -4.497306e+00
      vertex   -3.000000e+01 0.000000e+00 -1.500000e+01
    endloop
  endfacet
  facet normal 0.000000e+00 -1.000000e+00 0.000000e+00
    outer loop
      vertex   -3.000000e+01 0.000000e+00 -1.500000e+01
      vertex   2.046831e+01 0.000000e+00 -4.497306e+00
      vertex   1.963471e+01 0.000000e+00 -4.395228e+00
    endloop
  endfacet
  facet normal 0.000000e+00 -1.000000e+00 0.000000e+00
    outer loop
      vertex   -3.000000e+01 0.000000e+00 -1.500000e+01
      vertex   1.963471e+01 0.000000e+00 -4.395228e+00
      vertex   1.882131e+01 0.000000e+00 -4.291623e+00
    endloop
  endfacet
  facet normal -0.000000e+00 -1.000000e+00 0.000000e+00
    outer loop
      vertex   1.882131e+01 0.000000e+00 -4.291623e+00
      vertex   1.724251e+01 0.000000e+00 -4.078285e+00
      vertex   -3.000000e+01 0.000000e+00 -1.500000e+01
    endloop
  endfacet
  facet normal 0.000000e+00 -1.000000e+00 0.000000e+00
    outer loop
      vertex   -3.000000e+01 0.000000e+00 -1.500000e+01
      vertex   1.724251e+01 0.000000e+00 -4.078285e+00
      vertex   1.570095e+01 0.000000e+00 -3.853666e+00
    endloop
  endfacet
  facet normal 0.000000e+00 -1.000000e+00 0.000000e+00
    outer loop
      vertex   -3.000000e+01 0.000000e+00 -1.500000e+01
      vertex   1.570095e+01 0.000000e+00 -3.853666e+00
      vertex   1.419499e+01 0.000000e+00 -3.616676e+00
    endloop
  endfacet
  facet normal -0.000000e+00 -1.000000e+00 0.000000e+00
    outer loop
      vertex   1.419499e+01 0.000000e+00 -3.616676e+00
      vertex   1.272383e+01 0.000000e+00 -3.366295e+00
      vertex   -3.000000e+01 0.000000e+00 -1.500000e+01
    endloop
  endfacet
  facet normal 0.000000e+00 -1.000000e+00 0.000000e+00
    outer loop
      vertex   -3.000000e+01 0.000000e+00 -1.500000e+01
      vertex   1.272383e+01 0.000000e+00 -3.366295e+00
      vertex   1.128665e+01 0.000000e+00 -3.101503e+00
    endloop
  endfacet
  facet normal 0.000000e+00 -1.000000e+00 0.000000e+00
    outer loop
      vertex   -3.000000e+01 0.000000e+00 -1.500000e+01
      vertex   1.128665e+01 0.000000e+00 -3.101503e+00
      vertex   9.882631e+00 0.000000e+00 -2.821282e+00
    endloop
  endfacet
  facet normal -0.000000e+00 -1.000000e+00 0.000000e+00
    outer loop
      vertex   9.882631e+00 0.000000e+00 -2.821282e+00
      vertex   8.510970e+00 0.000000e+00 -2.524611e+00
      vertex   -3.000000e+01 0.000000e+00 -1.500000e+01
    endloop
  endfacet
  facet normal 0.000000e+00 -1.000000e+00 0.000000e+00
    outer loop
      vertex   -3.000000e+01 0.000000e+00 -1.500000e+01
      vertex   8.510970e+00 0.000000e+00 -2.524611e+00
      vertex   7.170849e+00 0.000000e+00 -2.210470e+00
    endloop
  endfacet
  facet normal 0.000000e+00 -1.000000e+00 0.000000e+00
    outer loop
      vertex   -3.000000e+01 0.000000e+00 -1.500000e+01
      vertex   7.170849e+00 0.000000e+00 -2.210470e+00
      vertex   5.861457e+00 0.000000e+00 -1.877842e+00
    endloop
  endfacet
  facet normal -0.000000e+00 -1.000000e+00 0.000000e+00
    outer loop
      vertex   5.861457e+00 0.000000e+00 -1.877842e+00
      vertex   4.581979e+00 0.000000e+00 -1.525705e+00
      vertex   -3.000000e+01 0.000000e+00 -1.500000e+01
    endloop
  endfacet
  facet normal 0.000000e+00 -1.000000e+00 0.000000e+00
    outer loop
      vertex   -3.000000e+01 0.000000e+00 -1.500000e+01
      vertex   4.581979e+00 0.000000e+00 -1.525705e+00
      vertex   3.331602e+00 0.000000e+00 -1.153041e+00
    endloop
  endfacet
  facet normal 0.000000e+00 -1.000000e+00 0.000000e+00
    outer loop
      vertex   -3.000000e+01 0.000000e+00 -1.500000e+01
      vertex   3.331602e+00 0.000000e+00 -1.153041e+00
      vertex   2.109514e+00 0.000000e+00 -7.588292e-01
    endloop
  endfacet
  facet normal -0.000000e+00 -1.000000e+00 0.000000e+00
    outer loop
      vertex   2.109514e+00 0.000000e+00 -7.588292e-01
      vertex   9.149006e-01 0.000000e+00 -3.420510e-01
      vertex   -3.000000e+01 0.000000e+00 -1.500000e+01
    endloop
  endfacet
  facet normal 0.000000e+00 -1.000000e+00 0.000000e+00
    outer loop
      vertex   -3.000000e+01 0.000000e+00 -1.500000e+01
      vertex   9.149006e-01 0.000000e+00 -3.420510e-01
      vertex   -2.530504e-01 0.000000e+00 9.831329e-02
    endloop
  endfacet
  facet normal 0.000000e+00 -1.000000e+00 0.000000e+00
    outer loop
      vertex   -3.000000e+01 0.000000e+00 -1.500000e+01
      vertex   -2.530504e-01 0.000000e+00 9.831329e-02
      vertex   -1.396655e+00 0.000000e+00 5.639044e-01
    endloop
  endfacet
  facet normal -0.000000e+00 -1.000000e+00 0.000000e+00
    outer loop
      vertex   -1.396655e+00 0.000000e+00 5.639044e-01
      vertex   -2.522032e+00 0.000000e+00 1.058254e+00
      vertex   -3.000000e+01 0.000000e+00 -1.500000e+01
    endloop
  endfacet
  facet normal 0.000000e+00 -1.000000e+00 0.000000e+00
    outer loop
      vertex   -3.000000e+01 0.000000e+00 -1.500000e+01
      vertex   -2.522032e+00 0.000000e+00 1.058254e+00
      vertex   -3.630239e+00 0.000000e+00 1.583178e+00
    endloop
  endfacet
  facet normal 0.000000e+00 -1.000000e+00 0.000000e+00
    outer loop
      vertex   -3.000000e+01 0.000000e+00 -1.500000e+01
      vertex   -3.630239e+00 0.000000e+00 1.583178e+00
      vertex   -4.721841e+00 0.000000e+00 2.140305e+00
    endloop
  endfacet
  facet normal -0.000000e+00 -1.000000e+00 0.000000e+00
    outer loop
      vertex   -4.721841e+00 0.000000e+00 2.140305e+00
      vertex   -5.797400e+00 0.000000e+00 2.731263e+00
      vertex   -3.000000e+01 0.000000e+00 -1.500000e+01
    endloop
  endfacet
  facet normal 0.000000e+00 -1.000000e+00 0.000000e+00
    outer loop
      vertex   -3.000000e+01 0.000000e+00 -1.500000e+01
      vertex   -5.797400e+00 0.000000e+00 2.731263e+00
      vertex   -6.857481e+00 0.000000e+00 3.357680e+00
    endloop
  endfacet
  facet normal 0.000000e+00 -1.000000e+00 0.000000e+00
    outer loop
      vertex   -3.000000e+01 0.000000e+00 -1.500000e+01
      vertex   -6.857481e+00 0.000000e+00 3.357680e+00
      vertex   -7.902646e+00 0.000000e+00 4.021185e+00
    endloop
  endfacet
  facet normal -0.000000e+00 -1.000000e+00 0.000000e+00
    outer loop
      vertex   -7.902646e+00 0.000000e+00 4.021185e+00
      vertex   -8.933460e+00 0.000000e+00 4.723404e+00
      vertex   -3.000000e+01 0.000000e+00 -1.500000e+01
    endloop
  endfacet
  facet normal 0.000000e+00 -1.000000e+00 0.000000e+00
    outer loop
      vertex   -3.000000e+01 0.000000e+00 -1.500000e+01
      vertex   -8.933460e+00 0.000000e+00 4.723404e+00
      vertex   -9.443661e+00 0.000000e+00 5.089541e+00
    endloop
  endfacet
  facet normal 0.000000e+00 -1.000000e+00 0.000000e+00
    outer loop
      vertex   -3.000000e+01 0.000000e+00 -1.500000e+01
      vertex   -9.443661e+00 0.000000e+00 5.089541e+00
      vertex   -9.950485e+00 0.000000e+00 5.465967e+00
    endloop
  endfacet
  facet normal -0.000000e+00 -1.000000e+00 0.000000e+00
    outer loop
      vertex   -9.950485e+00 0.000000e+00 5.465967e+00
      vertex   -1.045400e+01 0.000000e+00 5.852886e+00
      vertex   -3.000000e+01 0.000000e+00 -1.500000e+01
    endloop
  endfacet
  facet normal 0.000000e+00 -1.000000e+00 0.000000e+00
    outer loop
      vertex   -3.000000e+01 0.000000e+00 -1.500000e+01
      vertex   -1.045400e+01 0.000000e+00 5.852886e+00
      vertex   -1.095429e+01 0.000000e+00 6.250501e+00
    endloop
  endfacet
  facet normal 0.000000e+00 -1.000000e+00 0.000000e+00
    outer loop
      vertex   -3.000000e+01 0.000000e+00 -1.500000e+01
      vertex   -1.095429e+01 0.000000e+00 6.250501e+00
      vertex   -1.145140e+01 0.000000e+00 6.659016e+00
    endloop
  endfacet
  facet normal -0.000000e+00 -1.000000e+00 0.000000e+00
    outer loop
      vertex   -1.145140e+01 0.000000e+00 6.659016e+00
      vertex   -1.194542e+01 0.000000e+00 7.078634e+00
      vertex   -3.000000e+01 0.000000e+00 -1.500000e+01
    endloop
  endfacet
  facet normal 0.000000e+00 -1.000000e+00 0.000000e+00
    outer loop
      vertex   -3.000000e+01 0.000000e+00 -1.500000e+01
      vertex   -1.194542e+01 0.000000e+00 7.078634e+00
      vertex   -1.243642e+01 0.000000e+00 7.509560e+00
    endloop
  endfacet
  facet normal 0.000000e+00 -1.000000e+00 0.000000e+00
    outer loop
      vertex   -3.000000e+01 0.000000e+00 -1.500000e+01
      vertex   -1.243642e+01 0.000000e+00 7.509560e+00
      vertex   -1.292447e+01 0.000000e+00 7.951995e+00
    endloop
  endfacet
  facet normal -0.000000e+00 -1.000000e+00 0.000000e+00
    outer loop
      vertex   -1.292447e+01 0.000000e+00 7.951995e+00
      vertex   -1.340963e+01 0.000000e+00 8.406145e+00
      vertex   -3.000000e+01 0.000000e+00 -1.500000e+01
    endloop
  endfacet
  facet normal 0.000000e+00 -1.000000e+00 0.000000e+00
    outer loop
      vertex   -3.000000e+01 0.000000e+00 -1.500000e+01
      vertex   -1.340963e+01 0.000000e+00 8.406145e+00
      vertex   -1.389197e+01 0.000000e+00 8.872212e+00
    endloop
  endfacet
  facet normal 0.000000e+00 -1.000000e+00 0.000000e+00
    outer loop
      vertex   -3.000000e+01 0.000000e+00 -1.500000e+01
      vertex   -1.389197e+01 0.000000e+00 8.872212e+00
      vertex   -1.436994e+01 0.000000e+00 9.348735e+00
    endloop
  endfacet
  facet normal -0.000000e+00 -1.000000e+00 0.000000e+00
    outer loop
      vertex   -1.436994e+01 0.000000e+00 9.348735e+00
      vertex   -1.483775e+01 0.000000e+00 9.829646e+00
      vertex   -3.000000e+01 0.000000e+00 -1.500000e+01
    endloop
  endfacet
  facet normal 0.000000e+00 -1.000000e+00 0.000000e+00
    outer loop
      vertex   -3.000000e+01 0.000000e+00 -1.500000e+01
      vertex   -1.483775e+01 0.000000e+00 9.829646e+00
      vertex   -1.529493e+01 0.000000e+00 1.031387e+01
    endloop
  endfacet
  facet normal 0.000000e+00 -1.000000e+00 0.000000e+00
    outer loop
      vertex   -3.000000e+01 0.000000e+00 -1.500000e+01
      vertex   -1.529493e+01 0.000000e+00 1.031387e+01
      vertex   -1.574155e+01 0.000000e+00 1.080086e+01
    endloop
  endfacet
  facet normal -0.000000e+00 -1.000000e+00 0.000000e+00
    outer loop
      vertex   -1.574155e+01 0.000000e+00 1.080086e+01
      vertex   -1.660326e+01 0.000000e+00 1.178087e+01
      vertex   -3.000000e+01 0.000000e+00 -1.500000e+01
    endloop
  endfacet
  facet normal 0.000000e+00 -1.000000e+00 0.000000e+00
    outer loop
      vertex   -3.000000e+01 0.000000e+00 -1.500000e+01
      vertex   -1.660326e+01 0.000000e+00 1.178087e+01
      vertex   -1.742329e+01 0.000000e+00 1.276518e+01
    endloop
  endfacet
  facet normal 0.000000e+00 -1.000000e+00 0.000000e+00
    outer loop
      vertex   -3.000000e+01 0.000000e+00 -1.500000e+01
      vertex   -1.742329e+01 0.000000e+00 1.276518e+01
      vertex   -1.820206e+01 0.000000e+00 1.374932e+01
    endloop
  endfacet
  facet normal -0.000000e+00 -1.000000e+00 0.000000e+00
    outer loop
      vertex   -1.820206e+01 0.000000e+00 1.374932e+01
      vertex   -1.893996e+01 0.000000e+00 1.472881e+01
      vertex   -3.000000e+01 0.000000e+00 -1.500000e+01
    endloop
  endfacet
  facet normal 0.000000e+00 -1.000000e+00 0.000000e+00
    outer loop
      vertex   -3.000000e+01 0.000000e+00 -1.500000e+01
      vertex   -1.893996e+01 0.000000e+00 1.472881e+01
      vertex   -1.963741e+01 0.000000e+00 1.569917e+01
    endloop
  endfacet
  facet normal 0.000000e+00 -1.000000e+00 0.000000e+00
    outer loop
      vertex   -3.000000e+01 0.000000e+00 -1.500000e+01
      vertex   -1.963741e+01 0.000000e+00 1.569917e+01
      vertex   -3.000000e+01 0.000000e+00 2.500000e+01
    endloop
  endfacet
  facet normal 0.000000e+00 -1.000000e+00 0.000000e+00
    outer loop
      vertex   -3.000000e+01 0.000000e+00 2.500000e+01
      vertex   -1.963741e+01 0.000000e+00 1.569917e+01
      vertex   -2.029482e+01 0.000000e+00 1.665591e+01
    endloop
  endfacet
  facet normal 0.000000e+00 -1.000000e+00 0.000000e+00
    outer loop
      vertex   -3.000000e+01 0.000000e+00 2.500000e+01
      vertex   -2.029482e+01 0.000000e+00 1.665591e+01
      vertex   -2.060863e+01 0.000000e+00 1.712778e+01
    endloop
  endfacet
  facet normal 0.000000e+00 -1.000000e+00 0.000000e+00
    outer loop
      vertex   -2.060863e+01 0.000000e+00 1.712778e+01
      vertex   -2.091258e+01 0.000000e+00 1.759456e+01
      vertex   -3.000000e+01 0.000000e+00 2.500000e+01
    endloop
  endfacet
  facet normal 0.000000e+00 -1.000000e+00 0.000000e+00
    outer loop
      vertex   -3.000000e+01 0.000000e+00 2.500000e+01
      vertex   -2.091258e+01 0.000000e+00 1.759456e+01
      vertex   -2.120673e+01 0.000000e+00 1.805569e+01
    endloop
  endfacet
  facet normal 0.000000e+00 -1.000000e+00 0.000000e+00
    outer loop
      vertex   -3.000000e+01 0.000000e+00 2.500000e+01
      vertex   -2.120673e+01 0.000000e+00 1.805569e+01
      vertex   -2.149112e+01 0.000000e+00 1.851063e+01
    endloop
  endfacet
  facet normal 0.000000e+00 -1.000000e+00 0.000000e+00
    outer loop
      vertex   -2.149112e+01 0.000000e+00 1.851063e+01
      vertex   -2.176581e+01 0.000000e+00 1.895880e+01
      vertex   -3.000000e+01 0.000000e+00 2.500000e+01
    endloop
  endfacet
  facet normal 0.000000e+00 -1.000000e+00 0.000000e+00
    outer loop
      vertex   -3.000000e+01 0.000000e+00 2.500000e+01
      vertex   -2.176581e+01 0.000000e+00 1.895880e+01
      vertex   -2.203084e+01 0.000000e+00 1.939964e+01
    endloop
  endfacet
  facet normal 0.000000e+00 -1.000000e+00 0.000000e+00
    outer loop
      vertex   -3.000000e+01 0.000000e+00 2.500000e+01
      vertex   -2.203084e+01 0.000000e+00 1.939964e+01
      vertex   -2.228627e+01 0.000000e+00 1.983260e+01
    endloop
  endfacet
  facet normal 0.000000e+00 -1.000000e+00 0.000000e+00
    outer loop
      vertex   -2.228627e+01 0.000000e+00 1.983260e+01
      vertex   -2.253214e+01 0.000000e+00 2.025712e+01
      vertex   -3.000000e+01 0.000000e+00 2.500000e+01
    endloop
  endfacet
  facet normal 0.000000e+00 -1.000000e+00 0.000000e+00
    outer loop
      vertex   -3.000000e+01 0.000000e+00 2.500000e+01
      vertex   -2.253214e+01 0.000000e+00 2.025712e+01
      vertex   -2.276852e+01 0.000000e+00 2.067263e+01
    endloop
  endfacet
  facet normal 0.000000e+00 -1.000000e+00 0.000000e+00
    outer loop
      vertex   -3.000000e+01 0.000000e+00 2.500000e+01
      vertex   -2.276852e+01 0.000000e+00 2.067263e+01
      vertex   -2.299544e+01 0.000000e+00 2.107858e+01
    endloop
  endfacet
  facet normal 0.000000e+00 -1.000000e+00 0.000000e+00
    outer loop
      vertex   -2.299544e+01 0.000000e+00 2.107858e+01
      vertex   -2.321297e+01 0.000000e+00 2.147440e+01
      vertex   -3.000000e+01 0.000000e+00 2.500000e+01
    endloop
  endfacet
  facet normal 0.000000e+00 -1.000000e+00 0.000000e+00
    outer loop
      vertex   -3.000000e+01 0.000000e+00 2.500000e+01
      vertex   -2.321297e+01 0.000000e+00 2.147440e+01
      vertex   -2.342115e+01 0.000000e+00 2.185953e+01
    endloop
  endfacet
  facet normal 0.000000e+00 -1.000000e+00 0.000000e+00
    outer loop
      vertex   -3.000000e+01 0.000000e+00 2.500000e+01
      vertex   -2.342115e+01 0.000000e+00 2.185953e+01
      vertex   -2.362003e+01 0.000000e+00 2.223342e+01
    endloop
  endfacet
  facet normal 0.000000e+00 -1.000000e+00 0.000000e+00
    outer loop
      vertex   -2.362003e+01 0.000000e+00 2.223342e+01
      vertex   -2.380966e+01 0.000000e+00 2.259551e+01
      vertex   -3.000000e+01 0.000000e+00 2.500000e+01
    endloop
  endfacet
  facet normal 0.000000e+00 -1.000000e+00 0.000000e+00
    outer loop
      vertex   -3.000000e+01 0.000000e+00 2.500000e+01
      vertex   -2.380966e+01 0.000000e+00 2.259551e+01
      vertex   -2.399010e+01 0.000000e+00 2.294523e+01
    endloop
  endfacet
  facet normal 0.000000e+00 -1.000000e+00 0.000000e+00
    outer loop
      vertex   -3.000000e+01 0.000000e+00 2.500000e+01
      vertex   -2.399010e+01 0.000000e+00 2.294523e+01
      vertex   -2.416140e+01 0.000000e+00 2.328203e+01
    endloop
  endfacet
  facet normal 0.000000e+00 -1.000000e+00 0.000000e+00
    outer loop
      vertex   -2.416140e+01 0.000000e+00 2.328203e+01
      vertex   -2.432360e+01 0.000000e+00 2.360534e+01
      vertex   -3.000000e+01 0.000000e+00 2.500000e+01
    endloop
  endfacet
  facet normal 0.000000e+00 -1.000000e+00 0.000000e+00
    outer loop
      vertex   -3.000000e+01 0.000000e+00 2.500000e+01
      vertex   -2.432360e+01 0.000000e+00 2.360534e+01
      vertex   -2.447676e+01 0.000000e+00 2.391460e+01
    endloop
  endfacet
  facet normal 0.000000e+00 -1.000000e+00 0.000000e+00
    outer loop
      vertex   -3.000000e+01 0.000000e+00 2.500000e+01
      vertex   -2.447676e+01 0.000000e+00 2.391460e+01
      vertex   -2.462093e+01 0.000000e+00 2.420926e+01
    endloop
  endfacet
  facet normal 0.000000e+00 -1.000000e+00 0.000000e+00
    outer loop
      vertex   -2.462093e+01 0.000000e+00 2.420926e+01
      vertex   -2.475616e+01 0.000000e+00 2.448875e+01
      vertex   -3.000000e+01 0.000000e+00 2.500000e+01
    endloop
  endfacet
  facet normal 0.000000e+00 -1.000000e+00 0.000000e+00
    outer loop
      vertex   -3.000000e+01 0.000000e+00 2.500000e+01
      vertex   -2.475616e+01 0.000000e+00 2.448875e+01
      vertex   -2.488250e+01 0.000000e+00 2.475252e+01
    endloop
  endfacet
  facet normal 0.000000e+00 -1.000000e+00 0.000000e+00
    outer loop
      vertex   -3.000000e+01 0.000000e+00 2.500000e+01
      vertex   -2.488250e+01 0.000000e+00 2.475252e+01
      vertex   -2.500000e+01 0.000000e+00 2.500000e+01
    endloop
  endfacet
  facet normal 6.339371e-02 0.000000e+00 9.979886e-01
    outer loop
      vertex   5.000000e+01 5.000000e+00 -6.907965e+00
      vertex   4.968367e+01 5.000000e+00 -6.887871e+00
      vertex   5.000000e+01 0.000000e+00 -6.907965e+00
    endloop
  endfacet
  facet normal 6.026536e-02 -1.986973e-04 9.981824e-01
    outer loop
      vertex   5.000000e+01 0.000000e+00 -6.907965e+00
      vertex   4.968367e+01 5.000000e+00 -6.887871e+00
      vertex   4.968361e+01 0.000000e+00 -6.888862e+00
    endloop
  endfacet
  facet normal 6.065154e-02 -1.986974e-04 9.981590e-01
    outer loop
      vertex   4.968361e+01 0.000000e+00 -6.888862e+00
      vertex   4.968367e+01 5.000000e+00 -6.887871e+00
      vertex   4.909196e+01 0.000000e+00 -6.852912e+00
    endloop
  endfacet
  facet normal 6.188726e-02 -3.454673e-04 9.980831e-01
    outer loop
      vertex   4.909196e+01 0.000000e+00 -6.852912e+00
      vertex   4.968367e+01 5.000000e+00 -6.887871e+00
      vertex   4.816227e+01 5.000000e+00 -6.793535e+00
    endloop
  endfacet
  facet normal 6.119580e-02 -4.745417e-04 9.981257e-01
    outer loop
      vertex   4.909196e+01 0.000000e+00 -6.852912e+00
      vertex   4.816227e+01 5.000000e+00 -6.793535e+00
      vertex   4.846744e+01 0.000000e+00 -6.814622e+00
    endloop
  endfacet
  facet normal 6.179563e-02 -4.377763e-04 9.980887e-01
    outer loop
      vertex   4.846744e+01 0.000000e+00 -6.814622e+00
      vertex   4.816227e+01 5.000000e+00 -6.793535e+00
      vertex   4.781162e+01 0.000000e+00 -6.774017e+00
    endloop
  endfacet
  facet normal 6.244748e-02 -4.836501e-04 9.980481e-01
    outer loop
      vertex   4.781162e+01 0.000000e+00 -6.774017e+00
      vertex   4.816227e+01 5.000000e+00 -6.793535e+00
      vertex   4.712605e+01 0.000000e+00 -6.731122e+00
    endloop
  endfacet
  facet normal 6.309296e-02 -6.179294e-04 9.980075e-01
    outer loop
      vertex   4.712605e+01 0.000000e+00 -6.731122e+00
      vertex   4.816227e+01 5.000000e+00 -6.793535e+00
      vertex   4.661172e+01 5.000000e+00 -6.695510e+00
    endloop
  endfacet
  facet normal 6.314910e-02 -6.121294e-04 9.980039e-01
    outer loop
      vertex   4.712605e+01 0.000000e+00 -6.731122e+00
      vertex   4.661172e+01 5.000000e+00 -6.695510e+00
      vertex   4.641230e+01 0.000000e+00 -6.685959e+00
    endloop
  endfacet
  facet normal 6.389920e-02 -6.421378e-04 9.979562e-01
    outer loop
      vertex   4.641230e+01 0.000000e+00 -6.685959e+00
      vertex   4.661172e+01 5.000000e+00 -6.695510e+00
      vertex   4.567192e+01 0.000000e+00 -6.638553e+00
    endloop
  endfacet
  facet normal 6.443260e-02 -7.427867e-04 9.979218e-01
    outer loop
      vertex   4.567192e+01 0.000000e+00 -6.638553e+00
      vertex   4.661172e+01 5.000000e+00 -6.695510e+00
      vertex   4.503673e+01 5.000000e+00 -6.593818e+00
    endloop
  endfacet
  facet normal 6.469729e-02 -7.090080e-04 9.979047e-01
    outer loop
      vertex   4.567192e+01 0.000000e+00 -6.638553e+00
      vertex   4.503673e+01 5.000000e+00 -6.593818e+00
      vertex   4.490649e+01 0.000000e+00 -6.588927e+00
    endloop
  endfacet
  facet normal 6.591183e-02 -7.407230e-04 9.978252e-01
    outer loop
      vertex   4.490649e+01 0.000000e+00 -6.588927e+00
      vertex   4.503673e+01 5.000000e+00 -6.593818e+00
      vertex   4.344203e+01 5.000000e+00 -6.488480e+00
    endloop
  endfacet
  facet normal 6.554349e-02 -8.490930e-04 9.978494e-01
    outer loop
      vertex   4.490649e+01 0.000000e+00 -6.588927e+00
      vertex   4.344203e+01 5.000000e+00 -6.488480e+00
      vertex   4.411754e+01 0.000000e+00 -6.537105e+00
    endloop
  endfacet
  facet normal 6.643848e-02 -7.276034e-04 9.977903e-01
    outer loop
      vertex   4.411754e+01 0.000000e+00 -6.537105e+00
      vertex   4.344203e+01 5.000000e+00 -6.488480e+00
      vertex   4.330666e+01 0.000000e+00 -6.483112e+00
    endloop
  endfacet
  facet normal 6.753840e-02 -7.574626e-04 9.977164e-01
    outer loop
      vertex   4.330666e+01 0.000000e+00 -6.483112e+00
      vertex   4.344203e+01 5.000000e+00 -6.488480e+00
      vertex   4.183236e+01 5.000000e+00 -6.379517e+00
    endloop
  endfacet
  facet normal 6.738338e-02 -8.033908e-04 9.977268e-01
    outer loop
      vertex   4.330666e+01 0.000000e+00 -6.483112e+00
      vertex   4.183236e+01 5.000000e+00 -6.379517e+00
      vertex   4.247540e+01 0.000000e+00 -6.426971e+00
    endloop
  endfacet
  facet normal 6.837977e-02 -6.746053e-04 9.976591e-01
    outer loop
      vertex   4.247540e+01 0.000000e+00 -6.426971e+00
      vertex   4.183236e+01 5.000000e+00 -6.379517e+00
      vertex   4.162531e+01 0.000000e+00 -6.368706e+00
    endloop
  endfacet
  facet normal 6.932230e-02 -7.137761e-04 9.975941e-01
    outer loop
      vertex   4.162531e+01 0.000000e+00 -6.368706e+00
      vertex   4.183236e+01 5.000000e+00 -6.379517e+00
      vertex   4.021245e+01 5.000000e+00 -6.266949e+00
    endloop
  endfacet
  facet normal 6.942962e-02 -6.832990e-04 9.975866e-01
    outer loop
      vertex   4.162531e+01 0.000000e+00 -6.368706e+00
      vertex   4.021245e+01 5.000000e+00 -6.266949e+00
      vertex   4.075797e+01 0.000000e+00 -6.308341e+00
    endloop
  endfacet
  facet normal 7.053532e-02 -5.620199e-04 9.975091e-01
    outer loop
      vertex   4.075797e+01 0.000000e+00 -6.308341e+00
      vertex   4.021245e+01 5.000000e+00 -6.266949e+00
      vertex   3.987493e+01 0.000000e+00 -6.245900e+00
    endloop
  endfacet
  facet normal 7.169965e-02 -6.409657e-04 9.974261e-01
    outer loop
      vertex   3.987493e+01 0.000000e+00 -6.245900e+00
      vertex   4.021245e+01 5.000000e+00 -6.266949e+00
      vertex   3.897775e+01 0.000000e+00 -6.181407e+00
    endloop
  endfacet
  facet normal 7.234547e-02 -8.012445e-04 9.973793e-01
    outer loop
      vertex   3.897775e+01 0.000000e+00 -6.181407e+00
      vertex   4.021245e+01 5.000000e+00 -6.266949e+00
      vertex   3.696078e+01 5.000000e+00 -6.031088e+00
    endloop
  endfacet
  facet normal 7.292580e-02 -5.658775e-04 9.973372e-01
    outer loop
      vertex   3.897775e+01 0.000000e+00 -6.181407e+00
      vertex   3.696078e+01 5.000000e+00 -6.031088e+00
      vertex   3.806799e+01 0.000000e+00 -6.114884e+00
    endloop
  endfacet
  facet normal 7.421741e-02 -2.782674e-04 9.972420e-01
    outer loop
      vertex   3.806799e+01 0.000000e+00 -6.114884e+00
      vertex   3.696078e+01 5.000000e+00 -6.031088e+00
      vertex   3.714721e+01 0.000000e+00 -6.046358e+00
    endloop
  endfacet
  facet normal 7.629932e-02 -2.001637e-04 9.970849e-01
    outer loop
      vertex   3.714721e+01 0.000000e+00 -6.046358e+00
      vertex   3.696078e+01 5.000000e+00 -6.031088e+00
      vertex   3.527884e+01 0.000000e+00 -5.903386e+00
    endloop
  endfacet
  facet normal 7.703522e-02 -4.491621e-04 9.970283e-01
    outer loop
      vertex   3.527884e+01 0.000000e+00 -5.903386e+00
      vertex   3.696078e+01 5.000000e+00 -6.031088e+00
      vertex   3.372487e+01 5.000000e+00 -5.781066e+00
    endloop
  endfacet
  facet normal 7.933046e-02 2.685849e-04 9.968483e-01
    outer loop
      vertex   3.527884e+01 0.000000e+00 -5.903386e+00
      vertex   3.372487e+01 5.000000e+00 -5.781066e+00
      vertex   3.338513e+01 0.000000e+00 -5.752682e+00
    endloop
  endfacet
  facet normal 8.113777e-02 1.449568e-04 9.967029e-01
    outer loop
      vertex   3.338513e+01 0.000000e+00 -5.752682e+00
      vertex   3.372487e+01 5.000000e+00 -5.781066e+00
      vertex   3.212464e+01 5.000000e+00 -5.650798e+00
    endloop
  endfacet
  facet normal 8.423568e-02 9.311793e-04 9.964454e-01
    outer loop
      vertex   3.338513e+01 0.000000e+00 -5.752682e+00
      vertex   3.212464e+01 5.000000e+00 -5.650798e+00
      vertex   3.054254e+01 5.000000e+00 -5.517053e+00
    endloop
  endfacet
  facet normal 8.461444e-02 1.148035e-03 9.964131e-01
    outer loop
      vertex   3.338513e+01 0.000000e+00 -5.752682e+00
      vertex   3.054254e+01 5.000000e+00 -5.517053e+00
      vertex   2.957163e+01 0.000000e+00 -5.428843e+00
    endloop
  endfacet
  facet normal 8.765249e-02 5.534766e-04 9.961510e-01
    outer loop
      vertex   2.957163e+01 0.000000e+00 -5.428843e+00
      vertex   3.054254e+01 5.000000e+00 -5.517053e+00
      vertex   2.898329e+01 5.000000e+00 -5.379852e+00
    endloop
  endfacet
  facet normal 9.079449e-02 9.259515e-04 9.958692e-01
    outer loop
      vertex   2.957163e+01 0.000000e+00 -5.428843e+00
      vertex   2.898329e+01 5.000000e+00 -5.379852e+00
      vertex   2.767680e+01 0.000000e+00 -5.256090e+00
    endloop
  endfacet
  facet normal 9.143309e-02 7.576434e-04 9.958109e-01
    outer loop
      vertex   2.767680e+01 0.000000e+00 -5.256090e+00
      vertex   2.898329e+01 5.000000e+00 -5.379852e+00
      vertex   2.745162e+01 5.000000e+00 -5.239218e+00
    endloop
  endfacet
  facet normal 9.565516e-02 9.491329e-04 9.954141e-01
    outer loop
      vertex   2.767680e+01 0.000000e+00 -5.256090e+00
      vertex   2.745162e+01 5.000000e+00 -5.239218e+00
      vertex   2.580657e+01 0.000000e+00 -5.076368e+00
    endloop
  endfacet
  facet normal 9.563217e-02 9.567700e-04 9.954163e-01
    outer loop
      vertex   2.580657e+01 0.000000e+00 -5.076368e+00
      vertex   2.745162e+01 5.000000e+00 -5.239218e+00
      vertex   2.595225e+01 5.000000e+00 -5.095170e+00
    endloop
  endfacet
  facet normal 9.973339e-02 8.357615e-04 9.950138e-01
    outer loop
      vertex   2.580657e+01 0.000000e+00 -5.076368e+00
      vertex   2.595225e+01 5.000000e+00 -5.095170e+00
      vertex   2.488458e+01 0.000000e+00 -4.983954e+00
    endloop
  endfacet
  facet normal 1.003160e-01 7.100626e-04 9.949554e-01
    outer loop
      vertex   2.488458e+01 0.000000e+00 -4.983954e+00
      vertex   2.595225e+01 5.000000e+00 -5.095170e+00
      vertex   2.448918e+01 5.000000e+00 -4.947656e+00
    endloop
  endfacet
  facet normal 1.027117e-01 9.012968e-04 9.947108e-01
    outer loop
      vertex   2.488458e+01 0.000000e+00 -4.983954e+00
      vertex   2.448918e+01 5.000000e+00 -4.947656e+00
      vertex   2.397342e+01 0.000000e+00 -4.889870e+00
    endloop
  endfacet
  facet normal 1.055361e-01 6.065414e-04 9.944153e-01
    outer loop
      vertex   2.397342e+01 0.000000e+00 -4.889870e+00
      vertex   2.448918e+01 5.000000e+00 -4.947656e+00
      vertex   2.305666e+01 5.000000e+00 -4.795625e+00
    endloop
  endfacet
  facet normal 1.059143e-01 6.766419e-04 9.943750e-01
    outer loop
      vertex   2.397342e+01 0.000000e+00 -4.889870e+00
      vertex   2.305666e+01 5.000000e+00 -4.795625e+00
      vertex   2.307465e+01 0.000000e+00 -4.794139e+00
    endloop
  endfacet
  facet normal 1.093668e-01 6.889541e-04 9.940012e-01
    outer loop
      vertex   2.307465e+01 0.000000e+00 -4.794139e+00
      vertex   2.305666e+01 5.000000e+00 -4.795625e+00
      vertex   2.218984e+01 0.000000e+00 -4.696785e+00
    endloop
  endfacet
  facet normal 1.113336e-01 3.436782e-04 9.937830e-01
    outer loop
      vertex   2.218984e+01 0.000000e+00 -4.696785e+00
      vertex   2.305666e+01 5.000000e+00 -4.795625e+00
      vertex   2.165200e+01 5.000000e+00 -4.638261e+00
    endloop
  endfacet
  facet normal 1.130990e-01 5.359171e-04 9.935836e-01
    outer loop
      vertex   2.218984e+01 0.000000e+00 -4.696785e+00
      vertex   2.165200e+01 5.000000e+00 -4.638261e+00
      vertex   2.132054e+01 0.000000e+00 -4.597833e+00
    endloop
  endfacet
  facet normal 1.177405e-01 2.238572e-04 9.930444e-01
    outer loop
      vertex   2.132054e+01 0.000000e+00 -4.597833e+00
      vertex   2.165200e+01 5.000000e+00 -4.638261e+00
      vertex   2.027467e+01 5.000000e+00 -4.474958e+00
    endloop
  endfacet
  facet normal 1.171456e-01 9.768742e-05 9.931147e-01
    outer loop
      vertex   2.132054e+01 0.000000e+00 -4.597833e+00
      vertex   2.027467e+01 5.000000e+00 -4.474958e+00
      vertex   2.046831e+01 0.000000e+00 -4.497306e+00
    endloop
  endfacet
  facet normal 1.215472e-01 2.705125e-04 9.925856e-01
    outer loop
      vertex   2.046831e+01 0.000000e+00 -4.497306e+00
      vertex   2.027467e+01 5.000000e+00 -4.474958e+00
      vertex   1.963471e+01 0.000000e+00 -4.395228e+00
    endloop
  endfacet
  facet normal 1.247822e-01 -1.499418e-04 9.921841e-01
    outer loop
      vertex   1.963471e+01 0.000000e+00 -4.395228e+00
      vertex   2.027467e+01 5.000000e+00 -4.474958e+00
      vertex   1.892415e+01 5.000000e+00 -4.305109e+00
    endloop
  endfacet
  facet normal 1.263520e-01 7.672630e-05 9.919855e-01
    outer loop
      vertex   1.963471e+01 0.000000e+00 -4.395228e+00
      vertex   1.892415e+01 5.000000e+00 -4.305109e+00
      vertex   1.882131e+01 0.000000e+00 -4.291623e+00
    endloop
  endfacet
  facet normal 1.324835e-01 -5.154675e-05 9.911852e-01
    outer loop
      vertex   1.882131e+01 0.000000e+00 -4.291623e+00
      vertex   1.892415e+01 5.000000e+00 -4.305109e+00
      vertex   1.759991e+01 5.000000e+00 -4.128109e+00
    endloop
  endfacet
  facet normal 1.339096e-01 3.030816e-04 9.909935e-01
    outer loop
      vertex   1.882131e+01 0.000000e+00 -4.291623e+00
      vertex   1.759991e+01 5.000000e+00 -4.128109e+00
      vertex   1.724251e+01 0.000000e+00 -4.078285e+00
    endloop
  endfacet
  facet normal 1.408688e-01 -2.039848e-04 9.900282e-01
    outer loop
      vertex   1.724251e+01 0.000000e+00 -4.078285e+00
      vertex   1.759991e+01 5.000000e+00 -4.128109e+00
      vertex   1.630143e+01 5.000000e+00 -3.943350e+00
    endloop
  endfacet
  facet normal 1.441859e-01 4.332420e-04 9.895505e-01
    outer loop
      vertex   1.724251e+01 0.000000e+00 -4.078285e+00
      vertex   1.630143e+01 5.000000e+00 -3.943350e+00
      vertex   1.570095e+01 0.000000e+00 -3.853666e+00
    endloop
  endfacet
  facet normal 1.499615e-01 -2.757763e-04 9.886918e-01
    outer loop
      vertex   1.570095e+01 0.000000e+00 -3.853666e+00
      vertex   1.630143e+01 5.000000e+00 -3.943350e+00
      vertex   1.502818e+01 5.000000e+00 -3.750228e+00
    endloop
  endfacet
  facet normal 1.554555e-01 4.810266e-04 9.878428e-01
    outer loop
      vertex   1.570095e+01 0.000000e+00 -3.853666e+00
      vertex   1.502818e+01 5.000000e+00 -3.750228e+00
      vertex   1.419499e+01 0.000000e+00 -3.616676e+00
    endloop
  endfacet
  facet normal 1.597834e-01 -2.586215e-04 9.871521e-01
    outer loop
      vertex   1.419499e+01 0.000000e+00 -3.616676e+00
      vertex   1.502818e+01 5.000000e+00 -3.750228e+00
      vertex   1.377964e+01 5.000000e+00 -3.548136e+00
    endloop
  endfacet
  facet normal 1.677801e-01 4.238700e-04 9.858244e-01
    outer loop
      vertex   1.419499e+01 0.000000e+00 -3.616676e+00
      vertex   1.377964e+01 5.000000e+00 -3.548136e+00
      vertex   1.272383e+01 0.000000e+00 -3.366295e+00
    endloop
  endfacet
  facet normal 1.703549e-01 -1.358952e-04 9.853828e-01
    outer loop
      vertex   1.272383e+01 0.000000e+00 -3.366295e+00
      vertex   1.377964e+01 5.000000e+00 -3.548136e+00
      vertex   1.255528e+01 5.000000e+00 -3.336467e+00
    endloop
  endfacet
  facet normal 1.811939e-01 2.410180e-04 9.834474e-01
    outer loop
      vertex   1.272383e+01 0.000000e+00 -3.366295e+00
      vertex   1.255528e+01 5.000000e+00 -3.336467e+00
      vertex   1.128665e+01 0.000000e+00 -3.101503e+00
    endloop
  endfacet
  facet normal 1.816940e-01 1.097753e-04 9.833551e-01
    outer loop
      vertex   1.128665e+01 0.000000e+00 -3.101503e+00
      vertex   1.255528e+01 5.000000e+00 -3.336467e+00
      vertex   1.135459e+01 5.000000e+00 -3.114616e+00
    endloop
  endfacet
  facet normal 1.938158e-01 -6.102467e-05 9.810379e-01
    outer loop
      vertex   1.128665e+01 0.000000e+00 -3.101503e+00
      vertex   1.135459e+01 5.000000e+00 -3.114616e+00
      vertex   1.017704e+01 5.000000e+00 -2.881975e+00
    endloop
  endfacet
  facet normal 1.957256e-01 3.794577e-04 9.806586e-01
    outer loop
      vertex   1.128665e+01 0.000000e+00 -3.101503e+00
      vertex   1.017704e+01 5.000000e+00 -2.881975e+00
      vertex   9.882631e+00 0.000000e+00 -2.821282e+00
    endloop
  endfacet
  facet normal 2.067319e-01 -2.960501e-04 9.783976e-01
    outer loop
      vertex   9.882631e+00 0.000000e+00 -2.821282e+00
      vertex   1.017704e+01 5.000000e+00 -2.881975e+00
      vertex   9.022093e+00 5.000000e+00 -2.637940e+00
    endloop
  endfacet
  facet normal 2.113979e-01 5.435870e-04 9.773999e-01
    outer loop
      vertex   9.882631e+00 0.000000e+00 -2.821282e+00
      vertex   9.022093e+00 5.000000e+00 -2.637940e+00
      vertex   8.510970e+00 0.000000e+00 -2.524611e+00
    endloop
  endfacet
  facet normal 2.204499e-01 -4.271211e-04 9.753982e-01
    outer loop
      vertex   8.510970e+00 0.000000e+00 -2.524611e+00
      vertex   9.022093e+00 5.000000e+00 -2.637940e+00
      vertex   7.889240e+00 5.000000e+00 -2.381904e+00
    endloop
  endfacet
  facet normal 2.282253e-01 5.908112e-04 9.736082e-01
    outer loop
      vertex   8.510970e+00 0.000000e+00 -2.524611e+00
      vertex   7.889240e+00 5.000000e+00 -2.381904e+00
      vertex   7.170849e+00 0.000000e+00 -2.210470e+00
    endloop
  endfacet
  facet normal 2.349725e-01 -4.336828e-04 9.720019e-01
    outer loop
      vertex   7.170849e+00 0.000000e+00 -2.210470e+00
      vertex   7.889240e+00 5.000000e+00 -2.381904e+00
      vertex   6.777951e+00 5.000000e+00 -2.113260e+00
    endloop
  endfacet
  facet normal 2.462126e-01 5.037291e-04 9.692157e-01
    outer loop
      vertex   7.170849e+00 0.000000e+00 -2.210470e+00
      vertex   6.777951e+00 5.000000e+00 -2.113260e+00
      vertex   5.861457e+00 0.000000e+00 -1.877842e+00
    endloop
  endfacet
  facet normal 2.502968e-01 -2.941823e-04 9.681691e-01
    outer loop
      vertex   5.861457e+00 0.000000e+00 -1.877842e+00
      vertex   6.777951e+00 5.000000e+00 -2.113260e+00
      vertex   5.687703e+00 5.000000e+00 -1.831403e+00
    endloop
  endfacet
  facet normal 2.653528e-01 2.663413e-04 9.641513e-01
    outer loop
      vertex   5.861457e+00 0.000000e+00 -1.877842e+00
      vertex   5.687703e+00 5.000000e+00 -1.831403e+00
      vertex   4.581979e+00 0.000000e+00 -1.525705e+00
    endloop
  endfacet
  facet normal 2.664136e-01 1.387120e-05 9.638588e-01
    outer loop
      vertex   4.581979e+00 0.000000e+00 -1.525705e+00
      vertex   5.687703e+00 5.000000e+00 -1.831403e+00
      vertex   4.617972e+00 5.000000e+00 -1.535726e+00
    endloop
  endfacet
  facet normal 2.833066e-01 -1.174140e-04 9.590294e-01
    outer loop
      vertex   4.581979e+00 0.000000e+00 -1.525705e+00
      vertex   4.617972e+00 5.000000e+00 -1.535726e+00
      vertex   3.568233e+00 5.000000e+00 -1.225622e+00
    endloop
  endfacet
  facet normal 2.856256e-01 3.940711e-04 9.583412e-01
    outer loop
      vertex   4.581979e+00 0.000000e+00 -1.525705e+00
      vertex   3.568233e+00 5.000000e+00 -1.225622e+00
      vertex   3.331602e+00 0.000000e+00 -1.153041e+00
    endloop
  endfacet
  facet normal 3.010149e-01 -4.027848e-04 9.536194e-01
    outer loop
      vertex   3.331602e+00 0.000000e+00 -1.153041e+00
      vertex   3.568233e+00 5.000000e+00 -1.225622e+00
      vertex   2.535971e+00 5.000000e+00 -8.997837e-01
    endloop
  endfacet
  facet normal 3.069953e-01 6.455300e-04 9.517108e-01
    outer loop
      vertex   3.331602e+00 0.000000e+00 -1.153041e+00
      vertex   2.535971e+00 5.000000e+00 -8.997837e-01
      vertex   2.109514e+00 0.000000e+00 -7.588292e-01
    endloop
  endfacet
  facet normal 3.196138e-01 -5.480775e-04 9.475478e-01
    outer loop
      vertex   2.109514e+00 0.000000e+00 -7.588292e-01
      vertex   2.535971e+00 5.000000e+00 -8.997837e-01
      vertex   1.518042e+00 5.000000e+00 -5.564301e-01
    endloop
  endfacet
  facet normal 3.294092e-01 7.467072e-04 9.441870e-01
    outer loop
      vertex   2.109514e+00 0.000000e+00 -7.588292e-01
      vertex   1.518042e+00 5.000000e+00 -5.564301e-01
      vertex   9.149006e-01 0.000000e+00 -3.420510e-01
    endloop
  endfacet
  facet normal 3.390496e-01 -5.627850e-04 9.407683e-01
    outer loop
      vertex   9.149006e-01 0.000000e+00 -3.420510e-01
      vertex   1.518042e+00 5.000000e+00 -5.564301e-01
      vertex   5.141369e-01 5.000000e+00 -1.946261e-01
    endloop
  endfacet
  facet normal 3.527963e-01 6.884935e-04 9.356999e-01
    outer loop
      vertex   9.149006e-01 0.000000e+00 -3.420510e-01
      vertex   5.141369e-01 5.000000e+00 -1.946261e-01
      vertex   -2.530504e-01 0.000000e+00 9.831329e-02
    endloop
  endfacet
  facet normal 3.592646e-01 -4.483479e-04 9.332356e-01
    outer loop
      vertex   -2.530504e-01 0.000000e+00 9.831329e-02
      vertex   5.141369e-01 5.000000e+00 -1.946261e-01
      vertex   -4.760372e-01 5.000000e+00 1.865579e-01
    endloop
  endfacet
  facet normal 3.770734e-01 4.703446e-04 9.261833e-01
    outer loop
      vertex   -2.530504e-01 0.000000e+00 9.831329e-02
      vertex   -4.760372e-01 5.000000e+00 1.865579e-01
      vertex   -1.396655e+00 0.000000e+00 5.639044e-01
    endloop
  endfacet
  facet normal 3.801899e-01 -1.996966e-04 9.249084e-01
    outer loop
      vertex   -1.396655e+00 0.000000e+00 5.639044e-01
      vertex   -4.760372e-01 5.000000e+00 1.865579e-01
      vertex   -1.452772e+00 5.000000e+00 5.880514e-01
    endloop
  endfacet
  facet normal 4.017464e-01 8.646777e-05 9.157510e-01
    outer loop
      vertex   -1.396655e+00 0.000000e+00 5.639044e-01
      vertex   -1.452772e+00 5.000000e+00 5.880514e-01
      vertex   -2.416360e+00 5.000000e+00 1.010784e+00
    endloop
  endfacet
  facet normal 4.021819e-01 1.923728e-04 9.155598e-01
    outer loop
      vertex   -1.396655e+00 0.000000e+00 5.639044e-01
      vertex   -2.416360e+00 5.000000e+00 1.010784e+00
      vertex   -2.522032e+00 0.000000e+00 1.058254e+00
    endloop
  endfacet
  facet normal 4.238446e-01 -3.587302e-04 9.057349e-01
    outer loop
      vertex   -2.522032e+00 0.000000e+00 1.058254e+00
      vertex   -2.416360e+00 5.000000e+00 1.010784e+00
      vertex   -3.367092e+00 5.000000e+00 1.455686e+00
    endloop
  endfacet
  facet normal 4.280754e-01 5.146757e-04 9.037429e-01
    outer loop
      vertex   -2.522032e+00 0.000000e+00 1.058254e+00
      vertex   -3.367092e+00 5.000000e+00 1.455686e+00
      vertex   -3.630239e+00 0.000000e+00 1.583178e+00
    endloop
  endfacet
  facet normal 4.463856e-01 -6.759719e-04 8.948405e-01
    outer loop
      vertex   -3.630239e+00 0.000000e+00 1.583178e+00
      vertex   -3.367092e+00 5.000000e+00 1.455686e+00
      vertex   -4.305262e+00 5.000000e+00 1.923686e+00
    endloop
  endfacet
  facet normal 4.545916e-01 7.138706e-04 8.906997e-01
    outer loop
      vertex   -3.630239e+00 0.000000e+00 1.583178e+00
      vertex   -4.305262e+00 5.000000e+00 1.923686e+00
      vertex   -4.721841e+00 0.000000e+00 2.140305e+00
    endloop
  endfacet
  facet normal 4.692625e-01 -8.395060e-04 8.830583e-01
    outer loop
      vertex   -4.721841e+00 0.000000e+00 2.140305e+00
      vertex   -4.305262e+00 5.000000e+00 1.923686e+00
      vertex   -5.231160e+00 5.000000e+00 2.415714e+00
    endloop
  endfacet
  facet normal 4.815435e-01 7.770289e-04 8.764218e-01
    outer loop
      vertex   -4.721841e+00 0.000000e+00 2.140305e+00
      vertex   -5.231160e+00 5.000000e+00 2.415714e+00
      vertex   -5.797400e+00 0.000000e+00 2.731263e+00
    endloop
  endfacet
  facet normal 4.923621e-01 -8.288144e-04 8.703901e-01
    outer loop
      vertex   -5.797400e+00 0.000000e+00 2.731263e+00
      vertex   -5.231160e+00 5.000000e+00 2.415714e+00
      vertex   -6.145080e+00 5.000000e+00 2.932699e+00
    endloop
  endfacet
  facet normal 5.087328e-01 6.908937e-04 8.609242e-01
    outer loop
      vertex   -5.797400e+00 0.000000e+00 2.731263e+00
      vertex   -6.145080e+00 5.000000e+00 2.932699e+00
      vertex   -6.857481e+00 0.000000e+00 3.357680e+00
    endloop
  endfacet
  facet normal 5.155661e-01 -6.290536e-04 8.568495e-01
    outer loop
      vertex   -6.857481e+00 0.000000e+00 3.357680e+00
      vertex   -6.145080e+00 5.000000e+00 2.932699e+00
      vertex   -7.047312e+00 5.000000e+00 3.475572e+00
    endloop
  endfacet
  facet normal 5.359548e-01 4.421811e-04 8.442466e-01
    outer loop
      vertex   -6.857481e+00 0.000000e+00 3.357680e+00
      vertex   -7.047312e+00 5.000000e+00 3.475572e+00
      vertex   -7.902646e+00 0.000000e+00 4.021185e+00
    endloop
  endfacet
  facet normal 5.387544e-01 -2.313915e-04 8.424628e-01
    outer loop
      vertex   -7.902646e+00 0.000000e+00 4.021185e+00
      vertex   -7.047312e+00 5.000000e+00 3.475572e+00
      vertex   -7.938149e+00 5.000000e+00 4.045262e+00
    endloop
  endfacet
  facet normal 5.618064e-01 5.456740e-06 8.272687e-01
    outer loop
      vertex   -7.902646e+00 0.000000e+00 4.021185e+00
      vertex   -7.938149e+00 5.000000e+00 4.045262e+00
      vertex   -8.817883e+00 5.000000e+00 4.642698e+00
    endloop
  endfacet
  facet normal 5.846044e-01 -6.601264e-04 8.113182e-01
    outer loop
      vertex   -9.686806e+00 5.000000e+00 5.268810e+00
      vertex   -9.443661e+00 0.000000e+00 5.089541e+00
      vertex   -8.817883e+00 5.000000e+00 4.642698e+00
    endloop
  endfacet
  facet normal 5.830372e-01 -3.632405e-04 8.124454e-01
    outer loop
      vertex   -8.817883e+00 5.000000e+00 4.642698e+00
      vertex   -9.443661e+00 0.000000e+00 5.089541e+00
      vertex   -8.933460e+00 0.000000e+00 4.723404e+00
    endloop
  endfacet
  facet normal 5.630041e-01 3.259485e-04 8.264540e-01
    outer loop
      vertex   -8.817883e+00 5.000000e+00 4.642698e+00
      vertex   -8.933460e+00 0.000000e+00 4.723404e+00
      vertex   -7.902646e+00 0.000000e+00 4.021185e+00
    endloop
  endfacet
  facet normal 5.962505e-01 2.116787e-04 8.027984e-01
    outer loop
      vertex   -9.443661e+00 0.000000e+00 5.089541e+00
      vertex   -9.686806e+00 5.000000e+00 5.268810e+00
      vertex   -9.950485e+00 0.000000e+00 5.465967e+00
    endloop
  endfacet
  facet normal 6.070359e-01 -6.774499e-04 7.946741e-01
    outer loop
      vertex   -9.950485e+00 0.000000e+00 5.465967e+00
      vertex   -9.686806e+00 5.000000e+00 5.268810e+00
      vertex   -1.054521e+01 5.000000e+00 5.924528e+00
    endloop
  endfacet
  facet normal 6.093122e-01 -2.467726e-04 7.929304e-01
    outer loop
      vertex   -9.950485e+00 0.000000e+00 5.465967e+00
      vertex   -1.054521e+01 5.000000e+00 5.924528e+00
      vertex   -1.045400e+01 0.000000e+00 5.852886e+00
    endloop
  endfacet
  facet normal 6.222009e-01 1.326609e-04 7.828576e-01
    outer loop
      vertex   -1.045400e+01 0.000000e+00 5.852886e+00
      vertex   -1.054521e+01 5.000000e+00 5.924528e+00
      vertex   -1.095429e+01 0.000000e+00 6.250501e+00
    endloop
  endfacet
  facet normal 6.288937e-01 -7.647904e-04 7.774910e-01
    outer loop
      vertex   -1.095429e+01 0.000000e+00 6.250501e+00
      vertex   -1.054521e+01 5.000000e+00 5.924528e+00
      vertex   -1.139243e+01 5.000000e+00 6.609822e+00
    endloop
  endfacet
  facet normal 6.348961e-01 1.128623e-04 7.725975e-01
    outer loop
      vertex   -1.095429e+01 0.000000e+00 6.250501e+00
      vertex   -1.139243e+01 5.000000e+00 6.609822e+00
      vertex   -1.145140e+01 0.000000e+00 6.659016e+00
    endloop
  endfacet
  facet normal 6.473793e-01 -1.369916e-04 7.621680e-01
    outer loop
      vertex   -1.145140e+01 0.000000e+00 6.659016e+00
      vertex   -1.139243e+01 5.000000e+00 6.609822e+00
      vertex   -1.194542e+01 0.000000e+00 7.078634e+00
    endloop
  endfacet
  facet normal 6.497637e-01 -5.912304e-04 7.601360e-01
    outer loop
      vertex   -1.194542e+01 0.000000e+00 7.078634e+00
      vertex   -1.139243e+01 5.000000e+00 6.609822e+00
      vertex   -1.222486e+01 5.000000e+00 7.321388e+00
    endloop
  endfacet
  facet normal 6.596328e-01 3.753499e-04 7.515880e-01
    outer loop
      vertex   -1.194542e+01 0.000000e+00 7.078634e+00
      vertex   -1.222486e+01 5.000000e+00 7.321388e+00
      vertex   -1.243642e+01 0.000000e+00 7.509560e+00
    endloop
  endfacet
  facet normal 6.698561e-01 -3.995769e-04 7.424909e-01
    outer loop
      vertex   -1.243642e+01 0.000000e+00 7.509560e+00
      vertex   -1.222486e+01 5.000000e+00 7.321388e+00
      vertex   -1.304229e+01 5.000000e+00 8.058850e+00
    endloop
  endfacet
  facet normal 6.716410e-01 -5.959893e-06 7.408767e-01
    outer loop
      vertex   -1.243642e+01 0.000000e+00 7.509560e+00
      vertex   -1.304229e+01 5.000000e+00 8.058850e+00
      vertex   -1.292447e+01 0.000000e+00 7.951995e+00
    endloop
  endfacet
  facet normal 6.833896e-01 5.021941e-04 7.300537e-01
    outer loop
      vertex   -1.292447e+01 0.000000e+00 7.951995e+00
      vertex   -1.304229e+01 5.000000e+00 8.058850e+00
      vertex   -1.340963e+01 0.000000e+00 8.406145e+00
    endloop
  endfacet
  facet normal 6.891764e-01 -3.022008e-04 7.245935e-01
    outer loop
      vertex   -1.340963e+01 0.000000e+00 8.406145e+00
      vertex   -1.304229e+01 5.000000e+00 8.058850e+00
      vertex   -1.384487e+01 5.000000e+00 8.822201e+00
    endloop
  endfacet
  facet normal 6.948662e-01 6.469851e-04 7.191388e-01
    outer loop
      vertex   -1.340963e+01 0.000000e+00 8.406145e+00
      vertex   -1.384487e+01 5.000000e+00 8.822201e+00
      vertex   -1.389197e+01 0.000000e+00 8.872212e+00
    endloop
  endfacet
  facet normal 7.060371e-01 4.320860e-04 7.081747e-01
    outer loop
      vertex   -1.389197e+01 0.000000e+00 8.872212e+00
      vertex   -1.384487e+01 5.000000e+00 8.822201e+00
      vertex   -1.436994e+01 0.000000e+00 9.348735e+00
    endloop
  endfacet
  facet normal 7.077068e-01 8.104048e-05 7.065062e-01
    outer loop
      vertex   -1.436994e+01 0.000000e+00 9.348735e+00
      vertex   -1.384487e+01 5.000000e+00 8.822201e+00
      vertex   -1.463277e+01 5.000000e+00 9.611437e+00
    endloop
  endfacet
  facet normal 7.168032e-01 1.044218e-03 6.972748e-01
    outer loop
      vertex   -1.436994e+01 0.000000e+00 9.348735e+00
      vertex   -1.463277e+01 5.000000e+00 9.611437e+00
      vertex   -1.483775e+01 0.000000e+00 9.829646e+00
    endloop
  endfacet
  facet normal 7.254358e-01 2.981875e-04 6.882897e-01
    outer loop
      vertex   -1.483775e+01 0.000000e+00 9.829646e+00
      vertex   -1.463277e+01 5.000000e+00 9.611437e+00
      vertex   -1.540615e+01 5.000000e+00 1.042655e+01
    endloop
  endfacet
  facet normal 7.271190e-01 7.018673e-04 6.865111e-01
    outer loop
      vertex   -1.483775e+01 0.000000e+00 9.829646e+00
      vertex   -1.540615e+01 5.000000e+00 1.042655e+01
      vertex   -1.529493e+01 0.000000e+00 1.031387e+01
    endloop
  endfacet
  facet normal 7.369961e-01 1.160772e-03 6.758960e-01
    outer loop
      vertex   -1.529493e+01 0.000000e+00 1.031387e+01
      vertex   -1.540615e+01 5.000000e+00 1.042655e+01
      vertex   -1.574155e+01 0.000000e+00 1.080086e+01
    endloop
  endfacet
  facet normal 7.423584e-01 3.598984e-04 6.700029e-01
    outer loop
      vertex   -1.574155e+01 0.000000e+00 1.080086e+01
      vertex   -1.540615e+01 5.000000e+00 1.042655e+01
      vertex   -1.616517e+01 5.000000e+00 1.126754e+01
    endloop
  endfacet
  facet normal 7.509748e-01 1.992958e-03 6.603278e-01
    outer loop
      vertex   -1.574155e+01 0.000000e+00 1.080086e+01
      vertex   -1.616517e+01 5.000000e+00 1.126754e+01
      vertex   -1.660326e+01 0.000000e+00 1.178087e+01
    endloop
  endfacet
  facet normal 7.584751e-01 4.502275e-04 6.517019e-01
    outer loop
      vertex   -1.660326e+01 0.000000e+00 1.178087e+01
      vertex   -1.616517e+01 5.000000e+00 1.126754e+01
      vertex   -1.691000e+01 5.000000e+00 1.213440e+01
    endloop
  endfacet
  facet normal 7.683071e-01 1.875243e-03 6.400787e-01
    outer loop
      vertex   -1.660326e+01 0.000000e+00 1.178087e+01
      vertex   -1.691000e+01 5.000000e+00 1.213440e+01
      vertex   -1.742329e+01 0.000000e+00 1.276518e+01
    endloop
  endfacet
  facet normal 7.737918e-01 4.746519e-04 6.334398e-01
    outer loop
      vertex   -1.742329e+01 0.000000e+00 1.276518e+01
      vertex   -1.691000e+01 5.000000e+00 1.213440e+01
      vertex   -1.764080e+01 5.000000e+00 1.302713e+01
    endloop
  endfacet
  facet normal 7.841796e-01 1.602775e-03 6.205318e-01
    outer loop
      vertex   -1.742329e+01 0.000000e+00 1.276518e+01
      vertex   -1.764080e+01 5.000000e+00 1.302713e+01
      vertex   -1.820206e+01 0.000000e+00 1.374932e+01
    endloop
  endfacet
  facet normal 7.883193e-01 3.775352e-04 6.152662e-01
    outer loop
      vertex   -1.820206e+01 0.000000e+00 1.374932e+01
      vertex   -1.764080e+01 5.000000e+00 1.302713e+01
      vertex   -1.835773e+01 5.000000e+00 1.394571e+01
    endloop
  endfacet
  facet normal 7.987114e-01 1.233433e-03 6.017131e-01
    outer loop
      vertex   -1.820206e+01 0.000000e+00 1.374932e+01
      vertex   -1.835773e+01 5.000000e+00 1.394571e+01
      vertex   -1.893996e+01 0.000000e+00 1.472881e+01
    endloop
  endfacet
  facet normal 8.020723e-01 1.394400e-04 5.972269e-01
    outer loop
      vertex   -1.893996e+01 0.000000e+00 1.472881e+01
      vertex   -1.835773e+01 5.000000e+00 1.394571e+01
      vertex   -1.906097e+01 5.000000e+00 1.489015e+01
    endloop
  endfacet
  facet normal 8.120126e-01 8.184512e-04 5.836393e-01
    outer loop
      vertex   -1.893996e+01 0.000000e+00 1.472881e+01
      vertex   -1.906097e+01 5.000000e+00 1.489015e+01
      vertex   -1.963741e+01 0.000000e+00 1.569917e+01
    endloop
  endfacet
  facet normal 8.150692e-01 -2.257630e-04 5.793636e-01
    outer loop
      vertex   -1.963741e+01 0.000000e+00 1.569917e+01
      vertex   -1.906097e+01 5.000000e+00 1.489015e+01
      vertex   -1.975066e+01 5.000000e+00 1.586044e+01
    endloop
  endfacet
  facet normal 8.241848e-01 4.014042e-04 5.663208e-01
    outer loop
      vertex   -1.963741e+01 0.000000e+00 1.569917e+01
      vertex   -1.975066e+01 5.000000e+00 1.586044e+01
      vertex   -2.029482e+01 0.000000e+00 1.665591e+01
    endloop
  endfacet
  facet normal 8.273312e-01 -6.739128e-04 5.617140e-01
    outer loop
      vertex   -2.029482e+01 0.000000e+00 1.665591e+01
      vertex   -1.975066e+01 5.000000e+00 1.586044e+01
      vertex   -2.042699e+01 5.000000e+00 1.685658e+01
    endloop
  endfacet
  facet normal 8.326721e-01 -2.137648e-04 5.537664e-01
    outer loop
      vertex   -2.029482e+01 0.000000e+00 1.665591e+01
      vertex   -2.042699e+01 5.000000e+00 1.685658e+01
      vertex   -2.060863e+01 0.000000e+00 1.712778e+01
    endloop
  endfacet
  facet normal 8.379947e-01 -8.458500e-04 5.456778e-01
    outer loop
      vertex   -2.060863e+01 0.000000e+00 1.712778e+01
      vertex   -2.042699e+01 5.000000e+00 1.685658e+01
      vertex   -2.091258e+01 0.000000e+00 1.759456e+01
    endloop
  endfacet
  facet normal 8.388821e-01 -1.133630e-03 5.443120e-01
    outer loop
      vertex   -2.091258e+01 0.000000e+00 1.759456e+01
      vertex   -2.042699e+01 5.000000e+00 1.685658e+01
      vertex   -2.109010e+01 5.000000e+00 1.787855e+01
    endloop
  endfacet
  facet normal 8.430844e-01 -6.134863e-04 5.377810e-01
    outer loop
      vertex   -2.091258e+01 0.000000e+00 1.759456e+01
      vertex   -2.109010e+01 5.000000e+00 1.787855e+01
      vertex   -2.120673e+01 0.000000e+00 1.805569e+01
    endloop
  endfacet
  facet normal 8.479496e-01 -9.999532e-04 5.300760e-01
    outer loop
      vertex   -2.120673e+01 0.000000e+00 1.805569e+01
      vertex   -2.109010e+01 5.000000e+00 1.787855e+01
      vertex   -2.149112e+01 0.000000e+00 1.851063e+01
    endloop
  endfacet
  facet normal 8.497479e-01 -1.509381e-03 5.271871e-01
    outer loop
      vertex   -2.149112e+01 0.000000e+00 1.851063e+01
      vertex   -2.109010e+01 5.000000e+00 1.787855e+01
      vertex   -2.174016e+01 5.000000e+00 1.892636e+01
    endloop
  endfacet
  facet normal 8.525996e-01 -9.829323e-04 5.225638e-01
    outer loop
      vertex   -2.149112e+01 0.000000e+00 1.851063e+01
      vertex   -2.174016e+01 5.000000e+00 1.892636e+01
      vertex   -2.176581e+01 0.000000e+00 1.895880e+01
    endloop
  endfacet
  facet normal 8.570421e-01 -1.053195e-03 5.152453e-01
    outer loop
      vertex   -2.176581e+01 0.000000e+00 1.895880e+01
      vertex   -2.174016e+01 5.000000e+00 1.892636e+01
      vertex   -2.203084e+01 0.000000e+00 1.939964e+01
    endloop
  endfacet
  facet normal 8.599559e-01 -1.684488e-03 5.103655e-01
    outer loop
      vertex   -2.203084e+01 0.000000e+00 1.939964e+01
      vertex   -2.174016e+01 5.000000e+00 1.892636e+01
      vertex   -2.237735e+01 5.000000e+00 2.000000e+01
    endloop
  endfacet
  facet normal 8.612844e-01 -1.322974e-03 5.081215e-01
    outer loop
      vertex   -2.203084e+01 0.000000e+00 1.939964e+01
      vertex   -2.237735e+01 5.000000e+00 2.000000e+01
      vertex   -2.228627e+01 0.000000e+00 1.983260e+01
    endloop
  endfacet
  facet normal 8.653340e-01 -1.017298e-03 5.011946e-01
    outer loop
      vertex   -2.228627e+01 0.000000e+00 1.983260e+01
      vertex   -2.237735e+01 5.000000e+00 2.000000e+01
      vertex   -2.253214e+01 0.000000e+00 2.025712e+01
    endloop
  endfacet
  facet normal 8.635295e-01 -8.018615e-04 5.042976e-01
    outer loop
      vertex   -2.253214e+01 0.000000e+00 2.025712e+01
      vertex   -2.237735e+01 5.000000e+00 2.000000e+01
      vertex   -2.266065e+01 1.000000e+01 2.049307e+01
    endloop
  endfacet
  facet normal 8.691966e-01 -4.970735e-04 4.944665e-01
    outer loop
      vertex   -2.253214e+01 0.000000e+00 2.025712e+01
      vertex   -2.266065e+01 1.000000e+01 2.049307e+01
      vertex   -2.276852e+01 0.000000e+00 2.067263e+01
    endloop
  endfacet
  facet normal 8.728770e-01 -6.539659e-04 4.879400e-01
    outer loop
      vertex   -2.276852e+01 0.000000e+00 2.067263e+01
      vertex   -2.266065e+01 1.000000e+01 2.049307e+01
      vertex   -2.299544e+01 0.000000e+00 2.107858e+01
    endloop
  endfacet
  facet normal 8.740362e-01 -8.145580e-04 4.858601e-01
    outer loop
      vertex   -2.299544e+01 0.000000e+00 2.107858e+01
      vertex   -2.266065e+01 1.000000e+01 2.049307e+01
      vertex   -2.327085e+01 1.000000e+01 2.159077e+01
    endloop
  endfacet
  facet normal 8.763804e-01 -5.327857e-04 4.816193e-01
    outer loop
      vertex   -2.299544e+01 0.000000e+00 2.107858e+01
      vertex   -2.327085e+01 1.000000e+01 2.159077e+01
      vertex   -2.321297e+01 0.000000e+00 2.147440e+01
    endloop
  endfacet
  facet normal 8.797106e-01 -4.424067e-04 4.755093e-01
    outer loop
      vertex   -2.321297e+01 0.000000e+00 2.147440e+01
      vertex   -2.327085e+01 1.000000e+01 2.159077e+01
      vertex   -2.342115e+01 0.000000e+00 2.185953e+01
    endloop
  endfacet
  facet normal 8.828702e-01 -6.482683e-04 4.696166e-01
    outer loop
      vertex   -2.342115e+01 0.000000e+00 2.185953e+01
      vertex   -2.327085e+01 1.000000e+01 2.159077e+01
      vertex   -2.362003e+01 0.000000e+00 2.223342e+01
    endloop
  endfacet
  facet normal 8.831841e-01 -6.971858e-04 4.690260e-01
    outer loop
      vertex   -2.362003e+01 0.000000e+00 2.223342e+01
      vertex   -2.327085e+01 1.000000e+01 2.159077e+01
      vertex   -2.386409e+01 1.000000e+01 2.270787e+01
    endloop
  endfacet
  facet normal 8.858615e-01 -3.909950e-04 4.639497e-01
    outer loop
      vertex   -2.362003e+01 0.000000e+00 2.223342e+01
      vertex   -2.386409e+01 1.000000e+01 2.270787e+01
      vertex   -2.380966e+01 0.000000e+00 2.259551e+01
    endloop
  endfacet
  facet normal 8.886846e-01 -3.146073e-04 4.585188e-01
    outer loop
      vertex   -2.380966e+01 0.000000e+00 2.259551e+01
      vertex   -2.386409e+01 1.000000e+01 2.270787e+01
      vertex   -2.399010e+01 0.000000e+00 2.294523e+01
    endloop
  endfacet
  facet normal 8.913387e-01 -4.710323e-04 4.533376e-01
    outer loop
      vertex   -2.399010e+01 0.000000e+00 2.294523e+01
      vertex   -2.386409e+01 1.000000e+01 2.270787e+01
      vertex   -2.416140e+01 0.000000e+00 2.328203e+01
    endloop
  endfacet
  facet normal 8.918504e-01 -5.440957e-04 4.523301e-01
    outer loop
      vertex   -2.416140e+01 0.000000e+00 2.328203e+01
      vertex   -2.386409e+01 1.000000e+01 2.270787e+01
      vertex   -2.444047e+01 1.000000e+01 2.384429e+01
    endloop
  endfacet
  facet normal 8.938212e-01 -2.694393e-04 4.484234e-01
    outer loop
      vertex   -2.416140e+01 0.000000e+00 2.328203e+01
      vertex   -2.444047e+01 1.000000e+01 2.384429e+01
      vertex   -2.432360e+01 0.000000e+00 2.360534e+01
    endloop
  endfacet
  facet normal 8.961268e-01 -1.319707e-04 4.437981e-01
    outer loop
      vertex   -2.432360e+01 0.000000e+00 2.360534e+01
      vertex   -2.444047e+01 1.000000e+01 2.384429e+01
      vertex   -2.447676e+01 0.000000e+00 2.391460e+01
    endloop
  endfacet
  facet normal 8.886000e-01 0.000000e+00 4.586828e-01
    outer loop
      vertex   -2.447676e+01 0.000000e+00 2.391460e+01
      vertex   -2.444047e+01 1.000000e+01 2.384429e+01
      vertex   -2.444047e+01 2.000000e+01 2.384429e+01
    endloop
  endfacet
  facet normal 8.886000e-01 0.000000e+00 4.586828e-01
    outer loop
      vertex   -2.447676e+01 0.000000e+00 2.391460e+01
      vertex   -2.444047e+01 2.000000e+01 2.384429e+01
      vertex   -2.444047e+01 3.000000e+01 2.384429e+01
    endloop
  endfacet
  facet normal 8.918506e-01 0.000000e+00 4.523301e-01
    outer loop
      vertex   -2.444047e+01 3.000000e+01 2.384429e+01
      vertex   -2.444047e+01 2.000000e+01 2.384429e+01
      vertex   -2.386409e+01 2.000000e+01 2.270787e+01
    endloop
  endfacet
  facet normal 8.918506e-01 0.000000e+00 4.523301e-01
    outer loop
      vertex   -2.444047e+01 3.000000e+01 2.384429e+01
      vertex   -2.386409e+01 2.000000e+01 2.270787e+01
      vertex   -2.386409e+01 3.000000e+01 2.270787e+01
    endloop
  endfacet
  facet normal 8.831843e-01 0.000000e+00 4.690261e-01
    outer loop
      vertex   -2.386409e+01 3.000000e+01 2.270787e+01
      vertex   -2.386409e+01 2.000000e+01 2.270787e+01
      vertex   -2.327085e+01 2.000000e+01 2.159077e+01
    endloop
  endfacet
  facet normal 8.831843e-01 0.000000e+00 4.690261e-01
    outer loop
      vertex   -2.386409e+01 3.000000e+01 2.270787e+01
      vertex   -2.327085e+01 2.000000e+01 2.159077e+01
      vertex   -2.327085e+01 3.000000e+01 2.159077e+01
    endloop
  endfacet
  facet normal 8.740365e-01 0.000000e+00 4.858602e-01
    outer loop
      vertex   -2.327085e+01 3.000000e+01 2.159077e+01
      vertex   -2.327085e+01 2.000000e+01 2.159077e+01
      vertex   -2.266065e+01 2.000000e+01 2.049307e+01
    endloop
  endfacet
  facet normal 8.740365e-01 0.000000e+00 4.858602e-01
    outer loop
      vertex   -2.327085e+01 3.000000e+01 2.159077e+01
      vertex   -2.266065e+01 2.000000e+01 2.049307e+01
      vertex   -2.266065e+01 3.000000e+01 2.049307e+01
    endloop
  endfacet
  facet normal 8.670639e-01 0.000000e+00 4.981970e-01
    outer loop
      vertex   -2.266065e+01 3.000000e+01 2.049307e+01
      vertex   -2.266065e+01 2.000000e+01 2.049307e+01
      vertex   -2.237735e+01 5.000000e+00 2.000000e+01
    endloop
  endfacet
  facet normal 8.670639e-01 0.000000e+00 4.981970e-01
    outer loop
      vertex   -2.266065e+01 3.000000e+01 2.049307e+01
      vertex   -2.237735e+01 5.000000e+00 2.000000e+01
      vertex   -2.237735e+01 5.500000e+01 2.000000e+01
    endloop
  endfacet
  facet normal 8.603721e-01 1.274128e-03 5.096648e-01
    outer loop
      vertex   -2.181399e+01 5.500000e+01 1.904899e+01
      vertex   -2.209278e+01 6.000000e+01 1.950711e+01
      vertex   -2.237735e+01 5.500000e+01 2.000000e+01
    endloop
  endfacet
  facet normal 8.624414e-01 8.104958e-04 5.061563e-01
    outer loop
      vertex   -2.237735e+01 5.500000e+01 2.000000e+01
      vertex   -2.209278e+01 6.000000e+01 1.950711e+01
      vertex   -2.237752e+01 6.000000e+01 1.999229e+01
    endloop
  endfacet
  facet normal 8.669125e-01 7.987874e-04 4.984597e-01
    outer loop
      vertex   -2.237735e+01 5.500000e+01 2.000000e+01
      vertex   -2.237752e+01 6.000000e+01 1.999229e+01
      vertex   -2.265014e+01 6.000000e+01 2.046643e+01
    endloop
  endfacet
  facet normal 8.511035e-01 1.201306e-03 5.249965e-01
    outer loop
      vertex   -2.123340e+01 5.500000e+01 1.810776e+01
      vertex   -2.148665e+01 6.000000e+01 1.850688e+01
      vertex   -2.181399e+01 5.500000e+01 1.904899e+01
    endloop
  endfacet
  facet normal 8.527658e-01 7.993532e-04 5.222930e-01
    outer loop
      vertex   -2.181399e+01 5.500000e+01 1.904899e+01
      vertex   -2.148665e+01 6.000000e+01 1.850688e+01
      vertex   -2.179584e+01 6.000000e+01 1.901171e+01
    endloop
  endfacet
  facet normal 8.577291e-01 7.202562e-04 5.141014e-01
    outer loop
      vertex   -2.181399e+01 5.500000e+01 1.904899e+01
      vertex   -2.179584e+01 6.000000e+01 1.901171e+01
      vertex   -2.209278e+01 6.000000e+01 1.950711e+01
    endloop
  endfacet
  facet normal 8.412966e-01 1.044535e-03 5.405728e-01
    outer loop
      vertex   -2.063554e+01 5.500000e+01 1.717730e+01
      vertex   -2.083124e+01 6.000000e+01 1.747221e+01
      vertex   -2.123340e+01 5.500000e+01 1.810776e+01
    endloop
  endfacet
  facet normal 8.420426e-01 8.367785e-04 5.394104e-01
    outer loop
      vertex   -2.123340e+01 5.500000e+01 1.810776e+01
      vertex   -2.083124e+01 6.000000e+01 1.747221e+01
      vertex   -2.116514e+01 6.000000e+01 1.799344e+01
    endloop
  endfacet
  facet normal 8.475410e-01 5.632306e-04 5.307297e-01
    outer loop
      vertex   -2.123340e+01 5.500000e+01 1.810776e+01
      vertex   -2.116514e+01 6.000000e+01 1.799344e+01
      vertex   -2.148665e+01 6.000000e+01 1.850688e+01
    endloop
  endfacet
  facet normal 8.362586e-01 3.895186e-04 5.483351e-01
    outer loop
      vertex   -2.083124e+01 6.000000e+01 1.747221e+01
      vertex   -2.063554e+01 5.500000e+01 1.717730e+01
      vertex   -2.048488e+01 6.000000e+01 1.694398e+01
    endloop
  endfacet
  facet normal 8.309163e-01 9.266765e-04 5.563967e-01
    outer loop
      vertex   -2.048488e+01 6.000000e+01 1.694398e+01
      vertex   -2.063554e+01 5.500000e+01 1.717730e+01
      vertex   -2.002035e+01 5.500000e+01 1.625859e+01
    endloop
  endfacet
  facet normal 8.301745e-01 7.061042e-04 5.575031e-01
    outer loop
      vertex   -2.048488e+01 6.000000e+01 1.694398e+01
      vertex   -2.002035e+01 5.500000e+01 1.625859e+01
      vertex   -2.012600e+01 6.000000e+01 1.640958e+01
    endloop
  endfacet
  facet normal 8.237765e-01 2.866988e-04 5.669146e-01
    outer loop
      vertex   -2.012600e+01 6.000000e+01 1.640958e+01
      vertex   -2.002035e+01 5.500000e+01 1.625859e+01
      vertex   -1.975454e+01 6.000000e+01 1.586981e+01
    endloop
  endfacet
  facet normal 8.199257e-01 9.233259e-04 5.724692e-01
    outer loop
      vertex   -1.975454e+01 6.000000e+01 1.586981e+01
      vertex   -2.002035e+01 5.500000e+01 1.625859e+01
      vertex   -1.938779e+01 5.500000e+01 1.535260e+01
    endloop
  endfacet
  facet normal 8.170485e-01 2.882174e-04 5.765689e-01
    outer loop
      vertex   -1.975454e+01 6.000000e+01 1.586981e+01
      vertex   -1.938779e+01 5.500000e+01 1.535260e+01
      vertex   -1.937042e+01 6.000000e+01 1.532549e+01
    endloop
  endfacet
  facet normal 8.099741e-01 3.664725e-04 5.864656e-01
    outer loop
      vertex   -1.937042e+01 6.000000e+01 1.532549e+01
      vertex   -1.938779e+01 5.500000e+01 1.535260e+01
      vertex   -1.897358e+01 6.000000e+01 1.477741e+01
    endloop
  endfacet
  facet normal 8.082866e-01 7.735239e-04 5.887888e-01
    outer loop
      vertex   -1.897358e+01 6.000000e+01 1.477741e+01
      vertex   -1.938779e+01 5.500000e+01 1.535260e+01
      vertex   -1.873782e+01 5.500000e+01 1.446033e+01
    endloop
  endfacet
  facet normal 8.025358e-01 6.741851e-06 5.966040e-01
    outer loop
      vertex   -1.897358e+01 6.000000e+01 1.477741e+01
      vertex   -1.873782e+01 5.500000e+01 1.446033e+01
      vertex   -1.856396e+01 6.000000e+01 1.422640e+01
    endloop
  endfacet
  facet normal 7.959587e-01 6.446527e-04 6.053506e-01
    outer loop
      vertex   -1.856396e+01 6.000000e+01 1.422640e+01
      vertex   -1.873782e+01 5.500000e+01 1.446033e+01
      vertex   -1.807039e+01 5.500000e+01 1.358274e+01
    endloop
  endfacet
  facet normal 7.947150e-01 3.117882e-04 6.069827e-01
    outer loop
      vertex   -1.856396e+01 6.000000e+01 1.422640e+01
      vertex   -1.807039e+01 5.500000e+01 1.358274e+01
      vertex   -1.814149e+01 6.000000e+01 1.367326e+01
    endloop
  endfacet
  facet normal 7.864925e-01 2.648339e-06 6.175998e-01
    outer loop
      vertex   -1.814149e+01 6.000000e+01 1.367326e+01
      vertex   -1.807039e+01 5.500000e+01 1.358274e+01
      vertex   -1.770610e+01 6.000000e+01 1.311881e+01
    endloop
  endfacet
  facet normal 7.829129e-01 6.838845e-04 6.221310e-01
    outer loop
      vertex   -1.770610e+01 6.000000e+01 1.311881e+01
      vertex   -1.807039e+01 5.500000e+01 1.358274e+01
      vertex   -1.738683e+01 5.500000e+01 1.272252e+01
    endloop
  endfacet
  facet normal 7.778478e-01 -1.405927e-04 6.284527e-01
    outer loop
      vertex   -1.770610e+01 6.000000e+01 1.311881e+01
      vertex   -1.738683e+01 5.500000e+01 1.272252e+01
      vertex   -1.725773e+01 6.000000e+01 1.256385e+01
    endloop
  endfacet
  facet normal 7.692391e-01 4.151495e-04 6.389609e-01
    outer loop
      vertex   -1.725773e+01 6.000000e+01 1.256385e+01
      vertex   -1.738683e+01 5.500000e+01 1.272252e+01
      vertex   -1.670072e+01 5.500000e+01 1.189652e+01
    endloop
  endfacet
  facet normal 7.687596e-01 2.847285e-04 6.395378e-01
    outer loop
      vertex   -1.725773e+01 6.000000e+01 1.256385e+01
      vertex   -1.670072e+01 5.500000e+01 1.189652e+01
      vertex   -1.679630e+01 6.000000e+01 1.200919e+01
    endloop
  endfacet
  facet normal 7.592058e-01 -1.528181e-04 6.508506e-01
    outer loop
      vertex   -1.679630e+01 6.000000e+01 1.200919e+01
      vertex   -1.670072e+01 5.500000e+01 1.189652e+01
      vertex   -1.632176e+01 6.000000e+01 1.145565e+01
    endloop
  endfacet
  facet normal 7.550838e-01 5.808552e-04 6.556281e-01
    outer loop
      vertex   -1.632176e+01 6.000000e+01 1.145565e+01
      vertex   -1.670072e+01 5.500000e+01 1.189652e+01
      vertex   -1.601607e+01 5.500000e+01 1.110801e+01
    endloop
  endfacet
  facet normal 7.491633e-01 -2.509202e-04 6.623853e-01
    outer loop
      vertex   -1.632176e+01 6.000000e+01 1.145565e+01
      vertex   -1.601607e+01 5.500000e+01 1.110801e+01
      vertex   -1.583404e+01 6.000000e+01 1.090403e+01
    endloop
  endfacet
  facet normal 7.405043e-01 4.586651e-04 6.720515e-01
    outer loop
      vertex   -1.583404e+01 6.000000e+01 1.090403e+01
      vertex   -1.601607e+01 5.500000e+01 1.110801e+01
      vertex   -1.533350e+01 5.500000e+01 1.035591e+01
    endloop
  endfacet
  facet normal 7.386510e-01 4.988177e-05 6.740880e-01
    outer loop
      vertex   -1.583404e+01 6.000000e+01 1.090403e+01
      vertex   -1.533350e+01 5.500000e+01 1.035591e+01
      vertex   -1.533779e+01 6.000000e+01 1.036025e+01
    endloop
  endfacet
  facet normal 7.277658e-01 3.034330e-05 6.858258e-01
    outer loop
      vertex   -1.533779e+01 6.000000e+01 1.036025e+01
      vertex   -1.533350e+01 5.500000e+01 1.035591e+01
      vertex   -1.484008e+01 6.000000e+01 9.832104e+00
    endloop
  endfacet
  facet normal 7.255301e-01 4.986736e-04 6.881903e-01
    outer loop
      vertex   -1.484008e+01 6.000000e+01 9.832104e+00
      vertex   -1.533350e+01 5.500000e+01 1.035591e+01
      vertex   -1.465363e+01 5.500000e+01 9.639161e+00
    endloop
  endfacet
  facet normal 7.165935e-01 -1.934739e-04 6.974910e-01
    outer loop
      vertex   -1.484008e+01 6.000000e+01 9.832104e+00
      vertex   -1.465363e+01 5.500000e+01 9.639161e+00
      vertex   -1.434100e+01 6.000000e+01 9.319352e+00
    endloop
  endfacet
  facet normal 7.101955e-01 6.231747e-04 7.040043e-01
    outer loop
      vertex   -1.434100e+01 6.000000e+01 9.319352e+00
      vertex   -1.465363e+01 5.500000e+01 9.639161e+00
      vertex   -1.397710e+01 5.500000e+01 8.956683e+00
    endloop
  endfacet
  facet normal 7.051447e-01 -1.113803e-04 7.090635e-01
    outer loop
      vertex   -1.434100e+01 6.000000e+01 9.319352e+00
      vertex   -1.397710e+01 5.500000e+01 8.956683e+00
      vertex   -1.384057e+01 6.000000e+01 8.821689e+00
    endloop
  endfacet
  facet normal 6.945394e-01 4.587581e-04 7.194545e-01
    outer loop
      vertex   -1.384057e+01 6.000000e+01 8.821689e+00
      vertex   -1.397710e+01 5.500000e+01 8.956683e+00
      vertex   -1.330454e+01 5.500000e+01 8.307409e+00
    endloop
  endfacet
  facet normal 6.934305e-01 2.299216e-04 7.205235e-01
    outer loop
      vertex   -1.384057e+01 6.000000e+01 8.821689e+00
      vertex   -1.330454e+01 5.500000e+01 8.307409e+00
      vertex   -1.333882e+01 6.000000e+01 8.338807e+00
    endloop
  endfacet
  facet normal 6.814641e-01 7.673645e-05 7.318516e-01
    outer loop
      vertex   -1.333882e+01 6.000000e+01 8.338807e+00
      vertex   -1.330454e+01 5.500000e+01 8.307409e+00
      vertex   -1.283578e+01 6.000000e+01 7.870399e+00
    endloop
  endfacet
  facet normal 6.786054e-01 5.764692e-04 7.345028e-01
    outer loop
      vertex   -1.283578e+01 6.000000e+01 7.870399e+00
      vertex   -1.330454e+01 5.500000e+01 8.307409e+00
      vertex   -1.263657e+01 5.500000e+01 7.690270e+00
    endloop
  endfacet
  facet normal 6.692601e-01 -1.030046e-04 7.430282e-01
    outer loop
      vertex   -1.283578e+01 6.000000e+01 7.870399e+00
      vertex   -1.263657e+01 5.500000e+01 7.690270e+00
      vertex   -1.233147e+01 6.000000e+01 7.416156e+00
    endloop
  endfacet
  facet normal 6.624417e-01 6.466463e-04 7.491132e-01
    outer loop
      vertex   -1.233147e+01 6.000000e+01 7.416156e+00
      vertex   -1.263657e+01 5.500000e+01 7.690270e+00
      vertex   -1.197381e+01 5.500000e+01 7.104197e+00
    endloop
  endfacet
  facet normal 6.568350e-01 -6.144686e-05 7.540343e-01
    outer loop
      vertex   -1.233147e+01 6.000000e+01 7.416156e+00
      vertex   -1.197381e+01 5.500000e+01 7.104197e+00
      vertex   -1.182591e+01 6.000000e+01 6.975770e+00
    endloop
  endfacet
  facet normal 6.461013e-01 4.928042e-04 7.632515e-01
    outer loop
      vertex   -1.182591e+01 6.000000e+01 6.975770e+00
      vertex   -1.197381e+01 5.500000e+01 7.104197e+00
      vertex   -1.131691e+01 5.500000e+01 6.548120e+00
    endloop
  endfacet
  facet normal 6.442069e-01 1.631249e-04 7.648513e-01
    outer loop
      vertex   -1.182591e+01 6.000000e+01 6.975770e+00
      vertex   -1.131691e+01 5.500000e+01 6.548120e+00
      vertex   -1.131914e+01 6.000000e+01 6.548934e+00
    endloop
  endfacet
  facet normal 6.313954e-01 1.556748e-04 7.754611e-01
    outer loop
      vertex   -1.131914e+01 6.000000e+01 6.548934e+00
      vertex   -1.131691e+01 5.500000e+01 6.548120e+00
      vertex   -1.081118e+01 6.000000e+01 6.135340e+00
    endloop
  endfacet
  facet normal 6.296411e-01 4.507469e-04 7.768860e-01
    outer loop
      vertex   -1.081118e+01 6.000000e+01 6.135340e+00
      vertex   -1.131691e+01 5.500000e+01 6.548120e+00
      vertex   -1.066648e+01 5.500000e+01 6.020968e+00
    endloop
  endfacet
  facet normal 6.184217e-01 -7.890159e-05 7.858464e-01
    outer loop
      vertex   -1.081118e+01 6.000000e+01 6.135340e+00
      vertex   -1.066648e+01 5.500000e+01 6.020968e+00
      vertex   -1.030205e+01 6.000000e+01 5.734680e+00
    endloop
  endfacet
  facet normal 6.131228e-01 5.444201e-04 7.899874e-01
    outer loop
      vertex   -1.030205e+01 6.000000e+01 5.734680e+00
      vertex   -1.066648e+01 5.500000e+01 6.020968e+00
      vertex   -1.002316e+01 5.500000e+01 5.521673e+00
    endloop
  endfacet
  facet normal 6.053085e-01 -1.472103e-04 7.959910e-01
    outer loop
      vertex   -1.030205e+01 6.000000e+01 5.734680e+00
      vertex   -1.002316e+01 5.500000e+01 5.521673e+00
      vertex   -9.791777e+00 6.000000e+01 5.346647e+00
    endloop
  endfacet
  facet normal 5.966122e-01 4.841033e-04 8.025295e-01
    outer loop
      vertex   -9.791777e+00 6.000000e+01 5.346647e+00
      vertex   -1.002316e+01 5.500000e+01 5.521673e+00
      vertex   -9.387564e+00 5.500000e+01 5.049165e+00
    endloop
  endfacet
  facet normal 5.920796e-01 -8.163064e-05 8.058795e-01
    outer loop
      vertex   -9.791777e+00 6.000000e+01 5.346647e+00
      vertex   -9.387564e+00 5.500000e+01 5.049165e+00
      vertex   -9.280391e+00 6.000000e+01 4.970932e+00
    endloop
  endfacet
  facet normal 5.801790e-01 3.081635e-04 8.144889e-01
    outer loop
      vertex   -9.280391e+00 6.000000e+01 4.970932e+00
      vertex   -9.387564e+00 5.500000e+01 5.049165e+00
      vertex   -8.760333e+00 5.500000e+01 4.602374e+00
    endloop
  endfacet
  facet normal 5.787601e-01 8.621427e-05 8.154979e-01
    outer loop
      vertex   -9.280391e+00 6.000000e+01 4.970932e+00
      vertex   -8.760333e+00 5.500000e+01 4.602374e+00
      vertex   -8.767916e+00 6.000000e+01 4.607228e+00
    endloop
  endfacet
  facet normal 5.653760e-01 5.685420e-05 8.248333e-01
    outer loop
      vertex   -8.767916e+00 6.000000e+01 4.607228e+00
      vertex   -8.760333e+00 5.500000e+01 4.602374e+00
      vertex   -8.254377e+00 6.000000e+01 4.255226e+00
    endloop
  endfacet
  facet normal 5.638970e-01 2.767601e-04 8.258451e-01
    outer loop
      vertex   -8.254377e+00 6.000000e+01 4.255226e+00
      vertex   -8.760333e+00 5.500000e+01 4.602374e+00
      vertex   -8.142090e+00 5.500000e+01 4.180231e+00
    endloop
  endfacet
  facet normal 5.519543e-01 -1.118739e-04 8.338744e-01
    outer loop
      vertex   -8.254377e+00 6.000000e+01 4.255226e+00
      vertex   -8.142090e+00 5.500000e+01 4.180231e+00
      vertex   -7.739800e+00 6.000000e+01 3.914620e+00
    endloop
  endfacet
  facet normal 5.478443e-01 3.625520e-04 8.365802e-01
    outer loop
      vertex   -7.739800e+00 6.000000e+01 3.914620e+00
      vertex   -8.142090e+00 5.500000e+01 4.180231e+00
      vertex   -7.533465e+00 5.500000e+01 3.781666e+00
    endloop
  endfacet
  facet normal 5.385225e-01 -1.824972e-04 8.426111e-01
    outer loop
      vertex   -7.739800e+00 6.000000e+01 3.914620e+00
      vertex   -7.533465e+00 5.500000e+01 3.781666e+00
      vertex   -7.224210e+00 6.000000e+01 3.585100e+00
    endloop
  endfacet
  facet normal 5.321028e-01 3.745103e-04 8.466797e-01
    outer loop
      vertex   -7.224210e+00 6.000000e+01 3.585100e+00
      vertex   -7.533465e+00 5.500000e+01 3.781666e+00
      vertex   -6.935084e+00 5.500000e+01 3.405608e+00
    endloop
  endfacet
  facet normal 5.251087e-01 -1.862843e-04 8.510352e-01
    outer loop
      vertex   -7.224210e+00 6.000000e+01 3.585100e+00
      vertex   -6.935084e+00 5.500000e+01 3.405608e+00
      vertex   -6.707634e+00 6.000000e+01 3.266360e+00
    endloop
  endfacet
  facet normal 5.166871e-01 3.399336e-04 8.561742e-01
    outer loop
      vertex   -6.707634e+00 6.000000e+01 3.266360e+00
      vertex   -6.935084e+00 5.500000e+01 3.405608e+00
      vertex   -6.342113e+00 5.500000e+01 3.047760e+00
    endloop
  endfacet
  facet normal 5.051338e-01 -8.048649e-04 8.630407e-01
    outer loop
      vertex   -6.707634e+00 6.000000e+01 3.266360e+00
      vertex   -6.342113e+00 5.500000e+01 3.047760e+00
      vertex   -5.671621e+00 6.000000e+01 2.659987e+00
    endloop
  endfacet
  facet normal 5.013950e-01 -1.345969e-04 8.652185e-01
    outer loop
      vertex   -5.671621e+00 6.000000e+01 2.659987e+00
      vertex   -6.342113e+00 5.500000e+01 3.047760e+00
      vertex   -5.742466e+00 5.500000e+01 2.700264e+00
    endloop
  endfacet
  facet normal 4.860695e-01 1.526438e-04 8.739202e-01
    outer loop
      vertex   -5.671621e+00 6.000000e+01 2.659987e+00
      vertex   -5.742466e+00 5.500000e+01 2.700264e+00
      vertex   -5.135452e+00 5.500000e+01 2.362646e+00
    endloop
  endfacet
  facet normal 4.787649e-01 -8.698754e-04 8.779427e-01
    outer loop
      vertex   -5.671621e+00 6.000000e+01 2.659987e+00
      vertex   -5.135452e+00 5.500000e+01 2.362646e+00
      vertex   -4.631968e+00 6.000000e+01 2.093037e+00
    endloop
  endfacet
  facet normal 4.707417e-01 1.714210e-04 8.822711e-01
    outer loop
      vertex   -4.631968e+00 6.000000e+01 2.093037e+00
      vertex   -5.135452e+00 5.500000e+01 2.362646e+00
      vertex   -4.520831e+00 5.500000e+01 2.034711e+00
    endloop
  endfacet
  facet normal 4.554488e-01 -2.617172e-04 8.902619e-01
    outer loop
      vertex   -4.631968e+00 6.000000e+01 2.093037e+00
      vertex   -4.520831e+00 5.500000e+01 2.034711e+00
      vertex   -3.898366e+00 5.500000e+01 1.716264e+00
    endloop
  endfacet
  facet normal 4.529773e-01 -7.192668e-04 8.915217e-01
    outer loop
      vertex   -4.631968e+00 6.000000e+01 2.093037e+00
      vertex   -3.898366e+00 5.500000e+01 1.716264e+00
      vertex   -3.588848e+00 6.000000e+01 1.563034e+00
    endloop
  endfacet
  facet normal 4.402274e-01 2.650494e-04 8.978863e-01
    outer loop
      vertex   -3.588848e+00 6.000000e+01 1.563034e+00
      vertex   -3.898366e+00 5.500000e+01 1.716264e+00
      vertex   -3.267817e+00 5.500000e+01 1.407110e+00
    endloop
  endfacet
  facet normal 4.277650e-01 -7.223238e-04 9.038897e-01
    outer loop
      vertex   -3.588848e+00 6.000000e+01 1.563034e+00
      vertex   -3.267817e+00 5.500000e+01 1.407110e+00
      vertex   -2.531979e+00 6.000000e+01 1.062872e+00
    endloop
  endfacet
  facet normal 4.251129e-01 -2.459122e-04 9.051403e-01
    outer loop
      vertex   -2.531979e+00 6.000000e+01 1.062872e+00
      vertex   -3.267817e+00 5.500000e+01 1.407110e+00
      vertex   -2.628946e+00 5.500000e+01 1.107055e+00
    endloop
  endfacet
  facet normal 4.101396e-01 1.052873e-04 9.120227e-01
    outer loop
      vertex   -2.531979e+00 6.000000e+01 1.062872e+00
      vertex   -2.628946e+00 5.500000e+01 1.107055e+00
      vertex   -1.981514e+00 5.500000e+01 8.159026e-01
    endloop
  endfacet
  facet normal 4.030099e-01 -8.363433e-04 9.151952e-01
    outer loop
      vertex   -2.531979e+00 6.000000e+01 1.062872e+00
      vertex   -1.981514e+00 5.500000e+01 8.159026e-01
      vertex   -1.452365e+00 6.000000e+01 5.874589e-01
    endloop
  endfacet
  facet normal 3.953401e-01 1.279321e-04 9.185348e-01
    outer loop
      vertex   -1.452365e+00 6.000000e+01 5.874589e-01
      vertex   -1.981514e+00 5.500000e+01 8.159026e-01
      vertex   -1.325282e+00 5.500000e+01 5.334583e-01
    endloop
  endfacet
  facet normal 3.807451e-01 -3.093914e-04 9.246800e-01
    outer loop
      vertex   -1.452365e+00 6.000000e+01 5.874589e-01
      vertex   -1.325282e+00 5.500000e+01 5.334583e-01
      vertex   -6.600109e-01 5.500000e+01 2.595273e-01
    endloop
  endfacet
  facet normal 3.787962e-01 -6.707078e-04 9.254799e-01
    outer loop
      vertex   -1.452365e+00 6.000000e+01 5.874589e-01
      vertex   -6.600109e-01 5.500000e+01 2.595273e-01
      vertex   -3.490570e-01 6.000000e+01 1.358784e-01
    endloop
  endfacet
  facet normal 3.663834e-01 2.245053e-04 9.304639e-01
    outer loop
      vertex   -3.490570e-01 6.000000e+01 1.358784e-01
      vertex   -6.600109e-01 5.500000e+01 2.595273e-01
      vertex   1.453711e-02 5.500000e+01 -6.085589e-03
    endloop
  endfacet
  facet normal 3.552508e-01 -7.073276e-04 9.347708e-01
    outer loop
      vertex   -3.490570e-01 6.000000e+01 1.358784e-01
      vertex   1.453711e-02 5.500000e+01 -6.085589e-03
      vertex   7.788913e-01 6.000000e+01 -2.927878e-01
    endloop
  endfacet
  facet normal 3.522814e-01 -1.889827e-04 9.358941e-01
    outer loop
      vertex   7.788913e-01 6.000000e+01 -2.927878e-01
      vertex   1.453711e-02 5.500000e+01 -6.085589e-03
      vertex   6.986013e-01 5.500000e+01 -2.635753e-01
    endloop
  endfacet
  facet normal 3.384633e-01 6.262062e-05 9.409796e-01
    outer loop
      vertex   7.788913e-01 6.000000e+01 -2.927878e-01
      vertex   6.986013e-01 5.500000e+01 -2.635753e-01
      vertex   1.392420e+00 5.500000e+01 -5.131368e-01
    endloop
  endfacet
  facet normal 3.324847e-01 -7.648043e-04 9.431083e-01
    outer loop
      vertex   7.788913e-01 6.000000e+01 -2.927878e-01
      vertex   1.392420e+00 5.500000e+01 -5.131368e-01
      vertex   1.932428e+00 6.000000e+01 -6.994571e-01
    endloop
  endfacet
  facet normal 3.249508e-01 1.465924e-04 9.457309e-01
    outer loop
      vertex   1.932428e+00 6.000000e+01 -6.994571e-01
      vertex   1.392420e+00 5.500000e+01 -5.131368e-01
      vertex   2.096233e+00 5.500000e+01 -7.549652e-01
    endloop
  endfacet
  facet normal 3.117633e-01 -3.346128e-04 9.501597e-01
    outer loop
      vertex   1.932428e+00 6.000000e+01 -6.994571e-01
      vertex   2.096233e+00 5.500000e+01 -7.549652e-01
      vertex   2.810278e+00 5.500000e+01 -9.892553e-01
    endloop
  endfacet
  facet normal 3.105913e-01 -5.626074e-04 9.505434e-01
    outer loop
      vertex   1.932428e+00 6.000000e+01 -6.994571e-01
      vertex   2.810278e+00 5.500000e+01 -9.892553e-01
      vertex   3.112500e+00 6.000000e+01 -1.085047e+00
    endloop
  endfacet
  facet normal 2.989176e-01 2.145724e-04 9.542789e-01
    outer loop
      vertex   3.112500e+00 6.000000e+01 -1.085047e+00
      vertex   2.810278e+00 5.500000e+01 -9.892553e-01
      vertex   3.534795e+00 5.500000e+01 -1.216202e+00
    endloop
  endfacet
  facet normal 2.896463e-01 -6.433440e-04 9.571335e-01
    outer loop
      vertex   3.112500e+00 6.000000e+01 -1.085047e+00
      vertex   3.534795e+00 5.500000e+01 -1.216202e+00
      vertex   4.320056e+00 6.000000e+01 -1.450476e+00
    endloop
  endfacet
  facet normal 2.864282e-01 -9.255772e-05 9.581017e-01
    outer loop
      vertex   4.320056e+00 6.000000e+01 -1.450476e+00
      vertex   3.534795e+00 5.500000e+01 -1.216202e+00
      vertex   4.270021e+00 5.500000e+01 -1.436001e+00
    endloop
  endfacet
  facet normal 2.743072e-01 3.898638e-05 9.616421e-01
    outer loop
      vertex   4.320056e+00 6.000000e+01 -1.450476e+00
      vertex   4.270021e+00 5.500000e+01 -1.436001e+00
      vertex   5.016196e+00 5.500000e+01 -1.648847e+00
    endloop
  endfacet
  facet normal 2.697084e-01 -6.528671e-04 9.629418e-01
    outer loop
      vertex   4.320056e+00 6.000000e+01 -1.450476e+00
      vertex   5.016196e+00 5.500000e+01 -1.648847e+00
      vertex   5.556043e+00 6.000000e+01 -1.796661e+00
    endloop
  endfacet
  facet normal 2.625646e-01 1.767569e-04 9.649144e-01
    outer loop
      vertex   5.556043e+00 6.000000e+01 -1.796661e+00
      vertex   5.016196e+00 5.500000e+01 -1.648847e+00
      vertex   5.773559e+00 5.500000e+01 -1.854934e+00
    endloop
  endfacet
  facet normal 2.512080e-01 -3.524706e-04 9.679331e-01
    outer loop
      vertex   5.556043e+00 6.000000e+01 -1.796661e+00
      vertex   5.773559e+00 5.500000e+01 -1.854934e+00
      vertex   6.542348e+00 5.500000e+01 -2.054458e+00
    endloop
  endfacet
  facet normal 2.508196e-01 -4.342930e-04 9.680338e-01
    outer loop
      vertex   5.556043e+00 6.000000e+01 -1.796661e+00
      vertex   6.542348e+00 5.500000e+01 -2.054458e+00
      vertex   6.821408e+00 6.000000e+01 -2.124520e+00
    endloop
  endfacet
  facet normal 2.402433e-01 1.935283e-04 9.707127e-01
    outer loop
      vertex   6.821408e+00 6.000000e+01 -2.124520e+00
      vertex   6.542348e+00 5.500000e+01 -2.054458e+00
      vertex   7.322802e+00 5.500000e+01 -2.247614e+00
    endloop
  endfacet
  facet normal 2.330069e-01 -5.755079e-04 9.724749e-01
    outer loop
      vertex   6.821408e+00 6.000000e+01 -2.124520e+00
      vertex   7.322802e+00 5.500000e+01 -2.247614e+00
      vertex   8.117099e+00 6.000000e+01 -2.434970e+00
    endloop
  endfacet
  facet normal 2.296742e-01 -1.636249e-05 9.732676e-01
    outer loop
      vertex   8.117099e+00 6.000000e+01 -2.434970e+00
      vertex   7.322802e+00 5.500000e+01 -2.247614e+00
      vertex   8.115159e+00 5.500000e+01 -2.434596e+00
    endloop
  endfacet
  facet normal 2.195027e-01 -1.224140e-05 9.756119e-01
    outer loop
      vertex   8.117099e+00 6.000000e+01 -2.434970e+00
      vertex   8.115159e+00 5.500000e+01 -2.434596e+00
      vertex   8.919660e+00 5.500000e+01 -2.615601e+00
    endloop
  endfacet
  facet normal 2.162841e-01 -5.548198e-04 9.763303e-01
    outer loop
      vertex   8.117099e+00 6.000000e+01 -2.434970e+00
      vertex   8.919660e+00 5.500000e+01 -2.615601e+00
      vertex   9.444064e+00 6.000000e+01 -2.728929e+00
    endloop
  endfacet
  facet normal 2.097294e-01 1.650374e-04 9.777595e-01
    outer loop
      vertex   9.444064e+00 6.000000e+01 -2.728929e+00
      vertex   8.919660e+00 5.500000e+01 -2.615601e+00
      vertex   9.736541e+00 5.500000e+01 -2.790822e+00
    endloop
  endfacet
  facet normal 2.006527e-01 -3.894617e-04 9.796624e-01
    outer loop
      vertex   9.444064e+00 6.000000e+01 -2.728929e+00
      vertex   9.736541e+00 5.500000e+01 -2.790822e+00
      vertex   1.080325e+01 6.000000e+01 -3.007315e+00
    endloop
  endfacet
  facet normal 2.003532e-01 -3.229001e-04 9.797237e-01
    outer loop
      vertex   1.080325e+01 6.000000e+01 -3.007315e+00
      vertex   9.736541e+00 5.500000e+01 -2.790822e+00
      vertex   1.056604e+01 5.500000e+01 -2.960455e+00
    endloop
  endfacet
  facet normal 1.913718e-01 1.200028e-04 9.815176e-01
    outer loop
      vertex   1.080325e+01 6.000000e+01 -3.007315e+00
      vertex   1.056604e+01 5.500000e+01 -2.960455e+00
      vertex   1.140840e+01 5.500000e+01 -3.124694e+00
    endloop
  endfacet
  facet normal 1.861042e-01 -5.412954e-04 9.825299e-01
    outer loop
      vertex   1.080325e+01 6.000000e+01 -3.007315e+00
      vertex   1.140840e+01 5.500000e+01 -3.124694e+00
      vertex   1.219560e+01 6.000000e+01 -3.271046e+00
    endloop
  endfacet
  facet normal 1.827816e-01 7.511597e-08 9.831535e-01
    outer loop
      vertex   1.219560e+01 6.000000e+01 -3.271046e+00
      vertex   1.140840e+01 5.500000e+01 -3.124694e+00
      vertex   1.226386e+01 5.500000e+01 -3.283736e+00
    endloop
  endfacet
  facet normal 1.745781e-01 -1.156967e-04 9.846433e-01
    outer loop
      vertex   1.219560e+01 6.000000e+01 -3.271046e+00
      vertex   1.226386e+01 5.500000e+01 -3.283736e+00
      vertex   1.313266e+01 5.500000e+01 -3.437774e+00
    endloop
  endfacet
  facet normal 1.726216e-01 -4.938631e-04 9.849881e-01
    outer loop
      vertex   1.219560e+01 6.000000e+01 -3.271046e+00
      vertex   1.313266e+01 5.500000e+01 -3.437774e+00
      vertex   1.362208e+01 6.000000e+01 -3.521038e+00
    endloop
  endfacet
  facet normal 1.667558e-01 9.712589e-05 9.859982e-01
    outer loop
      vertex   1.362208e+01 6.000000e+01 -3.521038e+00
      vertex   1.313266e+01 5.500000e+01 -3.437774e+00
      vertex   1.401503e+01 5.500000e+01 -3.587003e+00
    endloop
  endfacet
  facet normal 1.601808e-01 -4.339774e-04 9.870876e-01
    outer loop
      vertex   1.362208e+01 6.000000e+01 -3.521038e+00
      vertex   1.401503e+01 5.500000e+01 -3.587003e+00
      vertex   1.508361e+01 6.000000e+01 -3.758211e+00
    endloop
  endfacet
  facet normal 1.593083e-01 -2.426828e-04 9.872288e-01
    outer loop
      vertex   1.508361e+01 6.000000e+01 -3.758211e+00
      vertex   1.401503e+01 5.500000e+01 -3.587003e+00
      vertex   1.491121e+01 5.500000e+01 -3.731620e+00
    endloop
  endfacet
  facet normal 1.521939e-01 8.587035e-06 9.883507e-01
    outer loop
      vertex   1.508361e+01 6.000000e+01 -3.758211e+00
      vertex   1.491121e+01 5.500000e+01 -3.731620e+00
      vertex   1.582249e+01 5.500000e+01 -3.871946e+00
    endloop
  endfacet
  facet normal 1.487522e-01 -5.119230e-04 9.888744e-01
    outer loop
      vertex   1.508361e+01 6.000000e+01 -3.758211e+00
      vertex   1.582249e+01 5.500000e+01 -3.871946e+00
      vertex   1.658116e+01 6.000000e+01 -3.983480e+00
    endloop
  endfacet
  facet normal 1.452527e-01 3.066892e-05 9.893946e-01
    outer loop
      vertex   1.658116e+01 6.000000e+01 -3.983480e+00
      vertex   1.582249e+01 5.500000e+01 -3.871946e+00
      vertex   1.675650e+01 5.500000e+01 -4.009067e+00
    endloop
  endfacet
  facet normal 1.387365e-01 -2.026307e-04 9.903293e-01
    outer loop
      vertex   1.658116e+01 6.000000e+01 -3.983480e+00
      vertex   1.675650e+01 5.500000e+01 -4.009067e+00
      vertex   1.771400e+01 5.500000e+01 -4.143205e+00
    endloop
  endfacet
  facet normal 1.383021e-01 -3.029865e-04 9.903900e-01
    outer loop
      vertex   1.658116e+01 6.000000e+01 -3.983480e+00
      vertex   1.771400e+01 5.500000e+01 -4.143205e+00
      vertex   1.811566e+01 6.000000e+01 -4.197765e+00
    endloop
  endfacet
  facet normal 1.326494e-01 1.595427e-04 9.911630e-01
    outer loop
      vertex   1.811566e+01 6.000000e+01 -4.197765e+00
      vertex   1.771400e+01 5.500000e+01 -4.143205e+00
      vertex   1.869411e+01 5.500000e+01 -4.274375e+00
    endloop
  endfacet
  facet normal 1.287935e-01 -2.943370e-04 9.916714e-01
    outer loop
      vertex   1.811566e+01 6.000000e+01 -4.197765e+00
      vertex   1.869411e+01 5.500000e+01 -4.274375e+00
      vertex   1.968807e+01 6.000000e+01 -4.401982e+00
    endloop
  endfacet
  facet normal 1.269490e-01 7.841010e-05 9.919092e-01
    outer loop
      vertex   1.968807e+01 6.000000e+01 -4.401982e+00
      vertex   1.869411e+01 5.500000e+01 -4.274375e+00
      vertex   1.969594e+01 5.500000e+01 -4.402594e+00
    endloop
  endfacet
  facet normal 1.215979e-01 6.990637e-05 9.925794e-01
    outer loop
      vertex   1.968807e+01 6.000000e+01 -4.401982e+00
      vertex   1.969594e+01 5.500000e+01 -4.402594e+00
      vertex   2.071861e+01 5.500000e+01 -4.527878e+00
    endloop
  endfacet
  facet normal 1.201872e-01 -2.251857e-04 9.927512e-01
    outer loop
      vertex   1.968807e+01 6.000000e+01 -4.401982e+00
      vertex   2.071861e+01 5.500000e+01 -4.527878e+00
      vertex   2.129934e+01 6.000000e+01 -4.597049e+00
    endloop
  endfacet
  facet normal 1.165636e-01 2.016564e-04 9.931832e-01
    outer loop
      vertex   2.129934e+01 6.000000e+01 -4.597049e+00
      vertex   2.071861e+01 5.500000e+01 -4.527878e+00
      vertex   2.176124e+01 5.500000e+01 -4.650244e+00
    endloop
  endfacet
  facet normal 1.124427e-01 -1.840788e-04 9.936582e-01
    outer loop
      vertex   2.129934e+01 6.000000e+01 -4.597049e+00
      vertex   2.176124e+01 5.500000e+01 -4.650244e+00
      vertex   2.295040e+01 6.000000e+01 -4.783885e+00
    endloop
  endfacet
  facet normal 1.118169e-01 -3.334522e-05 9.937288e-01
    outer loop
      vertex   2.295040e+01 6.000000e+01 -4.783885e+00
      vertex   2.176124e+01 5.500000e+01 -4.650244e+00
      vertex   2.282293e+01 5.500000e+01 -4.769709e+00
    endloop
  endfacet
  facet normal 1.073323e-01 8.238596e-05 9.942232e-01
    outer loop
      vertex   2.295040e+01 6.000000e+01 -4.783885e+00
      vertex   2.282293e+01 5.500000e+01 -4.769709e+00
      vertex   2.390282e+01 5.500000e+01 -4.886289e+00
    endloop
  endfacet
  facet normal 1.055190e-01 -2.669935e-04 9.944173e-01
    outer loop
      vertex   2.295040e+01 6.000000e+01 -4.783885e+00
      vertex   2.390282e+01 5.500000e+01 -4.886289e+00
      vertex   2.464222e+01 6.000000e+01 -4.963406e+00
    endloop
  endfacet
  facet normal 1.030869e-01 9.659407e-05 9.946723e-01
    outer loop
      vertex   2.464222e+01 6.000000e+01 -4.963406e+00
      vertex   2.390282e+01 5.500000e+01 -4.886289e+00
      vertex   2.500000e+01 5.500000e+01 -5.000000e+00
    endloop
  endfacet
  facet normal 9.937464e-02 -1.718084e-04 9.950501e-01
    outer loop
      vertex   2.464222e+01 6.000000e+01 -4.963406e+00
      vertex   2.500000e+01 5.500000e+01 -5.000000e+00
      vertex   2.637573e+01 6.000000e+01 -5.136530e+00
    endloop
  endfacet
  facet normal 9.921879e-02 -1.285020e-04 9.950656e-01
    outer loop
      vertex   2.637573e+01 6.000000e+01 -5.136530e+00
      vertex   2.500000e+01 5.500000e+01 -5.000000e+00
      vertex   2.615962e+01 5.500000e+01 -5.115626e+00
    endloop
  endfacet
  facet normal 9.574289e-02 2.316002e-05 9.954061e-01
    outer loop
      vertex   2.637573e+01 6.000000e+01 -5.136530e+00
      vertex   2.615962e+01 5.500000e+01 -5.115626e+00
      vertex   2.733597e+01 5.500000e+01 -5.228773e+00
    endloop
  endfacet
  facet normal 9.397123e-02 -3.201964e-04 9.955749e-01
    outer loop
      vertex   2.637573e+01 6.000000e+01 -5.136530e+00
      vertex   2.733597e+01 5.500000e+01 -5.228773e+00
      vertex   2.815123e+01 6.000000e+01 -5.304117e+00
    endloop
  endfacet
  facet normal 9.249999e-02 -7.822979e-05 9.957127e-01
    outer loop
      vertex   2.815123e+01 6.000000e+01 -5.304117e+00
      vertex   2.733597e+01 5.500000e+01 -5.228773e+00
      vertex   2.852805e+01 5.500000e+01 -5.339516e+00
    endloop
  endfacet
  facet normal 8.928593e-02 -3.225285e-04 9.960060e-01
    outer loop
      vertex   2.815123e+01 6.000000e+01 -5.304117e+00
      vertex   2.852805e+01 5.500000e+01 -5.339516e+00
      vertex   2.995962e+01 6.000000e+01 -5.466228e+00
    endloop
  endfacet
  facet normal 8.947348e-02 -3.766521e-04 9.959891e-01
    outer loop
      vertex   2.995962e+01 6.000000e+01 -5.466228e+00
      vertex   2.852805e+01 5.500000e+01 -5.339516e+00
      vertex   2.973486e+01 5.500000e+01 -5.447928e+00
    endloop
  endfacet
  facet normal 8.664857e-02 -2.487507e-04 9.962389e-01
    outer loop
      vertex   2.995962e+01 6.000000e+01 -5.466228e+00
      vertex   2.973486e+01 5.500000e+01 -5.447928e+00
      vertex   3.095539e+01 5.500000e+01 -5.554085e+00
    endloop
  endfacet
  facet normal 8.522556e-02 -5.343047e-04 9.963615e-01
    outer loop
      vertex   2.995962e+01 6.000000e+01 -5.466228e+00
      vertex   3.095539e+01 5.500000e+01 -5.554085e+00
      vertex   3.178596e+01 6.000000e+01 -5.622447e+00
    endloop
  endfacet
  facet normal 8.401208e-02 -3.313185e-04 9.964647e-01
    outer loop
      vertex   3.178596e+01 6.000000e+01 -5.622447e+00
      vertex   3.095539e+01 5.500000e+01 -5.554085e+00
      vertex   3.218864e+01 5.500000e+01 -5.658060e+00
    endloop
  endfacet
  facet normal 8.167576e-02 -5.208606e-04 9.966588e-01
    outer loop
      vertex   3.178596e+01 6.000000e+01 -5.622447e+00
      vertex   3.218864e+01 5.500000e+01 -5.658060e+00
      vertex   3.361536e+01 6.000000e+01 -5.772366e+00
    endloop
  endfacet
  facet normal 8.155220e-02 -4.853732e-04 9.966690e-01
    outer loop
      vertex   3.361536e+01 6.000000e+01 -5.772366e+00
      vertex   3.218864e+01 5.500000e+01 -5.658060e+00
      vertex   3.343361e+01 5.500000e+01 -5.759929e+00
    endloop
  endfacet
  facet normal 7.925844e-02 -4.015355e-04 9.968540e-01
    outer loop
      vertex   3.361536e+01 6.000000e+01 -5.772366e+00
      vertex   3.343361e+01 5.500000e+01 -5.759929e+00
      vertex   3.468929e+01 5.500000e+01 -5.859767e+00
    endloop
  endfacet
  facet normal 7.854811e-02 -5.550850e-04 9.969102e-01
    outer loop
      vertex   3.361536e+01 6.000000e+01 -5.772366e+00
      vertex   3.468929e+01 5.500000e+01 -5.859767e+00
      vertex   3.543294e+01 6.000000e+01 -5.915576e+00
    endloop
  endfacet
  facet normal 7.612369e-02 -1.924033e-04 9.970984e-01
    outer loop
      vertex   3.543294e+01 6.000000e+01 -5.915576e+00
      vertex   3.468929e+01 5.500000e+01 -5.859767e+00
      vertex   3.722878e+01 5.500000e+01 -6.053645e+00
    endloop
  endfacet
  facet normal 7.577406e-02 -3.187154e-04 9.971250e-01
    outer loop
      vertex   3.543294e+01 6.000000e+01 -5.915576e+00
      vertex   3.722878e+01 5.500000e+01 -6.053645e+00
      vertex   3.722381e+01 6.000000e+01 -6.051668e+00
    endloop
  endfacet
  facet normal 7.388050e-02 -3.206568e-04 9.972671e-01
    outer loop
      vertex   3.722381e+01 6.000000e+01 -6.051668e+00
      vertex   3.722878e+01 5.500000e+01 -6.053645e+00
      vertex   3.810457e+01 6.000000e+01 -6.116918e+00
    endloop
  endfacet
  facet normal 7.242557e-02 -6.446491e-05 9.973738e-01
    outer loop
      vertex   3.810457e+01 6.000000e+01 -6.116918e+00
      vertex   3.722878e+01 5.500000e+01 -6.053645e+00
      vertex   3.979908e+01 5.500000e+01 -6.240290e+00
    endloop
  endfacet
  facet normal 7.271074e-02 3.268884e-05 9.973531e-01
    outer loop
      vertex   3.810457e+01 6.000000e+01 -6.116918e+00
      vertex   3.979908e+01 5.500000e+01 -6.240290e+00
      vertex   3.897308e+01 6.000000e+01 -6.180236e+00
    endloop
  endfacet
  facet normal 7.160282e-02 -1.513030e-04 9.974332e-01
    outer loop
      vertex   3.897308e+01 6.000000e+01 -6.180236e+00
      vertex   3.979908e+01 5.500000e+01 -6.240290e+00
      vertex   3.982747e+01 6.000000e+01 -6.241570e+00
    endloop
  endfacet
  facet normal 7.055255e-02 -1.453217e-04 9.975081e-01
    outer loop
      vertex   3.982747e+01 6.000000e+01 -6.241570e+00
      vertex   3.979908e+01 5.500000e+01 -6.240290e+00
      vertex   4.066587e+01 6.000000e+01 -6.300869e+00
    endloop
  endfacet
  facet normal 6.925265e-02 8.113076e-05 9.975992e-01
    outer loop
      vertex   4.066587e+01 6.000000e+01 -6.300869e+00
      vertex   3.979908e+01 5.500000e+01 -6.240290e+00
      vertex   4.239216e+01 5.500000e+01 -6.420300e+00
    endloop
  endfacet
  facet normal 6.955622e-02 1.864454e-04 9.975780e-01
    outer loop
      vertex   4.066587e+01 6.000000e+01 -6.300869e+00
      vertex   4.239216e+01 5.500000e+01 -6.420300e+00
      vertex   4.148644e+01 6.000000e+01 -6.358083e+00
    endloop
  endfacet
  facet normal 6.861053e-02 1.432405e-05 9.976435e-01
    outer loop
      vertex   4.148644e+01 6.000000e+01 -6.358083e+00
      vertex   4.239216e+01 5.500000e+01 -6.420300e+00
      vertex   4.228730e+01 6.000000e+01 -6.413161e+00
    endloop
  endfacet
  facet normal 6.771260e-02 -4.595152e-06 9.977049e-01
    outer loop
      vertex   4.228730e+01 6.000000e+01 -6.413161e+00
      vertex   4.239216e+01 5.500000e+01 -6.420300e+00
      vertex   4.306660e+01 6.000000e+01 -6.466050e+00
    endloop
  endfacet
  facet normal 6.685994e-02 1.109455e-04 9.977624e-01
    outer loop
      vertex   4.306660e+01 6.000000e+01 -6.466050e+00
      vertex   4.239216e+01 5.500000e+01 -6.420300e+00
      vertex   4.382248e+01 6.000000e+01 -6.516702e+00
    endloop
  endfacet
  facet normal 6.656290e-02 1.962991e-04 9.977822e-01
    outer loop
      vertex   4.382248e+01 6.000000e+01 -6.516702e+00
      vertex   4.239216e+01 5.500000e+01 -6.420300e+00
      vertex   4.500000e+01 5.500000e+01 -6.594271e+00
    endloop
  endfacet
  facet normal 6.605041e-02 7.507622e-05 9.978163e-01
    outer loop
      vertex   4.382248e+01 6.000000e+01 -6.516702e+00
      vertex   4.500000e+01 5.500000e+01 -6.594271e+00
      vertex   4.455307e+01 6.000000e+01 -6.565063e+00
    endloop
  endfacet
  facet normal 6.528228e-02 6.121834e-06 9.978668e-01
    outer loop
      vertex   4.455307e+01 6.000000e+01 -6.565063e+00
      vertex   4.500000e+01 5.500000e+01 -6.594271e+00
      vertex   4.525652e+01 6.000000e+01 -6.611084e+00
    endloop
  endfacet
  facet normal 6.496561e-02 2.243813e-05 9.978875e-01
    outer loop
      vertex   4.525652e+01 6.000000e+01 -6.611084e+00
      vertex   4.500000e+01 5.500000e+01 -6.594271e+00
      vertex   4.570234e+01 5.500000e+01 -6.639996e+00
    endloop
  endfacet
  facet normal 6.455423e-02 -1.439514e-05 9.979142e-01
    outer loop
      vertex   4.525652e+01 6.000000e+01 -6.611084e+00
      vertex   4.570234e+01 5.500000e+01 -6.639996e+00
      vertex   4.593096e+01 6.000000e+01 -6.654713e+00
    endloop
  endfacet
  facet normal 6.418115e-02 2.735340e-06 9.979383e-01
    outer loop
      vertex   4.593096e+01 6.000000e+01 -6.654713e+00
      vertex   4.570234e+01 5.500000e+01 -6.639996e+00
      vertex   4.637482e+01 5.500000e+01 -6.683246e+00
    endloop
  endfacet
  facet normal 6.386541e-02 -2.540912e-05 9.979585e-01
    outer loop
      vertex   4.593096e+01 6.000000e+01 -6.654713e+00
      vertex   4.637482e+01 5.500000e+01 -6.683246e+00
      vertex   4.657454e+01 6.000000e+01 -6.695900e+00
    endloop
  endfacet
  facet normal 6.344491e-02 -8.544779e-06 9.979853e-01
    outer loop
      vertex   4.657454e+01 6.000000e+01 -6.695900e+00
      vertex   4.637482e+01 5.500000e+01 -6.683246e+00
      vertex   4.701568e+01 5.500000e+01 -6.723987e+00
    endloop
  endfacet
  facet normal 6.321548e-02 -2.886861e-05 9.979999e-01
    outer loop
      vertex   4.657454e+01 6.000000e+01 -6.695900e+00
      vertex   4.701568e+01 5.500000e+01 -6.723987e+00
      vertex   4.718539e+01 6.000000e+01 -6.734592e+00
    endloop
  endfacet
  facet normal 6.275800e-02 -1.327995e-05 9.980288e-01
    outer loop
      vertex   4.718539e+01 6.000000e+01 -6.734592e+00
      vertex   4.701568e+01 5.500000e+01 -6.723987e+00
      vertex   4.762315e+01 5.500000e+01 -6.762186e+00
    endloop
  endfacet
  facet normal 6.260482e-02 -2.674469e-05 9.980384e-01
    outer loop
      vertex   4.718539e+01 6.000000e+01 -6.734592e+00
      vertex   4.762315e+01 5.500000e+01 -6.762186e+00
      vertex   4.776165e+01 6.000000e+01 -6.770740e+00
    endloop
  endfacet
  facet normal 6.212272e-02 -1.333911e-05 9.980685e-01
    outer loop
      vertex   4.776165e+01 6.000000e+01 -6.770740e+00
      vertex   4.762315e+01 5.500000e+01 -6.762186e+00
      vertex   4.819545e+01 5.500000e+01 -6.797808e+00
    endloop
  endfacet
  facet normal 6.203468e-02 -2.100733e-05 9.980740e-01
    outer loop
      vertex   4.776165e+01 6.000000e+01 -6.770740e+00
      vertex   4.819545e+01 5.500000e+01 -6.797808e+00
      vertex   4.830147e+01 6.000000e+01 -6.804292e+00
    endloop
  endfacet
  facet normal 6.154297e-02 -1.054221e-05 9.981044e-01
    outer loop
      vertex   4.830147e+01 6.000000e+01 -6.804292e+00
      vertex   4.819545e+01 5.500000e+01 -6.797808e+00
      vertex   4.873081e+01 5.500000e+01 -6.830818e+00
    endloop
  endfacet
  facet normal 6.150758e-02 -1.359205e-05 9.981066e-01
    outer loop
      vertex   4.830147e+01 6.000000e+01 -6.804292e+00
      vertex   4.873081e+01 5.500000e+01 -6.830818e+00
      vertex   4.880297e+01 6.000000e+01 -6.835196e+00
    endloop
  endfacet
  facet normal 6.102496e-02 -6.600789e-06 9.981362e-01
    outer loop
      vertex   4.880297e+01 6.000000e+01 -6.835196e+00
      vertex   4.873081e+01 5.500000e+01 -6.830818e+00
      vertex   4.922745e+01 5.500000e+01 -6.861182e+00
    endloop
  endfacet
  facet normal 6.102791e-02 -6.349196e-06 9.981361e-01
    outer loop
      vertex   4.880297e+01 6.000000e+01 -6.835196e+00
      vertex   4.922745e+01 5.500000e+01 -6.861182e+00
      vertex   4.926430e+01 6.000000e+01 -6.863403e+00
    endloop
  endfacet
  facet normal 6.057840e-02 -3.024037e-06 9.981634e-01
    outer loop
      vertex   4.926430e+01 6.000000e+01 -6.863403e+00
      vertex   4.922745e+01 5.500000e+01 -6.861182e+00
      vertex   4.968361e+01 5.500000e+01 -6.888866e+00
    endloop
  endfacet
  facet normal 6.060292e-02 -9.603174e-07 9.981620e-01
    outer loop
      vertex   4.926430e+01 6.000000e+01 -6.863403e+00
      vertex   4.968361e+01 5.500000e+01 -6.888866e+00
      vertex   4.968361e+01 6.000000e+01 -6.888861e+00
    endloop
  endfacet
  facet normal 6.026934e-02 -9.603488e-07 9.981822e-01
    outer loop
      vertex   4.968361e+01 6.000000e+01 -6.888861e+00
      vertex   4.968361e+01 5.500000e+01 -6.888866e+00
      vertex   5.000000e+01 6.000000e+01 -6.907965e+00
    endloop
  endfacet
  facet normal 6.025422e-02 0.000000e+00 9.981831e-01
    outer loop
      vertex   5.000000e+01 6.000000e+01 -6.907965e+00
      vertex   4.968361e+01 5.500000e+01 -6.888866e+00
      vertex   5.000000e+01 5.500000e+01 -6.907965e+00
    endloop
  endfacet
  facet normal 8.651899e-01 4.263974e-04 5.014442e-01
    outer loop
      vertex   -2.237735e+01 5.500000e+01 2.000000e+01
      vertex   -2.265014e+01 6.000000e+01 2.046643e+01
      vertex   -2.266065e+01 5.000000e+01 2.049307e+01
    endloop
  endfacet
  facet normal 8.711511e-01 3.923536e-04 4.910149e-01
    outer loop
      vertex   -2.266065e+01 5.000000e+01 2.049307e+01
      vertex   -2.265014e+01 6.000000e+01 2.046643e+01
      vertex   -2.291071e+01 6.000000e+01 2.092872e+01
    endloop
  endfacet
  facet normal 8.740363e-01 6.890670e-04 4.858601e-01
    outer loop
      vertex   -2.266065e+01 5.000000e+01 2.049307e+01
      vertex   -2.291071e+01 6.000000e+01 2.092872e+01
      vertex   -2.327085e+01 5.000000e+01 2.159077e+01
    endloop
  endfacet
  facet normal 8.751642e-01 5.137634e-04 4.838258e-01
    outer loop
      vertex   -2.327085e+01 5.000000e+01 2.159077e+01
      vertex   -2.291071e+01 6.000000e+01 2.092872e+01
      vertex   -2.315928e+01 6.000000e+01 2.137834e+01
    endloop
  endfacet
  facet normal 8.789582e-01 3.242797e-04 4.768986e-01
    outer loop
      vertex   -2.327085e+01 5.000000e+01 2.159077e+01
      vertex   -2.315928e+01 6.000000e+01 2.137834e+01
      vertex   -2.339592e+01 6.000000e+01 2.181450e+01
    endloop
  endfacet
  facet normal 8.825377e-01 5.179906e-04 4.702413e-01
    outer loop
      vertex   -2.339592e+01 6.000000e+01 2.181450e+01
      vertex   -2.362071e+01 6.000000e+01 2.223637e+01
      vertex   -2.327085e+01 5.000000e+01 2.159077e+01
    endloop
  endfacet
  facet normal 8.831841e-01 6.190673e-04 4.690260e-01
    outer loop
      vertex   -2.327085e+01 5.000000e+01 2.159077e+01
      vertex   -2.362071e+01 6.000000e+01 2.223637e+01
      vertex   -2.386409e+01 5.000000e+01 2.270787e+01
    endloop
  endfacet
  facet normal 8.831843e-01 0.000000e+00 4.690261e-01
    outer loop
      vertex   -2.327085e+01 5.000000e+01 2.159077e+01
      vertex   -2.386409e+01 5.000000e+01 2.270787e+01
      vertex   -2.327085e+01 4.000000e+01 2.159077e+01
    endloop
  endfacet
  facet normal 8.831843e-01 0.000000e+00 4.690261e-01
    outer loop
      vertex   -2.327085e+01 4.000000e+01 2.159077e+01
      vertex   -2.386409e+01 5.000000e+01 2.270787e+01
      vertex   -2.386409e+01 4.000000e+01 2.270787e+01
    endloop
  endfacet
  facet normal 8.831843e-01 0.000000e+00 4.690261e-01
    outer loop
      vertex   -2.327085e+01 4.000000e+01 2.159077e+01
      vertex   -2.386409e+01 4.000000e+01 2.270787e+01
      vertex   -2.327085e+01 3.000000e+01 2.159077e+01
    endloop
  endfacet
  facet normal 8.831843e-01 0.000000e+00 4.690261e-01
    outer loop
      vertex   -2.327085e+01 3.000000e+01 2.159077e+01
      vertex   -2.386409e+01 4.000000e+01 2.270787e+01
      vertex   -2.386409e+01 3.000000e+01 2.270787e+01
    endloop
  endfacet
  facet normal 8.859059e-01 3.094718e-04 4.638648e-01
    outer loop
      vertex   -2.362071e+01 6.000000e+01 2.223637e+01
      vertex   -2.383370e+01 6.000000e+01 2.264316e+01
      vertex   -2.386409e+01 5.000000e+01 2.270787e+01
    endloop
  endfacet
  facet normal 8.890638e-01 2.605167e-04 4.577832e-01
    outer loop
      vertex   -2.386409e+01 5.000000e+01 2.270787e+01
      vertex   -2.383370e+01 6.000000e+01 2.264316e+01
      vertex   -2.403497e+01 6.000000e+01 2.303404e+01
    endloop
  endfacet
  facet normal 8.920100e-01 4.989873e-04 4.520153e-01
    outer loop
      vertex   -2.386409e+01 5.000000e+01 2.270787e+01
      vertex   -2.403497e+01 6.000000e+01 2.303404e+01
      vertex   -2.422457e+01 6.000000e+01 2.340820e+01
    endloop
  endfacet
  facet normal 8.918505e-01 4.711898e-04 4.523301e-01
    outer loop
      vertex   -2.386409e+01 5.000000e+01 2.270787e+01
      vertex   -2.422457e+01 6.000000e+01 2.340820e+01
      vertex   -2.444047e+01 5.000000e+01 2.384429e+01
    endloop
  endfacet
  facet normal 8.947405e-01 1.583197e-04 4.465864e-01
    outer loop
      vertex   -2.444047e+01 5.000000e+01 2.384429e+01
      vertex   -2.422457e+01 6.000000e+01 2.340820e+01
      vertex   -2.440258e+01 6.000000e+01 2.376485e+01
    endloop
  endfacet
  facet normal 8.972467e-01 1.086536e-04 4.415296e-01
    outer loop
      vertex   -2.444047e+01 5.000000e+01 2.384429e+01
      vertex   -2.440258e+01 6.000000e+01 2.376485e+01
      vertex   -2.456907e+01 6.000000e+01 2.410316e+01
    endloop
  endfacet
  facet normal 8.995150e-01 2.579321e-04 4.368899e-01
    outer loop
      vertex   -2.456907e+01 6.000000e+01 2.410316e+01
      vertex   -2.472409e+01 6.000000e+01 2.442233e+01
      vertex   -2.444047e+01 5.000000e+01 2.384429e+01
    endloop
  endfacet
  facet normal 9.015242e-01 5.554767e-04 4.327283e-01
    outer loop
      vertex   -2.444047e+01 5.000000e+01 2.384429e+01
      vertex   -2.472409e+01 6.000000e+01 2.442233e+01
      vertex   -2.486771e+01 6.000000e+01 2.472155e+01
    endloop
  endfacet
  facet normal 9.032426e-01 9.446155e-04 4.291293e-01
    outer loop
      vertex   -2.444047e+01 5.000000e+01 2.384429e+01
      vertex   -2.486771e+01 6.000000e+01 2.472155e+01
      vertex   -2.500000e+01 6.000000e+01 2.500000e+01
    endloop
  endfacet
  facet normal 9.033498e-01 -1.069781e-16 4.289045e-01
    outer loop
      vertex   -2.500000e+01 0.000000e+00 2.500000e+01
      vertex   -2.488250e+01 0.000000e+00 2.475252e+01
      vertex   -2.500000e+01 6.000000e+01 2.500000e+01
    endloop
  endfacet
  facet normal 9.018801e-01 -1.559036e-05 4.319865e-01
    outer loop
      vertex   -2.500000e+01 6.000000e+01 2.500000e+01
      vertex   -2.488250e+01 0.000000e+00 2.475252e+01
      vertex   -2.475616e+01 0.000000e+00 2.448875e+01
    endloop
  endfacet
  facet normal 8.998595e-01 -5.953398e-05 4.361800e-01
    outer loop
      vertex   -2.500000e+01 6.000000e+01 2.500000e+01
      vertex   -2.475616e+01 0.000000e+00 2.448875e+01
      vertex   -2.444047e+01 5.000000e+01 2.384429e+01
    endloop
  endfacet
  facet normal 9.001710e-01 -6.979145e-05 4.355367e-01
    outer loop
      vertex   -2.444047e+01 5.000000e+01 2.384429e+01
      vertex   -2.475616e+01 0.000000e+00 2.448875e+01
      vertex   -2.462093e+01 0.000000e+00 2.420926e+01
    endloop
  endfacet
  facet normal 8.982474e-01 -3.399112e-05 4.394902e-01
    outer loop
      vertex   -2.444047e+01 5.000000e+01 2.384429e+01
      vertex   -2.462093e+01 0.000000e+00 2.420926e+01
      vertex   -2.447676e+01 0.000000e+00 2.391460e+01
    endloop
  endfacet
  facet normal 8.886000e-01 0.000000e+00 4.586828e-01
    outer loop
      vertex   -2.447676e+01 0.000000e+00 2.391460e+01
      vertex   -2.444047e+01 4.000000e+01 2.384429e+01
      vertex   -2.444047e+01 5.000000e+01 2.384429e+01
    endloop
  endfacet
  facet normal 8.918506e-01 0.000000e+00 4.523301e-01
    outer loop
      vertex   -2.444047e+01 5.000000e+01 2.384429e+01
      vertex   -2.444047e+01 4.000000e+01 2.384429e+01
      vertex   -2.386409e+01 4.000000e+01 2.270787e+01
    endloop
  endfacet
  facet normal 8.918506e-01 0.000000e+00 4.523301e-01
    outer loop
      vertex   -2.444047e+01 5.000000e+01 2.384429e+01
      vertex   -2.386409e+01 4.000000e+01 2.270787e+01
      vertex   -2.386409e+01 5.000000e+01 2.270787e+01
    endloop
  endfacet
  facet normal 8.670639e-01 -0.000000e+00 4.981970e-01
    outer loop
      vertex   -2.266065e+01 1.000000e+01 2.049307e+01
      vertex   -2.237735e+01 5.000000e+00 2.000000e+01
      vertex   -2.266065e+01 2.000000e+01 2.049307e+01
    endloop
  endfacet
  facet normal 8.670639e-01 0.000000e+00 4.981970e-01
    outer loop
      vertex   -2.237735e+01 5.500000e+01 2.000000e+01
      vertex   -2.266065e+01 5.000000e+01 2.049307e+01
      vertex   -2.266065e+01 4.000000e+01 2.049307e+01
    endloop
  endfacet
  facet normal 8.740365e-01 -0.000000e+00 4.858602e-01
    outer loop
      vertex   -2.266065e+01 4.000000e+01 2.049307e+01
      vertex   -2.266065e+01 5.000000e+01 2.049307e+01
      vertex   -2.327085e+01 5.000000e+01 2.159077e+01
    endloop
  endfacet
  facet normal 8.740365e-01 0.000000e+00 4.858602e-01
    outer loop
      vertex   -2.266065e+01 4.000000e+01 2.049307e+01
      vertex   -2.327085e+01 5.000000e+01 2.159077e+01
      vertex   -2.327085e+01 4.000000e+01 2.159077e+01
    endloop
  endfacet
  facet normal 8.740365e-01 0.000000e+00 4.858602e-01
    outer loop
      vertex   -2.266065e+01 2.000000e+01 2.049307e+01
      vertex   -2.327085e+01 2.000000e+01 2.159077e+01
      vertex   -2.266065e+01 1.000000e+01 2.049307e+01
    endloop
  endfacet
  facet normal 8.740365e-01 0.000000e+00 4.858602e-01
    outer loop
      vertex   -2.266065e+01 1.000000e+01 2.049307e+01
      vertex   -2.327085e+01 2.000000e+01 2.159077e+01
      vertex   -2.327085e+01 1.000000e+01 2.159077e+01
    endloop
  endfacet
  facet normal 8.918506e-01 0.000000e+00 4.523301e-01
    outer loop
      vertex   -2.444047e+01 2.000000e+01 2.384429e+01
      vertex   -2.444047e+01 1.000000e+01 2.384429e+01
      vertex   -2.386409e+01 1.000000e+01 2.270787e+01
    endloop
  endfacet
  facet normal 8.831843e-01 0.000000e+00 4.690261e-01
    outer loop
      vertex   -2.327085e+01 2.000000e+01 2.159077e+01
      vertex   -2.386409e+01 2.000000e+01 2.270787e+01
      vertex   -2.327085e+01 1.000000e+01 2.159077e+01
    endloop
  endfacet
  facet normal 8.831843e-01 0.000000e+00 4.690261e-01
    outer loop
      vertex   -2.327085e+01 1.000000e+01 2.159077e+01
      vertex   -2.386409e+01 2.000000e+01 2.270787e+01
      vertex   -2.386409e+01 1.000000e+01 2.270787e+01
    endloop
  endfacet
  facet normal 8.886000e-01 0.000000e+00 4.586828e-01
    outer loop
      vertex   -2.444047e+01 4.000000e+01 2.384429e+01
      vertex   -2.447676e+01 0.000000e+00 2.391460e+01
      vertex   -2.444047e+01 3.000000e+01 2.384429e+01
    endloop
  endfacet
  facet normal 8.918506e-01 0.000000e+00 4.523301e-01
    outer loop
      vertex   -2.386409e+01 2.000000e+01 2.270787e+01
      vertex   -2.444047e+01 2.000000e+01 2.384429e+01
      vertex   -2.386409e+01 1.000000e+01 2.270787e+01
    endloop
  endfacet
  facet normal 8.670639e-01 0.000000e+00 4.981970e-01
    outer loop
      vertex   -2.237735e+01 5.500000e+01 2.000000e+01
      vertex   -2.266065e+01 4.000000e+01 2.049307e+01
      vertex   -2.266065e+01 3.000000e+01 2.049307e+01
    endloop
  endfacet
  facet normal 8.740365e-01 -0.000000e+00 4.858602e-01
    outer loop
      vertex   -2.266065e+01 3.000000e+01 2.049307e+01
      vertex   -2.266065e+01 4.000000e+01 2.049307e+01
      vertex   -2.327085e+01 4.000000e+01 2.159077e+01
    endloop
  endfacet
  facet normal 8.740365e-01 0.000000e+00 4.858602e-01
    outer loop
      vertex   -2.266065e+01 3.000000e+01 2.049307e+01
      vertex   -2.327085e+01 4.000000e+01 2.159077e+01
      vertex   -2.327085e+01 3.000000e+01 2.159077e+01
    endloop
  endfacet
  facet normal 8.918506e-01 0.000000e+00 4.523301e-01
    outer loop
      vertex   -2.444047e+01 4.000000e+01 2.384429e+01
      vertex   -2.444047e+01 3.000000e+01 2.384429e+01
      vertex   -2.386409e+01 3.000000e+01 2.270787e+01
    endloop
  endfacet
  facet normal 8.918506e-01 0.000000e+00 4.523301e-01
    outer loop
      vertex   -2.444047e+01 4.000000e+01 2.384429e+01
      vertex   -2.386409e+01 3.000000e+01 2.270787e+01
      vertex   -2.386409e+01 4.000000e+01 2.270787e+01
    endloop
  endfacet
endsolid
